# Blender 5.1.1
# www.blender.org
mtllib jupiter.mtl
o Cliff_Rock_06
v 0.685460 0.169657 -0.709580
v 0.577229 0.183290 -0.795589
v 0.667589 0.215481 -0.904407
v 0.714520 0.228477 -0.927417
v 0.743920 0.232177 -0.901844
v 0.793415 0.208116 -0.839588
v 0.789733 0.358034 -0.823653
v 0.647430 0.339462 -0.690545
v 0.711549 0.268866 -0.658252
v 0.771471 0.290038 -0.744920
v 0.794616 0.344572 -0.824743
v 0.551247 0.335405 -0.771808
v 0.566050 0.216058 -0.795112
v 0.606055 0.366222 -0.716993
v 0.727190 0.409376 -0.862873
v 0.727185 0.409373 -0.862879
v 0.650864 0.370893 -0.891774
v 0.684230 0.300394 -0.922604
v 0.694458 0.246886 -0.936255
v 0.742270 0.406262 -0.851252
v 0.758001 0.364715 -0.850561
v 0.779629 0.281912 -0.855822
v 0.723607 -0.447219 0.525725
v -0.276388 -0.447220 0.850649
v -0.894426 -0.447216 0.000000
v -0.276388 -0.447220 -0.850649
v 0.723607 -0.447220 -0.525725
v 0.276388 0.447220 0.850649
v -0.723607 0.447219 0.525725
v -0.723607 0.447219 -0.525725
v 0.276388 0.447220 -0.850649
v 0.894426 0.447216 0.000000
v -0.257936 -0.550685 0.793860
v -0.200689 -0.760403 0.617666
v -0.162456 -0.850654 0.499995
v -0.120413 -0.920955 0.370598
v 0.315251 -0.920955 0.229040
v 0.425323 -0.850654 0.309011
v 0.525420 -0.760403 0.381735
v 0.675300 -0.550685 0.490628
v 0.638452 -0.476987 0.604038
v 0.531941 -0.502302 0.681712
v 0.405008 -0.519572 0.752338
v 0.262869 -0.525738 0.809012
v 0.114564 -0.519572 0.846711
v -0.029639 -0.502302 0.864184
v -0.161465 -0.476988 0.863951
v 0.771771 -0.476987 -0.420539
v 0.812729 -0.502301 -0.295238
v 0.840673 -0.519571 -0.152694
v 0.850648 -0.525736 0.000000
v 0.840673 -0.519571 0.152694
v 0.812729 -0.502301 0.295238
v 0.771771 -0.476987 0.420539
v 0.315251 -0.920955 -0.229040
v 0.425323 -0.850654 -0.309011
v 0.525420 -0.760403 -0.381735
v 0.675300 -0.550685 -0.490628
v -0.834716 -0.550681 0.000000
v -0.649456 -0.760399 0.000000
v -0.525730 -0.850652 -0.000000
v -0.389674 -0.920953 0.000000
v -0.377183 -0.476988 0.793861
v -0.483972 -0.502302 0.716565
v -0.590366 -0.519572 0.617668
v -0.688189 -0.525736 0.499997
v -0.769872 -0.519570 0.370599
v -0.831051 -0.502299 0.238853
v -0.871565 -0.476984 0.113408
v -0.257937 -0.550685 -0.793860
v -0.200689 -0.760403 -0.617666
v -0.162456 -0.850654 -0.499995
v -0.120413 -0.920955 -0.370598
v -0.871565 -0.476984 -0.113408
v -0.831051 -0.502299 -0.238853
v -0.769872 -0.519570 -0.370600
v -0.688189 -0.525736 -0.499997
v -0.590366 -0.519572 -0.617668
v -0.483971 -0.502302 -0.716564
v -0.377183 -0.476988 -0.793861
v -0.161465 -0.476988 -0.863951
v -0.029639 -0.502302 -0.864184
v 0.114564 -0.519573 -0.846711
v 0.262869 -0.525738 -0.809012
v 0.405008 -0.519572 -0.752338
v 0.531941 -0.502302 -0.681712
v 0.638452 -0.476988 -0.604038
v 0.931188 0.357738 0.070089
v 0.964711 0.129893 0.229041
v 0.951058 0.000000 0.309013
v 0.915098 -0.129893 0.381737
v 0.794547 -0.357741 0.490629
v 0.794547 -0.357741 -0.490629
v 0.915098 -0.129893 -0.381737
v 0.951058 -0.000000 -0.309013
v 0.964711 0.129893 -0.229041
v 0.931188 0.357738 -0.070089
v 0.221089 0.357741 0.907271
v 0.080276 0.129894 0.988273
v -0.000000 0.000000 1.000000
v -0.080276 -0.129893 0.988273
v -0.221089 -0.357741 0.907271
v 0.712150 -0.357741 0.604039
v 0.645839 -0.129894 0.752342
v 0.587786 0.000000 0.809017
v 0.515946 0.129894 0.846716
v 0.354409 0.357742 0.863953
v -0.794547 0.357741 0.490629
v -0.915098 0.129893 0.381737
v -0.951058 0.000000 0.309013
v -0.964711 -0.129893 0.229041
v -0.931188 -0.357738 0.070089
v -0.354409 -0.357742 0.863953
v -0.515946 -0.129894 0.846716
v -0.587786 0.000000 0.809017
v -0.645839 0.129894 0.752342
v -0.712150 0.357741 0.604039
v -0.712150 0.357741 -0.604039
v -0.645839 0.129894 -0.752342
v -0.587786 0.000000 -0.809017
v -0.515946 -0.129894 -0.846716
v -0.354409 -0.357741 -0.863953
v -0.931188 -0.357738 -0.070089
v -0.964711 -0.129893 -0.229041
v -0.951058 0.000000 -0.309013
v -0.915098 0.129893 -0.381737
v -0.794547 0.357741 -0.490629
v 0.354409 0.357742 -0.863953
v 0.515946 0.129894 -0.846716
v 0.587786 -0.000000 -0.809017
v 0.645839 -0.129894 -0.752342
v 0.712150 -0.357741 -0.604039
v -0.221089 -0.357741 -0.907271
v -0.080276 -0.129894 -0.988273
v 0.000000 0.000000 -1.000000
v 0.080276 0.129893 -0.988273
v 0.221089 0.357741 -0.907271
v 0.871565 0.476984 0.113408
v 0.831051 0.502299 0.238853
v 0.769872 0.519570 0.370600
v 0.688189 0.525736 0.499997
v 0.590366 0.519572 0.617668
v 0.483971 0.502302 0.716565
v 0.377183 0.476988 0.793861
v 0.161465 0.476988 0.863951
v 0.029639 0.502302 0.864184
v -0.114564 0.519573 0.846711
v -0.262869 0.525738 0.809012
v -0.405008 0.519572 0.752338
v -0.531941 0.502302 0.681712
v -0.638452 0.476988 0.604038
v -0.771771 0.476987 0.420539
v -0.812729 0.502301 0.295238
v -0.840673 0.519571 0.152694
v -0.850648 0.525736 0.000000
v -0.840673 0.519571 -0.152694
v -0.812729 0.502301 -0.295238
v -0.771771 0.476987 -0.420539
v -0.638452 0.476987 -0.604038
v -0.531941 0.502302 -0.681713
v -0.405008 0.519572 -0.752338
v -0.262869 0.525738 -0.809012
v -0.114564 0.519572 -0.846711
v 0.029639 0.502302 -0.864184
v 0.161465 0.476988 -0.863951
v 0.377183 0.476988 -0.793861
v 0.483971 0.502302 -0.716564
v 0.590366 0.519572 -0.617668
v 0.688189 0.525736 -0.499997
v 0.769872 0.519570 -0.370599
v 0.831051 0.502299 -0.238853
v 0.871565 0.476984 -0.113408
v 0.120413 0.920955 0.370598
v 0.162456 0.850654 0.499995
v 0.200688 0.760403 0.617666
v 0.257937 0.550685 0.793860
v 0.834716 0.550681 0.000000
v 0.649456 0.760399 0.000000
v 0.525730 0.850652 0.000000
v 0.389673 0.920953 0.000000
v -0.315251 0.920955 0.229040
v -0.425323 0.850654 0.309011
v -0.525420 0.760403 0.381735
v -0.675300 0.550685 0.490628
v -0.315251 0.920955 -0.229040
v -0.425323 0.850654 -0.309011
v -0.525420 0.760403 -0.381735
v -0.675300 0.550685 -0.490628
v 0.120413 0.920955 -0.370598
v 0.162455 0.850654 -0.499995
v 0.200688 0.760403 -0.617666
v 0.257937 0.550685 -0.793860
v 0.307167 0.943208 -0.126518
v 0.215245 0.943209 -0.253036
v 0.451375 0.882854 -0.129731
v 0.361800 0.894429 -0.262863
v 0.262862 0.882855 -0.389192
v 0.587783 0.798549 -0.129731
v 0.506729 0.819912 -0.266403
v 0.409951 0.819913 -0.399604
v 0.305013 0.798552 -0.518924
v 0.801022 0.586331 -0.120750
v 0.747366 0.614342 -0.253038
v 0.672087 0.629942 -0.389194
v 0.577830 0.629943 -0.518926
v 0.471599 0.614344 -0.632594
v 0.362366 0.586334 -0.724502
v -0.025408 0.943209 -0.331227
v -0.174138 0.943209 -0.282901
v 0.016098 0.882855 -0.469369
v -0.138197 0.894430 -0.425319
v -0.288916 0.882855 -0.370262
v 0.058250 0.798552 -0.599101
v -0.096779 0.819914 -0.564248
v -0.253366 0.819914 -0.513369
v -0.399272 0.798552 -0.450440
v 0.132684 0.586334 -0.799129
v -0.009708 0.614345 -0.788978
v -0.162463 0.629944 -0.759458
v -0.314971 0.629944 -0.709904
v -0.455902 0.614344 -0.643998
v -0.577066 0.586334 -0.568513
v -0.322868 0.943208 -0.078192
v -0.322868 0.943208 0.078192
v -0.441423 0.882855 -0.160354
v -0.447210 0.894429 0.000000
v -0.441423 0.882855 0.160354
v -0.551779 0.798551 -0.240532
v -0.566539 0.819912 -0.082322
v -0.566539 0.819912 0.082322
v -0.551779 0.798551 0.240532
v -0.719015 0.586334 -0.373135
v -0.753363 0.614343 -0.234576
v -0.772492 0.629942 -0.080177
v -0.772492 0.629942 0.080177
v -0.753363 0.614343 0.234576
v -0.719015 0.586334 0.373135
v -0.174138 0.943209 0.282901
v -0.025408 0.943209 0.331227
v -0.288916 0.882855 0.370262
v -0.138197 0.894430 0.425320
v 0.016098 0.882855 0.469369
v -0.399272 0.798552 0.450440
v -0.253366 0.819914 0.513369
v -0.096779 0.819914 0.564248
v 0.058250 0.798552 0.599101
v -0.577066 0.586334 0.568513
v -0.455902 0.614345 0.643998
v -0.314971 0.629944 0.709904
v -0.162463 0.629944 0.759458
v -0.009708 0.614345 0.788978
v 0.132684 0.586335 0.799129
v 0.215245 0.943209 0.253036
v 0.307167 0.943208 0.126518
v 0.262862 0.882855 0.389192
v 0.361800 0.894429 0.262863
v 0.451375 0.882854 0.129731
v 0.305014 0.798552 0.518924
v 0.409951 0.819913 0.399604
v 0.506729 0.819912 0.266403
v 0.587783 0.798549 0.129731
v 0.362366 0.586334 0.724502
v 0.471599 0.614344 0.632595
v 0.577830 0.629943 0.518926
v 0.672087 0.629942 0.389194
v 0.747366 0.614342 0.253038
v 0.801022 0.586331 0.120750
v 0.903740 0.380897 -0.195376
v 0.854992 0.399094 -0.331229
v 0.918856 0.136410 -0.370264
v 0.782446 0.409229 -0.469371
v 0.892805 -0.000000 -0.450443
v 0.846660 0.140059 -0.513372
v 0.688190 0.409230 -0.599103
v 0.845290 -0.133032 -0.517481
v 0.809019 -0.000000 -0.587782
v 0.749882 0.140059 -0.646575
v 0.579226 0.399096 -0.710788
v 0.753368 -0.133032 -0.644002
v 0.704293 0.000000 -0.709909
v 0.636088 0.136411 -0.759463
v 0.465085 0.380900 -0.799131
v 0.093451 0.380900 -0.919882
v -0.050816 0.399096 -0.915500
v -0.068205 0.136410 -0.988302
v -0.204615 0.409230 -0.889193
v -0.152509 -0.000000 -0.988302
v -0.226618 0.140059 -0.963861
v -0.357124 0.409230 -0.839639
v -0.230948 -0.133033 -0.963828
v -0.309016 -0.000000 -0.951057
v -0.383207 0.140059 -0.912982
v -0.497012 0.399096 -0.770520
v -0.379680 -0.133033 -0.915503
v -0.457527 -0.000000 -0.889196
v -0.525732 0.136410 -0.839642
v -0.616302 0.380900 -0.689266
v -0.845982 0.380899 -0.373136
v -0.886396 0.399095 -0.234577
v -0.961008 0.136409 -0.240533
v -0.908902 0.409228 -0.080178
v -0.987059 0.000000 -0.160355
v -0.986715 0.140059 -0.082322
v -0.908902 0.409229 0.080178
v -0.988023 -0.133031 -0.078192
v -1.000000 0.000001 0.000000
v -0.986715 0.140059 0.082323
v -0.886395 0.399095 0.234576
v -0.988023 -0.133030 0.078193
v -0.987059 0.000001 0.160356
v -0.961008 0.136411 0.240534
v -0.845982 0.380900 0.373136
v -0.616302 0.380900 0.689265
v -0.497012 0.399096 0.770520
v -0.525732 0.136410 0.839641
v -0.357124 0.409230 0.839639
v -0.457527 -0.000001 0.889195
v -0.383208 0.140059 0.912982
v -0.204616 0.409230 0.889192
v -0.379681 -0.133033 0.915502
v -0.309017 -0.000001 0.951056
v -0.226619 0.140059 0.963861
v -0.050817 0.399096 0.915500
v -0.230948 -0.133033 0.963828
v -0.152509 -0.000000 0.988302
v -0.068205 0.136410 0.988302
v 0.093451 0.380900 0.919882
v 0.465085 0.380900 0.799132
v 0.579226 0.399096 0.710788
v 0.636088 0.136410 0.759463
v 0.688190 0.409229 0.599104
v 0.704293 -0.000001 0.709909
v 0.749882 0.140058 0.646577
v 0.782446 0.409228 0.469372
v 0.753368 -0.133034 0.644002
v 0.809019 -0.000002 0.587783
v 0.846659 0.140057 0.513373
v 0.854992 0.399093 0.331230
v 0.845289 -0.133034 0.517482
v 0.892805 -0.000002 0.450444
v 0.918856 0.136408 0.370266
v 0.903740 0.380896 0.195377
v 0.379681 0.133033 -0.915502
v 0.230948 0.133032 -0.963828
v 0.457527 -0.000000 -0.889196
v 0.309017 -0.000000 -0.951056
v 0.152509 0.000000 -0.988302
v 0.525732 -0.136411 -0.839641
v 0.383207 -0.140060 -0.912982
v 0.226619 -0.140060 -0.963861
v 0.068205 -0.136410 -0.988302
v 0.616302 -0.380900 -0.689265
v 0.497012 -0.399097 -0.770520
v 0.357124 -0.409231 -0.839639
v 0.204615 -0.409231 -0.889192
v 0.050817 -0.399097 -0.915500
v -0.093451 -0.380900 -0.919881
v -0.753368 0.133032 -0.644002
v -0.845290 0.133032 -0.517482
v -0.704293 0.000000 -0.709910
v -0.809018 0.000000 -0.587783
v -0.892805 0.000000 -0.450444
v -0.636087 -0.136410 -0.759464
v -0.749881 -0.140059 -0.646577
v -0.846659 -0.140059 -0.513374
v -0.918856 -0.136410 -0.370265
v -0.465084 -0.380900 -0.799132
v -0.579224 -0.399096 -0.710789
v -0.688189 -0.409230 -0.599106
v -0.782445 -0.409229 -0.469374
v -0.854991 -0.399094 -0.331231
v -0.903739 -0.380897 -0.195378
v -0.845290 0.133032 0.517482
v -0.753368 0.133033 0.644002
v -0.892805 0.000000 0.450444
v -0.809018 0.000000 0.587783
v -0.704293 0.000000 0.709910
v -0.918856 -0.136410 0.370265
v -0.846659 -0.140059 0.513374
v -0.749881 -0.140059 0.646577
v -0.636087 -0.136410 0.759464
v -0.903739 -0.380897 0.195378
v -0.854991 -0.399094 0.331231
v -0.782445 -0.409229 0.469373
v -0.688188 -0.409230 0.599106
v -0.579224 -0.399096 0.710789
v -0.465084 -0.380900 0.799132
v 0.230948 0.133033 0.963828
v 0.379681 0.133033 0.915502
v 0.152509 0.000000 0.988302
v 0.309017 0.000000 0.951056
v 0.457527 0.000000 0.889196
v 0.068206 -0.136410 0.988302
v 0.226619 -0.140060 0.963861
v 0.383207 -0.140060 0.912982
v 0.525732 -0.136411 0.839641
v -0.093451 -0.380900 0.919881
v 0.050817 -0.399096 0.915500
v 0.204615 -0.409230 0.889192
v 0.357124 -0.409230 0.839639
v 0.497012 -0.399097 0.770520
v 0.616302 -0.380900 0.689265
v 0.988023 0.133031 0.078192
v 0.988023 0.133031 -0.078192
v 0.987059 0.000000 0.160355
v 1.000000 -0.000000 0.000000
v 0.987059 -0.000000 -0.160355
v 0.961008 -0.136410 0.240533
v 0.986715 -0.140059 0.082322
v 0.986715 -0.140059 -0.082322
v 0.961008 -0.136410 -0.240533
v 0.845982 -0.380899 0.373136
v 0.886395 -0.399095 0.234576
v 0.908902 -0.409229 0.080178
v 0.908902 -0.409229 -0.080177
v 0.886395 -0.399095 -0.234576
v 0.845982 -0.380899 -0.373136
v 0.577066 -0.586334 -0.568513
v 0.455902 -0.614344 -0.643999
v 0.399272 -0.798552 -0.450441
v 0.314971 -0.629943 -0.709905
v 0.288916 -0.882855 -0.370263
v 0.253366 -0.819913 -0.513370
v 0.162463 -0.629943 -0.759458
v 0.174138 -0.943209 -0.282902
v 0.138197 -0.894429 -0.425321
v 0.096779 -0.819912 -0.564250
v 0.009708 -0.614344 -0.788979
v 0.025407 -0.943208 -0.331229
v -0.016099 -0.882854 -0.469371
v -0.058250 -0.798550 -0.599103
v -0.132684 -0.586334 -0.799129
v -0.362367 -0.586334 -0.724501
v -0.471601 -0.614344 -0.632593
v -0.305014 -0.798552 -0.518923
v -0.577832 -0.629943 -0.518924
v -0.262863 -0.882855 -0.389192
v -0.409952 -0.819913 -0.399603
v -0.672088 -0.629942 -0.389192
v -0.215245 -0.943209 -0.253036
v -0.361801 -0.894429 -0.262863
v -0.506730 -0.819911 -0.266402
v -0.747367 -0.614341 -0.253036
v -0.307168 -0.943208 -0.126518
v -0.451376 -0.882853 -0.129730
v -0.587784 -0.798549 -0.129730
v -0.801022 -0.586330 -0.120750
v -0.801022 -0.586330 0.120750
v -0.747367 -0.614341 0.253036
v -0.587784 -0.798549 0.129731
v -0.672088 -0.629941 0.389193
v -0.451376 -0.882853 0.129731
v -0.506730 -0.819911 0.266403
v -0.577832 -0.629942 0.518925
v -0.307168 -0.943208 0.126519
v -0.361801 -0.894428 0.262864
v -0.409952 -0.819911 0.399605
v -0.471600 -0.614343 0.632594
v -0.215246 -0.943208 0.253038
v -0.262863 -0.882854 0.389194
v -0.305015 -0.798550 0.518925
v -0.362367 -0.586333 0.724502
v 0.719015 -0.586334 -0.373135
v 0.753363 -0.614343 -0.234576
v 0.772492 -0.629942 -0.080177
v 0.551780 -0.798551 -0.240532
v 0.772493 -0.629942 0.080178
v 0.566540 -0.819912 -0.082322
v 0.441423 -0.882854 -0.160354
v 0.753364 -0.614343 0.234576
v 0.566540 -0.819911 0.082323
v 0.447211 -0.894428 0.000001
v 0.322869 -0.943208 -0.078191
v 0.719016 -0.586333 0.373136
v 0.551781 -0.798550 0.240533
v 0.441424 -0.882854 0.160356
v 0.322870 -0.943208 0.078193
v -0.132684 -0.586334 0.799129
v 0.009709 -0.614344 0.788978
v -0.058249 -0.798552 0.599101
v 0.162463 -0.629943 0.759458
v -0.016098 -0.882855 0.469370
v 0.096780 -0.819913 0.564249
v 0.314971 -0.629943 0.709905
v 0.025409 -0.943208 0.331228
v 0.138199 -0.894429 0.425321
v 0.253368 -0.819912 0.513370
v 0.455903 -0.614344 0.643999
v 0.174140 -0.943208 0.282902
v 0.288918 -0.882854 0.370264
v 0.399274 -0.798550 0.450441
v 0.577067 -0.586333 0.568513
v -0.037674 -1.015126 0.115950
v 0.000000 -1.022421 0.000000
v -0.121919 -1.015126 0.000000
v -0.037674 -1.015126 -0.115950
v 0.121919 1.015126 0.000000
v 0.000000 1.022421 0.000000
v -0.263720 -0.563032 0.811660
v -0.238042 -0.672262 0.732629
v -0.205188 -0.777452 0.631515
v -0.123112 -0.941604 0.378908
v -0.079347 -0.989652 0.244208
v 0.098634 -1.015126 0.071661
v 0.207736 -0.989652 0.150928
v 0.322319 -0.941604 0.234176
v 0.537200 -0.777452 0.390294
v 0.623213 -0.672261 0.452786
v 0.690441 -0.563032 0.501629
v 0.098633 -1.015126 -0.071661
v 0.207736 -0.989652 -0.150928
v 0.322319 -0.941604 -0.234176
v 0.537200 -0.777452 -0.390294
v 0.623213 -0.672261 -0.452786
v 0.690441 -0.563032 -0.501629
v -0.853431 -0.563028 0.000000
v -0.770335 -0.672257 -0.000000
v -0.664018 -0.777448 0.000000
v -0.398410 -0.941602 0.000000
v -0.256778 -0.989652 0.000000
v -0.263720 -0.563032 -0.811660
v -0.238042 -0.672262 -0.732629
v -0.205188 -0.777452 -0.631515
v -0.123112 -0.941604 -0.378908
v -0.079347 -0.989652 -0.244208
v 0.952066 0.365759 0.071661
v 0.978074 0.256781 0.150928
v 0.986341 0.132805 0.234177
v 0.935616 -0.132805 0.390296
v 0.879996 -0.256782 0.452787
v 0.812362 -0.365762 0.501629
v 0.812362 -0.365762 -0.501629
v 0.879995 -0.256782 -0.452787
v 0.935616 -0.132805 -0.390296
v 0.986341 0.132805 -0.234177
v 0.978074 0.256781 -0.150928
v 0.952066 0.365759 -0.071661
v 0.226046 0.365762 0.927613
v 0.158695 0.256783 0.976844
v 0.082076 0.132806 1.010431
v -0.082076 -0.132806 1.010431
v -0.158695 -0.256783 0.976844
v -0.226046 -0.365762 0.927613
v 0.728118 -0.365762 0.617582
v 0.702565 -0.256783 0.697000
v 0.660320 -0.132806 0.769211
v 0.527514 0.132806 0.865700
v 0.445783 0.256783 0.883564
v 0.362355 0.365763 0.883324
v -0.812362 0.365762 0.501630
v -0.879995 0.256782 0.452787
v -0.935616 0.132805 0.390296
v -0.986341 -0.132805 0.234177
v -0.978075 -0.256781 0.150928
v -0.952066 -0.365759 0.071661
v -0.362356 -0.365762 0.883324
v -0.445783 -0.256783 0.883564
v -0.527514 -0.132806 0.865700
v -0.660320 0.132806 0.769211
v -0.702565 0.256783 0.697000
v -0.728118 0.365762 0.617582
v -0.728118 0.365762 -0.617582
v -0.702565 0.256783 -0.697000
v -0.660320 0.132806 -0.769211
v -0.527514 -0.132806 -0.865700
v -0.445783 -0.256783 -0.883564
v -0.362356 -0.365763 -0.883324
v -0.952066 -0.365759 -0.071661
v -0.978074 -0.256781 -0.150928
v -0.986341 -0.132805 -0.234177
v -0.935616 0.132805 -0.390296
v -0.879996 0.256782 -0.452787
v -0.812362 0.365762 -0.501629
v 0.362355 0.365763 -0.883324
v 0.445783 0.256783 -0.883564
v 0.527514 0.132806 -0.865700
v 0.660320 -0.132806 -0.769211
v 0.702565 -0.256783 -0.697000
v 0.728118 -0.365762 -0.617582
v -0.226046 -0.365762 -0.927613
v -0.158695 -0.256783 -0.976844
v -0.082076 -0.132806 -1.010431
v 0.082076 0.132806 -1.010431
v 0.158695 0.256783 -0.976844
v 0.226046 0.365762 -0.927613
v 0.037674 1.015126 0.115950
v 0.079347 0.989652 0.244208
v 0.123112 0.941604 0.378908
v 0.205188 0.777452 0.631515
v 0.238042 0.672262 0.732629
v 0.263720 0.563032 0.811660
v 0.853431 0.563028 0.000000
v 0.770335 0.672257 0.000000
v 0.664018 0.777448 0.000000
v 0.398410 0.941602 0.000000
v 0.256778 0.989652 0.000000
v -0.098634 1.015126 0.071661
v -0.207736 0.989652 0.150928
v -0.322319 0.941604 0.234176
v -0.537200 0.777452 0.390294
v -0.623213 0.672261 0.452786
v -0.690441 0.563032 0.501629
v -0.098634 1.015126 -0.071661
v -0.207736 0.989652 -0.150928
v -0.322319 0.941604 -0.234176
v -0.537200 0.777452 -0.390294
v -0.623213 0.672261 -0.452786
v -0.690441 0.563032 -0.501629
v 0.037674 1.015126 -0.115950
v 0.079347 0.989652 -0.244208
v 0.123112 0.941604 -0.378908
v 0.205188 0.777452 -0.631515
v 0.238042 0.672262 -0.732629
v 0.263720 0.563032 -0.811660
v 0.169924 1.000615 -0.123457
v 0.220071 0.964357 -0.258709
v 0.314054 0.964356 -0.129355
v 0.311852 0.816456 -0.530558
v 0.600962 0.816454 -0.132640
v 0.518090 0.838295 -0.272376
v 0.419142 0.838296 -0.408563
v 0.346160 0.712179 -0.646777
v 0.722093 0.712176 -0.129355
v 0.652503 0.739834 -0.268758
v 0.562340 0.749796 -0.408564
v 0.457236 0.739836 -0.537516
v 0.370490 0.599481 -0.740746
v 0.818982 0.599477 -0.123458
v 0.764123 0.628116 -0.258711
v 0.687156 0.644066 -0.397921
v 0.590786 0.644067 -0.530561
v 0.482173 0.628118 -0.646778
v -0.064906 1.000615 -0.199756
v -0.178043 0.964357 -0.289244
v -0.025978 0.964357 -0.338654
v -0.408225 0.816456 -0.460540
v 0.059556 0.816457 -0.612533
v -0.098949 0.838297 -0.576899
v -0.259047 0.838297 -0.524879
v -0.508153 0.712179 -0.529081
v 0.100110 0.712179 -0.726721
v -0.053973 0.739837 -0.703615
v -0.214798 0.749797 -0.661068
v -0.369916 0.739837 -0.600957
v -0.590005 0.599481 -0.581260
v 0.135659 0.599481 -0.817046
v -0.009926 0.628119 -0.806668
v -0.166105 0.644068 -0.776486
v -0.322033 0.644068 -0.725821
v -0.466124 0.628119 -0.658438
v -0.210038 1.000615 0.000000
v -0.330107 0.964356 0.079945
v -0.330107 0.964356 -0.079945
v -0.564151 0.816456 0.245925
v -0.564151 0.816456 -0.245925
v -0.579242 0.838296 -0.084168
v -0.579242 0.838296 0.084168
v -0.660218 0.712178 0.319781
v -0.660218 0.712178 -0.319781
v -0.685857 0.739835 -0.166099
v -0.695091 0.749796 0.000000
v -0.685857 0.739835 0.166100
v -0.735137 0.599480 0.381501
v -0.735137 0.599480 -0.381501
v -0.770255 0.628118 -0.239836
v -0.789812 0.644066 -0.081975
v -0.789812 0.644066 0.081975
v -0.770255 0.628118 0.239836
v -0.064906 1.000615 0.199756
v -0.025978 0.964357 0.338654
v -0.178043 0.964357 0.289244
v 0.059556 0.816457 0.612533
v -0.408225 0.816456 0.460540
v -0.259047 0.838297 0.524879
v -0.098949 0.838297 0.576899
v 0.100110 0.712179 0.726721
v -0.508153 0.712179 0.529081
v -0.369916 0.739836 0.600957
v -0.214798 0.749797 0.661068
v -0.053973 0.739837 0.703615
v 0.135659 0.599481 0.817046
v -0.590005 0.599481 0.581260
v -0.466124 0.628119 0.658437
v -0.322033 0.644068 0.725821
v -0.166105 0.644068 0.776486
v -0.009926 0.628119 0.806668
v 0.169924 1.000614 0.123457
v 0.314054 0.964356 0.129355
v 0.220071 0.964357 0.258709
v 0.600962 0.816454 0.132640
v 0.311852 0.816456 0.530559
v 0.419142 0.838296 0.408564
v 0.518090 0.838295 0.272376
v 0.722093 0.712176 0.129355
v 0.346160 0.712179 0.646777
v 0.457236 0.739836 0.537516
v 0.562340 0.749796 0.408564
v 0.652503 0.739834 0.268758
v 0.818982 0.599477 0.123458
v 0.370490 0.599481 0.740746
v 0.482173 0.628119 0.646778
v 0.590786 0.644067 0.530561
v 0.687156 0.644066 0.397921
v 0.764123 0.628116 0.258711
v 0.924003 0.389437 -0.199757
v 0.942169 0.272028 -0.289245
v 0.874162 0.408042 -0.338655
v 0.939458 0.139468 -0.378566
v 0.881127 0.282593 -0.434858
v 0.799990 0.418404 -0.479895
v 0.865643 0.143199 -0.524882
v 0.794043 0.286399 -0.576902
v 0.703620 0.418405 -0.612536
v 0.864243 -0.136015 -0.529084
v 0.766695 0.143200 -0.661072
v 0.685861 0.282595 -0.703619
v 0.592213 0.408045 -0.726725
v 0.800046 -0.259627 -0.581262
v 0.770260 -0.136015 -0.658441
v 0.650350 0.139469 -0.776491
v 0.566237 0.272030 -0.806672
v 0.475513 0.389441 -0.817049
v 0.095546 0.389440 -0.940507
v 0.016052 0.272030 -0.985438
v -0.051956 0.408044 -0.936026
v -0.069734 0.139469 -1.010461
v -0.141297 0.282594 -0.972379
v -0.209203 0.418406 -0.909129
v -0.231699 0.143199 -0.985472
v -0.303299 0.286399 -0.933451
v -0.365131 0.418406 -0.858465
v -0.236126 -0.136016 -0.985439
v -0.391799 0.143199 -0.933452
v -0.457242 0.282594 -0.869721
v -0.508155 0.408045 -0.787796
v -0.305587 -0.259628 -0.940508
v -0.388193 -0.136016 -0.936029
v -0.537519 0.139469 -0.858467
v -0.592216 0.272030 -0.787798
v -0.630120 0.389440 -0.704720
v -0.864950 0.389439 -0.381502
v -0.932247 0.272029 -0.319782
v -0.906270 0.408043 -0.239836
v -0.982555 0.139468 -0.245926
v -0.968451 0.282593 -0.166100
v -0.929281 0.418404 -0.081975
v -1.008838 0.143199 -0.084168
v -0.981489 0.286398 0.000000
v -0.929281 0.418404 0.081975
v -1.010175 -0.136014 -0.079945
v -1.008838 0.143200 0.084169
v -0.968451 0.282594 0.166100
v -0.906269 0.408044 0.239836
v -0.988909 -0.259624 0.000000
v -1.010175 -0.136013 0.079946
v -0.982554 0.139470 0.245927
v -0.932247 0.272030 0.319782
v -0.864950 0.389440 0.381502
v -0.630120 0.389440 0.704720
v -0.592216 0.272030 0.787797
v -0.508156 0.408044 0.787796
v -0.537520 0.139468 0.858467
v -0.457243 0.282594 0.869721
v -0.365131 0.418405 0.858464
v -0.391800 0.143199 0.933452
v -0.303300 0.286399 0.933451
v -0.209203 0.418405 0.909129
v -0.388194 -0.136016 0.936029
v -0.231700 0.143199 0.985472
v -0.141298 0.282594 0.972379
v -0.051956 0.408044 0.936026
v -0.305587 -0.259627 0.940508
v -0.236126 -0.136016 0.985439
v -0.069735 0.139468 1.010461
v 0.016051 0.272030 0.985438
v 0.095546 0.389440 0.940507
v 0.475512 0.389440 0.817049
v 0.566237 0.272030 0.806673
v 0.592213 0.408044 0.726725
v 0.650350 0.139468 0.776491
v 0.685861 0.282593 0.703620
v 0.703620 0.418404 0.612537
v 0.766695 0.143198 0.661073
v 0.794043 0.286397 0.576904
v 0.799990 0.418403 0.479896
v 0.770259 -0.136016 0.658442
v 0.865642 0.143197 0.524884
v 0.881127 0.282592 0.434860
v 0.874162 0.408041 0.338656
v 0.800045 -0.259628 0.581262
v 0.864242 -0.136017 0.529085
v 0.939458 0.139466 0.378568
v 0.942169 0.272027 0.289247
v 0.924003 0.389437 0.199758
v 0.305587 0.259627 -0.940508
v 0.236126 0.136015 -0.985439
v 0.388194 0.136015 -0.936029
v 0.069735 -0.139469 -1.010461
v 0.537520 -0.139469 -0.858467
v 0.391799 -0.143200 -0.933452
v 0.231700 -0.143200 -0.985472
v -0.016051 -0.272030 -0.985437
v 0.592216 -0.272031 -0.787797
v 0.457243 -0.282595 -0.869721
v 0.303299 -0.286400 -0.933451
v 0.141298 -0.282595 -0.972379
v -0.095546 -0.389440 -0.940506
v 0.630120 -0.389441 -0.704720
v 0.508156 -0.408045 -0.787796
v 0.365131 -0.418406 -0.858464
v 0.209203 -0.418406 -0.909129
v 0.051956 -0.408045 -0.936026
v -0.800046 0.259627 -0.581262
v -0.864242 0.136015 -0.529084
v -0.770259 0.136015 -0.658442
v -0.939458 -0.139468 -0.378567
v -0.650349 -0.139469 -0.776492
v -0.766694 -0.143200 -0.661074
v -0.865642 -0.143199 -0.524884
v -0.942169 -0.272028 -0.289247
v -0.566236 -0.272030 -0.806673
v -0.685860 -0.282594 -0.703621
v -0.794041 -0.286399 -0.576905
v -0.881126 -0.282593 -0.434860
v -0.924002 -0.389438 -0.199758
v -0.475511 -0.389440 -0.817050
v -0.592211 -0.408044 -0.726726
v -0.703619 -0.418405 -0.612539
v -0.799988 -0.418404 -0.479898
v -0.874161 -0.408043 -0.338657
v -0.800046 0.259627 0.581262
v -0.770259 0.136015 0.658442
v -0.864242 0.136015 0.529084
v -0.650349 -0.139469 0.776492
v -0.939458 -0.139468 0.378567
v -0.865642 -0.143199 0.524884
v -0.766694 -0.143200 0.661074
v -0.566236 -0.272030 0.806673
v -0.942169 -0.272028 0.289247
v -0.881126 -0.282593 0.434860
v -0.794041 -0.286399 0.576905
v -0.685860 -0.282594 0.703621
v -0.475511 -0.389440 0.817049
v -0.924002 -0.389438 0.199758
v -0.874161 -0.408043 0.338657
v -0.799988 -0.418404 0.479898
v -0.703619 -0.418405 0.612538
v -0.592211 -0.408044 0.726726
v 0.305587 0.259627 0.940508
v 0.388194 0.136015 0.936029
v 0.236126 0.136015 0.985439
v 0.537520 -0.139469 0.858467
v 0.069735 -0.139469 1.010461
v 0.231700 -0.143200 0.985472
v 0.391799 -0.143200 0.933452
v 0.592216 -0.272030 0.787797
v -0.016051 -0.272030 0.985437
v 0.141298 -0.282595 0.972378
v 0.303299 -0.286399 0.933451
v 0.457243 -0.282595 0.869721
v 0.630120 -0.389440 0.704720
v -0.095546 -0.389440 0.940506
v 0.051956 -0.408045 0.936026
v 0.209203 -0.418406 0.909129
v 0.365131 -0.418406 0.858464
v 0.508156 -0.408045 0.787796
v 0.988909 0.259625 0.000000
v 1.010175 0.136014 -0.079945
v 1.010175 0.136014 0.079945
v 0.982555 -0.139468 -0.245926
v 0.982555 -0.139468 0.245926
v 1.008838 -0.143199 0.084168
v 1.008838 -0.143199 -0.084168
v 0.932247 -0.272029 -0.319781
v 0.932247 -0.272029 0.319782
v 0.968451 -0.282593 0.166100
v 0.981489 -0.286398 0.000000
v 0.968451 -0.282593 -0.166100
v 0.864950 -0.389439 -0.381502
v 0.864950 -0.389439 0.381502
v 0.906270 -0.408043 0.239836
v 0.929281 -0.418404 0.081975
v 0.929281 -0.418404 -0.081975
v 0.906270 -0.408043 -0.239836
v 0.590005 -0.599481 -0.581260
v 0.508153 -0.712179 -0.529082
v 0.466124 -0.628119 -0.658438
v 0.408224 -0.816456 -0.460540
v 0.369916 -0.739836 -0.600958
v 0.322033 -0.644068 -0.725822
v 0.259047 -0.838296 -0.524880
v 0.214798 -0.749796 -0.661069
v 0.166105 -0.644067 -0.776486
v 0.178042 -0.964356 -0.289245
v 0.098948 -0.838296 -0.576901
v 0.053973 -0.739835 -0.703616
v 0.009926 -0.628118 -0.806668
v 0.064906 -1.000615 -0.199758
v 0.025977 -0.964356 -0.338656
v -0.059556 -0.816455 -0.612535
v -0.100111 -0.712178 -0.726723
v -0.135659 -0.599480 -0.817047
v -0.370491 -0.599481 -0.740746
v -0.346160 -0.712179 -0.646776
v -0.482174 -0.628118 -0.646777
v -0.311853 -0.816456 -0.530558
v -0.457238 -0.739836 -0.537515
v -0.590788 -0.644067 -0.530559
v -0.419144 -0.838296 -0.408563
v -0.562342 -0.749796 -0.408563
v -0.687157 -0.644066 -0.397919
v -0.220071 -0.964356 -0.258709
v -0.369913 -0.914483 -0.268756
v -0.518091 -0.838295 -0.272375
v -0.652504 -0.739834 -0.268757
v -0.764124 -0.628116 -0.258709
v -0.169924 -1.000614 -0.123457
v -0.314055 -0.964356 -0.129354
v -0.600963 -0.816453 -0.132639
v -0.722094 -0.712175 -0.129355
v -0.818982 -0.599477 -0.123457
v -0.818982 -0.599477 0.123457
v -0.722094 -0.712175 0.129355
v -0.764124 -0.628116 0.258710
v -0.600962 -0.816453 0.132640
v -0.652504 -0.739833 0.268757
v -0.687157 -0.644065 0.397919
v -0.518091 -0.838295 0.272376
v -0.562341 -0.749795 0.408564
v -0.590788 -0.644066 0.530560
v -0.314055 -0.964356 0.129355
v -0.419144 -0.838295 0.408565
v -0.457238 -0.739835 0.537516
v -0.482174 -0.628118 0.646777
v -0.169925 -1.000614 0.123458
v -0.220072 -0.964356 0.258711
v -0.311853 -0.816455 0.530560
v -0.346161 -0.712177 0.646778
v -0.370491 -0.599480 0.740746
v 0.735136 -0.599480 -0.381501
v 0.660218 -0.712178 -0.319780
v 0.770255 -0.628118 -0.239836
v 0.789813 -0.644066 -0.081975
v 0.685858 -0.739835 -0.166099
v 0.564151 -0.816456 -0.245925
v 0.789813 -0.644066 0.081975
v 0.695092 -0.749795 0.000000
v 0.579242 -0.838295 -0.084167
v 0.330108 -0.964356 -0.079944
v 0.770255 -0.628117 0.239836
v 0.685858 -0.739834 0.166100
v 0.579243 -0.838295 0.084169
v 0.210038 -1.000614 0.000000
v 0.735137 -0.599479 0.381502
v 0.660219 -0.712177 0.319782
v 0.564152 -0.816454 0.245926
v 0.330109 -0.964356 0.079946
v -0.135659 -0.599481 0.817046
v -0.100110 -0.712179 0.726722
v 0.009926 -0.628119 0.806668
v -0.059555 -0.816456 0.612534
v 0.053974 -0.739836 0.703615
v 0.166106 -0.644068 0.776486
v 0.098950 -0.838296 0.576900
v 0.214799 -0.749796 0.661069
v 0.322033 -0.644067 0.725821
v 0.025979 -0.964356 0.338655
v 0.259049 -0.838296 0.524880
v 0.369917 -0.739835 0.600958
v 0.466125 -0.628118 0.658438
v 0.064907 -1.000614 0.199757
v 0.178044 -0.964356 0.289245
v 0.408226 -0.816455 0.460541
v 0.508154 -0.712177 0.529082
v 0.590005 -0.599480 0.581260
v -0.000000 -0.011330 -1.550338
v -0.302456 -0.011330 -1.520549
v -0.593289 -0.011330 -1.432326
v -0.861322 -0.011330 -1.289059
v -1.096254 -0.011330 -1.096254
v -1.289059 -0.011330 -0.861322
v -1.432326 -0.011330 -0.593289
v -1.520549 -0.011330 -0.302456
v -1.550338 -0.011330 0.000000
v -1.520549 -0.011330 0.302456
v -1.432326 -0.011330 0.593289
v -1.289059 -0.011330 0.861322
v -1.096255 -0.011330 1.096254
v -0.861322 -0.011330 1.289059
v -0.593289 -0.011330 1.432326
v -0.302456 -0.011330 1.520549
v 0.000000 -0.011330 1.550338
v 0.302456 -0.011330 1.520549
v 0.593289 -0.011330 1.432326
v 0.861322 -0.011330 1.289059
v 1.096255 -0.011330 1.096255
v 1.289059 -0.011330 0.861322
v 1.432326 -0.011330 0.593289
v 1.520549 -0.011330 0.302456
v 1.550338 -0.011330 0.000000
v 1.520549 -0.011330 -0.302456
v 1.432326 -0.011330 -0.593289
v 1.289059 -0.011330 -0.861322
v 1.096254 -0.011330 -1.096254
v 0.861322 -0.011330 -1.289059
v 0.593289 -0.011330 -1.432326
v 0.302456 -0.011330 -1.520549
v -0.000000 -0.011330 -2.032334
v -0.396489 -0.011330 -1.993284
v -0.777741 -0.011330 -1.877632
v -1.129105 -0.011330 -1.689824
v -1.437078 -0.011330 -1.437078
v -1.689824 -0.011330 -1.129105
v -1.877632 -0.011330 -0.777741
v -1.993284 -0.011330 -0.396489
v -2.032334 -0.011330 0.000000
v -1.993283 -0.011330 0.396489
v -1.877632 -0.011330 0.777741
v -1.689824 -0.011330 1.129104
v -1.437077 -0.011330 1.437077
v -1.129105 -0.011330 1.689825
v -0.777741 -0.011330 1.877632
v -0.396489 -0.011330 1.993284
v 0.000000 -0.011330 2.032334
v 0.396489 -0.011330 1.993284
v 0.777741 -0.011330 1.877632
v 1.129105 -0.011330 1.689825
v 1.437078 -0.011330 1.437078
v 1.689825 -0.011330 1.129105
v 1.877632 -0.011330 0.777741
v 1.993284 -0.011330 0.396489
v 2.032335 -0.011330 0.000000
v 1.993284 -0.011330 -0.396489
v 1.877632 -0.011330 -0.777741
v 1.689824 -0.011330 -1.129104
v 1.437077 -0.011330 -1.437077
v 1.129105 -0.011330 -1.689824
v 0.777741 -0.011330 -1.877632
v 0.396489 -0.011330 -1.993284
v -0.000000 0.011146 -1.550338
v -0.302456 0.011146 -1.520549
v -0.593289 0.011146 -1.432326
v -0.861322 0.011146 -1.289059
v -1.096255 0.011147 -1.096255
v -1.289059 0.011146 -0.861322
v -1.432326 0.011147 -0.593289
v -1.520549 0.011146 -0.302456
v -1.550338 0.011147 0.000000
v -1.520549 0.011147 0.302456
v -1.432326 0.011147 0.593289
v -1.289059 0.011147 0.861322
v -1.096255 0.011147 1.096255
v -0.861322 0.011147 1.289059
v -0.593289 0.011147 1.432326
v -0.302456 0.011147 1.520549
v -0.000000 0.011147 1.550338
v 0.302456 0.011147 1.520549
v 0.593289 0.011147 1.432326
v 0.861322 0.011146 1.289059
v 1.096255 0.011146 1.096255
v 1.289059 0.011146 0.861322
v 1.432326 0.011146 0.593289
v 1.520549 0.011146 0.302456
v 1.550338 0.011146 0.000000
v 1.520549 0.011146 -0.302456
v 1.432326 0.011146 -0.593289
v 1.289059 0.011146 -0.861322
v 1.096254 0.011146 -1.096254
v 0.861322 0.011146 -1.289059
v 0.593289 0.011146 -1.432326
v 0.302456 0.011146 -1.520549
v -0.000000 0.011146 -2.032334
v -0.396489 0.011146 -1.993284
v -0.777741 0.011146 -1.877632
v -1.129105 0.011146 -1.689824
v -1.437077 0.011146 -1.437077
v -1.689824 0.011147 -1.129105
v -1.877632 0.011146 -0.777741
v -1.993284 0.011146 -0.396489
v -2.032335 0.011146 0.000000
v -1.993284 0.011146 0.396489
v -1.877632 0.011147 0.777740
v -1.689824 0.011147 1.129105
v -1.437078 0.011147 1.437078
v -1.129105 0.011147 1.689824
v -0.777741 0.011147 1.877632
v -0.396489 0.011147 1.993284
v -0.000000 0.011147 2.032335
v 0.396489 0.011146 1.993284
v 0.777741 0.011147 1.877632
v 1.129105 0.011147 1.689825
v 1.437078 0.011146 1.437078
v 1.689825 0.011146 1.129105
v 1.877632 0.011146 0.777741
v 1.993284 0.011146 0.396489
v 2.032335 0.011146 0.000000
v 1.993284 0.011146 -0.396489
v 1.877632 0.011146 -0.777741
v 1.689824 0.011146 -1.129104
v 1.437078 0.011146 -1.437077
v 1.129105 0.011146 -1.689824
v 0.777741 0.011146 -1.877632
v 0.396489 0.011146 -1.993284
v -1.422647 0.011147 0.950583
v -1.556236 0.011147 1.039844
v -1.323470 0.011147 1.323470
v -1.209862 0.011147 1.209862
v 1.678127 0.011146 -0.333800
v 1.835706 0.011146 -0.365144
v 1.729197 0.011146 -0.716257
v 1.580761 0.011146 -0.654773
v -1.039844 0.011147 1.556236
v -0.950583 0.011147 1.422648
v 1.556236 0.011146 -1.039844
v 1.422647 0.011146 -0.950583
v -0.716257 0.011147 1.729197
v -0.654773 0.011147 1.580761
v 0.000000 0.011146 -1.711004
v 0.000000 0.011146 -1.871669
v -0.365145 0.011147 -1.835705
v -0.333800 0.011147 -1.678127
v 1.323470 0.011146 -1.323470
v 1.209862 0.011146 -1.209862
v -0.365144 0.011147 1.835705
v -0.333800 0.011147 1.678127
v -0.716257 0.011147 -1.729197
v -0.654773 0.011146 -1.580761
v 1.039844 0.011146 -1.556236
v 0.950583 0.011146 -1.422647
v -0.000000 0.011147 1.871669
v -0.000000 0.011147 1.711004
v -1.039844 0.011146 -1.556236
v -0.950583 0.011146 -1.422647
v 0.716257 0.011146 -1.729197
v 0.654773 0.011146 -1.580761
v 0.365144 0.011146 1.835706
v 0.333800 0.011147 1.678127
v -1.323470 0.011147 -1.323470
v -1.209862 0.011146 -1.209862
v 0.365144 0.011146 -1.835705
v 0.333800 0.011146 -1.678127
v 0.716257 0.011146 1.729197
v 0.654773 0.011146 1.580762
v -1.556236 0.011147 -1.039844
v -1.422647 0.011146 -0.950583
v 1.039844 0.011147 1.556236
v 0.950583 0.011147 1.422648
v -1.729197 0.011146 -0.716257
v -1.580761 0.011146 -0.654773
v 1.323470 0.011146 1.323470
v 1.209862 0.011146 1.209862
v -1.835705 0.011146 -0.365144
v -1.678127 0.011146 -0.333800
v 1.556236 0.011146 1.039844
v 1.422647 0.011146 0.950583
v -1.871669 0.011146 0.000000
v -1.711003 0.011146 0.000000
v 1.729197 0.011147 0.716257
v 1.580761 0.011146 0.654773
v -1.835705 0.011146 0.365144
v -1.678127 0.011146 0.333800
v 1.835705 0.011146 0.365145
v 1.678127 0.011146 0.333800
v -1.729197 0.011147 0.716257
v -1.580761 0.011147 0.654773
v 1.871669 0.011146 0.000000
v 1.711004 0.011146 0.000000
v -1.422647 -0.011330 0.950583
v -1.556236 -0.011330 1.039843
v -1.323470 -0.011330 1.323470
v -1.209862 -0.011330 1.209862
v 1.678127 -0.011330 -0.333800
v 1.835706 -0.011330 -0.365144
v 1.729197 -0.011330 -0.716257
v 1.580761 -0.011330 -0.654773
v -1.039844 -0.011330 1.556236
v -0.950583 -0.011330 1.422647
v 1.556236 -0.011330 -1.039844
v 1.422647 -0.011330 -0.950583
v -0.716257 -0.011330 1.729197
v -0.654773 -0.011330 1.580761
v 0.000000 -0.011330 -1.711004
v 0.000000 -0.011330 -1.871669
v -0.365145 -0.011330 -1.835705
v -0.333800 -0.011330 -1.678127
v 1.323470 -0.011330 -1.323470
v 1.209862 -0.011330 -1.209862
v -0.365145 -0.011330 1.835706
v -0.333800 -0.011330 1.678127
v -0.716257 -0.011330 -1.729197
v -0.654773 -0.011330 -1.580761
v 1.039844 -0.011330 -1.556236
v 0.950583 -0.011330 -1.422647
v -0.000000 -0.011330 1.871669
v -0.000000 -0.011330 1.711004
v -1.039844 -0.011330 -1.556236
v -0.950583 -0.011330 -1.422647
v 0.716257 -0.011330 -1.729197
v 0.654773 -0.011330 -1.580761
v 0.365145 -0.011330 1.835705
v 0.333800 -0.011330 1.678127
v -1.323470 -0.011330 -1.323470
v -1.209862 -0.011330 -1.209862
v 0.365144 -0.011330 -1.835705
v 0.333800 -0.011330 -1.678127
v 0.716257 -0.011330 1.729197
v 0.654773 -0.011330 1.580761
v -1.556236 -0.011330 -1.039844
v -1.422647 -0.011330 -0.950583
v 1.039844 -0.011330 1.556236
v 0.950583 -0.011330 1.422648
v -1.729197 -0.011330 -0.716257
v -1.580761 -0.011330 -0.654773
v 1.323470 -0.011330 1.323470
v 1.209862 -0.011330 1.209862
v -1.835705 -0.011330 -0.365144
v -1.678127 -0.011330 -0.333800
v 1.556236 -0.011330 1.039844
v 1.422647 -0.011330 0.950583
v -1.871669 -0.011330 0.000000
v -1.711004 -0.011330 -0.000000
v 1.729197 -0.011330 0.716257
v 1.580761 -0.011330 0.654773
v -1.835705 -0.011330 0.365144
v -1.678127 -0.011330 0.333800
v 1.835705 -0.011330 0.365145
v 1.678127 -0.011330 0.333800
v -1.729197 -0.011330 0.716257
v -1.580761 -0.011330 0.654773
v 1.871669 -0.011330 0.000000
v 1.711004 -0.011330 0.000000
v -0.457137 0.360303 -0.824549
v -0.524368 0.288559 -0.810513
v -0.518918 0.266874 -0.818904
v -0.515005 0.251303 -0.824929
v -0.507585 0.221778 -0.836353
v -0.362968 0.354786 -0.872168
v -0.392834 0.386035 -0.849285
v -0.354411 0.323502 -0.884613
v -0.310516 0.242821 -0.927410
v -0.318193 0.290341 -0.911113
v -0.345258 0.290952 -0.897685
v -0.351590 0.313470 -0.888642
v -0.397078 0.168113 -0.904679
v -0.490802 0.154998 -0.862193
v -0.424261 0.164006 -0.891981
v -0.415187 0.165579 -0.896470
v -0.531246 0.237982 -0.891808
v -0.531019 0.201360 -0.939799
v -0.516785 0.176374 -0.925752
v -0.519939 0.298549 -0.963326
v -0.522134 0.281011 -0.959432
v -0.526881 0.290639 -0.936977
v -0.538218 0.282606 -0.895967
v -0.540984 0.276368 -0.876087
v -0.547841 0.302207 -0.866295
v -0.536118 0.329284 -0.892108
v -0.423404 0.397509 -0.909387
v -0.485289 0.372681 -0.885383
v -0.412650 0.381591 -0.935731
v -0.533592 0.274086 -0.854997
v -0.419583 0.359621 -0.960063
v -0.449274 0.346123 -0.957320
v -0.479653 0.339758 -0.938841
v -0.467576 0.337087 -0.954984
v -0.437511 0.343200 -0.967517
v -0.421200 0.351333 -0.969729
v -0.432038 0.322588 -1.002805
v -0.355951 0.325704 -0.886888
v -0.415803 0.358263 -0.957575
v -0.416257 0.217721 -0.995525
v -0.446770 0.212922 -0.979952
v -0.441863 0.230444 -0.986820
v -0.427045 0.252287 -0.995860
v -0.438583 0.248587 -0.989761
v -0.451462 0.232979 -0.980807
v -0.457546 0.212207 -0.974480
v -0.523943 0.267752 -0.956757
v -0.503364 0.273959 -0.965121
v -0.500651 0.278872 -0.966939
v -0.415713 0.318521 -1.006360
v -0.376928 0.262812 -1.018571
v -0.416354 0.180489 -0.944690
v -0.452353 0.194375 -0.952472
v -0.447002 0.178961 -0.938329
v -0.395667 0.340920 -0.946666
v -0.420239 0.356763 -0.959105
v -0.447165 0.344858 -0.956178
v -0.474965 0.339152 -0.941555
v -0.466006 0.336300 -0.953176
v -0.436723 0.342509 -0.964489
v -0.421440 0.350252 -0.966877
v -0.356934 0.324574 -0.887787
v -0.416964 0.355492 -0.956295
v -0.396265 0.341331 -0.945225
v -0.356829 0.315456 -0.888925
v -0.436964 0.178864 -0.940834
v -0.442834 0.195612 -0.957155
v -0.423052 0.166474 -0.893648
v -0.417415 0.167583 -0.896574
v -0.438588 0.180477 -0.940102
v -0.444311 0.196691 -0.955968
v -0.448030 0.213107 -0.977717
v -0.455758 0.212468 -0.973002
v -0.450144 0.195325 -0.952111
v -0.445106 0.180832 -0.938887
v -0.442822 0.230289 -0.984421
v -0.429545 0.250393 -0.991532
v -0.437823 0.247329 -0.987256
v -0.449916 0.231924 -0.979033
v -0.537311 0.262052 -0.881844
v -0.529129 0.273020 -0.924673
v -0.455050 0.212239 -0.968719
v -0.450176 0.227254 -0.977025
v -0.518703 0.267105 -0.823165
v -0.515307 0.255760 -0.827640
v -0.520397 0.279730 -0.956394
v -0.525402 0.287713 -0.934569
v -0.535608 0.280756 -0.895668
v -0.539044 0.275097 -0.876257
v -0.502126 0.277714 -0.963041
v -0.531714 0.273023 -0.855327
v -0.536098 0.264802 -0.881008
v -0.527613 0.275892 -0.923716
v -0.522057 0.270589 -0.953514
v -0.504062 0.275192 -0.961807
v 0.419914 0.160583 0.908199
v 0.391312 0.199807 0.915189
v 0.395328 0.210122 0.911120
v 0.398211 0.217529 0.908199
v 0.403678 0.231573 0.902659
v 0.466517 0.157661 0.884907
v 0.449916 0.144112 0.896051
v 0.472650 0.172500 0.878871
v 0.499193 0.209466 0.858067
v 0.492489 0.186607 0.865960
v 0.479156 0.187925 0.872530
v 0.474656 0.177254 0.876916
v 0.461278 0.251301 0.869317
v 0.416044 0.263339 0.890128
v 0.447999 0.254873 0.875194
v 0.452538 0.253627 0.873338
v 0.418874 0.235754 0.929155
v 0.436152 0.259455 0.934488
v 0.433916 0.266715 0.920630
v 0.452653 0.217672 0.955707
v 0.449754 0.225291 0.952042
v 0.439968 0.218207 0.949782
v 0.420241 0.217181 0.941598
v 0.411400 0.217377 0.936163
v 0.406587 0.205165 0.941199
v 0.421287 0.195266 0.948991
v 0.464657 0.152047 0.925387
v 0.435702 0.167897 0.937014
v 0.477503 0.161751 0.925218
v 0.405299 0.214250 0.927442
v 0.484008 0.176242 0.929852
v 0.473473 0.185881 0.937425
v 0.456888 0.190029 0.942517
v 0.466699 0.192048 0.941783
v 0.480860 0.187162 0.935194
v 0.486952 0.181649 0.931360
v 0.495417 0.201032 0.938400
v 0.473166 0.172054 0.880470
v 0.484116 0.175977 0.927536
v 0.492997 0.245135 0.910038
v 0.477569 0.249031 0.916251
v 0.482441 0.241505 0.919695
v 0.491313 0.231033 0.920904
v 0.485320 0.233325 0.922827
v 0.477321 0.240738 0.922152
v 0.472172 0.249969 0.918646
v 0.447622 0.231111 0.949398
v 0.457315 0.226822 0.945229
v 0.459040 0.224517 0.945673
v 0.501535 0.201222 0.932515
v 0.515643 0.223010 0.910464
v 0.471608 0.254303 0.889382
v 0.464413 0.254012 0.907436
v 0.459868 0.258126 0.898711
v 0.485190 0.179473 0.913830
v 0.483320 0.177475 0.929280
v 0.473609 0.185998 0.936098
v 0.459329 0.190084 0.941383
v 0.466432 0.191922 0.940574
v 0.479887 0.186913 0.933971
v 0.485723 0.181740 0.930486
v 0.473176 0.172830 0.880847
v 0.483155 0.177189 0.927083
v 0.484465 0.179151 0.913753
v 0.473276 0.177100 0.879314
v 0.463853 0.257207 0.895649
v 0.469146 0.252888 0.905400
v 0.449114 0.253849 0.875672
v 0.451993 0.253036 0.874581
v 0.463147 0.256586 0.896372
v 0.468285 0.252420 0.905845
v 0.476327 0.248780 0.916165
v 0.472143 0.249390 0.917650
v 0.464974 0.253235 0.906713
v 0.460731 0.257113 0.898527
v 0.481212 0.241342 0.919387
v 0.488797 0.231570 0.920315
v 0.484519 0.233415 0.921641
v 0.477049 0.240741 0.920908
v 0.414158 0.224209 0.933507
v 0.433769 0.224606 0.943910
v 0.470676 0.248756 0.916217
v 0.475996 0.242581 0.919557
v 0.397064 0.210629 0.912207
v 0.399361 0.215966 0.909900
v 0.449038 0.225181 0.950351
v 0.439352 0.218968 0.948028
v 0.420831 0.217622 0.940193
v 0.411996 0.217717 0.935242
v 0.457030 0.224651 0.944965
v 0.405947 0.214529 0.926627
v 0.414310 0.222681 0.933380
v 0.433969 0.222964 0.943664
v 0.447040 0.229093 0.948408
v 0.455864 0.225861 0.944858
v 1.008838 0.162548 0.015855
v 1.027951 0.205533 0.024310
v 1.029140 0.204219 0.040788
v 1.030182 0.191782 0.072586
v 1.026536 0.168182 0.050365
v 1.009260 0.280811 -0.034663
v 1.004864 0.306587 -0.042077
v 1.000284 0.309501 -0.000358
v 0.972182 0.241370 0.187628
v 0.961658 0.287424 0.179144
v 0.955659 0.332485 0.113196
v 0.961019 0.336910 0.026928
v 0.972724 0.315044 -0.059021
v 0.988045 0.265340 -0.103014
v 1.008449 0.169166 -0.064195
v 1.002745 0.167392 0.018076
v 0.987412 0.188982 0.153577
v 1.034359 0.194304 -0.053842
v 1.014542 0.164322 -0.066416
v 1.020476 0.170833 -0.067845
v 1.031397 0.196916 -0.060162
v 0.970218 0.329692 0.111606
v 0.982058 0.314144 0.123490
v 0.981555 0.317822 0.118280
v 0.980515 0.325973 0.109119
v 0.985732 0.333584 0.093292
v 0.993677 0.320478 0.040443
v 0.998803 0.300681 0.038589
v 1.007153 0.273028 0.036560
v 0.969246 0.334964 0.024807
v 0.979158 0.332322 0.016247
v 0.989599 0.312812 -0.060438
v 1.005526 0.266818 0.132196
v 1.019559 0.203397 0.150043
v 1.022392 0.202751 0.141431
v 1.005524 0.266470 0.101120
v 1.005571 0.187061 0.152255
v 1.034594 0.216930 -0.044304
v 1.000876 0.270505 0.182576
v 0.999429 0.282214 0.163940
v 1.000057 0.274093 0.181915
v 0.986902 0.334558 0.084299
v 0.994347 0.309132 0.087139
v 0.987603 0.335137 0.073023
v 0.986289 0.335638 0.055904
v 1.019758 0.251775 -0.082305
v 0.977310 0.334193 0.034981
v 0.976217 0.284631 0.177554
v 1.010376 0.308133 -0.067096
v 1.001096 0.262181 -0.104716
v 1.018387 0.287012 -0.076356
v 0.978321 0.236538 0.185410
v -0.908040 0.220390 0.394997
v -0.937471 0.162790 0.339957
v -0.942330 0.169504 0.321292
v -0.945819 0.174325 0.307889
v -0.952435 0.183466 0.282477
v -0.894744 0.308952 0.382943
v -0.891189 0.278671 0.411574
v -0.901645 0.319287 0.355962
v -0.916024 0.366375 0.284657
v -0.904708 0.355656 0.325223
v -0.908786 0.330275 0.327868
v -0.903846 0.322674 0.347303
v -0.949264 0.290900 0.228646
v -0.967399 0.204141 0.224996
v -0.954288 0.265531 0.227318
v -0.952767 0.274137 0.227941
v -1.001230 0.195877 0.300232
v -1.037290 0.217977 0.270630
v -1.022534 0.219312 0.247620
v -1.040210 0.243048 0.352878
v -1.040023 0.238565 0.338066
v -1.026060 0.224587 0.345978
v -1.003953 0.195733 0.338922
v -0.992073 0.183495 0.333253
v -0.986605 0.175347 0.355534
v -0.996464 0.197950 0.378246
v -0.947009 0.288369 0.426111
v -0.963094 0.232177 0.410097
v -0.961194 0.308080 0.412414
v -0.973998 0.177891 0.329947
v -0.983248 0.314222 0.395181
v -0.997164 0.291570 0.386429
v -0.999955 0.260966 0.383301
v -1.005354 0.277242 0.380406
v -0.998624 0.304634 0.383161
v -0.991409 0.317473 0.388601
v -1.021997 0.324912 0.366259
v -0.903805 0.319492 0.358049
v -0.979762 0.315505 0.393592
v -1.017622 0.326084 0.275474
v -1.022364 0.296935 0.273781
v -1.023265 0.304780 0.288418
v -1.020406 0.320806 0.305860
v -1.022206 0.309570 0.303611
v -1.023659 0.295286 0.291285
v -1.023979 0.286712 0.274016
v -1.040143 0.235208 0.326890
v -1.035224 0.253966 0.330488
v -1.034739 0.257035 0.334462
v -1.016691 0.337728 0.361378
v -1.010419 0.367398 0.310794
v -0.985507 0.298372 0.242246
v -1.007618 0.278229 0.257682
v -0.996425 0.273938 0.243637
v -0.963631 0.322931 0.376616
v -0.983141 0.313124 0.392785
v -0.995431 0.292380 0.385119
v -0.999558 0.265528 0.382431
v -1.003388 0.277374 0.379533
v -0.996194 0.303619 0.382404
v -0.989642 0.315815 0.387614
v -0.905006 0.319200 0.357210
v -0.979675 0.313902 0.391307
v -0.962898 0.321820 0.376976
v -0.906479 0.319315 0.349492
v -0.993190 0.282118 0.242687
v -1.006039 0.287219 0.257983
v -0.954642 0.267345 0.229353
v -0.953782 0.272767 0.229856
v -0.993357 0.280723 0.244187
v -1.005862 0.285667 0.259001
v -1.021428 0.294955 0.273986
v -1.022048 0.287220 0.274022
v -1.006196 0.279627 0.258269
v -0.995720 0.275635 0.245064
v -1.022094 0.302906 0.288301
v -1.018804 0.316801 0.304349
v -1.020197 0.308765 0.302392
v -1.021751 0.295402 0.290187
v -0.995394 0.188087 0.320930
v -1.020086 0.215845 0.330835
v -1.018752 0.285548 0.273624
v -1.020868 0.293946 0.286182
v -0.945154 0.171803 0.321603
v -0.947484 0.175734 0.311790
v -1.037164 0.238167 0.336718
v -1.023897 0.224231 0.343277
v -1.002602 0.197278 0.337095
v -0.991331 0.184845 0.331996
v -1.032867 0.253995 0.333494
v -0.973381 0.179290 0.328879
v -0.993992 0.188665 0.323125
v -1.018440 0.216578 0.333100
v -1.036734 0.235048 0.329019
v -1.033177 0.251894 0.331495
v -0.039389 0.269576 0.975800
v -0.062435 0.247145 0.978073
v -0.066853 0.188329 0.991786
v -0.121175 0.181863 0.985844
v -0.054918 0.347221 0.954741
v -0.114827 0.365722 0.941945
v -0.205706 0.272197 1.042193
v -0.220340 0.235015 1.021953
v -0.177909 0.219223 1.032504
v -0.077657 0.204037 1.040606
v -0.127506 0.189569 1.037114
v -0.100293 0.371552 1.028874
v -0.068307 0.317808 1.050684
v -0.071120 0.357837 1.026710
v -0.072096 0.248477 1.054045
v -0.204431 0.294749 1.042097
v -0.132913 0.313790 1.049487
v -0.146088 0.388403 1.018412
v -0.192545 0.349987 1.026982
v -0.197454 0.346312 1.027755
v -0.219616 0.294842 0.944706
v -0.170650 0.333538 0.942058
v -0.133852 0.374405 0.937197
v -0.164146 0.197323 0.976133
v -0.213768 0.215175 0.964918
v -0.148982 0.209294 1.032883
v -0.065293 0.294511 1.059040
v -0.160466 0.214265 1.029612
v -0.068857 0.282653 1.062777
v -0.142759 0.390887 1.017167
v -0.140472 0.389874 1.018473
v 0.819760 0.345690 -0.500284
v 0.765381 0.390484 -0.560408
v 0.737388 0.353127 -0.610654
v 0.843895 0.250183 -0.497751
v 0.850720 0.289590 -0.475824
v 0.830979 0.231992 -0.521239
v 0.803891 0.163332 -0.580243
v 0.825027 0.185666 -0.544181
v 0.817612 0.212814 -0.545660
v 0.742548 0.226466 -0.644044
v 0.709394 0.315769 -0.660901
v 0.770885 0.358078 -0.632198
v 0.774035 0.334750 -0.680466
v 0.750792 0.321405 -0.684326
v 0.848761 0.340218 -0.627572
v 0.797427 0.394591 -0.583669
v 0.828666 0.382805 -0.575965
v 0.883801 0.297901 -0.505171
v 0.853856 0.351938 -0.528648
v 0.888339 0.277065 -0.525512
v 0.887271 0.259284 -0.604259
v 0.887037 0.243503 -0.603429
v 0.816438 0.224229 -0.661267
v 0.858922 0.194283 -0.632287
v 0.764612 0.231472 -0.658049
v -0.879383 0.345306 -0.389724
v -0.894523 0.369414 -0.308064
v -0.904510 0.348839 -0.288248
v -0.915938 0.366932 -0.226708
v -0.938042 0.310528 -0.192985
v -0.946875 0.263761 -0.202121
v -0.964832 0.203878 -0.187851
v -0.962643 0.160797 -0.236614
v -0.941732 0.167305 -0.312249
v -0.934207 0.155393 -0.352770
v -0.909492 0.241006 -0.369429
v -0.999553 0.345737 -0.420864
v -1.022664 0.367689 -0.345802
v -1.038753 0.372310 -0.242890
v -1.027744 0.362507 -0.282633
v -1.071865 0.337728 -0.291258
v -1.080347 0.354043 -0.245244
v -1.092098 0.285821 -0.235575
v -1.071172 0.216099 -0.270375
v -1.032078 0.219941 -0.205061
v -1.031551 0.178646 -0.377683
v -1.052285 0.254977 -0.382780
v -1.096120 0.308124 -0.232801
v -1.053334 0.178858 -0.321804
v -1.046771 0.276117 -0.391899
v -1.053201 0.308458 -0.360658
v -1.016086 0.336093 -0.421099
v -1.060245 0.310979 -0.341103
v -0.901942 0.256794 -0.574600
v -0.954462 0.216377 -0.541769
v -0.967675 0.245341 -0.487829
v -0.907164 0.308781 -0.486729
v -0.871259 0.336368 -0.491773
v -0.835166 0.344480 -0.536942
v -0.836849 0.318831 -0.586478
v -0.848553 0.309489 -0.599383
v -0.841785 0.296600 -0.615292
v -0.908032 0.226398 -0.592097
v -0.901476 0.214891 -0.409468
v -0.960480 0.225637 -0.448075
v -0.889468 0.169814 -0.535847
v -0.851314 0.153617 -0.515643
v -0.834958 0.328397 -0.469437
v -0.802916 0.338002 -0.517029
v -0.869067 0.284710 -0.432662
v -0.871585 0.266244 -0.436271
v -0.774793 0.289330 -0.582499
v -0.826012 0.298675 -0.613339
v -0.933589 0.187549 -0.574169
v -0.913259 0.299789 -0.482576
v -0.414993 0.764819 -0.520347
v -0.420696 0.791919 -0.470932
v -0.470455 0.782236 -0.429478
v -0.526019 0.751186 -0.412631
v -0.562652 0.755810 -0.351400
v -0.613209 0.742893 -0.316303
v -0.653292 0.705117 -0.326718
v -0.660094 0.663933 -0.385488
v -0.685501 0.607407 -0.436681
v -0.672686 0.589236 -0.490493
v -0.645979 0.591648 -0.517513
v -0.619668 0.604432 -0.521062
v -0.604712 0.609626 -0.525575
v -0.596334 0.610256 -0.537694
v -0.588403 0.610646 -0.551057
v -0.584584 0.604956 -0.564429
v -0.567324 0.607146 -0.581137
v -0.550016 0.610658 -0.595966
v -0.530772 0.625847 -0.594795
v -0.504078 0.643553 -0.599568
v -0.484257 0.670001 -0.581951
v -0.457687 0.698392 -0.576062
v -0.439187 0.727176 -0.550656
v -0.508113 0.764133 -0.565331
v -0.589206 0.767968 -0.573270
v -0.573349 0.780611 -0.572524
v -0.540906 0.720031 -0.582227
v -0.502693 0.772444 -0.553278
v -0.564832 0.800703 -0.551372
v -0.662527 0.717953 -0.448864
v -0.658075 0.745119 -0.411005
v -0.664484 0.775976 -0.469803
v -0.667452 0.758362 -0.493891
v -0.603500 0.750475 -0.583807
v -0.590485 0.683533 -0.588419
v -0.616788 0.741491 -0.581891
v -0.631939 0.769693 -0.404119
v -0.647679 0.791785 -0.465260
v -0.623345 0.741447 -0.577009
v -0.642141 0.733575 -0.563632
v -0.630325 0.796226 -0.470956
v -0.558293 0.766925 -0.448308
v -0.610460 0.795171 -0.504916
v -0.659556 0.728076 -0.551325
v -0.655259 0.668484 -0.533597
v -0.660405 0.728219 -0.550740
v -0.528871 0.797493 -0.486108
v -0.587161 0.808366 -0.512353
v -0.506628 0.801678 -0.504982
v -0.567189 0.812335 -0.530282
v -0.678583 0.700311 -0.528928
v -0.683159 0.686835 -0.472111
v -0.680465 0.738607 -0.509215
v -0.676221 0.724757 -0.534823
v -0.618071 0.746759 -0.575050
v -0.623004 0.745484 -0.571105
v -0.619431 0.743094 -0.563549
v -0.615136 0.744204 -0.566983
v -0.604623 0.755949 -0.576820
v -0.594793 0.769470 -0.567421
v -0.609716 0.752596 -0.575958
v -0.634009 0.741704 -0.563703
v -0.659799 0.733720 -0.547890
v -0.659971 0.733532 -0.548205
v -0.668943 0.732348 -0.534925
v -0.672723 0.743417 -0.514035
v -0.661549 0.760506 -0.500845
v -0.658995 0.775624 -0.480166
v -0.645598 0.788229 -0.476542
v -0.624954 0.793345 -0.493447
v -0.613580 0.790947 -0.510960
v -0.592852 0.802675 -0.517572
v -0.576286 0.805957 -0.532432
v -0.574384 0.796820 -0.549094
v -0.581445 0.780064 -0.566901
v -0.650764 0.769333 -0.484380
v -0.652987 0.756171 -0.502383
v -0.578760 0.795740 -0.529881
v -0.593181 0.792883 -0.516945
v -0.594871 0.763976 -0.560342
v -0.583250 0.773198 -0.559889
v -0.662715 0.741295 -0.513866
v -0.659424 0.731658 -0.532052
v -0.611226 0.782673 -0.511189
v -0.621128 0.784760 -0.495942
v -0.607863 0.749286 -0.567774
v -0.651613 0.732689 -0.543613
v -0.629011 0.739803 -0.557105
v -0.651463 0.732852 -0.543338
v -0.639100 0.780306 -0.481225
v -0.577103 0.787786 -0.544387
v -0.603429 0.752204 -0.568525
v -0.755305 0.305168 0.597972
v -0.708654 0.320987 0.647451
v -0.653353 0.339740 0.706104
v -0.673749 0.217193 0.721923
v -0.699463 0.217737 0.691650
v -0.718617 0.196141 0.676226
v -0.748312 0.188842 0.643834
v -0.792581 0.185788 0.593008
v -0.810524 0.192416 0.568380
v -0.825877 0.236508 0.537609
v -0.786855 0.156882 0.609072
v -0.875353 0.242159 0.684440
v -0.902878 0.259671 0.664900
v -0.916531 0.238306 0.638024
v -0.900287 0.205864 0.668532
v -0.877952 0.173959 0.688906
v -0.870692 0.181314 0.703535
v -0.802537 0.229804 0.764741
v -0.821983 0.223927 0.744837
v -0.832107 0.208648 0.709237
v -0.648149 0.234198 0.746379
v -0.729160 0.232527 0.769264
v -0.904758 0.282161 0.637600
v -0.882893 0.303433 0.656302
v -0.895839 0.255868 0.597382
v -0.824717 0.304999 0.705961
v -0.761080 0.352826 0.741262
v -0.744746 0.346085 0.781628
v -0.628138 0.326138 0.740022
v -0.599171 0.338941 0.769780
v -0.589022 0.318269 0.788355
v -0.606010 0.216195 0.801531
v -0.637911 0.216665 0.764040
v -0.663544 0.319634 0.851784
v -0.683590 0.253740 0.868014
v -0.666812 0.233020 0.853478
v -0.777203 0.245821 0.810311
v -0.852273 0.275807 0.696141
v -0.775599 0.317082 0.772877
v -0.796643 0.312584 0.743948
v -0.708755 0.242958 0.845199
v -0.733010 0.239821 0.820807
v -0.745802 0.242935 0.828443
v -0.694929 0.354681 0.828373
v -0.717514 0.291729 0.841496
v -0.735336 0.315951 0.821105
v -0.778284 0.345918 0.702662
v 0.834917 0.325519 -0.461831
v 0.818703 0.362759 -0.474147
v 0.887503 0.367529 -0.482088
v 0.945110 0.358420 -0.465537
v 0.877137 0.355151 -0.293748
v 0.897071 0.320466 -0.266679
v 1.006002 0.370563 -0.334692
v 0.860546 0.295227 -0.411663
v 0.879904 0.245644 -0.402460
v 0.893692 0.245644 -0.357963
v 0.913173 0.203417 -0.340459
v 0.924769 0.193063 -0.314161
v 0.941661 0.163358 -0.291560
v 0.946286 0.183232 -0.255284
v 0.956997 0.194219 -0.208918
v 0.960049 0.217668 -0.173877
v 0.949203 0.254681 -0.169115
v 0.947658 0.298059 -0.127503
v 0.929513 0.349656 -0.130627
v 0.913015 0.371310 -0.160608
v 0.913081 0.338955 -0.195152
v 0.909208 0.322735 -0.225074
v 0.853304 0.381263 -0.342608
v 0.842781 0.383397 -0.374276
v 0.824111 0.401774 -0.414784
v 1.034799 0.194363 -0.320421
v 1.051717 0.378848 -0.228469
v 1.046559 0.342140 -0.292272
v 1.018554 0.269769 -0.390852
v 0.941589 0.322206 -0.436777
v 0.979311 0.315343 -0.434986
v 0.989057 0.297123 -0.423108
v 1.011732 0.377026 -0.156105
v 0.970959 0.345502 -0.429542
v 0.982473 0.309649 -0.138291
v 0.937226 0.414457 -0.428134
v 0.956632 0.416681 -0.403314
v 1.059775 0.276541 -0.191859
v 1.084477 0.241677 -0.261637
v 1.090643 0.263320 -0.213249
v 1.061339 0.213019 -0.333223
v 1.104137 0.272850 -0.264206
v 1.108793 0.284007 -0.244838
v 1.044538 0.306850 -0.328256
v 1.079157 0.340157 -0.259713
v 1.066042 0.369045 -0.204846
v 1.107880 0.299164 -0.219917
v 1.069746 0.336793 -0.170736
v 0.452937 0.397374 1.071879
v 0.449473 0.344553 1.090315
v 0.483954 0.336789 1.114991
v 0.486765 0.387505 1.077825
v 0.426114 0.219532 0.883776
v 0.356451 0.255806 0.901031
v 0.369474 0.332694 0.870880
v 0.469128 0.283103 0.845459
v 0.524139 0.325735 0.977941
v 0.504835 0.294117 0.966187
v 0.459569 0.259037 0.857172
v 0.422365 0.373682 0.998254
v 0.565519 0.344098 1.072146
v 0.509755 0.307066 1.004120
v 0.476562 0.282558 1.017149
v 0.526415 0.330966 1.095922
v 0.429789 0.329298 1.042912
v 0.488760 0.312537 1.070944
v 0.359915 0.308627 0.882594
v 0.405307 0.293668 1.018688
v 0.388682 0.330921 0.951872
v 0.472028 0.255114 0.994349
v 0.525702 0.389665 1.112964
v 0.504928 0.344694 1.136062
v 0.538748 0.348866 1.121693
v 0.572568 0.353038 1.107324
v -0.633086 0.211902 -0.754831
v -0.662129 0.270729 -0.704760
v -0.717315 0.270424 -0.803097
v -0.782352 0.281418 -0.902363
v -0.777462 0.271919 -0.910624
v -0.552281 0.286314 -0.794487
v -0.573598 0.245612 -0.792846
v -0.706977 0.305906 -0.958158
v -0.642822 0.310085 -0.880863
v -0.636137 0.341478 -0.876636
v -0.603074 0.335969 -0.729198
v -0.570001 0.332118 -0.759789
v -0.680172 0.393892 -0.892451
v -0.730300 0.409779 -0.894245
v -0.741280 0.411057 -0.884089
v -0.614981 0.305755 -0.731412
v -0.638485 0.303624 -0.711709
v -0.648114 0.294829 -0.706954
v -0.611015 0.223506 -0.769313
v -0.585655 0.236231 -0.786207
v -0.793694 0.363181 -0.858203
v -0.810005 0.335136 -0.855650
v -0.666309 0.267955 -0.878426
v -0.725902 0.289671 -0.948371
v -0.682171 0.353272 -0.960068
v -0.759229 0.283100 -0.921920
v -0.785468 0.322141 -0.882588
v -0.771247 0.383685 -0.869289
v -0.691709 0.377929 -0.941390
v -0.691633 0.259857 -0.856360
v -0.952313 0.229577 0.126745
v -0.940102 0.271242 0.078828
v -0.914271 0.343119 0.106970
v -0.914010 0.330853 0.210724
v -0.924830 0.299768 0.206720
v -0.935530 0.272509 0.175044
v -0.945624 0.243576 0.170778
v -1.109112 0.276388 0.136407
v -1.144645 0.314265 0.118718
v -1.137547 0.337429 0.099276
v -1.131892 0.340736 0.204405
v -1.145223 0.302974 0.195187
v -0.991365 0.369604 0.109001
v -1.112218 0.404751 0.152012
v -1.112522 0.400988 0.174909
v -1.091625 0.391694 0.218364
v -1.149523 0.292606 0.177797
v -1.120819 0.370277 0.226574
v -1.124751 0.372785 0.117106
v -0.950111 0.245442 0.161760
v -1.049232 0.279395 0.166023
v -1.107264 0.291553 0.101303
v -0.964384 0.210561 0.107710
v -0.961401 0.227877 0.039170
v -1.109608 0.273230 0.052746
v -1.112691 0.235980 0.010709
v -0.908479 0.382758 0.036115
v -0.913143 0.359258 0.114841
v -0.982059 0.177667 -0.041247
v -0.980371 0.185981 -0.068221
v -0.935266 0.324848 -0.125467
v -1.084077 0.353738 0.145156
v -1.056349 0.408312 0.121001
v -1.025265 0.422762 0.041139
v -1.102145 0.288803 -0.086664
v -1.093298 0.224457 -0.063849
v -1.105005 0.225823 -0.007876
v -1.087849 0.341259 -0.080867
v -1.098319 0.309592 -0.095016
v -1.077893 0.372774 0.137309
v -1.069606 0.345152 -0.110767
v -1.055567 0.366056 -0.120293
v -0.977234 0.172910 0.067516
v -0.977451 0.175560 0.041376
v -0.988513 0.148235 0.001798
v -0.979643 0.178172 -0.030393
v -0.958628 0.222054 0.108719
v -0.943664 0.268157 0.089472
v -1.018617 0.281446 -0.020871
v -1.001262 0.269772 -0.050790
v -1.013081 0.235797 -0.038899
v -1.027249 0.166129 0.003738
v -1.020738 0.189237 -0.031208
v -1.015271 0.267446 0.096805
v -1.035615 0.220694 0.079074
v -1.015767 0.242018 0.103623
v -1.038371 0.186832 0.033736
v -1.018533 0.292494 -0.006147
v -1.029812 0.258583 0.042814
v -1.003268 0.304070 0.083810
v -1.006910 0.313223 0.035174
v -1.007185 0.314384 0.030280
v -0.938360 0.296089 -0.009659
v -0.939711 0.285883 0.040198
v -0.938344 0.284231 0.085140
v -0.968467 0.212359 -0.042811
v -0.955561 0.251837 -0.057151
v -1.016383 0.210980 -0.034661
v -1.042727 0.207092 0.065758
v -1.012844 0.220516 -0.037426
v -1.045545 0.203299 0.056336
v -1.002496 0.303234 0.087155
v -1.003733 0.301362 0.087663
v -1.065991 0.283434 0.086587
v -1.067359 0.285952 0.060468
v -1.081876 0.259077 0.021706
v -1.072965 0.288299 -0.011124
v -1.043543 0.348610 0.041437
v -1.042658 0.331680 0.126422
v -1.026128 0.376770 0.106087
v -1.105616 0.393640 -0.000531
v -1.090445 0.380854 -0.031173
v -1.103528 0.347657 -0.018439
v -1.119412 0.279120 0.025409
v -1.113371 0.301641 -0.010001
v -1.097212 0.380105 0.116947
v -1.120979 0.334470 0.100621
v -1.098781 0.354781 0.123987
v -1.127862 0.300573 0.055750
v -1.104187 0.404745 0.014082
v -1.114887 0.371780 0.063812
v -1.083852 0.415930 0.103079
v -1.089390 0.425012 0.054609
v -1.089843 0.426160 0.049726
v -1.024211 0.403831 0.006591
v -1.023649 0.393984 0.056536
v -1.020145 0.392499 0.101367
v -1.060536 0.321740 -0.024355
v -1.046183 0.360357 -0.039634
v -1.107990 0.323087 -0.013842
v -1.129489 0.321216 0.087783
v -1.104069 0.332395 -0.016856
v -1.132978 0.317536 0.078542
v -1.082962 0.415070 0.106389
v -1.084274 0.413274 0.106972
v -0.418366 0.383628 0.818449
v -0.345468 0.362495 0.854774
v -0.347739 0.263902 0.893422
v -0.472783 0.219852 0.863298
v -0.481237 0.257911 0.844813
v -0.456106 0.307080 0.834709
v -0.463353 0.342807 0.817620
v -0.495835 0.464405 1.001450
v -0.483119 0.469145 1.071545
v -0.450908 0.453359 1.090180
v -0.570988 0.390595 1.069453
v -0.576227 0.439272 1.047941
v -0.381833 0.302304 0.987662
v -0.483512 0.346222 1.120662
v -0.511552 0.337718 1.113357
v -0.554666 0.306167 1.078298
v -0.527237 0.281565 1.008630
v -0.504312 0.285107 1.012274
v -0.524027 0.277470 1.001968
v -0.560496 0.460969 1.045256
v -0.584172 0.344128 1.083039
v -0.456672 0.402692 1.108401
v -0.536218 0.299737 0.990077
v -0.283282 0.252653 0.930428
v -0.312535 0.206927 0.932636
v -0.354337 0.202544 0.916349
v -0.388183 0.178675 0.909643
v -0.422727 0.200872 0.887950
v -0.433032 0.254391 0.866521
v -0.328131 0.328369 0.887306
v -0.339321 0.269053 1.024690
v -0.357387 0.258763 1.023858
v -0.361757 0.250980 1.024515
v -0.368497 0.216953 0.955426
v -0.452263 0.236001 0.986105
v -0.470081 0.279389 0.960523
v -0.425303 0.224617 1.002715
v -0.417318 0.319184 0.966923
v -0.406275 0.249805 1.003573
v -0.375606 0.360963 0.975373
v -0.313730 0.369931 0.871356
v -0.251066 0.344751 0.908325
v -0.237477 0.277996 0.938988
v -0.304490 0.241131 0.923023
v -0.324692 0.246036 0.912291
v -0.351220 0.242126 0.902024
v -0.373548 0.297481 0.871715
v -0.359166 0.332543 0.865110
v -0.407978 0.406041 1.069281
v -0.388284 0.423285 1.071938
v -0.373897 0.418298 1.088133
v -0.433416 0.349665 1.085555
v -0.424785 0.329462 1.094607
v -0.404650 0.337704 1.099104
v -0.379792 0.321682 1.096094
v -0.333323 0.342121 1.119004
v -0.327417 0.356169 1.118049
v -0.343581 0.413583 1.104772
v -0.441722 0.379015 1.063165
v -0.416534 0.374359 1.003387
v -0.443891 0.361092 1.066606
v -0.321132 0.338171 1.094905
v -0.374260 0.283880 1.023238
v -0.271339 0.322650 0.993563
v -0.271899 0.316615 0.997749
v -0.264131 0.298613 0.993217
v -0.422888 0.399627 1.065109
v -0.277268 0.295055 0.996388
v -0.522120 0.287541 1.003016
v 0.637583 0.769678 0.162208
v 0.617622 0.792624 0.114420
v 0.639262 0.777073 0.054602
v 0.678203 0.741772 0.014944
v 0.678625 0.739716 -0.056527
v 0.704154 0.721379 -0.110995
v 0.743574 0.682300 -0.118816
v 0.778916 0.645333 -0.068016
v 0.826262 0.591477 -0.031694
v 0.842429 0.578149 0.022630
v 0.833214 0.584082 0.059087
v 0.812501 0.598554 0.074247
v 0.801976 0.604905 0.085198
v 0.800938 0.606913 0.099771
v 0.800914 0.608751 0.115205
v 0.804374 0.604306 0.129135
v 0.798041 0.608711 0.151990
v 0.790723 0.614294 0.173135
v 0.773717 0.630409 0.180448
v 0.753348 0.649896 0.196393
v 0.727590 0.676017 0.188845
v 0.702011 0.705332 0.194587
v 0.673450 0.733119 0.179473
v 0.740624 0.767144 0.153745
v 0.814506 0.767004 0.119174
v 0.800605 0.780426 0.125376
v 0.777002 0.722664 0.155759
v 0.729909 0.774817 0.145375
v 0.782715 0.799318 0.109671
v 0.813808 0.703741 -0.019936
v 0.790987 0.728192 -0.052685
v 0.826736 0.762972 -0.008382
v 0.841370 0.747079 0.012417
v 0.831995 0.749576 0.122611
v 0.822459 0.684008 0.139395
v 0.842367 0.739742 0.115084
v 0.765235 0.753608 -0.047661
v 0.810120 0.779314 -0.005251
v 0.845527 0.738963 0.107585
v 0.854819 0.729064 0.087340
v 0.798126 0.785138 0.007998
v 0.724299 0.758311 0.027746
v 0.798296 0.787756 0.047267
v 0.863491 0.721687 0.068489
v 0.850166 0.661266 0.061018
v 0.863926 0.721738 0.067545
v 0.718518 0.793237 0.072194
v 0.782158 0.802761 0.064200
v 0.709018 0.800072 0.099240
v 0.774131 0.809181 0.089308
v 0.868190 0.691292 0.042247
v 0.843081 0.673348 -0.007534
v 0.860169 0.727832 0.020819
v 0.869406 0.716206 0.046217
v 0.840044 0.744401 0.108077
v 0.842270 0.742557 0.102318
v 0.835325 0.739811 0.097869
v 0.833387 0.741416 0.102883
v 0.829462 0.754438 0.115541
v 0.816355 0.767746 0.111192
v 0.833373 0.750750 0.112538
v 0.847938 0.737620 0.090756
v 0.862010 0.727034 0.064894
v 0.862316 0.726861 0.065095
v 0.863269 0.724180 0.049278
v 0.856006 0.733418 0.028419
v 0.839849 0.750068 0.021167
v 0.827282 0.763708 0.003315
v 0.814033 0.776738 0.005808
v 0.804917 0.784261 0.030270
v 0.804014 0.783829 0.051266
v 0.789655 0.797167 0.066328
v 0.782991 0.802482 0.087144
v 0.789739 0.794744 0.103248
v 0.804708 0.779003 0.116510
v 0.822277 0.758224 0.011679
v 0.833217 0.746349 0.027221
v 0.783718 0.791979 0.084659
v 0.789520 0.787353 0.066537
v 0.812764 0.761739 0.105594
v 0.802625 0.771540 0.110224
v 0.847283 0.731855 0.033535
v 0.853607 0.723812 0.051694
v 0.802020 0.775741 0.053425
v 0.802806 0.776117 0.035146
v 0.827580 0.746943 0.106766
v 0.852777 0.726146 0.065464
v 0.840259 0.735512 0.087803
v 0.852510 0.726296 0.065289
v 0.810743 0.769567 0.013850
v 0.789593 0.785243 0.098678
v 0.824175 0.750154 0.109381
v 0.038057 0.337876 0.970534
v 0.068441 0.379334 0.953965
v 0.129507 0.375057 0.941701
v 0.182251 0.341328 0.937135
v 0.243154 0.360964 0.913633
v 0.301546 0.351099 0.904275
v 0.327759 0.304680 0.908049
v 0.302382 0.244241 0.928694
v 0.295572 0.169436 0.943888
v 0.257376 0.135239 0.965174
v 0.222107 0.133235 0.973497
v 0.199366 0.149627 0.971659
v 0.185124 0.156208 0.971199
v 0.172191 0.153881 0.976197
v 0.158976 0.150686 0.982093
v 0.148954 0.141446 0.986496
v 0.126558 0.140981 0.991701
v 0.105109 0.142404 0.996318
v 0.090511 0.160673 0.995526
v 0.066922 0.180545 0.996959
v 0.060485 0.215123 0.990804
v 0.042649 0.248104 0.990759
v 0.041307 0.287557 0.981144
v 0.089842 0.289948 1.039402
v 0.151022 0.265422 1.080674
v 0.138882 0.280482 1.080236
v 0.106762 0.237838 1.041149
v 0.091808 0.303432 1.033414
v 0.143231 0.308214 1.073059
v 0.272819 0.258550 1.001012
v 0.289121 0.298010 0.988019
v 0.264689 0.294785 1.046653
v 0.254420 0.269376 1.054801
v 0.156802 0.242688 1.084488
v 0.142794 0.191464 1.046722
v 0.168306 0.232460 1.083995
v 0.272077 0.328273 0.985464
v 0.253789 0.314300 1.044937
v 0.176077 0.232619 1.083423
v 0.197900 0.226661 1.078097
v 0.237000 0.320477 1.043873
v 0.190189 0.328574 0.982996
v 0.203613 0.310649 1.057896
v 0.218107 0.222527 1.074172
v 0.222683 0.184336 1.028885
v 0.219092 0.222645 1.074208
v 0.147712 0.344969 1.012352
v 0.181308 0.324768 1.060154
v 0.120236 0.346617 1.017989
v 0.156138 0.325983 1.065990
v 0.244386 0.204687 1.052334
v 0.276939 0.217560 1.008828
v 0.256677 0.243131 1.060109
v 0.239899 0.222183 1.068260
v 0.172936 0.239255 1.082711
v 0.178900 0.238509 1.081438
v 0.179857 0.240989 1.073589
v 0.174665 0.241639 1.074696
v 0.161382 0.249758 1.083147
v 0.158537 0.267518 1.079862
v 0.165859 0.245966 1.082920
v 0.191471 0.235490 1.079049
v 0.220162 0.228435 1.074946
v 0.220135 0.228097 1.075131
v 0.234131 0.230317 1.069305
v 0.248070 0.247130 1.062668
v 0.246149 0.269780 1.058155
v 0.254961 0.291591 1.051156
v 0.246272 0.307151 1.049787
v 0.221107 0.309925 1.055258
v 0.202948 0.303723 1.061037
v 0.183107 0.316277 1.063037
v 0.162236 0.317282 1.067864
v 0.152007 0.303298 1.073460
v 0.148261 0.280109 1.079541
v 0.246073 0.287200 1.047225
v 0.238402 0.268212 1.053319
v 0.165350 0.309567 1.061771
v 0.183520 0.308692 1.057569
v 0.162130 0.266244 1.072216
v 0.153184 0.277204 1.071936
v 0.240075 0.248494 1.057247
v 0.227940 0.233858 1.063025
v 0.200793 0.297762 1.055827
v 0.216602 0.303162 1.050796
v 0.168504 0.247481 1.074878
v 0.215756 0.231924 1.068097
v 0.190802 0.238361 1.071508
v 0.215779 0.232219 1.067936
v 0.238509 0.300747 1.046033
v 0.156445 0.297392 1.066643
v 0.164607 0.250782 1.075076
v 0.613703 0.320571 0.966164
v 0.577144 0.311832 0.990726
v 0.587287 0.295894 1.019631
v 0.620755 0.297768 0.981970
v 0.466234 0.212867 0.865592
v 0.464907 0.275464 0.850448
v 0.521051 0.281915 0.814504
v 0.524485 0.192869 0.835103
v 0.585554 0.218348 0.935065
v 0.555151 0.216122 0.928739
v 0.504900 0.195157 0.846485
v 0.579765 0.306412 0.910612
v 0.621610 0.231073 1.009550
v 0.568845 0.230591 0.954227
v 0.539659 0.248311 0.960192
v 0.598732 0.260108 1.018943
v 0.555293 0.302715 0.954959
v 0.569190 0.269323 0.995058
v 0.501466 0.284203 0.825886
v 0.519142 0.298092 0.939224
v 0.533400 0.297527 0.878158
v 0.517203 0.234132 0.949023
v 0.640300 0.285936 1.017272
v 0.602635 0.292498 1.038609
v 0.617905 0.267192 1.036595
v 0.633176 0.241887 1.034582
v 0.638508 0.340322 0.716432
v 0.689082 0.327306 0.670090
v 0.749034 0.311876 0.615156
v 0.725434 0.200020 0.666294
v 0.697676 0.216611 0.689364
v 0.676718 0.206604 0.712423
v 0.644561 0.217706 0.741182
v 0.596723 0.242214 0.781964
v 0.576033 0.260612 0.796312
v 0.561425 0.314543 0.798481
v 0.602533 0.209258 0.784513
v 0.703721 0.285825 0.852945
v 0.691604 0.314994 0.874123
v 0.659715 0.307424 0.891179
v 0.677772 0.264000 0.885230
v 0.686227 0.222727 0.872705
v 0.702223 0.222983 0.864652
v 0.773728 0.230671 0.790015
v 0.753558 0.236524 0.809193
v 0.715250 0.236382 0.820843
v 0.753294 0.201339 0.638641
v 0.776768 0.213119 0.718638
v 0.672991 0.344663 0.868839
v 0.696873 0.352650 0.843419
v 0.626240 0.331083 0.864570
v 0.742731 0.323624 0.789497
v 0.789618 0.340042 0.717975
v 0.825224 0.316973 0.706073
v 0.776084 0.282321 0.596024
v 0.807525 0.277269 0.566453
v 0.818218 0.249923 0.562809
v 0.798561 0.156753 0.605405
v 0.764122 0.177129 0.634080
v 0.880875 0.250013 0.637995
v 0.875763 0.189728 0.674693
v 0.854889 0.171127 0.662841
v 0.821277 0.224477 0.764021
v 0.724892 0.307031 0.822881
v 0.808554 0.301051 0.742656
v 0.780324 0.311424 0.762542
v 0.851433 0.193468 0.700464
v 0.828027 0.204464 0.723363
v 0.836623 0.208141 0.735372
v 0.870809 0.297414 0.658321
v 0.863767 0.241444 0.696572
v 0.852709 0.274556 0.706647
v 0.751347 0.350297 0.734220
v 0.905516 0.188326 0.366077
v 0.886444 0.249672 0.373434
v 0.904039 0.294953 0.308123
v 0.950509 0.227908 0.242849
v 0.946622 0.203862 0.265345
v 0.930377 0.198167 0.304899
v 0.926512 0.176080 0.326218
v 1.051983 0.218867 0.433047
v 1.084732 0.259482 0.450021
v 1.077409 0.289654 0.449043
v 1.125539 0.235000 0.372942
v 1.118832 0.208169 0.403336
v 0.975904 0.314360 0.341409
v 1.105910 0.317654 0.369302
v 1.116096 0.301966 0.355566
v 1.117468 0.270850 0.317601
v 1.110219 0.208921 0.422141
v 1.137603 0.247817 0.338635
v 1.087947 0.309748 0.414160
v 0.926327 0.182481 0.334213
v 1.019500 0.206446 0.375930
v 1.038465 0.250807 0.449256
v 0.899380 0.182578 0.394343
v 0.869293 0.234644 0.431632
v 1.010291 0.262005 0.491444
v 0.979449 0.253784 0.537762
v 0.878179 0.367021 0.335739
v 0.912498 0.304171 0.295195
v 0.829311 0.236212 0.520028
v 0.817570 0.257968 0.533753
v 0.800697 0.406442 0.486146
v 1.062577 0.279325 0.379020
v 1.047112 0.338795 0.355466
v 0.987958 0.395257 0.384891
v 0.941273 0.351497 0.574877
v 0.923413 0.285363 0.581699
v 0.960709 0.255621 0.550134
v 0.950542 0.392516 0.539931
v 0.941202 0.373542 0.569348
v 1.060264 0.299678 0.372494
v 0.922580 0.412526 0.547655
v 0.913780 0.435528 0.536777
v 0.877139 0.172805 0.445412
v 0.865401 0.189324 0.462137
v 0.845551 0.187891 0.507296
v 0.832867 0.230746 0.511006
v 0.899178 0.191764 0.385297
v 0.893466 0.241189 0.369663
v 0.904023 0.311108 0.483549
v 0.871454 0.318086 0.498487
v 0.875173 0.282901 0.512037
v 0.883675 0.200976 0.521430
v 0.869204 0.239575 0.531344
v 0.954252 0.235057 0.407732
v 0.945930 0.205215 0.451938
v 0.949319 0.210041 0.414302
v 0.914364 0.201641 0.498848
v 0.914943 0.312293 0.468776
v 0.936423 0.256884 0.456831
v 0.950747 0.273066 0.393687
v 0.932947 0.307267 0.424927
v 0.931165 0.310911 0.427913
v 0.850142 0.318929 0.421766
v 0.872186 0.283073 0.393129
v 0.892558 0.257122 0.362537
v 0.829477 0.266382 0.498107
v 0.825561 0.307534 0.483212
v 0.871433 0.259749 0.521769
v 0.940467 0.200972 0.471045
v 0.870493 0.269316 0.517445
v 0.936814 0.202896 0.480743
v 0.951483 0.270552 0.391315
v 0.952085 0.268683 0.392511
v 0.995378 0.252948 0.438083
v 0.984529 0.269321 0.455537
v 0.968003 0.267743 0.502011
v 0.954729 0.310351 0.506438
v 0.977471 0.332666 0.427377
v 1.012648 0.272005 0.376459
v 1.004802 0.321211 0.361063
v 1.022044 0.391991 0.473594
v 0.990492 0.398388 0.490803
v 0.995905 0.363366 0.504202
v 1.006762 0.281687 0.513314
v 0.992239 0.320039 0.524075
v 1.068277 0.316545 0.394694
v 1.063770 0.286796 0.439511
v 1.064350 0.291471 0.401708
v 1.035732 0.282849 0.488582
v 1.031849 0.393314 0.458070
v 1.053566 0.338287 0.444852
v 1.062984 0.354392 0.380772
v 1.046762 0.388402 0.413063
v 1.045123 0.392026 0.416153
v 0.963719 0.398350 0.415808
v 0.984393 0.362787 0.385816
v 1.003054 0.337081 0.353952
v 0.949681 0.345835 0.493662
v 0.943852 0.386811 0.478909
v 0.993356 0.340198 0.514277
v 1.059781 0.282552 0.458979
v 0.991908 0.349719 0.509991
v 1.056795 0.284458 0.468906
v 1.063600 0.351880 0.378364
v 1.064324 0.350030 0.379522
v 0.427629 0.148400 -0.890085
v 0.474075 0.199815 -0.856675
v 0.434546 0.288186 -0.854625
v 0.324067 0.272786 -0.909434
v 0.332343 0.234544 -0.914417
v 0.370015 0.201092 -0.904658
v 0.378300 0.165498 -0.909026
v 0.506131 0.180849 -1.066834
v 0.546373 0.220533 -1.099478
v 0.564422 0.249097 -1.084515
v 0.450477 0.252858 -1.136510
v 0.465232 0.206414 -1.140380
v 0.476581 0.308361 -0.940949
v 0.498915 0.331791 -1.095827
v 0.474668 0.327092 -1.108160
v 0.416850 0.318774 -1.108774
v 0.389182 0.301791 -1.044456
v 0.406105 0.306613 -1.032162
v 0.385909 0.301480 -1.037462
v 0.485330 0.193705 -1.133988
v 0.422781 0.289147 -1.140987
v 0.540718 0.292542 -1.085593
v 0.386057 0.276866 -1.044596
v 0.481856 0.331400 -0.829793
v 0.440292 0.357084 -0.838699
v 0.406435 0.341377 -0.856166
v 0.370510 0.346130 -0.868728
v 0.353348 0.310952 -0.885169
v 0.367875 0.260138 -0.893719
v 0.479222 0.245409 -0.854784
v 0.498848 0.361576 -0.925058
v 0.482219 0.364021 -0.933963
v 0.475621 0.368691 -0.935232
v 0.423009 0.350764 -0.891583
v 0.397909 0.336604 -0.969834
v 0.400626 0.288597 -0.978403
v 0.414469 0.359851 -0.958360
v 0.456324 0.277121 -0.957182
v 0.439959 0.347541 -0.952691
v 0.507556 0.262993 -0.945011
v 0.503882 0.211366 -0.846879
v 0.542379 0.263597 -0.819610
v 0.526382 0.329389 -0.810695
v 0.459875 0.330222 -0.836732
v 0.446189 0.316237 -0.845366
v 0.424105 0.307073 -0.856196
v 0.428810 0.247247 -0.868185
v 0.453867 0.222942 -0.863926
v 0.554167 0.278842 -1.031729
v 0.576400 0.273092 -1.024581
v 0.589000 0.288949 -1.022912
v 0.514962 0.320633 -1.043336
v 0.512660 0.341428 -1.037496
v 0.530937 0.342927 -1.028767
v 0.535241 0.357636 -1.006325
v 0.583606 0.367295 -0.993680
v 0.594458 0.358556 -0.992841
v 0.611240 0.308447 -1.010947
v 0.516798 0.286094 -1.043741
v 0.503174 0.260745 -0.991717
v 0.507044 0.299717 -1.042498
v 0.578150 0.358937 -0.970812
v 0.486073 0.342867 -0.951371
v 0.554951 0.322721 -0.875909
v 0.553069 0.329076 -0.877101
v 0.545638 0.340425 -0.864675
v 0.540097 0.277462 -1.037633
v 0.537355 0.341702 -0.874317
v 0.393076 0.295682 -1.039398
v 0.317701 0.303764 -0.917397
v 0.292996 0.344463 -0.913501
v 0.239158 0.349040 -0.924907
v 0.190808 0.326553 -0.940390
v 0.136332 0.352351 -0.942021
v 0.084916 0.351608 -0.954994
v 0.059095 0.314323 -0.968324
v 0.078707 0.257559 -0.977740
v 0.079634 0.190814 -0.989542
v 0.113204 0.155308 -0.994374
v 0.144142 0.148715 -0.988903
v 0.163907 0.160140 -0.979088
v 0.176041 0.164053 -0.973594
v 0.187854 0.160186 -0.973208
v 0.200092 0.155497 -0.973475
v 0.208454 0.145981 -0.973788
v 0.228178 0.142504 -0.970229
v 0.247185 0.140817 -0.966477
v 0.261026 0.154913 -0.960303
v 0.283066 0.169174 -0.952767
v 0.290631 0.198752 -0.944678
v 0.309262 0.225268 -0.937625
v 0.312175 0.259876 -0.928380
v 0.293804 0.266566 -0.992573
v 0.255839 0.251871 -1.048022
v 0.267407 0.263470 -1.043070
v 0.273988 0.223154 -1.001157
v 0.291913 0.278789 -0.988062
v 0.265062 0.288498 -1.038075
v 0.129471 0.264083 -1.025867
v 0.117050 0.301093 -1.020023
v 0.156633 0.293357 -1.059245
v 0.164373 0.269562 -1.062910
v 0.249541 0.232633 -1.053690
v 0.240918 0.187134 -1.019368
v 0.238793 0.225202 -1.057546
v 0.133815 0.325410 -1.011271
v 0.167347 0.309052 -1.053577
v 0.232378 0.226370 -1.059784
v 0.212229 0.224161 -1.063201
v 0.181262 0.312298 -1.046714
v 0.198717 0.315080 -0.980738
v 0.211646 0.298940 -1.046723
v 0.194102 0.223294 -1.067150
v 0.169660 0.191836 -1.032871
v 0.193340 0.223525 -1.067520
v 0.245174 0.323015 -0.989401
v 0.232187 0.308314 -1.040445
v 0.269403 0.320709 -0.984373
v 0.254578 0.305925 -1.036392
v 0.163072 0.211764 -1.058990
v 0.123500 0.228547 -1.034655
v 0.160961 0.246750 -1.068651
v 0.174510 0.226007 -1.069943
v 0.235523 0.231785 -1.057948
v 0.230196 0.231947 -1.059010
v 0.227023 0.234472 -1.052903
v 0.231660 0.234331 -1.051979
v 0.246327 0.239450 -1.054022
v 0.249801 0.254706 -1.049929
v 0.242157 0.236724 -1.055490
v 0.218879 0.231015 -1.061520
v 0.193498 0.228705 -1.068350
v 0.193540 0.228400 -1.068500
v 0.180572 0.232337 -1.068585
v 0.169284 0.249050 -1.067635
v 0.172230 0.268738 -1.062746
v 0.165588 0.289164 -1.059594
v 0.174128 0.301679 -1.055075
v 0.196593 0.300665 -1.050689
v 0.212362 0.292705 -1.049213
v 0.230631 0.301039 -1.043622
v 0.249193 0.299056 -1.040251
v 0.257513 0.285330 -1.041578
v 0.259589 0.264386 -1.045781
v 0.170776 0.284284 -1.053411
v 0.176559 0.266501 -1.056155
v 0.243561 0.292896 -1.036572
v 0.227401 0.294622 -1.039507
v 0.244090 0.254286 -1.044997
v 0.252611 0.262713 -1.041386
v 0.173994 0.249362 -1.060412
v 0.183821 0.234812 -1.061239
v 0.211497 0.287367 -1.044374
v 0.197768 0.294296 -1.045659
v 0.237436 0.238631 -1.049838
v 0.195110 0.231385 -1.061165
v 0.217170 0.233661 -1.055088
v 0.195074 0.231650 -1.061034
v 0.178211 0.295179 -1.049477
v 0.250804 0.280946 -1.037727
v 0.241066 0.241004 -1.048561
v -0.183208 0.199968 -0.959099
v -0.151200 0.255596 -0.951211
v -0.201495 0.317494 -0.934949
v -0.296283 0.273557 -0.935122
v -0.282309 0.244277 -0.941960
v -0.243234 0.227260 -0.948631
v -0.229714 0.200171 -0.955008
v -0.197999 0.223700 -1.120618
v -0.190860 0.261013 -1.160203
v -0.179919 0.289726 -1.155646
v -0.281109 0.260653 -1.152409
v -0.259986 0.226421 -1.160819
v -0.207251 0.333285 -1.014740
v -0.252144 0.339594 -1.139781
v -0.272718 0.328861 -1.140049
v -0.312304 0.308846 -1.118984
v -0.240037 0.221591 -1.163485
v -0.311876 0.282834 -1.145470
v -0.208451 0.318940 -1.147632
v -0.221471 0.204249 -0.959521
v -0.230411 0.223942 -1.062127
v -0.169426 0.249174 -1.119993
v -0.158600 0.186628 -0.968381
v -0.098994 0.224696 -0.966268
v -0.117536 0.246785 -1.119156
v -0.065973 0.224422 -1.116847
v -0.146716 0.377658 -0.932752
v -0.213999 0.330389 -0.935961
v -0.006003 0.200135 -0.979085
v 0.016964 0.216588 -0.977928
v 0.026080 0.370492 -0.949184
v -0.231513 0.296730 -1.105456
v -0.226916 0.358841 -1.084205
v -0.157250 0.400861 -1.053645
v 0.009670 0.305832 -1.111059
v 0.007303 0.238981 -1.094792
v -0.045625 0.221494 -1.107623
v -0.012778 0.355102 -1.103435
v 0.010991 0.328478 -1.109663
v -0.230264 0.317827 -1.101515
v 0.013401 0.370136 -1.085253
v 0.015229 0.394393 -1.073715
v -0.108117 0.162226 -0.975747
v -0.084091 0.172863 -0.975799
v -0.037470 0.158210 -0.982674
v -0.016604 0.197491 -0.976953
v -0.163418 0.197796 -0.964102
v -0.160160 0.248966 -0.954565
v -0.055241 0.287628 -1.028506
v -0.024204 0.287882 -1.009290
v -0.024381 0.250801 -1.017060
v -0.042648 0.170185 -1.023346
v -0.016931 0.203621 -1.019075
v -0.162892 0.238051 -1.025666
v -0.130525 0.197217 -1.039768
v -0.161516 0.211876 -1.023158
v -0.076888 0.179117 -1.037490
v -0.072631 0.293464 -1.030057
v -0.108068 0.244930 -1.037993
v -0.162491 0.277996 -1.018018
v -0.118908 0.301412 -1.021847
v -0.114602 0.304005 -1.022171
v -0.074895 0.306858 -0.950883
v -0.119034 0.281513 -0.951901
v -0.161290 0.266075 -0.951182
v -0.015955 0.234864 -0.969836
v -0.015205 0.278023 -0.961618
v -0.020585 0.225697 -1.017363
v -0.113294 0.187750 -1.044903
v -0.021091 0.235951 -1.014973
v -0.103019 0.186801 -1.047057
v -0.165455 0.276249 -1.017212
v -0.165292 0.274188 -1.018218
v -0.155264 0.250693 -1.077767
v -0.131153 0.261070 -1.078945
v -0.085253 0.246203 -1.089318
v -0.063561 0.285014 -1.083457
v -0.133692 0.328775 -1.062665
v -0.209254 0.286367 -1.061295
v -0.204739 0.337095 -1.050060
v -0.104206 0.377469 -1.129010
v -0.072017 0.376657 -1.111811
v -0.073164 0.339907 -1.120947
v -0.092833 0.259788 -1.129098
v -0.066467 0.292763 -1.125211
v -0.212096 0.328955 -1.121204
v -0.181215 0.288355 -1.138867
v -0.210903 0.302689 -1.119778
v -0.127779 0.269618 -1.140688
v -0.121582 0.383543 -1.129231
v -0.158075 0.335726 -1.136724
v -0.210696 0.368569 -1.112095
v -0.167142 0.391655 -1.117801
v -0.162832 0.394213 -1.118300
v -0.118670 0.393903 -1.049624
v -0.163110 0.369081 -1.048790
v -0.205432 0.354073 -1.045969
v -0.061980 0.322076 -1.074990
v -0.060155 0.364876 -1.065213
v -0.069720 0.314794 -1.122438
v -0.164465 0.278913 -1.145441
v -0.069942 0.324953 -1.119636
v -0.154360 0.277939 -1.148278
v -0.213626 0.366824 -1.111169
v -0.213553 0.364801 -1.112260
v -0.678692 0.258204 -0.709854
v -0.701037 0.285841 -0.674090
v -0.727526 0.318604 -0.631693
v -0.761028 0.235537 -0.619164
v -0.745245 0.225989 -0.641134
v -0.741721 0.205372 -0.652140
v -0.726461 0.189480 -0.675580
v -0.700782 0.170594 -0.712432
v -0.686424 0.167477 -0.729499
v -0.661627 0.188936 -0.753064
v -0.715068 0.155049 -0.700528
v -0.769919 0.214012 -0.766515
v -0.759158 0.217794 -0.791497
v -0.746774 0.195928 -0.800470
v -0.769428 0.182449 -0.778629
v -0.783957 0.168279 -0.754223
v -0.791390 0.177258 -0.748616
v -0.812594 0.232653 -0.702961
v -0.803658 0.221760 -0.717905
v -0.783739 0.202847 -0.726942
v -0.770175 0.255813 -0.601566
v -0.801340 0.246696 -0.652974
v -0.737495 0.227374 -0.801154
v -0.742782 0.248835 -0.787767
v -0.712525 0.203025 -0.795752
v -0.765263 0.268627 -0.741341
v -0.769820 0.317782 -0.702381
v -0.795196 0.323669 -0.684104
v -0.747893 0.319944 -0.606966
v -0.760653 0.338934 -0.585485
v -0.774538 0.330144 -0.571830
v -0.802444 0.260954 -0.561394
v -0.782939 0.248984 -0.588600
v -0.831559 0.332056 -0.613550
v -0.856544 0.287511 -0.611863
v -0.846678 0.273199 -0.598493
v -0.836292 0.256371 -0.682288
v -0.768311 0.242669 -0.755751
v -0.799566 0.297542 -0.700637
v -0.784589 0.285562 -0.718247
v -0.847470 0.271841 -0.630151
v -0.835975 0.261180 -0.649554
v -0.843108 0.262821 -0.657752
v -0.816197 0.346363 -0.645163
v -0.839098 0.302808 -0.646232
v -0.824884 0.312464 -0.666061
v -0.747913 0.302860 -0.718310
v -0.604937 0.723058 0.335282
v -0.550070 0.721950 0.399067
v -0.579752 0.654911 0.475514
v -0.696498 0.602545 0.429559
v -0.692825 0.626738 0.394023
v -0.658000 0.664507 0.371398
v -0.653977 0.687342 0.338483
v -0.716826 0.883562 0.423232
v -0.724068 0.921926 0.483009
v -0.701642 0.917079 0.516288
v -0.819521 0.852963 0.488329
v -0.810173 0.884911 0.446478
v -0.632433 0.734743 0.524196
v -0.759041 0.838784 0.579895
v -0.784833 0.827970 0.568505
v -0.820772 0.783570 0.539862
v -0.779093 0.727842 0.502868
v -0.757912 0.732569 0.511830
v -0.774846 0.720990 0.500326
v -0.790933 0.902417 0.439492
v -0.843618 0.819178 0.516534
v -0.720764 0.881853 0.552701
v -0.779226 0.734663 0.476249
v -0.531390 0.662809 0.532518
v -0.567273 0.624202 0.545689
v -0.602794 0.612672 0.520447
v -0.636807 0.588791 0.514697
v -0.659488 0.597746 0.475175
v -0.654135 0.633990 0.429487
v -0.548718 0.708008 0.447308
v -0.608465 0.723604 0.584075
v -0.626995 0.714339 0.582142
v -0.632608 0.707901 0.584817
v -0.624914 0.644454 0.541322
v -0.709535 0.676611 0.530098
v -0.711778 0.702035 0.483161
v -0.690748 0.674644 0.557946
v -0.657164 0.739535 0.487596
v -0.668825 0.696908 0.553364
v -0.613232 0.779838 0.489148
v -0.523618 0.736351 0.419816
v -0.479268 0.732094 0.482605
v -0.486378 0.688808 0.543077
v -0.551213 0.649271 0.524697
v -0.566387 0.648423 0.506909
v -0.589137 0.640156 0.491466
v -0.592283 0.673729 0.433637
v -0.570960 0.700979 0.416827
v -0.663076 0.865317 0.535055
v -0.642369 0.881530 0.535831
v -0.634256 0.885017 0.556231
v -0.701161 0.824285 0.565976
v -0.698984 0.811045 0.585586
v -0.679892 0.820306 0.592165
v -0.658256 0.804704 0.605287
v -0.617538 0.833447 0.630144
v -0.609342 0.845192 0.624851
v -0.611196 0.888858 0.582146
v -0.697690 0.838970 0.531277
v -0.657617 0.805490 0.492512
v -0.703718 0.825040 0.541640
v -0.599809 0.818129 0.616145
v -0.638537 0.736044 0.564489
v -0.526456 0.754674 0.556282
v -0.529191 0.751464 0.562322
v -0.523578 0.733499 0.569443
v -0.677026 0.857777 0.529632
v -0.537475 0.732032 0.569342
v -0.771662 0.730272 0.497188
v 0.144290 0.889231 0.845608
v 0.148252 0.850139 0.885586
v 0.179713 0.861892 0.912609
v 0.178176 0.890990 0.856822
v 0.178476 0.647241 0.756152
v 0.101495 0.670155 0.752254
v 0.103954 0.727493 0.691453
v 0.213749 0.696407 0.695339
v 0.240335 0.803012 0.796946
v 0.229204 0.765882 0.799771
v 0.207327 0.678161 0.716163
v 0.129515 0.829986 0.789142
v 0.263689 0.868895 0.874651
v 0.226150 0.794542 0.828056
v 0.196659 0.770990 0.849217
v 0.224783 0.858504 0.900051
v 0.138739 0.811995 0.849230
v 0.195216 0.822997 0.884355
v 0.097533 0.709247 0.712277
v 0.125106 0.764831 0.842491
v 0.111435 0.764993 0.765409
v 0.200666 0.736216 0.840956
v 0.210609 0.916918 0.888937
v 0.195609 0.882664 0.928801
v 0.229731 0.888017 0.915583
v 0.263853 0.893369 0.902366
v 0.304165 0.831827 0.799615
v 0.266061 0.821135 0.820829
v 0.271737 0.823569 0.854803
v 0.312502 0.821997 0.825176
v 0.225634 0.646017 0.746983
v 0.211522 0.691348 0.703446
v 0.271448 0.702703 0.675776
v 0.293210 0.638402 0.737071
v 0.314774 0.723510 0.818696
v 0.289131 0.707771 0.810693
v 0.271387 0.637739 0.743528
v 0.292181 0.784529 0.754253
v 0.323848 0.778215 0.881426
v 0.290725 0.735407 0.827433
v 0.257348 0.741785 0.820601
v 0.292242 0.797760 0.872846
v 0.258345 0.790682 0.791623
v 0.269139 0.784610 0.844185
v 0.249626 0.702040 0.682232
v 0.230673 0.766933 0.775937
v 0.260902 0.746545 0.724915
v 0.243632 0.717051 0.815109
v 0.323943 0.833974 0.863827
v 0.281537 0.834271 0.874721
v 0.303071 0.818051 0.887002
v 0.324605 0.801832 0.899284
v 0.254034 0.633240 0.759609
v 0.239495 0.623351 0.771287
v 0.237944 0.593677 0.797532
v 0.202623 0.594012 0.804623
v 0.242135 0.673841 0.726630
v 0.202601 0.687272 0.723162
v 0.162218 0.671449 0.821732
v 0.148409 0.645680 0.824020
v 0.176625 0.635036 0.828125
v 0.240654 0.617890 0.821694
v 0.208414 0.613815 0.831893
v 0.228098 0.713969 0.767674
v 0.251003 0.685676 0.791242
v 0.245673 0.702302 0.766107
v 0.247669 0.646883 0.814809
v 0.163516 0.684348 0.814617
v 0.210177 0.689881 0.801835
v 0.197812 0.725610 0.763820
v 0.169406 0.710754 0.787517
v 0.166389 0.709369 0.789829
v 0.135790 0.658157 0.762560
v 0.166883 0.674603 0.741695
v 0.189983 0.692967 0.720824
v 0.174217 0.604760 0.801171
v 0.141413 0.617173 0.797186
v 0.194607 0.626315 0.826864
v 0.253922 0.674252 0.802530
v 0.186909 0.629480 0.825309
v 0.252115 0.668831 0.808780
v 0.199724 0.726338 0.761851
v 0.201379 0.725882 0.762533
v 0.509806 0.690472 0.568233
v 0.487670 0.731385 0.579213
v 0.481125 0.726551 0.593651
v 0.474405 0.709217 0.622308
v 0.499022 0.695953 0.605510
v 0.455898 0.791169 0.509137
v 0.439869 0.809308 0.496778
v 0.414885 0.796884 0.528264
v 0.352367 0.676965 0.678201
v 0.319897 0.706374 0.658592
v 0.318825 0.753986 0.594190
v 0.361210 0.784735 0.525282
v 0.424541 0.800174 0.464018
v 0.487888 0.785802 0.443494
v 0.544457 0.717492 0.500993
v 0.502071 0.689582 0.566022
v 0.412575 0.657791 0.666229
v 0.537107 0.749095 0.519906
v 0.552192 0.718382 0.503205
v 0.551871 0.727235 0.504289
v 0.536806 0.750923 0.512688
v 0.329623 0.761477 0.601231
v 0.340799 0.754191 0.619810
v 0.340619 0.758021 0.614689
v 0.339092 0.765885 0.605348
v 0.344700 0.779129 0.593998
v 0.383834 0.789335 0.556685
v 0.400829 0.778611 0.560904
v 0.424959 0.764216 0.567909
v 0.368157 0.789042 0.528306
v 0.379673 0.795698 0.527042
v 0.436177 0.809471 0.472380
v 0.381258 0.731867 0.646848
v 0.422690 0.689355 0.678685
v 0.428935 0.693065 0.673221
v 0.396741 0.740322 0.621261
v 0.424675 0.668090 0.675324
v 0.517456 0.763074 0.524526
v 0.351468 0.717538 0.685326
v 0.351988 0.730399 0.667415
v 0.348939 0.719828 0.683798
v 0.349119 0.783090 0.587072
v 0.368866 0.768390 0.597268
v 0.354660 0.787109 0.578064
v 0.361990 0.791452 0.563150
v 0.504539 0.789888 0.479890
v 0.368195 0.790660 0.541211
v 0.330695 0.713865 0.665632
v 0.454202 0.820886 0.478911
v 0.498140 0.792117 0.449674
v 0.477331 0.813071 0.478791
v 0.360119 0.677891 0.680438
v 0.552504 0.731255 0.426802
v 0.521659 0.790720 0.362841
v 0.554568 0.791331 0.302670
v 0.627262 0.667310 0.421088
v 0.594772 0.682207 0.449421
v 0.643218 0.667118 0.392896
v 0.701315 0.651566 0.320011
v 0.681209 0.648189 0.362794
v 0.660013 0.666745 0.363559
v 0.656343 0.724905 0.253540
v 0.587477 0.791942 0.242499
v 0.581345 0.816849 0.318243
v 0.622157 0.833200 0.287405
v 0.619304 0.821003 0.263398
v 0.635669 0.818859 0.376979
v 0.548994 0.816454 0.376087
v 0.570900 0.810081 0.401653
v 0.622978 0.715217 0.461227
v 0.582152 0.762378 0.439390
v 0.649184 0.715032 0.447747
v 0.699004 0.754678 0.398102
v 0.708714 0.742874 0.394080
v 0.709000 0.751658 0.301215
v 0.738700 0.720780 0.342520
v 0.672756 0.742828 0.264376
v 0.244153 0.582254 -0.784893
v 0.286435 0.624917 -0.718684
v 0.219796 0.700049 -0.667910
v 0.094420 0.688728 -0.738732
v 0.112952 0.656349 -0.765366
v 0.164683 0.627565 -0.772595
v 0.182611 0.597419 -0.797078
v 0.311860 0.735783 -0.939113
v 0.345131 0.803545 -0.946522
v 0.359570 0.827363 -0.913834
v 0.225704 0.832256 -0.970951
v 0.253702 0.792861 -1.000814
v 0.255970 0.780192 -0.740500
v 0.263927 0.898099 -0.881380
v 0.236716 0.894503 -0.897992
v 0.173253 0.872125 -0.906968
v 0.150921 0.811430 -0.853787
v 0.169802 0.813320 -0.837593
v 0.147811 0.806263 -0.847133
v 0.280108 0.781839 -1.000505
v 0.184959 0.863282 -0.956154
v 0.321816 0.864425 -0.891232
v 0.153581 0.786381 -0.868543
v 0.264461 0.739872 -0.615022
v 0.210320 0.759594 -0.611668
v 0.174587 0.745781 -0.640404
v 0.131777 0.748596 -0.652494
v 0.119881 0.719395 -0.690441
v 0.148361 0.678376 -0.727555
v 0.281046 0.669652 -0.690083
v 0.269114 0.828614 -0.692355
v 0.249008 0.831941 -0.700918
v 0.240276 0.835566 -0.699898
v 0.188391 0.779576 -0.669586
v 0.157676 0.804567 -0.758038
v 0.172077 0.763316 -0.794272
v 0.171493 0.824832 -0.732029
v 0.239603 0.753933 -0.776149
v 0.203854 0.815978 -0.731886
v 0.302057 0.746056 -0.768939
v 0.318047 0.638075 -0.700318
v 0.350665 0.683071 -0.640302
v 0.316816 0.738136 -0.594243
v 0.239342 0.737173 -0.624033
v 0.226682 0.725041 -0.641650
v 0.203146 0.716763 -0.659201
v 0.222491 0.666444 -0.705592
v 0.257244 0.646582 -0.713835
v 0.344464 0.823357 -0.844148
v 0.371612 0.819234 -0.838922
v 0.382056 0.836939 -0.827295
v 0.288782 0.860964 -0.834047
v 0.281428 0.877319 -0.816280
v 0.302405 0.878363 -0.805510
v 0.305283 0.880864 -0.774159
v 0.358599 0.895217 -0.752883
v 0.373130 0.888940 -0.756431
v 0.403280 0.854694 -0.802612
v 0.299437 0.827930 -0.854327
v 0.294185 0.769709 -0.817495
v 0.285087 0.838053 -0.845793
v 0.356199 0.872479 -0.735049
v 0.257351 0.822302 -0.730436
v 0.345994 0.776479 -0.661956
v 0.342190 0.782897 -0.659593
v 0.331869 0.784932 -0.640981
v 0.328432 0.821862 -0.851749
v 0.321452 0.789651 -0.650449
v 0.157229 0.803530 -0.851996
v -0.078909 0.788165 -0.635831
v -0.150870 0.751597 -0.670889
v -0.147823 0.736180 -0.685059
v -0.145636 0.725109 -0.695234
v -0.141487 0.704117 -0.714527
v 0.011144 0.768527 -0.652303
v -0.014427 0.794474 -0.628830
v 0.016207 0.746168 -0.672842
v 0.050270 0.684804 -0.728840
v 0.047697 0.717868 -0.698379
v 0.021717 0.722860 -0.694247
v 0.017905 0.738984 -0.679440
v -0.040593 0.649529 -0.763050
v -0.132104 0.656637 -0.758166
v -0.067325 0.651239 -0.761482
v -0.058274 0.650903 -0.762107
v -0.137639 0.742279 -0.754389
v -0.127750 0.730260 -0.805565
v -0.126254 0.702118 -0.802413
v -0.091931 0.807645 -0.779575
v -0.098426 0.793860 -0.784571
v -0.108176 0.795349 -0.764846
v -0.133053 0.779614 -0.740239
v -0.143408 0.769317 -0.728679
v -0.147254 0.787875 -0.712030
v -0.123704 0.812885 -0.717187
v -0.015331 0.832863 -0.675719
v -0.077470 0.826679 -0.682335
v -0.000688 0.825920 -0.699635
v -0.145390 0.758262 -0.712246
v -0.001906 0.819582 -0.728616
v -0.028953 0.818286 -0.738999
v -0.060673 0.817456 -0.734798
v -0.045990 0.816737 -0.745221
v -0.016649 0.815537 -0.745167
v -0.001405 0.817021 -0.739685
v -0.003959 0.809716 -0.778928
v 0.016213 0.749081 -0.673958
v -0.000051 0.816497 -0.726477
v -0.014341 0.722995 -0.814179
v -0.044846 0.724340 -0.811514
v -0.035169 0.738191 -0.808127
v -0.016059 0.752747 -0.802288
v -0.028032 0.751763 -0.801919
v -0.044372 0.741303 -0.804752
v -0.055420 0.725564 -0.810181
v -0.103360 0.783575 -0.788583
v -0.082960 0.784211 -0.787532
v -0.079227 0.787618 -0.786199
v 0.009404 0.802427 -0.779593
v 0.033553 0.751593 -0.803412
v -0.039426 0.678307 -0.792022
v -0.062473 0.703198 -0.800124
v -0.066180 0.685178 -0.794874
v 0.008690 0.793204 -0.721099
v -0.003313 0.817328 -0.729257
v -0.027931 0.816263 -0.738204
v -0.056133 0.816341 -0.736015
v -0.045534 0.815035 -0.743850
v -0.017221 0.813766 -0.743022
v -0.002802 0.815352 -0.738070
v 0.015532 0.748846 -0.675328
v -0.001954 0.814370 -0.726956
v 0.007793 0.793240 -0.719988
v 0.014247 0.742302 -0.680001
v -0.057386 0.682614 -0.794507
v -0.053069 0.702525 -0.800935
v -0.065307 0.653248 -0.761409
v -0.059611 0.653183 -0.761844
v -0.058613 0.684127 -0.793648
v -0.054443 0.703438 -0.799929
v -0.046589 0.724164 -0.810057
v -0.054473 0.724688 -0.808563
v -0.060669 0.703069 -0.798953
v -0.064123 0.686146 -0.794070
v -0.036797 0.737606 -0.806622
v -0.019917 0.750726 -0.800428
v -0.028552 0.749744 -0.800410
v -0.043975 0.739417 -0.803524
v -0.141262 0.759185 -0.738180
v -0.117674 0.778770 -0.763620
v -0.055457 0.722881 -0.805308
v -0.045788 0.735322 -0.804057
v -0.146116 0.737676 -0.688090
v -0.144061 0.729459 -0.695443
v -0.098364 0.791327 -0.782454
v -0.108417 0.791865 -0.763952
v -0.131453 0.777260 -0.740204
v -0.142061 0.767774 -0.728903
v -0.081983 0.785956 -0.784117
v -0.143996 0.756949 -0.712515
v -0.140062 0.760587 -0.736121
v -0.116254 0.780124 -0.761351
v -0.102456 0.784034 -0.784541
v -0.084434 0.784288 -0.784700
v -0.220032 0.751411 -0.640413
v -0.260447 0.769223 -0.602757
v -0.308357 0.790338 -0.558118
v -0.356583 0.716718 -0.613731
v -0.329027 0.712174 -0.631351
v -0.321039 0.696264 -0.651924
v -0.293734 0.686503 -0.674956
v -0.248568 0.676408 -0.706641
v -0.224688 0.676232 -0.716728
v -0.184382 0.699000 -0.712523
v -0.271108 0.661032 -0.712463
v -0.280824 0.771567 -0.757748
v -0.255187 0.783331 -0.772021
v -0.239780 0.761804 -0.787597
v -0.276208 0.746776 -0.787395
v -0.306201 0.726694 -0.781729
v -0.315970 0.735494 -0.774743
v -0.358447 0.774876 -0.710958
v -0.341893 0.768222 -0.726471
v -0.318744 0.746681 -0.736864
v -0.374018 0.731232 -0.590248
v -0.375393 0.759620 -0.654212
v -0.227262 0.788994 -0.764598
v -0.238307 0.805232 -0.742257
v -0.208131 0.753168 -0.763634
v -0.285860 0.810277 -0.700328
v -0.308590 0.840492 -0.638596
v -0.343775 0.847000 -0.630759
v -0.342826 0.787353 -0.545265
v -0.366222 0.800110 -0.520874
v -0.388758 0.790257 -0.520846
v -0.428928 0.728936 -0.567168
v -0.394858 0.723182 -0.589096
v -0.420260 0.834523 -0.581405
v -0.450083 0.800215 -0.618738
v -0.449567 0.776011 -0.611587
v -0.391702 0.796816 -0.689310
v -0.282853 0.793398 -0.730100
v -0.340840 0.831507 -0.663061
v -0.316869 0.822783 -0.678796
v -0.431879 0.790525 -0.640008
v -0.410162 0.785296 -0.658051
v -0.412221 0.793651 -0.667326
v -0.385199 0.857952 -0.592808
v -0.411256 0.825151 -0.630955
v -0.384689 0.838744 -0.635611
v -0.279056 0.825426 -0.651556
v -0.328984 0.639072 0.703785
v -0.322438 0.678111 0.664209
v -0.257487 0.705422 0.664750
v -0.216002 0.661538 0.732075
v -0.240137 0.646775 0.736913
v -0.274940 0.644007 0.723663
v -0.297666 0.630461 0.727832
v -0.374652 0.734448 0.798406
v -0.379260 0.781111 0.805959
v -0.372134 0.800214 0.788427
v -0.318863 0.763953 0.852936
v -0.350291 0.747593 0.856109
v -0.279299 0.755569 0.709383
v -0.298526 0.816265 0.805315
v -0.290125 0.806029 0.820421
v -0.264978 0.775935 0.836823
v -0.366116 0.748470 0.847752
v -0.287034 0.771347 0.859743
v -0.338294 0.812244 0.791216
v -0.302992 0.636729 0.724517
v -0.330323 0.700570 0.782973
v -0.381711 0.755829 0.774089
v -0.354072 0.638070 0.699170
v -0.374899 0.671864 0.652524
v -0.415398 0.761231 0.744787
v -0.456799 0.752061 0.720852
v -0.265787 0.753730 0.614133
v -0.244443 0.713030 0.668561
v -0.449694 0.674739 0.614413
v -0.456819 0.688821 0.595703
v -0.385385 0.781916 0.527431
v -0.316072 0.772410 0.786670
v -0.283931 0.805266 0.753016
v -0.297990 0.828949 0.683007
v -0.467860 0.816232 0.649867
v -0.488297 0.761582 0.661995
v -0.467266 0.748338 0.704822
v -0.429493 0.843176 0.643363
v -0.458479 0.831351 0.641471
v -0.306280 0.785172 0.777311
v -0.432394 0.848189 0.613411
v -0.418556 0.859399 0.598377
v -0.399561 0.632197 0.682058
v -0.410329 0.643023 0.665200
v -0.449006 0.643075 0.647059
v -0.443218 0.670317 0.620013
v -0.344518 0.642935 0.696067
v -0.320920 0.673929 0.673250
v -0.401014 0.752858 0.644594
v -0.412890 0.747851 0.615742
v -0.431726 0.726136 0.631529
v -0.457023 0.671023 0.669901
v -0.457398 0.695657 0.642698
v -0.352536 0.701715 0.719201
v -0.396229 0.685276 0.721257
v -0.363561 0.682588 0.724871
v -0.437144 0.679362 0.694872
v -0.388090 0.755161 0.653628
v -0.389449 0.720548 0.693041
v -0.332669 0.725501 0.702492
v -0.351951 0.749860 0.672825
v -0.353715 0.752433 0.669779
v -0.348980 0.724313 0.605105
v -0.332124 0.700976 0.638473
v -0.311540 0.683877 0.666772
v -0.424821 0.692631 0.604246
v -0.403576 0.718398 0.586039
v -0.444969 0.709508 0.637123
v -0.413299 0.683803 0.717274
v -0.439309 0.715311 0.632934
v -0.421108 0.685709 0.712957
v -0.331204 0.723463 0.704241
v -0.332593 0.722569 0.705351
v -0.373027 0.737708 0.741159
v -0.384413 0.748933 0.724982
v -0.424136 0.750491 0.709338
v -0.419017 0.777456 0.681884
v -0.347355 0.787119 0.696575
v -0.316824 0.746282 0.751600
v -0.293528 0.776300 0.727220
v -0.372125 0.858295 0.703439
v -0.386002 0.853730 0.675419
v -0.404633 0.832790 0.692449
v -0.429578 0.778756 0.732546
v -0.430717 0.803358 0.705335
v -0.321038 0.805357 0.774991
v -0.365123 0.790654 0.779880
v -0.332422 0.786685 0.781418
v -0.407836 0.786330 0.756172
v -0.358571 0.860096 0.711625
v -0.358775 0.825603 0.751166
v -0.301358 0.828324 0.756968
v -0.321519 0.853394 0.728503
v -0.323371 0.856031 0.725566
v -0.323873 0.827682 0.660821
v -0.305854 0.803733 0.693131
v -0.284197 0.785863 0.720124
v -0.400800 0.799011 0.664900
v -0.379763 0.823903 0.645287
v -0.418134 0.816703 0.698932
v -0.382456 0.789850 0.776996
v -0.412530 0.822275 0.694371
v -0.390444 0.792058 0.773178
v -0.299865 0.826232 0.758627
v -0.301215 0.825395 0.759827
v -0.000262 0.723746 0.724824
v -0.024927 0.706818 0.736847
v -0.033963 0.663690 0.778381
v -0.088433 0.657741 0.773326
v -0.009552 0.780203 0.666175
v -0.067599 0.792395 0.642156
v -0.167657 0.768179 0.770444
v -0.184406 0.726643 0.771197
v -0.143528 0.716469 0.790858
v -0.044893 0.702743 0.811581
v -0.095549 0.690980 0.812982
v -0.054996 0.841325 0.714605
v -0.027584 0.804930 0.762679
v -0.026848 0.827046 0.721505
v -0.036482 0.747445 0.800744
v -0.164746 0.787387 0.758920
v -0.092257 0.804015 0.759826
v -0.099154 0.852617 0.694278
v -0.148486 0.826367 0.718459
v -0.153668 0.823855 0.720704
v -0.177291 0.738190 0.674434
v -0.125593 0.767598 0.655339
v -0.085811 0.798321 0.632508
v -0.129896 0.668088 0.754522
v -0.177777 0.680036 0.732807
v -0.115418 0.706750 0.797991
v -0.026492 0.789116 0.781925
v -0.126420 0.709887 0.791957
v -0.031005 0.781049 0.790972
v -0.095622 0.853943 0.692141
v -0.093450 0.853635 0.693915
v 0.733201 0.635375 -0.242841
v 0.653347 0.668095 -0.351700
v 0.753157 0.763374 -0.396447
v 0.797398 0.793885 -0.392878
v 0.816045 0.790352 -0.358645
v 0.852446 0.749208 -0.296302
v 0.795059 0.870560 -0.227577
v 0.637282 0.766258 -0.177177
v 0.710299 0.701642 -0.152056
v 0.780371 0.771497 -0.194012
v 0.804244 0.860324 -0.231712
v 0.572968 0.783634 -0.284103
v 0.632203 0.694163 -0.343195
v 0.597893 0.794356 -0.205223
v 0.731697 0.922086 -0.265211
v 0.731695 0.922085 -0.265219
v 0.683003 0.888675 -0.333435
v 0.744788 0.848288 -0.373252
v 0.775441 0.810327 -0.401063
v 0.743323 0.916648 -0.250808
v 0.771200 0.883268 -0.259901
v 0.819704 0.818109 -0.287350
v 0.362149 0.733441 -0.609268
v 0.326657 0.756659 -0.610906
v 0.378499 0.798322 -0.630801
v 0.434699 0.820838 -0.627627
v 0.426001 0.771185 -0.449859
v 0.467132 0.751250 -0.434241
v 0.512927 0.856201 -0.510984
v 0.411804 0.718905 -0.571660
v 0.455334 0.687213 -0.575979
v 0.478371 0.692033 -0.535777
v 0.520447 0.666090 -0.530721
v 0.542157 0.662113 -0.509600
v 0.577082 0.644977 -0.496749
v 0.580324 0.662009 -0.458911
v 0.595739 0.674275 -0.414221
v 0.595547 0.693530 -0.376588
v 0.569075 0.718448 -0.362855
v 0.556704 0.751554 -0.314208
v 0.514746 0.785233 -0.303885
v 0.482295 0.796261 -0.325454
v 0.489707 0.771188 -0.364908
v 0.486897 0.757253 -0.396073
v 0.380290 0.783107 -0.487351
v 0.362227 0.781083 -0.515417
v 0.326887 0.788811 -0.547333
v 0.629987 0.723051 -0.536426
v 0.574188 0.881579 -0.415880
v 0.571817 0.851761 -0.483335
v 0.559707 0.781721 -0.586715
v 0.457840 0.786841 -0.606186
v 0.492711 0.801366 -0.612989
v 0.513104 0.790641 -0.606900
v 0.561449 0.854153 -0.338910
v 0.471950 0.821839 -0.600387
v 0.576480 0.780738 -0.329039
v 0.409580 0.861390 -0.579401
v 0.430895 0.872278 -0.558792
v 0.642534 0.797910 -0.401726
v 0.662109 0.786133 -0.480293
v 0.668910 0.804766 -0.430751
v 0.638856 0.753811 -0.550263
v 0.661669 0.823074 -0.480570
v 0.664913 0.833807 -0.460681
v 0.578632 0.823181 -0.524336
v 0.608123 0.865790 -0.458603
v 0.597148 0.879697 -0.397751
v 0.663024 0.844559 -0.433618
v 0.625601 0.852614 -0.371784
v -0.731438 0.678881 -0.068498
v -0.690730 0.715609 -0.102777
v -0.647402 0.765428 -0.055171
v -0.681149 0.743659 0.041279
v -0.701870 0.721116 0.028558
v -0.713203 0.704789 -0.009729
v -0.732359 0.683872 -0.022089
v -0.852391 0.788689 -0.082019
v -0.863356 0.839945 -0.098229
v -0.842471 0.859485 -0.110352
v -0.865684 0.849087 -0.008136
v -0.889799 0.822233 -0.027784
v -0.704726 0.822792 -0.063673
v -0.808292 0.902923 -0.040354
v -0.816476 0.897337 -0.019370
v -0.814118 0.875357 0.024479
v -0.892813 0.816676 -0.047493
v -0.850450 0.868267 0.021644
v -0.822198 0.883540 -0.083112
v -0.733004 0.688443 -0.031233
v -0.807209 0.761939 -0.040609
v -0.834891 0.805024 -0.111895
v -0.744225 0.669203 -0.093246
v -0.715503 0.690410 -0.154335
v -0.830633 0.794730 -0.162638
v -0.836394 0.767209 -0.211357
v -0.606677 0.805544 -0.113113
v -0.642188 0.778511 -0.043976
v -0.731020 0.663034 -0.246120
v -0.718670 0.672491 -0.269734
v -0.607864 0.782382 -0.285282
v -0.802140 0.845742 -0.051918
v -0.749397 0.884695 -0.057522
v -0.694107 0.892139 -0.124160
v -0.778828 0.819728 -0.290798
v -0.803157 0.756089 -0.280923
v -0.828524 0.756684 -0.229659
v -0.747053 0.859615 -0.271074
v -0.764856 0.837445 -0.293527
v -0.786951 0.860806 -0.054049
v -0.721190 0.858139 -0.294967
v -0.697925 0.871583 -0.296661
v -0.759192 0.645435 -0.142332
v -0.750997 0.650593 -0.166758
v -0.760458 0.635183 -0.212676
v -0.731751 0.661300 -0.235149
v -0.734899 0.676813 -0.088626
v -0.698053 0.713326 -0.094022
v -0.727271 0.769584 -0.212139
v -0.708385 0.754619 -0.239561
v -0.735586 0.728297 -0.237939
v -0.787689 0.668002 -0.215090
v -0.762994 0.689352 -0.242144
v -0.762918 0.743473 -0.102128
v -0.794353 0.712569 -0.133285
v -0.775402 0.720310 -0.101157
v -0.797554 0.688266 -0.184361
v -0.726920 0.777880 -0.195709
v -0.764014 0.747548 -0.158583
v -0.734191 0.772191 -0.104200
v -0.720087 0.786980 -0.149420
v -0.718493 0.788642 -0.153899
v -0.654496 0.746138 -0.181552
v -0.673722 0.732483 -0.136433
v -0.685784 0.725766 -0.093611
v -0.704880 0.688148 -0.237363
v -0.673849 0.719153 -0.239920
v -0.749553 0.707181 -0.239886
v -0.802255 0.704946 -0.150383
v -0.741885 0.714412 -0.239748
v -0.803587 0.703778 -0.160774
v -0.734788 0.770760 -0.101024
v -0.736755 0.769583 -0.101198
v -0.797965 0.781126 -0.119055
v -0.790834 0.786671 -0.143729
v -0.803360 0.773099 -0.189493
v -0.774725 0.798626 -0.212721
v -0.739719 0.834027 -0.143533
v -0.769519 0.809763 -0.065860
v -0.731406 0.844795 -0.072183
v -0.764199 0.905859 -0.186926
v -0.747461 0.890938 -0.215732
v -0.775692 0.865780 -0.213404
v -0.829182 0.807124 -0.189516
v -0.805001 0.828205 -0.217237
v -0.795188 0.877955 -0.075949
v -0.829561 0.849410 -0.106242
v -0.808630 0.855335 -0.074968
v -0.836511 0.826845 -0.157742
v -0.762619 0.913624 -0.170310
v -0.799047 0.883802 -0.132127
v -0.765350 0.905453 -0.078741
v -0.752977 0.920997 -0.124214
v -0.751546 0.922725 -0.128723
v -0.691051 0.878359 -0.160954
v -0.708487 0.864172 -0.115276
v -0.718587 0.856674 -0.072077
v -0.746829 0.824342 -0.215609
v -0.714615 0.854038 -0.218943
v -0.790674 0.845358 -0.215197
v -0.838679 0.842663 -0.123102
v -0.782693 0.852243 -0.215266
v -0.840602 0.841873 -0.133436
v -0.765844 0.903952 -0.075580
v -0.767869 0.902867 -0.075681
v -0.733237 0.654229 0.227618
v -0.756896 0.656310 0.152466
v -0.730571 0.695005 0.117597
v -0.674538 0.700399 0.265752
v -0.700267 0.672097 0.272338
v -0.661783 0.718848 0.249725
v -0.615589 0.776536 0.218038
v -0.631723 0.750977 0.244736
v -0.648359 0.738159 0.233159
v -0.650310 0.771036 0.132464
v -0.704245 0.733700 0.082728
v -0.752677 0.718802 0.128150
v -0.748521 0.761261 0.111774
v -0.730481 0.761205 0.097438
v -0.770541 0.750280 0.185839
v -0.778210 0.681079 0.161405
v -0.780737 0.691768 0.188415
v -0.726397 0.699492 0.278068
v -0.758085 0.682183 0.234951
v -0.718123 0.723047 0.275702
v -0.723243 0.781786 0.240436
v -0.711734 0.787672 0.244145
v -0.682715 0.809041 0.173422
v -0.671980 0.817160 0.222242
v -0.666069 0.785870 0.139123
v -0.772752 -0.626945 -0.093726
v -0.776788 -0.625160 -0.009697
v -0.711692 -0.696093 0.034468
v -0.652207 -0.756498 -0.071816
v -0.675048 -0.731277 -0.098346
v -0.713393 -0.690347 -0.095989
v -0.735004 -0.666511 -0.120192
v -0.931503 -0.770631 -0.106709
v -0.971941 -0.814572 -0.067576
v -0.969503 -0.818388 -0.027408
v -0.898985 -0.891008 -0.119828
v -0.929564 -0.857460 -0.148096
v -0.790991 -0.768407 0.033700
v -0.891380 -0.902444 -0.010034
v -0.878940 -0.915009 -0.034515
v -0.831801 -0.924136 -0.076682
v -0.776543 -0.867957 -0.075355
v -0.782597 -0.857353 -0.055299
v -0.769792 -0.863003 -0.074201
v -0.947623 -0.838324 -0.142340
v -0.865335 -0.927243 -0.111321
v -0.934983 -0.855991 -0.009333
v -0.782243 -0.851191 -0.096367
v -0.724139 -0.695094 0.108595
v -0.684517 -0.730821 0.098333
v -0.670346 -0.742078 0.057050
v -0.644723 -0.764458 0.032497
v -0.650991 -0.756905 -0.012893
v -0.685517 -0.724037 -0.046913
v -0.764932 -0.654674 0.029185
v -0.783446 -0.787894 0.095727
v -0.773275 -0.800882 0.083046
v -0.766705 -0.806859 0.081939
v -0.701926 -0.772702 0.057168
v -0.729704 -0.831147 -0.007123
v -0.753033 -0.803252 -0.046265
v -0.729750 -0.834342 0.026375
v -0.793132 -0.764257 -0.010486
v -0.752780 -0.814707 0.035396
v -0.835423 -0.731697 0.016124
v -0.793225 -0.618070 0.022195
v -0.793597 -0.623741 0.098976
v -0.752575 -0.667303 0.143703
v -0.709400 -0.705298 0.090817
v -0.707126 -0.705689 0.067536
v -0.697199 -0.713351 0.041706
v -0.728169 -0.679296 -0.006899
v -0.755641 -0.652391 -0.007986
v -0.920373 -0.800107 0.014673
v -0.937530 -0.784764 0.027419
v -0.942226 -0.791508 0.048074
v -0.878966 -0.848800 0.016841
v -0.866663 -0.859475 0.034139
v -0.877048 -0.849008 0.050758
v -0.863004 -0.840520 0.075545
v -0.894577 -0.825159 0.118780
v -0.906453 -0.815571 0.119184
v -0.948183 -0.790228 0.082439
v -0.892344 -0.824183 -0.008592
v -0.859146 -0.768313 -0.011003
v -0.878595 -0.835303 -0.003581
v -0.879515 -0.802440 0.120172
v -0.793682 -0.798753 0.060799
v -0.817039 -0.707208 0.124442
v -0.813961 -0.713131 0.127557
v -0.796580 -0.713170 0.137699
v -0.911987 -0.807357 0.002104
v -0.794479 -0.723817 0.128895
v -0.779072 -0.858631 -0.075166
v -0.561699 -0.785097 0.272643
v -0.602366 -0.748975 0.285857
v -0.596734 -0.726252 0.352316
v -0.523448 -0.768918 0.383752
v -0.520298 -0.781663 0.358228
v -0.536799 -0.782776 0.324748
v -0.534235 -0.794447 0.300778
v -0.639824 -0.896571 0.312711
v -0.680006 -0.908631 0.334974
v -0.697692 -0.891121 0.345157
v -0.626415 -0.927176 0.389132
v -0.625566 -0.941103 0.356410
v -0.638133 -0.779307 0.373618
v -0.674377 -0.879262 0.417799
v -0.658003 -0.889159 0.423923
v -0.616795 -0.892339 0.433861
v -0.635496 -0.939618 0.341570
v -0.616849 -0.921625 0.420624
v -0.692231 -0.881429 0.379419
v -0.542831 -0.793912 0.298667
v -0.594925 -0.862788 0.326631
v -0.667511 -0.878484 0.310563
v -0.573191 -0.790506 0.250499
v -0.623349 -0.758120 0.236829
v -0.694613 -0.864995 0.277306
v -0.711279 -0.858385 0.232034
v -0.654780 -0.686397 0.354936
v -0.596483 -0.725243 0.367855
v -0.668839 -0.752284 0.166461
v -0.688863 -0.738855 0.162237
v -0.754324 -0.655071 0.246653
v -0.649298 -0.865794 0.375747
v -0.671747 -0.824754 0.408257
v -0.716158 -0.767549 0.387884
v -0.789356 -0.802014 0.234358
v -0.748466 -0.817178 0.193746
v -0.716827 -0.847443 0.216871
v -0.797046 -0.783091 0.277056
v -0.800291 -0.791741 0.247085
v -0.658271 -0.854309 0.387319
v -0.810265 -0.757045 0.268251
v -0.817549 -0.738666 0.280593
v -0.592771 -0.791989 0.205654
v -0.611152 -0.781440 0.197394
v -0.633045 -0.779760 0.160749
v -0.660733 -0.754606 0.171126
v -0.573900 -0.784300 0.259748
v -0.595798 -0.756397 0.287678
v -0.706522 -0.766736 0.254520
v -0.714859 -0.744463 0.233712
v -0.700593 -0.764722 0.212226
v -0.654791 -0.805857 0.175350
v -0.683026 -0.782760 0.179381
v -0.622036 -0.812867 0.290103
v -0.626868 -0.830515 0.247106
v -0.609088 -0.820984 0.273192
v -0.646736 -0.821699 0.203142
v -0.700442 -0.770195 0.268838
v -0.661305 -0.804474 0.262011
v -0.637855 -0.791509 0.313195
v -0.674905 -0.773455 0.301086
v -0.678675 -0.771523 0.300052
v -0.668891 -0.708239 0.270132
v -0.632858 -0.730708 0.281916
v -0.601806 -0.747519 0.298353
v -0.675703 -0.734578 0.192568
v -0.692989 -0.711451 0.217328
v -0.690797 -0.773808 0.194772
v -0.634222 -0.833365 0.231382
v -0.694323 -0.768179 0.201029
v -0.640436 -0.832559 0.224749
v -0.635008 -0.792403 0.313868
v -0.634577 -0.793898 0.312627
v -0.656470 -0.843560 0.298458
v -0.675295 -0.833905 0.290106
v -0.698311 -0.835033 0.254133
v -0.726164 -0.809742 0.263707
v -0.698793 -0.796163 0.330871
v -0.636133 -0.831988 0.351315
v -0.657726 -0.802696 0.378034
v -0.769173 -0.817154 0.349110
v -0.778570 -0.796453 0.327161
v -0.764561 -0.817829 0.306609
v -0.719089 -0.860490 0.271084
v -0.747640 -0.837680 0.274479
v -0.682762 -0.859337 0.384966
v -0.688538 -0.879865 0.343387
v -0.670171 -0.868322 0.368225
v -0.709890 -0.874320 0.299586
v -0.762597 -0.819553 0.363425
v -0.723017 -0.853510 0.357630
v -0.698296 -0.836786 0.407097
v -0.736042 -0.820228 0.395001
v -0.739878 -0.818434 0.393962
v -0.732248 -0.757099 0.359676
v -0.695441 -0.778101 0.371769
v -0.663584 -0.793240 0.388289
v -0.740873 -0.788612 0.284252
v -0.757858 -0.764211 0.307977
v -0.755117 -0.827871 0.289488
v -0.696304 -0.883875 0.328122
v -0.758564 -0.821905 0.295470
v -0.702730 -0.883619 0.321649
v -0.695413 -0.837583 0.407738
v -0.694990 -0.839149 0.406584
v -0.388145 -0.751750 0.581426
v -0.391129 -0.766566 0.552947
v -0.359844 -0.805847 0.519109
v -0.393996 -0.809749 0.476139
v -0.444363 -0.699729 0.610524
v -0.497007 -0.686898 0.576479
v -0.526887 -0.828317 0.497970
v -0.508993 -0.828950 0.456912
v -0.470332 -0.840571 0.479963
v -0.389238 -0.843126 0.541314
v -0.415564 -0.852307 0.497393
v -0.510472 -0.759439 0.625042
v -0.457735 -0.799409 0.622122
v -0.479853 -0.760398 0.635311
v -0.416823 -0.834232 0.578007
v -0.540396 -0.817867 0.512752
v -0.502083 -0.807575 0.575666
v -0.552292 -0.747803 0.600419
v -0.563602 -0.778111 0.548835
v -0.565013 -0.781022 0.543568
v -0.528757 -0.733467 0.463185
v -0.517179 -0.707980 0.519027
v -0.515365 -0.680947 0.567129
v -0.433036 -0.799083 0.452859
v -0.478118 -0.786766 0.425976
v -0.442916 -0.842090 0.493438
v -0.442546 -0.817008 0.613107
v -0.453730 -0.838262 0.487463
v -0.438420 -0.826093 0.604879
v -0.551161 -0.745196 0.603693
v -0.549146 -0.746547 0.605134
v -0.350990 -0.779462 0.902573
v -0.347092 -0.818812 0.862844
v -0.327027 -0.852957 0.879865
v -0.322347 -0.798821 0.911626
v -0.236813 -0.699295 0.682876
v -0.313809 -0.676441 0.686831
v -0.311250 -0.618701 0.747246
v -0.201432 -0.649691 0.743268
v -0.227625 -0.755651 0.845647
v -0.229442 -0.755271 0.806826
v -0.207889 -0.668081 0.722583
v -0.336433 -0.720576 0.845677
v -0.240904 -0.837306 0.909525
v -0.246284 -0.782142 0.831830
v -0.273128 -0.795033 0.800438
v -0.280893 -0.852059 0.888311
v -0.337720 -0.780898 0.826211
v -0.295954 -0.829145 0.847944
v -0.317707 -0.637091 0.726561
v -0.337071 -0.770545 0.777754
v -0.331404 -0.692500 0.780097
v -0.258674 -0.787733 0.768324
v -0.306146 -0.838264 0.942242
v -0.321215 -0.872796 0.902646
v -0.287379 -0.868594 0.916968
v -0.253542 -0.864393 0.931289
v -0.175624 -0.774477 0.888696
v -0.213779 -0.785376 0.867681
v -0.217232 -0.819709 0.868989
v -0.171487 -0.801225 0.879369
v -0.190077 -0.702220 0.693678
v -0.204201 -0.656937 0.737260
v -0.144195 -0.645260 0.764621
v -0.122415 -0.709484 0.703252
v -0.143130 -0.794654 0.785032
v -0.161312 -0.780345 0.764200
v -0.144266 -0.710262 0.696906
v -0.164112 -0.727145 0.843248
v -0.163401 -0.858136 0.835719
v -0.170764 -0.797192 0.790148
v -0.202020 -0.782274 0.788785
v -0.195875 -0.842085 0.847652
v -0.206367 -0.754901 0.838419
v -0.207358 -0.808436 0.831403
v -0.166046 -0.646038 0.758276
v -0.222599 -0.732576 0.809889
v -0.176879 -0.690575 0.801040
v -0.207367 -0.773305 0.761933
v -0.173049 -0.841613 0.890970
v -0.215510 -0.841540 0.880291
v -0.194205 -0.858680 0.868894
v -0.172899 -0.875821 0.857497
v -0.163641 -0.723325 0.688405
v -0.177837 -0.732210 0.675557
v -0.178629 -0.759658 0.646960
v -0.213734 -0.758686 0.638923
v -0.176490 -0.685508 0.724215
v -0.216113 -0.672332 0.727640
v -0.273685 -0.760399 0.704687
v -0.281352 -0.761538 0.676404
v -0.253210 -0.772609 0.672969
v -0.187276 -0.781884 0.671631
v -0.219186 -0.784956 0.660125
v -0.208561 -0.719206 0.760655
v -0.185938 -0.749371 0.739236
v -0.188912 -0.722479 0.753538
v -0.185694 -0.774521 0.701304
v -0.273756 -0.752779 0.717361
v -0.227952 -0.750285 0.733702
v -0.238946 -0.707843 0.764564
v -0.267915 -0.725715 0.743814
v -0.270989 -0.727400 0.741793
v -0.281766 -0.698038 0.684137
v -0.251284 -0.683393 0.707137
v -0.228795 -0.666821 0.730073
v -0.242233 -0.748201 0.642429
v -0.275142 -0.736093 0.646477
v -0.233924 -0.776043 0.668815
v -0.183197 -0.761870 0.729100
v -0.241560 -0.772580 0.669997
v -0.185122 -0.767960 0.723540
v -0.236846 -0.706298 0.765689
v -0.235337 -0.707363 0.765660
v 0.136808 -0.777086 0.642639
v 0.114865 -0.782876 0.684704
v 0.102191 -0.792105 0.679333
v 0.082098 -0.812087 0.660258
v 0.110711 -0.806157 0.645760
v 0.122286 -0.715249 0.754458
v 0.114828 -0.699807 0.775545
v 0.077537 -0.714948 0.763292
v -0.053860 -0.803295 0.637992
v -0.071911 -0.775785 0.672935
v -0.040564 -0.724983 0.726341
v 0.030349 -0.686936 0.758184
v 0.115416 -0.662718 0.771588
v 0.180084 -0.670389 0.751593
v 0.199841 -0.736581 0.671588
v 0.130870 -0.771592 0.642926
v 0.003829 -0.816484 0.612811
v 0.186842 -0.754595 0.701869
v 0.205778 -0.742075 0.671301
v 0.205589 -0.744152 0.679978
v 0.189962 -0.748324 0.704413
v -0.033652 -0.737045 0.731728
v -0.032604 -0.757402 0.721354
v -0.030192 -0.753327 0.725656
v -0.026802 -0.745491 0.734517
v -0.015800 -0.739781 0.748009
v 0.036563 -0.725393 0.756896
v 0.049056 -0.735096 0.743805
v 0.066390 -0.749891 0.725940
v 0.035444 -0.693289 0.761290
v 0.046698 -0.698185 0.766570
v 0.122595 -0.676576 0.778527
v -0.010340 -0.796024 0.691706
v 0.009280 -0.836462 0.641532
v 0.017552 -0.834895 0.644958
v 0.015569 -0.781363 0.700634
v 0.011156 -0.831338 0.620612
v 0.168202 -0.752018 0.717645
v -0.055193 -0.814976 0.677483
v -0.045773 -0.801154 0.691860
v -0.056600 -0.812833 0.680205
v -0.008474 -0.736150 0.752049
v 0.003499 -0.751800 0.734113
v 0.000796 -0.731176 0.756212
v 0.014352 -0.721802 0.761047
v 0.178692 -0.710567 0.750048
v 0.029745 -0.704974 0.761631
v -0.064999 -0.787846 0.678322
v 0.136426 -0.691927 0.786950
v 0.186823 -0.681280 0.755969
v 0.156531 -0.700899 0.776399
v -0.047917 -0.808825 0.637736
v 0.240663 -0.728852 0.651813
v 0.315270 -0.669512 0.693807
v 0.384258 -0.670670 0.659322
v 0.245829 -0.794875 0.562949
v 0.213673 -0.778692 0.599493
v 0.278142 -0.795911 0.546150
v 0.361355 -0.814093 0.482591
v 0.312239 -0.816300 0.503176
v 0.311763 -0.797167 0.528440
v 0.439140 -0.740540 0.541666
v 0.453247 -0.671829 0.624836
v 0.394868 -0.707439 0.683256
v 0.448832 -0.733072 0.674383
v 0.463052 -0.716682 0.653014
v 0.366531 -0.792264 0.693431
v 0.328334 -0.705632 0.716815
v 0.311549 -0.740247 0.714525
v 0.232124 -0.815506 0.628908
v 0.258074 -0.767354 0.679234
v 0.255623 -0.834420 0.615175
v 0.342364 -0.861002 0.619001
v 0.344215 -0.867577 0.602591
v 0.432670 -0.819901 0.572448
v 0.392586 -0.868527 0.549895
v 0.445640 -0.763937 0.559157
v 0.628457 -0.744515 0.263623
v 0.583310 -0.777226 0.273648
v 0.550016 -0.777267 0.330036
v 0.539936 -0.754130 0.390851
v 0.486319 -0.769091 0.435728
v 0.459111 -0.765332 0.492299
v 0.472623 -0.731005 0.534503
v 0.527776 -0.684655 0.536971
v 0.577210 -0.625876 0.560694
v 0.626291 -0.600784 0.541945
v 0.648596 -0.597494 0.511272
v 0.648848 -0.607029 0.483392
v 0.651256 -0.610132 0.467404
v 0.661819 -0.608581 0.457231
v 0.673656 -0.606706 0.447333
v 0.685642 -0.599244 0.442192
v 0.699373 -0.597823 0.422410
v 0.711369 -0.597906 0.402715
v 0.708378 -0.611060 0.382211
v 0.710210 -0.625291 0.353176
v 0.691982 -0.651289 0.333313
v 0.684321 -0.677247 0.304779
v 0.658873 -0.706531 0.287142
v 0.688065 -0.748624 0.348035
v 0.709699 -0.759953 0.425864
v 0.707460 -0.770893 0.408919
v 0.706162 -0.706590 0.382841
v 0.676072 -0.757580 0.343597
v 0.687072 -0.792158 0.401450
v 0.595255 -0.731491 0.523059
v 0.559771 -0.761971 0.521324
v 0.621341 -0.786810 0.514791
v 0.643911 -0.767104 0.516067
v 0.720857 -0.742999 0.440336
v 0.717223 -0.674964 0.434860
v 0.720382 -0.735697 0.454738
v 0.550862 -0.784307 0.493827
v 0.615501 -0.801191 0.497128
v 0.716676 -0.736859 0.461932
v 0.705962 -0.732461 0.483381
v 0.618604 -0.803173 0.478694
v 0.581752 -0.769188 0.415078
v 0.648551 -0.796415 0.454068
v 0.696282 -0.730152 0.503027
v 0.672819 -0.672695 0.508689
v 0.695862 -0.730445 0.503933
v 0.616713 -0.792295 0.376703
v 0.653159 -0.806250 0.428488
v 0.631920 -0.792098 0.351461
v 0.667798 -0.806176 0.405645
v 0.674967 -0.707081 0.528481
v 0.618728 -0.700352 0.543401
v 0.659354 -0.747266 0.528810
v 0.682553 -0.730373 0.522328
v 0.714350 -0.741777 0.456429
v 0.711183 -0.741451 0.462031
v 0.702954 -0.739532 0.459986
v 0.705712 -0.739816 0.455109
v 0.714674 -0.749280 0.441868
v 0.705020 -0.762646 0.432072
v 0.714374 -0.746586 0.447397
v 0.705407 -0.739650 0.474424
v 0.693455 -0.736128 0.503123
v 0.693777 -0.735926 0.503266
v 0.682122 -0.737115 0.514267
v 0.663230 -0.750702 0.519894
v 0.649949 -0.767864 0.508942
v 0.630573 -0.784776 0.507842
v 0.625914 -0.796244 0.493760
v 0.639537 -0.797345 0.470279
v 0.654627 -0.791910 0.456694
v 0.658721 -0.800649 0.433939
v 0.670851 -0.800579 0.414995
v 0.686077 -0.789552 0.411634
v 0.703237 -0.771795 0.417796
v 0.632777 -0.777250 0.499867
v 0.649646 -0.762526 0.500825
v 0.667842 -0.791007 0.419038
v 0.657283 -0.791069 0.435530
v 0.697589 -0.757984 0.433904
v 0.696037 -0.765949 0.421477
v 0.661208 -0.747586 0.510360
v 0.677655 -0.735757 0.505461
v 0.653718 -0.783460 0.455339
v 0.640581 -0.788192 0.467167
v 0.705732 -0.744002 0.447246
v 0.687801 -0.734722 0.495884
v 0.697926 -0.737964 0.470775
v 0.687521 -0.734898 0.495760
v 0.628721 -0.787233 0.487608
v 0.681098 -0.781408 0.416112
v 0.705994 -0.746348 0.442433
v 0.576420 -0.803506 0.170653
v 0.620356 -0.780161 0.040953
v 0.713105 -0.891121 0.052257
v 0.740987 -0.929821 0.077272
v 0.734238 -0.931474 0.115792
v 0.687232 -0.936073 0.184157
v 0.806569 -0.856451 0.230651
v 0.707447 -0.690784 0.198367
v 0.637625 -0.744214 0.247438
v 0.706392 -0.826795 0.246173
v 0.796168 -0.866339 0.230114
v 0.735163 -0.680281 0.075921
v 0.646860 -0.757887 0.041484
v 0.739337 -0.668211 0.158354
v 0.863677 -0.816963 0.173508
v 0.863677 -0.816964 0.173500
v 0.837415 -0.802609 0.088383
v 0.796616 -0.874891 0.076360
v 0.759048 -0.913980 0.061705
v 0.856704 -0.820985 0.191039
v 0.822604 -0.849439 0.192319
v 0.756988 -0.903929 0.183546
v 0.618991 -0.740406 -0.305881
v 0.637682 -0.721861 -0.336491
v 0.671398 -0.777414 -0.324726
v 0.695245 -0.817465 -0.290761
v 0.705166 -0.687747 -0.172548
v 0.694010 -0.701697 -0.130210
v 0.766737 -0.801623 -0.174051
v 0.619882 -0.746935 -0.245389
v 0.592113 -0.773160 -0.211010
v 0.609949 -0.763679 -0.171565
v 0.590176 -0.783953 -0.133717
v 0.594148 -0.784236 -0.104929
v 0.584361 -0.796306 -0.069185
v 0.611511 -0.777279 -0.047537
v 0.637066 -0.761154 -0.012244
v 0.665989 -0.740358 0.006418
v 0.691381 -0.718304 -0.008933
v 0.735582 -0.684779 0.005016
v 0.767065 -0.656114 -0.025040
v 0.768785 -0.650193 -0.063068
v 0.734411 -0.675946 -0.076581
v 0.712127 -0.691541 -0.094528
v 0.702147 -0.683315 -0.229671
v 0.690807 -0.688849 -0.258871
v 0.686229 -0.687034 -0.304499
v 0.644728 -0.872121 -0.078259
v 0.821805 -0.786362 -0.079713
v 0.774054 -0.822682 -0.116161
v 0.678604 -0.868091 -0.171587
v 0.672410 -0.812906 -0.253284
v 0.684993 -0.843515 -0.237855
v 0.678195 -0.851341 -0.217691
v 0.820354 -0.723041 -0.033049
v 0.706310 -0.825211 -0.248978
v 0.758147 -0.713119 0.001624
v 0.745408 -0.777004 -0.287478
v 0.762559 -0.780124 -0.263005
v 0.754208 -0.807717 -0.004090
v 0.720262 -0.869365 -0.037346
v 0.752635 -0.845492 -0.006371
v 0.668505 -0.892758 -0.088723
v 0.753347 -0.876138 -0.047081
v 0.769290 -0.867507 -0.035119
v 0.736023 -0.848377 -0.130165
v 0.796006 -0.833839 -0.079852
v 0.826794 -0.789807 -0.052492
v 0.787226 -0.850794 -0.022094
v 0.811820 -0.787203 -0.010353
v 0.442787 -0.776761 -0.443161
v 0.516471 -0.731024 -0.421471
v 0.547331 -0.660029 -0.503146
v 0.447766 -0.679890 -0.605885
v 0.427325 -0.711176 -0.579340
v 0.433867 -0.736602 -0.525791
v 0.415309 -0.765684 -0.500504
v 0.564250 -0.946407 -0.534845
v 0.634373 -0.966087 -0.556036
v 0.669084 -0.941173 -0.551714
v 0.580307 -0.945315 -0.667074
v 0.559258 -0.983011 -0.630147
v 0.613119 -0.741527 -0.548211
v 0.675077 -0.876558 -0.656564
v 0.652292 -0.882014 -0.678482
v 0.595478 -0.866917 -0.712441
v 0.548210 -0.808720 -0.675164
v 0.564670 -0.800587 -0.658275
v 0.543982 -0.801344 -0.672270
v 0.566387 -0.992301 -0.604037
v 0.583781 -0.916892 -0.712038
v 0.680846 -0.906637 -0.596198
v 0.526916 -0.823204 -0.661413
v 0.617040 -0.627535 -0.481631
v 0.601158 -0.604752 -0.532229
v 0.562565 -0.618275 -0.557151
v 0.536617 -0.613865 -0.593124
v 0.497991 -0.644557 -0.593651
v 0.474238 -0.689162 -0.557357
v 0.554661 -0.702832 -0.445864
v 0.669754 -0.701973 -0.556179
v 0.658423 -0.702603 -0.575149
v 0.656320 -0.698487 -0.583459
v 0.589793 -0.650782 -0.576802
v 0.569809 -0.722047 -0.639361
v 0.537792 -0.760673 -0.612813
v 0.599815 -0.703088 -0.635080
v 0.574679 -0.768468 -0.553192
v 0.612086 -0.714734 -0.606107
v 0.607129 -0.784572 -0.501208
v 0.549648 -0.725633 -0.401978
v 0.617955 -0.682139 -0.390449
v 0.651524 -0.627367 -0.437060
v 0.597998 -0.626692 -0.500503
v 0.576960 -0.638338 -0.506794
v 0.552502 -0.645973 -0.523348
v 0.513970 -0.695780 -0.490293
v 0.517149 -0.716008 -0.454923
v 0.673769 -0.870765 -0.540704
v 0.687836 -0.875812 -0.517083
v 0.710436 -0.868977 -0.517594
v 0.672395 -0.841297 -0.601913
v 0.684935 -0.822216 -0.612679
v 0.700679 -0.819890 -0.595249
v 0.711808 -0.791797 -0.586066
v 0.759394 -0.791661 -0.550897
v 0.762264 -0.800230 -0.537425
v 0.742550 -0.853943 -0.506752
v 0.648329 -0.863780 -0.578861
v 0.609122 -0.827074 -0.535395
v 0.649727 -0.850670 -0.593264
v 0.744701 -0.773988 -0.533215
v 0.648837 -0.733039 -0.571204
v 0.682100 -0.701397 -0.459226
v 0.685377 -0.697861 -0.465390
v 0.685320 -0.676780 -0.468952
v 0.661349 -0.871951 -0.553407
v 0.680557 -0.681815 -0.482081
v 0.546259 -0.809295 -0.665100
v 0.325817 -0.680693 -0.669643
v 0.244825 -0.714564 -0.663508
v 0.241264 -0.727997 -0.647550
v 0.238707 -0.737643 -0.636092
v 0.233858 -0.755933 -0.614365
v 0.400227 -0.695617 -0.614807
v 0.387490 -0.673529 -0.649849
v 0.395653 -0.715083 -0.591406
v 0.401576 -0.767992 -0.519108
v 0.412842 -0.739084 -0.551743
v 0.391097 -0.735368 -0.566920
v 0.394249 -0.721335 -0.583859
v 0.303800 -0.801210 -0.521779
v 0.222891 -0.797302 -0.565222
v 0.280020 -0.799910 -0.534140
v 0.288168 -0.800455 -0.530172
v 0.252225 -0.797459 -0.645962
v 0.255860 -0.847965 -0.628722
v 0.245977 -0.843526 -0.602516
v 0.320018 -0.825262 -0.686301
v 0.308481 -0.829673 -0.676074
v 0.300379 -0.810106 -0.682225
v 0.271570 -0.784986 -0.678907
v 0.258090 -0.773045 -0.674156
v 0.262209 -0.757284 -0.693418
v 0.293752 -0.763404 -0.706619
v 0.401514 -0.722118 -0.683250
v 0.342041 -0.728887 -0.702234
v 0.411859 -0.745590 -0.669958
v 0.252033 -0.756142 -0.665568
v 0.407862 -0.774261 -0.663360
v 0.382446 -0.784766 -0.672567
v 0.353110 -0.780757 -0.684723
v 0.366147 -0.791032 -0.677710
v 0.392541 -0.790715 -0.664840
v 0.407163 -0.785198 -0.660324
v 0.401432 -0.824086 -0.652922
v 0.396814 -0.716330 -0.594019
v 0.408347 -0.771971 -0.659889
v 0.356717 -0.855435 -0.576182
v 0.329349 -0.853050 -0.589773
v 0.343809 -0.850227 -0.598712
v 0.367220 -0.844919 -0.604619
v 0.355864 -0.844591 -0.608541
v 0.336668 -0.847062 -0.605402
v 0.320171 -0.851849 -0.595196
v 0.299788 -0.833249 -0.668467
v 0.318740 -0.832084 -0.660908
v 0.323542 -0.830879 -0.662587
v 0.410740 -0.824324 -0.640861
v 0.412185 -0.845638 -0.583605
v 0.316073 -0.831449 -0.546350
v 0.304856 -0.840837 -0.578012
v 0.294292 -0.834800 -0.563246
v 0.407072 -0.765479 -0.635309
v 0.405661 -0.774809 -0.661834
v 0.382581 -0.783872 -0.670341
v 0.356806 -0.781890 -0.681827
v 0.365898 -0.789581 -0.676031
v 0.391332 -0.788496 -0.663544
v 0.405232 -0.783519 -0.659429
v 0.396080 -0.717693 -0.594017
v 0.405746 -0.772366 -0.658685
v 0.406277 -0.764376 -0.635752
v 0.392223 -0.722072 -0.588338
v 0.301323 -0.834255 -0.557388
v 0.313190 -0.841550 -0.573585
v 0.282675 -0.799914 -0.535171
v 0.287861 -0.800305 -0.532807
v 0.300816 -0.833474 -0.559303
v 0.312309 -0.840596 -0.575017
v 0.327699 -0.851599 -0.590377
v 0.320705 -0.850186 -0.594087
v 0.306469 -0.839649 -0.577221
v 0.296574 -0.834027 -0.563342
v 0.342101 -0.848708 -0.598897
v 0.362898 -0.842997 -0.604402
v 0.354595 -0.842996 -0.606970
v 0.336289 -0.845747 -0.603572
v 0.255880 -0.782060 -0.663603
v 0.285043 -0.808196 -0.670924
v 0.319117 -0.846859 -0.592973
v 0.332979 -0.846106 -0.600530
v 0.243392 -0.731080 -0.648100
v 0.241891 -0.738038 -0.639430
v 0.307546 -0.827443 -0.673826
v 0.298771 -0.809056 -0.679175
v 0.272092 -0.784834 -0.676113
v 0.258702 -0.773189 -0.672194
v 0.320376 -0.828744 -0.662265
v 0.252780 -0.756340 -0.663795
v 0.257565 -0.780059 -0.664496
v 0.286913 -0.805980 -0.671694
v 0.300848 -0.829225 -0.668703
v 0.317455 -0.829268 -0.661696
v 0.125714 -0.712219 -0.713368
v 0.069766 -0.683823 -0.738762
v 0.003442 -0.650160 -0.768866
v -0.038653 -0.732430 -0.690123
v -0.002482 -0.742486 -0.681544
v 0.011798 -0.763268 -0.662284
v 0.049006 -0.779670 -0.647740
v 0.108981 -0.799393 -0.630637
v 0.138922 -0.802175 -0.627514
v 0.184607 -0.782199 -0.648786
v 0.084358 -0.814543 -0.615709
v 0.102714 -0.863022 -0.745506
v 0.137486 -0.869267 -0.756045
v 0.157521 -0.882146 -0.729290
v 0.115459 -0.895491 -0.716461
v 0.077963 -0.900737 -0.696910
v 0.065720 -0.896010 -0.708279
v 0.000723 -0.838302 -0.758695
v 0.023746 -0.850002 -0.749039
v 0.050484 -0.854394 -0.721242
v -0.064564 -0.711818 -0.708928
v -0.039982 -0.781989 -0.742613
v 0.166347 -0.850898 -0.759017
v 0.148100 -0.829217 -0.779026
v 0.182929 -0.844774 -0.715060
v 0.081251 -0.799200 -0.790479
v 0.037717 -0.737236 -0.827797
v -0.003166 -0.740643 -0.839706
v -0.039549 -0.648194 -0.769634
v -0.072573 -0.628761 -0.787145
v -0.098626 -0.637150 -0.778565
v -0.133689 -0.705676 -0.712976
v -0.088932 -0.718276 -0.702214
v -0.106664 -0.713423 -0.834427
v -0.130332 -0.767033 -0.798765
v -0.135148 -0.760057 -0.770572
v -0.041135 -0.824959 -0.788123
v 0.093191 -0.832001 -0.770812
v 0.009757 -0.776213 -0.821679
v 0.040808 -0.785640 -0.808688
v -0.103794 -0.784689 -0.785435
v -0.074001 -0.797307 -0.776803
v -0.071992 -0.807938 -0.786835
v -0.061138 -0.712600 -0.857273
v -0.080181 -0.765715 -0.822891
v -0.047589 -0.760864 -0.835342
v 0.073179 -0.741919 -0.806726
v -0.199813 -0.609585 -0.791856
v -0.244243 -0.585233 -0.801070
v -0.294812 -0.596097 -0.771593
v -0.325265 -0.625088 -0.728989
v -0.386514 -0.615424 -0.709481
v -0.432271 -0.630497 -0.678700
v -0.434344 -0.664336 -0.640653
v -0.385797 -0.702756 -0.619166
v -0.347067 -0.749725 -0.578742
v -0.298923 -0.771701 -0.579737
v -0.267731 -0.768607 -0.594406
v -0.255570 -0.752302 -0.611839
v -0.246334 -0.744461 -0.620626
v -0.234122 -0.745595 -0.626039
v -0.221256 -0.747760 -0.631466
v -0.208561 -0.752766 -0.630857
v -0.189106 -0.750335 -0.640681
v -0.171296 -0.746794 -0.651159
v -0.166813 -0.732739 -0.667898
v -0.155285 -0.716913 -0.689888
v -0.165009 -0.693034 -0.712126
v -0.164087 -0.671217 -0.740436
v -0.180395 -0.643780 -0.762398
v -0.220021 -0.700914 -0.782364
v -0.259543 -0.762424 -0.769968
v -0.255748 -0.750969 -0.783923
v -0.211839 -0.733336 -0.742188
v -0.227776 -0.690209 -0.787532
v -0.271725 -0.732926 -0.797435
v -0.363604 -0.741536 -0.680320
v -0.395052 -0.716742 -0.694715
v -0.370271 -0.755479 -0.734257
v -0.350225 -0.771346 -0.724789
v -0.254476 -0.778403 -0.754719
v -0.222188 -0.771404 -0.702092
v -0.259857 -0.786546 -0.743745
v -0.393743 -0.694622 -0.719450
v -0.369508 -0.741190 -0.750139
v -0.266551 -0.788324 -0.741050
v -0.282755 -0.793712 -0.726926
v -0.357962 -0.732344 -0.759108
v -0.324440 -0.668483 -0.744282
v -0.324737 -0.738033 -0.771106
v -0.298310 -0.798770 -0.715381
v -0.287765 -0.785030 -0.661437
v -0.299195 -0.799029 -0.715170
v -0.294115 -0.669941 -0.786077
v -0.311782 -0.726093 -0.789213
v -0.271238 -0.665282 -0.799218
v -0.290668 -0.722480 -0.801440
v -0.313917 -0.798947 -0.682105
v -0.349074 -0.769201 -0.655375
v -0.340585 -0.789177 -0.709115
v -0.316935 -0.800894 -0.704784
v -0.266777 -0.783533 -0.746197
v -0.271577 -0.784703 -0.743049
v -0.273813 -0.777809 -0.739898
v -0.269635 -0.776790 -0.742639
v -0.261475 -0.775196 -0.757342
v -0.266866 -0.762974 -0.768547
v -0.263651 -0.778243 -0.753181
v -0.281060 -0.788113 -0.735590
v -0.302568 -0.797000 -0.719235
v -0.302391 -0.797301 -0.719119
v -0.315497 -0.795908 -0.712814
v -0.334884 -0.786571 -0.716084
v -0.343224 -0.771243 -0.729642
v -0.360429 -0.757617 -0.737767
v -0.359823 -0.746223 -0.750430
v -0.339401 -0.741555 -0.763514
v -0.321045 -0.743683 -0.768380
v -0.309519 -0.733058 -0.784478
v -0.292010 -0.730054 -0.794607
v -0.277040 -0.738279 -0.791497
v -0.263583 -0.753394 -0.780280
v -0.351165 -0.754228 -0.735300
v -0.336187 -0.766091 -0.728227
v -0.291601 -0.730233 -0.784784
v -0.306844 -0.732848 -0.775966
v -0.269712 -0.758892 -0.762096
v -0.266854 -0.750552 -0.772311
v -0.328927 -0.779435 -0.716424
v -0.312049 -0.787563 -0.713577
v -0.316878 -0.742097 -0.761951
v -0.332859 -0.740246 -0.757715
v -0.266913 -0.772185 -0.748719
v -0.300639 -0.788777 -0.719065
v -0.282069 -0.780778 -0.733405
v -0.300793 -0.788514 -0.719167
v -0.350637 -0.744310 -0.746324
v -0.278569 -0.737393 -0.782076
v -0.265018 -0.769532 -0.752342
v -0.523499 -0.770630 -0.383075
v -0.523925 -0.733236 -0.435826
v -0.588537 -0.683756 -0.437418
v -0.640092 -0.706924 -0.349550
v -0.616857 -0.729430 -0.342272
v -0.580245 -0.745346 -0.358616
v -0.558307 -0.766222 -0.352277
v -0.606569 -0.889906 -0.458856
v -0.634545 -0.901498 -0.504607
v -0.638932 -0.881686 -0.528126
v -0.701763 -0.893492 -0.444413
v -0.671027 -0.920242 -0.439085
v -0.630433 -0.740405 -0.478463
v -0.714655 -0.838918 -0.508333
v -0.725322 -0.844814 -0.488584
v -0.738220 -0.838026 -0.441692
v -0.654022 -0.925572 -0.449613
v -0.734431 -0.874594 -0.436512
v -0.673034 -0.857960 -0.525724
v -0.555622 -0.767791 -0.362037
v -0.610384 -0.840954 -0.413458
v -0.597029 -0.875519 -0.493027
v -0.500981 -0.786324 -0.393859
v -0.473126 -0.764188 -0.455019
v -0.555103 -0.877214 -0.523660
v -0.502744 -0.889011 -0.540496
v -0.575633 -0.648930 -0.509845
v -0.605197 -0.677033 -0.438376
v -0.392964 -0.790512 -0.502935
v -0.383011 -0.780689 -0.527511
v -0.443497 -0.669955 -0.620651
v -0.664174 -0.835356 -0.478665
v -0.684315 -0.782737 -0.512667
v -0.640155 -0.735133 -0.570431
v -0.483062 -0.839599 -0.638240
v -0.444957 -0.864050 -0.586381
v -0.482015 -0.883479 -0.547379
v -0.522760 -0.804945 -0.652830
v -0.493022 -0.825638 -0.653155
v -0.672466 -0.820177 -0.491433
v -0.503314 -0.781968 -0.671157
v -0.509961 -0.758752 -0.683060
v -0.451991 -0.807225 -0.412869
v -0.438705 -0.801715 -0.434858
v -0.397493 -0.816609 -0.457556
v -0.399090 -0.790044 -0.493652
v -0.508828 -0.776374 -0.396235
v -0.528770 -0.739578 -0.427353
v -0.493949 -0.780641 -0.550119
v -0.462833 -0.765287 -0.561460
v -0.446998 -0.792702 -0.540650
v -0.422590 -0.843215 -0.479618
v -0.417975 -0.821254 -0.515590
v -0.551545 -0.804268 -0.449227
v -0.510796 -0.839672 -0.449123
v -0.536254 -0.817067 -0.432031
v -0.458998 -0.849120 -0.470038
v -0.511025 -0.778265 -0.543667
v -0.516891 -0.811609 -0.493387
v -0.568705 -0.775334 -0.472088
v -0.548073 -0.766079 -0.516259
v -0.546156 -0.764962 -0.520781
v -0.490426 -0.705421 -0.516787
v -0.512298 -0.719751 -0.473106
v -0.537094 -0.727071 -0.436283
v -0.414946 -0.763011 -0.515230
v -0.433257 -0.731793 -0.540148
v -0.431403 -0.807257 -0.526879
v -0.494462 -0.849609 -0.456005
v -0.436125 -0.799466 -0.532181
v -0.486772 -0.852125 -0.462761
v -0.569828 -0.775602 -0.468748
v -0.569025 -0.777602 -0.467947
v -0.571218 -0.840163 -0.484682
v -0.558150 -0.835728 -0.507041
v -0.518679 -0.853610 -0.530658
v -0.519342 -0.827213 -0.566907
v -0.588519 -0.783892 -0.542341
v -0.625311 -0.805302 -0.466857
v -0.643423 -0.767384 -0.497744
v -0.614732 -0.811514 -0.621030
v -0.582920 -0.798448 -0.633272
v -0.568512 -0.826783 -0.612657
v -0.546135 -0.878520 -0.551873
v -0.540922 -0.857151 -0.588119
v -0.671224 -0.830445 -0.518535
v -0.633063 -0.868619 -0.519188
v -0.656429 -0.844183 -0.501633
v -0.582609 -0.881801 -0.541331
v -0.631429 -0.807909 -0.614167
v -0.638316 -0.840460 -0.563499
v -0.686900 -0.800515 -0.541178
v -0.666815 -0.792992 -0.585927
v -0.664942 -0.792039 -0.590504
v -0.605099 -0.736531 -0.588379
v -0.626787 -0.749032 -0.544049
v -0.651079 -0.754377 -0.506557
v -0.533818 -0.799263 -0.588285
v -0.550535 -0.766985 -0.612972
v -0.553624 -0.842314 -0.599172
v -0.617646 -0.879718 -0.526403
v -0.557924 -0.834243 -0.604413
v -0.610328 -0.882807 -0.533332
v -0.687954 -0.800683 -0.537809
v -0.687271 -0.802730 -0.537014
v -0.616887 -0.783115 -0.197508
v -0.598985 -0.777281 -0.274041
v -0.628107 -0.737252 -0.304955
v -0.672821 -0.739357 -0.152920
v -0.646494 -0.767685 -0.149638
v -0.686864 -0.720302 -0.167049
v -0.735675 -0.661643 -0.192398
v -0.717412 -0.688268 -0.168233
v -0.701620 -0.700367 -0.181623
v -0.707483 -0.662786 -0.280504
v -0.657230 -0.697222 -0.335870
v -0.653228 -0.759901 -0.309677
v -0.690154 -0.746950 -0.333278
v -0.686893 -0.724959 -0.339337
v -0.697983 -0.795383 -0.272581
v -0.624651 -0.798532 -0.280150
v -0.641846 -0.810027 -0.259598
v -0.673748 -0.792031 -0.161066
v -0.645126 -0.806821 -0.207161
v -0.696115 -0.781783 -0.165922
v -0.743676 -0.769309 -0.213906
v -0.750617 -0.759574 -0.207747
v -0.753866 -0.705127 -0.265414
v -0.774524 -0.712527 -0.219774
v -0.723110 -0.678769 -0.284114
v 0.461900 -0.362890 -0.834218
v 0.529131 -0.291146 -0.820182
v 0.523681 -0.269461 -0.828573
v 0.519768 -0.253890 -0.834598
v 0.512348 -0.224366 -0.846022
v 0.367730 -0.357373 -0.881837
v 0.397596 -0.388623 -0.858954
v 0.359174 -0.326090 -0.894282
v 0.315279 -0.245409 -0.937079
v 0.322956 -0.292929 -0.920782
v 0.350021 -0.293540 -0.907354
v 0.356353 -0.316058 -0.898311
v 0.401841 -0.170701 -0.914348
v 0.495565 -0.157586 -0.871862
v 0.429024 -0.166593 -0.901650
v 0.419950 -0.168167 -0.906139
v 0.536009 -0.240570 -0.901477
v 0.535782 -0.203948 -0.949468
v 0.521548 -0.178961 -0.935421
v 0.524702 -0.301136 -0.972995
v 0.526897 -0.283599 -0.969101
v 0.531644 -0.293227 -0.946646
v 0.542981 -0.285194 -0.905636
v 0.545747 -0.278956 -0.885756
v 0.552604 -0.304795 -0.875964
v 0.540881 -0.331872 -0.901777
v 0.428167 -0.400097 -0.919056
v 0.490052 -0.375268 -0.895051
v 0.417413 -0.384179 -0.945400
v 0.538355 -0.276674 -0.864666
v 0.424347 -0.362209 -0.969732
v 0.454037 -0.348710 -0.966989
v 0.484416 -0.342346 -0.948510
v 0.472339 -0.339675 -0.964653
v 0.442274 -0.345788 -0.977186
v 0.425963 -0.353921 -0.979398
v 0.436801 -0.325175 -1.012474
v 0.360714 -0.328292 -0.896557
v 0.420566 -0.360851 -0.967244
v 0.421020 -0.220309 -1.005193
v 0.451533 -0.215510 -0.989620
v 0.446626 -0.233031 -0.996489
v 0.431808 -0.254875 -1.005529
v 0.443346 -0.251174 -0.999430
v 0.456225 -0.235566 -0.990476
v 0.462309 -0.214795 -0.984149
v 0.528706 -0.270340 -0.966426
v 0.508127 -0.276547 -0.974790
v 0.505414 -0.281460 -0.976608
v 0.420476 -0.321108 -1.016029
v 0.381691 -0.265400 -1.028240
v 0.421117 -0.183077 -0.954359
v 0.457116 -0.196963 -0.962141
v 0.451765 -0.181549 -0.947998
v 0.400430 -0.343508 -0.956335
v 0.425002 -0.359351 -0.968774
v 0.451928 -0.347445 -0.965847
v 0.479728 -0.341740 -0.951224
v 0.470769 -0.338888 -0.962846
v 0.441486 -0.345097 -0.974158
v 0.426203 -0.352839 -0.976547
v 0.361696 -0.327162 -0.897456
v 0.421727 -0.358080 -0.965964
v 0.401028 -0.343919 -0.954894
v 0.361592 -0.318043 -0.898594
v 0.441727 -0.181451 -0.950503
v 0.447597 -0.198199 -0.966824
v 0.427815 -0.169062 -0.903317
v 0.422178 -0.170170 -0.906243
v 0.443351 -0.183065 -0.949771
v 0.449074 -0.199279 -0.965637
v 0.452793 -0.215695 -0.987386
v 0.460521 -0.215056 -0.982671
v 0.454907 -0.197913 -0.961780
v 0.449869 -0.183420 -0.948556
v 0.447585 -0.232877 -0.994090
v 0.434308 -0.252981 -1.001201
v 0.442586 -0.249916 -0.996925
v 0.454679 -0.234512 -0.988702
v 0.542074 -0.264639 -0.891513
v 0.533892 -0.275608 -0.934342
v 0.459813 -0.214826 -0.978388
v 0.454939 -0.229842 -0.986694
v 0.523466 -0.269692 -0.832834
v 0.520070 -0.258348 -0.837309
v 0.525160 -0.282318 -0.966063
v 0.530165 -0.290300 -0.944238
v 0.540371 -0.283344 -0.905337
v 0.543807 -0.277685 -0.885926
v 0.506889 -0.280302 -0.972710
v 0.536477 -0.275611 -0.864995
v 0.540861 -0.267390 -0.890677
v 0.532376 -0.278480 -0.933384
v 0.526820 -0.273177 -0.963183
v 0.508825 -0.277780 -0.971476
v -0.419914 -0.160582 0.908199
v -0.391312 -0.199807 0.915189
v -0.395328 -0.210122 0.911120
v -0.398211 -0.217529 0.908199
v -0.403678 -0.231573 0.902659
v -0.466517 -0.157660 0.884907
v -0.449916 -0.144111 0.896051
v -0.472650 -0.172500 0.878871
v -0.499193 -0.209466 0.858067
v -0.492489 -0.186607 0.865960
v -0.479155 -0.187925 0.872530
v -0.474655 -0.177254 0.876917
v -0.461278 -0.251301 0.869317
v -0.416044 -0.263339 0.890128
v -0.447999 -0.254873 0.875194
v -0.452538 -0.253627 0.873338
v -0.418874 -0.235754 0.929155
v -0.436152 -0.259455 0.934488
v -0.433916 -0.266715 0.920630
v -0.452653 -0.217672 0.955707
v -0.449754 -0.225291 0.952042
v -0.439968 -0.218207 0.949782
v -0.420241 -0.217181 0.941598
v -0.411400 -0.217377 0.936163
v -0.406587 -0.205165 0.941199
v -0.421287 -0.195266 0.948991
v -0.464656 -0.152047 0.925387
v -0.435702 -0.167897 0.937013
v -0.477503 -0.161751 0.925218
v -0.405299 -0.214250 0.927442
v -0.484008 -0.176242 0.929852
v -0.473473 -0.185881 0.937425
v -0.456888 -0.190029 0.942517
v -0.466698 -0.192048 0.941783
v -0.480860 -0.187162 0.935194
v -0.486952 -0.181649 0.931360
v -0.495417 -0.201032 0.938400
v -0.473167 -0.172054 0.880470
v -0.484116 -0.175977 0.927536
v -0.492996 -0.245134 0.910038
v -0.477569 -0.249031 0.916252
v -0.482441 -0.241504 0.919695
v -0.491313 -0.231033 0.920904
v -0.485320 -0.233325 0.922827
v -0.477321 -0.240738 0.922152
v -0.472172 -0.249969 0.918646
v -0.447622 -0.231111 0.949398
v -0.457315 -0.226822 0.945230
v -0.459040 -0.224517 0.945673
v -0.501535 -0.201222 0.932515
v -0.515642 -0.223010 0.910464
v -0.471608 -0.254303 0.889382
v -0.464413 -0.254012 0.907436
v -0.459868 -0.258126 0.898711
v -0.485190 -0.179473 0.913830
v -0.483320 -0.177475 0.929280
v -0.473609 -0.185998 0.936098
v -0.459329 -0.190084 0.941383
v -0.466432 -0.191921 0.940574
v -0.479887 -0.186913 0.933971
v -0.485723 -0.181740 0.930486
v -0.473176 -0.172830 0.880847
v -0.483155 -0.177189 0.927083
v -0.484466 -0.179151 0.913753
v -0.473276 -0.177100 0.879314
v -0.463853 -0.257207 0.895649
v -0.469146 -0.252888 0.905400
v -0.449114 -0.253848 0.875672
v -0.451992 -0.253036 0.874581
v -0.463147 -0.256586 0.896372
v -0.468285 -0.252420 0.905845
v -0.476327 -0.248780 0.916165
v -0.472143 -0.249390 0.917650
v -0.464974 -0.253235 0.906713
v -0.460731 -0.257113 0.898527
v -0.481212 -0.241342 0.919387
v -0.488797 -0.231570 0.920315
v -0.484519 -0.233414 0.921641
v -0.477049 -0.240741 0.920908
v -0.414158 -0.224209 0.933507
v -0.433769 -0.224606 0.943910
v -0.470676 -0.248756 0.916217
v -0.475996 -0.242580 0.919557
v -0.397064 -0.210629 0.912207
v -0.399362 -0.215966 0.909900
v -0.449038 -0.225180 0.950351
v -0.439352 -0.218968 0.948028
v -0.420831 -0.217622 0.940193
v -0.411996 -0.217716 0.935242
v -0.457030 -0.224650 0.944965
v -0.405947 -0.214529 0.926627
v -0.414310 -0.222681 0.933380
v -0.433969 -0.222964 0.943664
v -0.447040 -0.229093 0.948408
v -0.455864 -0.225861 0.944858
v -1.008837 -0.162548 0.015855
v -1.027951 -0.205532 0.024310
v -1.029140 -0.204219 0.040788
v -1.030182 -0.191782 0.072586
v -1.026536 -0.168182 0.050365
v -1.009260 -0.280811 -0.034663
v -1.004864 -0.306587 -0.042078
v -1.000283 -0.309501 -0.000359
v -0.972182 -0.241370 0.187628
v -0.961658 -0.287424 0.179144
v -0.955659 -0.332485 0.113195
v -0.961019 -0.336910 0.026928
v -0.972724 -0.315044 -0.059021
v -0.988045 -0.265340 -0.103014
v -1.008449 -0.169166 -0.064195
v -1.002745 -0.167392 0.018076
v -0.987412 -0.188982 0.153577
v -1.034359 -0.194304 -0.053843
v -1.014542 -0.164322 -0.066417
v -1.020476 -0.170833 -0.067845
v -1.031397 -0.196916 -0.060162
v -0.970218 -0.329692 0.111605
v -0.982058 -0.314144 0.123490
v -0.981555 -0.317822 0.118280
v -0.980515 -0.325973 0.109119
v -0.985732 -0.333584 0.093292
v -0.993677 -0.320478 0.040443
v -0.998803 -0.300681 0.038589
v -1.007153 -0.273028 0.036560
v -0.969246 -0.334964 0.024807
v -0.979158 -0.332322 0.016247
v -0.989599 -0.312812 -0.060439
v -1.005526 -0.266818 0.132196
v -1.019559 -0.203397 0.150043
v -1.022392 -0.202751 0.141430
v -1.005524 -0.266469 0.101120
v -1.005571 -0.187061 0.152255
v -1.034594 -0.216930 -0.044305
v -1.000876 -0.270505 0.182576
v -0.999429 -0.282214 0.163940
v -1.000057 -0.274093 0.181915
v -0.986902 -0.334558 0.084299
v -0.994347 -0.309132 0.087139
v -0.987603 -0.335137 0.073023
v -0.986289 -0.335638 0.055904
v -1.019758 -0.251775 -0.082305
v -0.977310 -0.334193 0.034981
v -0.976217 -0.284631 0.177553
v -1.010375 -0.308133 -0.067096
v -1.001096 -0.262181 -0.104717
v -1.018387 -0.287012 -0.076356
v -0.978321 -0.236538 0.185410
v 0.908040 -0.220390 0.394997
v 0.937471 -0.162790 0.339957
v 0.942330 -0.169504 0.321292
v 0.945819 -0.174325 0.307889
v 0.952435 -0.183466 0.282477
v 0.894744 -0.308952 0.382943
v 0.891189 -0.278671 0.411574
v 0.901645 -0.319287 0.355962
v 0.916024 -0.366376 0.284657
v 0.904708 -0.355656 0.325223
v 0.908786 -0.330275 0.327868
v 0.903846 -0.322674 0.347303
v 0.949264 -0.290900 0.228646
v 0.967399 -0.204142 0.224996
v 0.954288 -0.265531 0.227318
v 0.952767 -0.274137 0.227941
v 1.001230 -0.195877 0.300232
v 1.037290 -0.217977 0.270630
v 1.022534 -0.219312 0.247620
v 1.040210 -0.243048 0.352878
v 1.040023 -0.238566 0.338066
v 1.026060 -0.224587 0.345978
v 1.003953 -0.195733 0.338922
v 0.992073 -0.183495 0.333253
v 0.986606 -0.175347 0.355534
v 0.996464 -0.197950 0.378246
v 0.947009 -0.288369 0.426111
v 0.963094 -0.232177 0.410097
v 0.961194 -0.308080 0.412414
v 0.973998 -0.177891 0.329948
v 0.983248 -0.314222 0.395181
v 0.997164 -0.291570 0.386429
v 0.999955 -0.260966 0.383301
v 1.005354 -0.277242 0.380406
v 0.998624 -0.304634 0.383161
v 0.991409 -0.317473 0.388601
v 1.021997 -0.324912 0.366259
v 0.903805 -0.319492 0.358049
v 0.979761 -0.315505 0.393592
v 1.017622 -0.326084 0.275474
v 1.022364 -0.296935 0.273781
v 1.023265 -0.304780 0.288418
v 1.020406 -0.320806 0.305860
v 1.022206 -0.309570 0.303611
v 1.023659 -0.295286 0.291285
v 1.023979 -0.286712 0.274016
v 1.040143 -0.235208 0.326890
v 1.035224 -0.253966 0.330488
v 1.034739 -0.257035 0.334462
v 1.016691 -0.337728 0.361378
v 1.010419 -0.367398 0.310794
v 0.985507 -0.298373 0.242246
v 1.007618 -0.278229 0.257682
v 0.996426 -0.273938 0.243637
v 0.963632 -0.322932 0.376617
v 0.983141 -0.313124 0.392785
v 0.995430 -0.292380 0.385119
v 0.999559 -0.265528 0.382431
v 1.003389 -0.277374 0.379533
v 0.996194 -0.303619 0.382404
v 0.989642 -0.315815 0.387615
v 0.905006 -0.319200 0.357210
v 0.979676 -0.313902 0.391307
v 0.962898 -0.321820 0.376976
v 0.906479 -0.319315 0.349492
v 0.993190 -0.282118 0.242687
v 1.006039 -0.287219 0.257983
v 0.954642 -0.267345 0.229353
v 0.953782 -0.272767 0.229856
v 0.993357 -0.280723 0.244187
v 1.005862 -0.285667 0.259002
v 1.021428 -0.294955 0.273986
v 1.022048 -0.287220 0.274022
v 1.006196 -0.279627 0.258269
v 0.995720 -0.275635 0.245064
v 1.022094 -0.302906 0.288301
v 1.018804 -0.316802 0.304349
v 1.020197 -0.308765 0.302392
v 1.021751 -0.295403 0.290187
v 0.995394 -0.188087 0.320930
v 1.020086 -0.215845 0.330835
v 1.018752 -0.285548 0.273624
v 1.020868 -0.293946 0.286182
v 0.945154 -0.171803 0.321603
v 0.947484 -0.175734 0.311790
v 1.037164 -0.238167 0.336718
v 1.023897 -0.224231 0.343277
v 1.002602 -0.197278 0.337095
v 0.991331 -0.184845 0.331996
v 1.032867 -0.253995 0.333494
v 0.973381 -0.179291 0.328879
v 0.993992 -0.188666 0.323125
v 1.018440 -0.216578 0.333101
v 1.036734 -0.235048 0.329019
v 1.033177 -0.251894 0.331496
v 0.039389 -0.269576 0.975800
v 0.062435 -0.247145 0.978074
v 0.066853 -0.188329 0.991786
v 0.121174 -0.181863 0.985844
v 0.054918 -0.347221 0.954741
v 0.114827 -0.365722 0.941945
v 0.205706 -0.272197 1.042193
v 0.220339 -0.235015 1.021954
v 0.177909 -0.219223 1.032505
v 0.077657 -0.204036 1.040606
v 0.127505 -0.189569 1.037114
v 0.100293 -0.371552 1.028874
v 0.068307 -0.317808 1.050685
v 0.071119 -0.357837 1.026710
v 0.072096 -0.248477 1.054045
v 0.204431 -0.294749 1.042098
v 0.132913 -0.313790 1.049487
v 0.146088 -0.388403 1.018412
v 0.192545 -0.349987 1.026982
v 0.197453 -0.346312 1.027755
v 0.219616 -0.294842 0.944706
v 0.170650 -0.333538 0.942058
v 0.133852 -0.374405 0.937197
v 0.164145 -0.197322 0.976133
v 0.213768 -0.215175 0.964918
v 0.148982 -0.209293 1.032883
v 0.065293 -0.294511 1.059040
v 0.160465 -0.214264 1.029612
v 0.068857 -0.282652 1.062777
v 0.142759 -0.390886 1.017167
v 0.140472 -0.389874 1.018473
v -0.819760 -0.345689 -0.500284
v -0.765381 -0.390484 -0.560408
v -0.737388 -0.353127 -0.610654
v -0.843895 -0.250183 -0.497751
v -0.850720 -0.289590 -0.475824
v -0.830979 -0.231992 -0.521239
v -0.803891 -0.163332 -0.580243
v -0.825027 -0.185666 -0.544181
v -0.817612 -0.212814 -0.545660
v -0.742548 -0.226466 -0.644044
v -0.709394 -0.315770 -0.660901
v -0.770885 -0.358078 -0.632197
v -0.774035 -0.334750 -0.680466
v -0.750792 -0.321405 -0.684326
v -0.848761 -0.340218 -0.627572
v -0.797427 -0.394591 -0.583669
v -0.828666 -0.382805 -0.575965
v -0.883801 -0.297901 -0.505171
v -0.853856 -0.351938 -0.528648
v -0.888339 -0.277065 -0.525512
v -0.887271 -0.259284 -0.604259
v -0.887037 -0.243503 -0.603429
v -0.816438 -0.224229 -0.661267
v -0.858922 -0.194283 -0.632287
v -0.764612 -0.231472 -0.658049
v 0.879383 -0.345306 -0.389724
v 0.894523 -0.369414 -0.308064
v 0.904510 -0.348839 -0.288248
v 0.915938 -0.366932 -0.226707
v 0.938042 -0.310528 -0.192985
v 0.946875 -0.263761 -0.202121
v 0.964832 -0.203878 -0.187851
v 0.962643 -0.160797 -0.236614
v 0.941732 -0.167306 -0.312249
v 0.934207 -0.155393 -0.352770
v 0.909492 -0.241007 -0.369429
v 0.999553 -0.345737 -0.420864
v 1.022664 -0.367689 -0.345802
v 1.038753 -0.372310 -0.242890
v 1.027744 -0.362507 -0.282633
v 1.071865 -0.337729 -0.291258
v 1.080347 -0.354043 -0.245244
v 1.092098 -0.285822 -0.235574
v 1.071172 -0.216100 -0.270375
v 1.032078 -0.219941 -0.205060
v 1.031551 -0.178646 -0.377683
v 1.052285 -0.254977 -0.382780
v 1.096120 -0.308124 -0.232801
v 1.053335 -0.178858 -0.321804
v 1.046771 -0.276118 -0.391898
v 1.053201 -0.308458 -0.360658
v 1.016086 -0.336093 -0.421099
v 1.060245 -0.310979 -0.341103
v 0.901942 -0.256795 -0.574600
v 0.954462 -0.216377 -0.541769
v 0.967675 -0.245341 -0.487829
v 0.907164 -0.308781 -0.486729
v 0.871259 -0.336368 -0.491773
v 0.835166 -0.344480 -0.536942
v 0.836849 -0.318832 -0.586478
v 0.848553 -0.309489 -0.599383
v 0.841785 -0.296600 -0.615292
v 0.908032 -0.226398 -0.592097
v 0.901476 -0.214891 -0.409468
v 0.960480 -0.225637 -0.448075
v 0.889469 -0.169814 -0.535847
v 0.851314 -0.153617 -0.515643
v 0.834958 -0.328397 -0.469437
v 0.802916 -0.338002 -0.517029
v 0.869066 -0.284710 -0.432662
v 0.871585 -0.266245 -0.436271
v 0.774793 -0.289330 -0.582499
v 0.826012 -0.298675 -0.613339
v 0.933589 -0.187549 -0.574169
v 0.913259 -0.299790 -0.482576
v 0.755305 -0.305168 0.597973
v 0.708654 -0.320987 0.647451
v 0.653353 -0.339740 0.706105
v 0.673749 -0.217193 0.721923
v 0.699463 -0.217737 0.691650
v 0.718617 -0.196141 0.676226
v 0.748312 -0.188842 0.643834
v 0.792581 -0.185788 0.593008
v 0.810524 -0.192416 0.568380
v 0.825877 -0.236508 0.537609
v 0.786855 -0.156882 0.609072
v 0.875353 -0.242159 0.684440
v 0.902878 -0.259671 0.664900
v 0.916531 -0.238306 0.638024
v 0.900287 -0.205864 0.668532
v 0.877952 -0.173959 0.688906
v 0.870692 -0.181314 0.703535
v 0.802537 -0.229804 0.764741
v 0.821983 -0.223927 0.744837
v 0.832107 -0.208648 0.709237
v 0.648149 -0.234198 0.746379
v 0.729160 -0.232527 0.769264
v 0.904758 -0.282161 0.637600
v 0.882893 -0.303433 0.656302
v 0.895839 -0.255868 0.597382
v 0.824717 -0.304999 0.705961
v 0.761080 -0.352826 0.741262
v 0.744746 -0.346085 0.781628
v 0.628138 -0.326138 0.740022
v 0.599171 -0.338941 0.769780
v 0.589021 -0.318269 0.788355
v 0.606010 -0.216195 0.801531
v 0.637911 -0.216665 0.764040
v 0.663544 -0.319634 0.851784
v 0.683590 -0.253740 0.868014
v 0.666812 -0.233020 0.853478
v 0.777203 -0.245821 0.810311
v 0.852273 -0.275807 0.696141
v 0.775599 -0.317082 0.772877
v 0.796644 -0.312584 0.743949
v 0.708755 -0.242958 0.845199
v 0.733010 -0.239821 0.820808
v 0.745801 -0.242935 0.828443
v 0.694929 -0.354681 0.828373
v 0.717515 -0.291729 0.841497
v 0.735335 -0.315951 0.821104
v 0.778284 -0.345918 0.702662
v -0.834917 -0.325519 -0.461831
v -0.818703 -0.362759 -0.474147
v -0.887503 -0.367529 -0.482088
v -0.945110 -0.358420 -0.465537
v -0.877137 -0.355151 -0.293748
v -0.897072 -0.320466 -0.266679
v -1.006002 -0.370563 -0.334692
v -0.860546 -0.295227 -0.411664
v -0.879904 -0.245644 -0.402460
v -0.893692 -0.245644 -0.357963
v -0.913173 -0.203417 -0.340459
v -0.924769 -0.193063 -0.314161
v -0.941661 -0.163358 -0.291560
v -0.946286 -0.183232 -0.255284
v -0.956997 -0.194219 -0.208918
v -0.960049 -0.217668 -0.173877
v -0.949203 -0.254681 -0.169115
v -0.947658 -0.298059 -0.127503
v -0.929513 -0.349656 -0.130627
v -0.913015 -0.371310 -0.160608
v -0.913081 -0.338955 -0.195153
v -0.909208 -0.322735 -0.225074
v -0.853304 -0.381263 -0.342609
v -0.842781 -0.383397 -0.374276
v -0.824111 -0.401774 -0.414784
v -1.034799 -0.194363 -0.320421
v -1.051717 -0.378848 -0.228469
v -1.046559 -0.342140 -0.292272
v -1.018554 -0.269769 -0.390852
v -0.941589 -0.322206 -0.436777
v -0.979311 -0.315343 -0.434986
v -0.989057 -0.297123 -0.423109
v -1.011732 -0.377026 -0.156105
v -0.970959 -0.345502 -0.429542
v -0.982473 -0.309649 -0.138291
v -0.937226 -0.414457 -0.428135
v -0.956632 -0.416681 -0.403314
v -1.059776 -0.276541 -0.191859
v -1.084477 -0.241677 -0.261637
v -1.090643 -0.263320 -0.213249
v -1.061339 -0.213019 -0.333223
v -1.104137 -0.272850 -0.264206
v -1.108793 -0.284007 -0.244838
v -1.044538 -0.306850 -0.328257
v -1.079157 -0.340157 -0.259713
v -1.066042 -0.369045 -0.204846
v -1.107880 -0.299164 -0.219918
v -1.069746 -0.336793 -0.170737
v -0.685460 -0.169657 -0.709580
v -0.577229 -0.183290 -0.795589
v -0.667589 -0.215481 -0.904407
v -0.714520 -0.228477 -0.927417
v -0.743920 -0.232177 -0.901844
v -0.793415 -0.208116 -0.839588
v -0.789733 -0.358034 -0.823653
v -0.647430 -0.339462 -0.690545
v -0.711549 -0.268866 -0.658253
v -0.771471 -0.290038 -0.744920
v -0.794616 -0.344572 -0.824743
v -0.551247 -0.335405 -0.771808
v -0.566050 -0.216058 -0.795112
v -0.606055 -0.366222 -0.716993
v -0.727190 -0.409376 -0.862874
v -0.727185 -0.409374 -0.862879
v -0.650864 -0.370893 -0.891774
v -0.684230 -0.300394 -0.922604
v -0.694458 -0.246886 -0.936255
v -0.742270 -0.406262 -0.851252
v -0.758001 -0.364715 -0.850561
v -0.779629 -0.281912 -0.855822
v -0.452937 -0.397374 1.071879
v -0.449472 -0.344553 1.090315
v -0.483954 -0.336789 1.114991
v -0.486765 -0.387505 1.077824
v -0.426114 -0.219532 0.883776
v -0.356451 -0.255806 0.901031
v -0.369474 -0.332694 0.870880
v -0.469128 -0.283103 0.845459
v -0.524139 -0.325735 0.977941
v -0.504835 -0.294117 0.966186
v -0.459569 -0.259037 0.857172
v -0.422365 -0.373682 0.998254
v -0.565519 -0.344098 1.072146
v -0.509755 -0.307066 1.004120
v -0.476561 -0.282558 1.017149
v -0.526415 -0.330965 1.095922
v -0.429789 -0.329298 1.042912
v -0.488760 -0.312537 1.070944
v -0.359915 -0.308627 0.882594
v -0.405307 -0.293667 1.018688
v -0.388682 -0.330921 0.951872
v -0.472028 -0.255114 0.994349
v -0.525702 -0.389665 1.112964
v -0.504928 -0.344694 1.136061
v -0.538748 -0.348866 1.121693
v -0.572568 -0.353038 1.107324
v 0.633086 -0.211903 -0.754831
v 0.662129 -0.270729 -0.704760
v 0.717314 -0.270424 -0.803097
v 0.782352 -0.281418 -0.902363
v 0.777462 -0.271919 -0.910624
v 0.552281 -0.286314 -0.794487
v 0.573598 -0.245612 -0.792846
v 0.706977 -0.305906 -0.958158
v 0.642822 -0.310086 -0.880864
v 0.636137 -0.341479 -0.876636
v 0.603074 -0.335969 -0.729198
v 0.570001 -0.332118 -0.759789
v 0.680172 -0.393892 -0.892451
v 0.730300 -0.409779 -0.894245
v 0.741280 -0.411057 -0.884089
v 0.614981 -0.305755 -0.731412
v 0.638485 -0.303624 -0.711709
v 0.648114 -0.294829 -0.706954
v 0.611015 -0.223506 -0.769312
v 0.585655 -0.236231 -0.786207
v 0.793694 -0.363182 -0.858203
v 0.810004 -0.335136 -0.855650
v 0.666309 -0.267956 -0.878426
v 0.725902 -0.289671 -0.948371
v 0.682171 -0.353272 -0.960068
v 0.759229 -0.283100 -0.921920
v 0.785468 -0.322142 -0.882588
v 0.771247 -0.383685 -0.869289
v 0.691709 -0.377929 -0.941390
v 0.691633 -0.259857 -0.856360
v 0.952313 -0.229577 0.126745
v 0.940102 -0.271243 0.078828
v 0.914271 -0.343119 0.106970
v 0.914010 -0.330853 0.210724
v 0.924830 -0.299768 0.206720
v 0.935530 -0.272510 0.175043
v 0.945624 -0.243576 0.170778
v 1.109112 -0.276388 0.136407
v 1.144645 -0.314265 0.118718
v 1.137547 -0.337429 0.099276
v 1.131892 -0.340736 0.204405
v 1.145223 -0.302974 0.195187
v 0.991365 -0.369604 0.109001
v 1.112218 -0.404751 0.152011
v 1.112522 -0.400988 0.174909
v 1.091625 -0.391694 0.218364
v 1.149523 -0.292606 0.177797
v 1.120819 -0.370277 0.226574
v 1.124751 -0.372785 0.117106
v 0.950111 -0.245442 0.161760
v 1.049232 -0.279395 0.166023
v 1.107264 -0.291553 0.101303
v 0.964384 -0.210561 0.107710
v 0.961401 -0.227877 0.039170
v 1.109608 -0.273230 0.052746
v 1.112691 -0.235981 0.010709
v 0.908479 -0.382758 0.036115
v 0.913143 -0.359258 0.114841
v 0.982059 -0.177667 -0.041247
v 0.980371 -0.185981 -0.068221
v 0.935266 -0.324848 -0.125467
v 1.084077 -0.353738 0.145156
v 1.056349 -0.408312 0.121001
v 1.025265 -0.422762 0.041139
v 1.102145 -0.288803 -0.086664
v 1.093299 -0.224457 -0.063849
v 1.105005 -0.225823 -0.007876
v 1.087849 -0.341259 -0.080867
v 1.098319 -0.309592 -0.095016
v 1.077894 -0.372775 0.137308
v 1.069606 -0.345152 -0.110767
v 1.055567 -0.366056 -0.120293
v 0.977234 -0.172910 0.067516
v 0.977451 -0.175560 0.041376
v 0.988513 -0.148235 0.001798
v 0.979643 -0.178172 -0.030393
v 0.958628 -0.222054 0.108719
v 0.943664 -0.268157 0.089472
v 1.018617 -0.281446 -0.020871
v 1.001262 -0.269772 -0.050790
v 1.013081 -0.235797 -0.038899
v 1.027249 -0.166129 0.003738
v 1.020738 -0.189238 -0.031208
v 1.015271 -0.267446 0.096805
v 1.035615 -0.220694 0.079074
v 1.015767 -0.242018 0.103623
v 1.038371 -0.186832 0.033736
v 1.018533 -0.292494 -0.006147
v 1.029812 -0.258583 0.042814
v 1.003268 -0.304070 0.083809
v 1.006910 -0.313223 0.035174
v 1.007185 -0.314384 0.030280
v 0.938360 -0.296089 -0.009660
v 0.939711 -0.285883 0.040198
v 0.938344 -0.284231 0.085139
v 0.968467 -0.212359 -0.042811
v 0.955561 -0.251837 -0.057151
v 1.016383 -0.210980 -0.034661
v 1.042727 -0.207092 0.065758
v 1.012844 -0.220516 -0.037426
v 1.045545 -0.203300 0.056336
v 1.002496 -0.303234 0.087155
v 1.003733 -0.301363 0.087662
v 1.065991 -0.283435 0.086587
v 1.067359 -0.285952 0.060468
v 1.081876 -0.259077 0.021706
v 1.072965 -0.288299 -0.011124
v 1.043543 -0.348610 0.041437
v 1.042658 -0.331680 0.126422
v 1.026128 -0.376770 0.106086
v 1.105616 -0.393640 -0.000531
v 1.090445 -0.380854 -0.031173
v 1.103529 -0.347657 -0.018439
v 1.119412 -0.279120 0.025409
v 1.113371 -0.301641 -0.010002
v 1.097212 -0.380105 0.116947
v 1.120979 -0.334470 0.100620
v 1.098781 -0.354781 0.123987
v 1.127862 -0.300573 0.055750
v 1.104187 -0.404745 0.014081
v 1.114887 -0.371780 0.063812
v 1.083852 -0.415930 0.103079
v 1.089390 -0.425012 0.054609
v 1.089843 -0.426161 0.049726
v 1.024211 -0.403832 0.006591
v 1.023649 -0.393984 0.056535
v 1.020145 -0.392499 0.101367
v 1.060536 -0.321740 -0.024355
v 1.046183 -0.360357 -0.039634
v 1.107990 -0.323087 -0.013842
v 1.129489 -0.321216 0.087782
v 1.104069 -0.332395 -0.016856
v 1.132978 -0.317537 0.078542
v 1.082962 -0.415071 0.106389
v 1.084274 -0.413274 0.106972
v 0.418366 -0.383627 0.818449
v 0.345468 -0.362495 0.854774
v 0.347739 -0.263902 0.893422
v 0.472783 -0.219852 0.863298
v 0.481237 -0.257911 0.844813
v 0.456106 -0.307080 0.834708
v 0.463353 -0.342807 0.817620
v 0.495835 -0.464405 1.001451
v 0.483119 -0.469145 1.071545
v 0.450908 -0.453359 1.090180
v 0.570988 -0.390595 1.069453
v 0.576227 -0.439271 1.047941
v 0.381833 -0.302304 0.987662
v 0.483512 -0.346222 1.120663
v 0.511552 -0.337718 1.113357
v 0.554666 -0.306167 1.078298
v 0.527236 -0.281565 1.008630
v 0.504312 -0.285107 1.012274
v 0.524027 -0.277470 1.001968
v 0.560496 -0.460969 1.045256
v 0.584172 -0.344128 1.083039
v 0.456672 -0.402692 1.108401
v 0.536219 -0.299737 0.990077
v 0.283282 -0.252653 0.930428
v 0.312535 -0.206927 0.932636
v 0.354337 -0.202543 0.916349
v 0.388183 -0.178675 0.909644
v 0.422727 -0.200872 0.887950
v 0.433032 -0.254391 0.866522
v 0.328131 -0.328369 0.887306
v 0.339321 -0.269052 1.024690
v 0.357387 -0.258763 1.023858
v 0.361757 -0.250980 1.024515
v 0.368497 -0.216953 0.955426
v 0.452263 -0.236001 0.986105
v 0.470081 -0.279389 0.960523
v 0.425303 -0.224617 1.002716
v 0.417318 -0.319184 0.966923
v 0.406275 -0.249805 1.003573
v 0.375606 -0.360963 0.975374
v 0.313730 -0.369931 0.871356
v 0.251066 -0.344751 0.908325
v 0.237477 -0.277996 0.938988
v 0.304491 -0.241130 0.923023
v 0.324693 -0.246036 0.912291
v 0.351220 -0.242126 0.902024
v 0.373548 -0.297481 0.871715
v 0.359166 -0.332543 0.865110
v 0.407977 -0.406041 1.069281
v 0.388284 -0.423285 1.071938
v 0.373897 -0.418298 1.088133
v 0.433416 -0.349665 1.085555
v 0.424785 -0.329462 1.094608
v 0.404650 -0.337704 1.099104
v 0.379792 -0.321682 1.096094
v 0.333323 -0.342121 1.119004
v 0.327417 -0.356169 1.118049
v 0.343581 -0.413583 1.104772
v 0.441722 -0.379015 1.063165
v 0.416534 -0.374359 1.003387
v 0.443891 -0.361092 1.066606
v 0.321132 -0.338171 1.094905
v 0.374260 -0.283880 1.023238
v 0.271339 -0.322650 0.993563
v 0.271899 -0.316615 0.997749
v 0.264131 -0.298612 0.993217
v 0.422888 -0.399627 1.065109
v 0.277268 -0.295055 0.996388
v 0.522120 -0.287541 1.003016
v -0.038057 -0.337875 0.970534
v -0.068441 -0.379334 0.953965
v -0.129507 -0.375057 0.941701
v -0.182251 -0.341328 0.937135
v -0.243154 -0.360964 0.913633
v -0.301546 -0.351099 0.904275
v -0.327759 -0.304680 0.908049
v -0.302382 -0.244241 0.928694
v -0.295572 -0.169435 0.943888
v -0.257376 -0.135239 0.965174
v -0.222107 -0.133234 0.973497
v -0.199366 -0.149627 0.971659
v -0.185124 -0.156208 0.971199
v -0.172191 -0.153881 0.976197
v -0.158976 -0.150686 0.982093
v -0.148954 -0.141446 0.986496
v -0.126558 -0.140981 0.991701
v -0.105109 -0.142404 0.996318
v -0.090511 -0.160673 0.995526
v -0.066922 -0.180545 0.996959
v -0.060485 -0.215123 0.990804
v -0.042649 -0.248104 0.990759
v -0.041307 -0.287557 0.981144
v -0.089841 -0.289948 1.039402
v -0.151022 -0.265422 1.080674
v -0.138883 -0.280482 1.080236
v -0.106762 -0.237838 1.041149
v -0.091808 -0.303432 1.033414
v -0.143231 -0.308214 1.073058
v -0.272819 -0.258550 1.001011
v -0.289121 -0.298010 0.988019
v -0.264689 -0.294784 1.046653
v -0.254420 -0.269376 1.054801
v -0.156802 -0.242688 1.084488
v -0.142794 -0.191464 1.046722
v -0.168306 -0.232460 1.083995
v -0.272077 -0.328273 0.985464
v -0.253789 -0.314299 1.044937
v -0.176077 -0.232619 1.083423
v -0.197900 -0.226661 1.078097
v -0.237000 -0.320477 1.043873
v -0.190189 -0.328574 0.982996
v -0.203613 -0.310649 1.057896
v -0.218108 -0.222527 1.074172
v -0.222683 -0.184336 1.028885
v -0.219092 -0.222645 1.074208
v -0.147712 -0.344969 1.012352
v -0.181308 -0.324768 1.060154
v -0.120236 -0.346617 1.017989
v -0.156138 -0.325983 1.065990
v -0.244386 -0.204687 1.052334
v -0.276939 -0.217560 1.008827
v -0.256677 -0.243131 1.060109
v -0.239899 -0.222182 1.068260
v -0.172936 -0.239255 1.082710
v -0.178900 -0.238509 1.081438
v -0.179857 -0.240989 1.073588
v -0.174665 -0.241639 1.074696
v -0.161382 -0.249758 1.083147
v -0.158537 -0.267518 1.079862
v -0.165859 -0.245966 1.082920
v -0.191471 -0.235490 1.079049
v -0.220162 -0.228435 1.074946
v -0.220136 -0.228097 1.075131
v -0.234131 -0.230317 1.069305
v -0.248070 -0.247130 1.062668
v -0.246149 -0.269779 1.058155
v -0.254960 -0.291590 1.051156
v -0.246272 -0.307151 1.049786
v -0.221107 -0.309925 1.055258
v -0.202948 -0.303723 1.061036
v -0.183107 -0.316277 1.063037
v -0.162236 -0.317282 1.067864
v -0.152007 -0.303298 1.073460
v -0.148261 -0.280108 1.079541
v -0.246073 -0.287200 1.047225
v -0.238402 -0.268212 1.053318
v -0.165350 -0.309567 1.061771
v -0.183520 -0.308692 1.057569
v -0.162130 -0.266244 1.072216
v -0.153184 -0.277204 1.071936
v -0.240075 -0.248494 1.057247
v -0.227940 -0.233857 1.063025
v -0.200793 -0.297762 1.055827
v -0.216602 -0.303162 1.050796
v -0.168504 -0.247481 1.074878
v -0.215756 -0.231924 1.068097
v -0.190802 -0.238361 1.071508
v -0.215779 -0.232219 1.067936
v -0.238509 -0.300747 1.046033
v -0.156445 -0.297392 1.066643
v -0.164607 -0.250782 1.075076
v -0.613703 -0.320571 0.966164
v -0.577144 -0.311832 0.990727
v -0.587287 -0.295893 1.019631
v -0.620755 -0.297768 0.981970
v -0.466234 -0.212867 0.865592
v -0.464907 -0.275464 0.850448
v -0.521051 -0.281915 0.814504
v -0.524485 -0.192869 0.835103
v -0.585554 -0.218348 0.935065
v -0.555151 -0.216122 0.928739
v -0.504900 -0.195157 0.846485
v -0.579765 -0.306412 0.910612
v -0.621610 -0.231073 1.009550
v -0.568845 -0.230591 0.954227
v -0.539660 -0.248310 0.960192
v -0.598732 -0.260108 1.018943
v -0.555293 -0.302715 0.954959
v -0.569190 -0.269323 0.995058
v -0.501466 -0.284203 0.825886
v -0.519142 -0.298092 0.939224
v -0.533400 -0.297527 0.878158
v -0.517203 -0.234132 0.949023
v -0.640300 -0.285936 1.017272
v -0.602635 -0.292498 1.038609
v -0.617906 -0.267192 1.036595
v -0.633176 -0.241886 1.034582
v -0.638508 -0.340322 0.716431
v -0.689082 -0.327306 0.670090
v -0.749034 -0.311876 0.615155
v -0.725434 -0.200020 0.666294
v -0.697676 -0.216611 0.689364
v -0.676718 -0.206604 0.712423
v -0.644561 -0.217706 0.741181
v -0.596723 -0.242213 0.781964
v -0.576033 -0.260612 0.796312
v -0.561425 -0.314543 0.798481
v -0.602533 -0.209257 0.784513
v -0.703721 -0.285825 0.852944
v -0.691604 -0.314994 0.874122
v -0.659715 -0.307424 0.891179
v -0.677772 -0.264000 0.885230
v -0.686227 -0.222727 0.872705
v -0.702223 -0.222983 0.864652
v -0.773727 -0.230671 0.790015
v -0.753558 -0.236523 0.809193
v -0.715250 -0.236382 0.820843
v -0.753294 -0.201338 0.638641
v -0.776768 -0.213119 0.718637
v -0.672991 -0.344663 0.868839
v -0.696873 -0.352650 0.843418
v -0.626240 -0.331083 0.864570
v -0.742731 -0.323623 0.789497
v -0.789618 -0.340042 0.717975
v -0.825224 -0.316972 0.706073
v -0.776084 -0.282321 0.596023
v -0.807525 -0.277269 0.566453
v -0.818218 -0.249923 0.562809
v -0.798560 -0.156753 0.605405
v -0.764122 -0.177129 0.634080
v -0.880875 -0.250013 0.637995
v -0.875763 -0.189727 0.674693
v -0.854889 -0.171127 0.662841
v -0.821277 -0.224477 0.764021
v -0.724892 -0.307031 0.822880
v -0.808554 -0.301051 0.742655
v -0.780324 -0.311424 0.762541
v -0.851433 -0.193468 0.700463
v -0.828027 -0.204464 0.723362
v -0.836623 -0.208141 0.735372
v -0.870809 -0.297414 0.658321
v -0.863767 -0.241444 0.696571
v -0.852709 -0.274556 0.706647
v -0.751347 -0.350296 0.734220
v -0.905516 -0.188326 0.366077
v -0.886444 -0.249672 0.373434
v -0.904039 -0.294953 0.308123
v -0.950509 -0.227907 0.242848
v -0.946622 -0.203862 0.265345
v -0.930377 -0.198167 0.304899
v -0.926512 -0.176079 0.326218
v -1.051983 -0.218867 0.433046
v -1.084732 -0.259482 0.450020
v -1.077409 -0.289654 0.449043
v -1.125539 -0.235000 0.372942
v -1.118832 -0.208168 0.403335
v -0.975904 -0.314360 0.341408
v -1.105910 -0.317654 0.369302
v -1.116096 -0.301966 0.355565
v -1.117468 -0.270850 0.317601
v -1.110219 -0.208921 0.422141
v -1.137603 -0.247817 0.338635
v -1.087947 -0.309748 0.414160
v -0.926327 -0.182481 0.334213
v -1.019500 -0.206446 0.375930
v -1.038465 -0.250807 0.449256
v -0.899380 -0.182578 0.394342
v -0.869293 -0.234644 0.431632
v -1.010291 -0.262005 0.491444
v -0.979449 -0.253784 0.537762
v -0.878179 -0.367021 0.335739
v -0.912498 -0.304171 0.295194
v -0.829311 -0.236212 0.520028
v -0.817570 -0.257968 0.533753
v -0.800697 -0.406442 0.486146
v -1.062577 -0.279325 0.379019
v -1.047112 -0.338794 0.355466
v -0.987958 -0.395257 0.384891
v -0.941273 -0.351497 0.574877
v -0.923413 -0.285363 0.581699
v -0.960709 -0.255621 0.550134
v -0.950542 -0.392515 0.539931
v -0.941202 -0.373542 0.569348
v -1.060264 -0.299678 0.372494
v -0.922580 -0.412525 0.547655
v -0.913780 -0.435528 0.536777
v -0.877139 -0.172805 0.445412
v -0.865401 -0.189324 0.462137
v -0.845551 -0.187891 0.507296
v -0.832867 -0.230745 0.511006
v -0.899178 -0.191764 0.385297
v -0.893466 -0.241189 0.369662
v -0.904023 -0.311108 0.483549
v -0.871454 -0.318086 0.498487
v -0.875173 -0.282901 0.512037
v -0.883675 -0.200976 0.521430
v -0.869204 -0.239575 0.531344
v -0.954252 -0.235057 0.407732
v -0.945929 -0.205215 0.451938
v -0.949319 -0.210041 0.414302
v -0.914364 -0.201641 0.498848
v -0.914942 -0.312293 0.468776
v -0.936423 -0.256884 0.456831
v -0.950747 -0.273066 0.393687
v -0.932947 -0.307267 0.424927
v -0.931165 -0.310911 0.427913
v -0.850142 -0.318929 0.421766
v -0.872186 -0.283073 0.393129
v -0.892558 -0.257121 0.362537
v -0.829477 -0.266382 0.498107
v -0.825561 -0.307534 0.483212
v -0.871433 -0.259748 0.521769
v -0.940466 -0.200971 0.471045
v -0.870492 -0.269316 0.517445
v -0.936814 -0.202896 0.480743
v -0.951483 -0.270552 0.391315
v -0.952085 -0.268682 0.392511
v -0.995378 -0.252948 0.438083
v -0.984529 -0.269321 0.455537
v -0.968003 -0.267743 0.502011
v -0.954729 -0.310350 0.506438
v -0.977471 -0.332666 0.427377
v -1.012648 -0.272005 0.376459
v -1.004802 -0.321211 0.361062
v -1.022044 -0.391991 0.473593
v -0.990492 -0.398387 0.490803
v -0.995905 -0.363366 0.504202
v -1.006762 -0.281687 0.513314
v -0.992239 -0.320039 0.524075
v -1.068277 -0.316545 0.394693
v -1.063770 -0.286795 0.439511
v -1.064349 -0.291471 0.401708
v -1.035732 -0.282849 0.488582
v -1.031848 -0.393313 0.458070
v -1.053566 -0.338287 0.444852
v -1.062984 -0.354392 0.380772
v -1.046762 -0.388402 0.413062
v -1.045123 -0.392026 0.416153
v -0.963719 -0.398350 0.415808
v -0.984394 -0.362787 0.385816
v -1.003054 -0.337081 0.353952
v -0.949681 -0.345834 0.493662
v -0.943852 -0.386811 0.478909
v -0.993356 -0.340198 0.514277
v -1.059781 -0.282552 0.458979
v -0.991908 -0.349719 0.509991
v -1.056795 -0.284458 0.468906
v -1.063599 -0.351880 0.378364
v -1.064324 -0.350030 0.379522
v -0.427629 -0.148400 -0.890085
v -0.474075 -0.199815 -0.856675
v -0.434546 -0.288186 -0.854625
v -0.324067 -0.272786 -0.909434
v -0.332343 -0.234544 -0.914417
v -0.370015 -0.201092 -0.904658
v -0.378300 -0.165498 -0.909026
v -0.506131 -0.180849 -1.066834
v -0.546373 -0.220533 -1.099478
v -0.564422 -0.249097 -1.084515
v -0.450477 -0.252858 -1.136510
v -0.465233 -0.206414 -1.140380
v -0.476581 -0.308361 -0.940949
v -0.498915 -0.331791 -1.095827
v -0.474668 -0.327092 -1.108160
v -0.416850 -0.318774 -1.108774
v -0.389182 -0.301791 -1.044456
v -0.406105 -0.306613 -1.032163
v -0.385909 -0.301480 -1.037462
v -0.485330 -0.193706 -1.133988
v -0.422781 -0.289147 -1.140987
v -0.540718 -0.292543 -1.085593
v -0.386058 -0.276866 -1.044596
v -0.481856 -0.331400 -0.829793
v -0.440292 -0.357084 -0.838700
v -0.406435 -0.341377 -0.856166
v -0.370510 -0.346130 -0.868728
v -0.353348 -0.310952 -0.885169
v -0.367876 -0.260139 -0.893719
v -0.479222 -0.245409 -0.854784
v -0.498848 -0.361576 -0.925058
v -0.482219 -0.364022 -0.933963
v -0.475621 -0.368691 -0.935232
v -0.423009 -0.350764 -0.891583
v -0.397909 -0.336604 -0.969834
v -0.400626 -0.288597 -0.978403
v -0.414469 -0.359851 -0.958360
v -0.456324 -0.277121 -0.957182
v -0.439959 -0.347541 -0.952691
v -0.507556 -0.262994 -0.945011
v -0.503882 -0.211366 -0.846879
v -0.542379 -0.263597 -0.819610
v -0.526382 -0.329390 -0.810695
v -0.459876 -0.330222 -0.836732
v -0.446189 -0.316237 -0.845366
v -0.424105 -0.307073 -0.856196
v -0.428810 -0.247247 -0.868185
v -0.453867 -0.222942 -0.863926
v -0.554167 -0.278842 -1.031729
v -0.576401 -0.273092 -1.024581
v -0.589000 -0.288949 -1.022912
v -0.514962 -0.320633 -1.043336
v -0.512661 -0.341428 -1.037496
v -0.530937 -0.342927 -1.028767
v -0.535242 -0.357636 -1.006326
v -0.583606 -0.367295 -0.993680
v -0.594458 -0.358556 -0.992841
v -0.611241 -0.308447 -1.010947
v -0.516798 -0.286094 -1.043741
v -0.503174 -0.260745 -0.991717
v -0.507044 -0.299717 -1.042498
v -0.578150 -0.358937 -0.970812
v -0.486073 -0.342867 -0.951371
v -0.554951 -0.322721 -0.875910
v -0.553069 -0.329076 -0.877101
v -0.545639 -0.340425 -0.864675
v -0.540097 -0.277462 -1.037633
v -0.537355 -0.341702 -0.874317
v -0.393076 -0.295682 -1.039399
v -0.317701 -0.303764 -0.917397
v -0.292996 -0.344463 -0.913501
v -0.239158 -0.349040 -0.924907
v -0.190808 -0.326553 -0.940390
v -0.136332 -0.352351 -0.942021
v -0.084916 -0.351608 -0.954994
v -0.059095 -0.314323 -0.968325
v -0.078707 -0.257560 -0.977740
v -0.079635 -0.190814 -0.989542
v -0.113204 -0.155308 -0.994374
v -0.144142 -0.148715 -0.988903
v -0.163907 -0.160140 -0.979088
v -0.176041 -0.164053 -0.973594
v -0.187854 -0.160186 -0.973208
v -0.200092 -0.155497 -0.973476
v -0.208454 -0.145981 -0.973788
v -0.228178 -0.142504 -0.970229
v -0.247185 -0.140817 -0.966477
v -0.261026 -0.154913 -0.960303
v -0.283066 -0.169174 -0.952767
v -0.290631 -0.198752 -0.944679
v -0.309262 -0.225268 -0.937625
v -0.312175 -0.259876 -0.928380
v -0.293804 -0.266566 -0.992573
v -0.255839 -0.251871 -1.048022
v -0.267407 -0.263470 -1.043070
v -0.273988 -0.223154 -1.001158
v -0.291913 -0.278789 -0.988062
v -0.265062 -0.288498 -1.038075
v -0.129471 -0.264083 -1.025867
v -0.117050 -0.301093 -1.020023
v -0.156633 -0.293357 -1.059245
v -0.164373 -0.269562 -1.062911
v -0.249541 -0.232633 -1.053690
v -0.240918 -0.187134 -1.019368
v -0.238793 -0.225202 -1.057546
v -0.133815 -0.325410 -1.011271
v -0.167347 -0.309052 -1.053577
v -0.232378 -0.226370 -1.059784
v -0.212229 -0.224161 -1.063201
v -0.181262 -0.312298 -1.046715
v -0.198717 -0.315080 -0.980738
v -0.211646 -0.298941 -1.046723
v -0.194102 -0.223295 -1.067150
v -0.169660 -0.191836 -1.032871
v -0.193340 -0.223525 -1.067520
v -0.245174 -0.323015 -0.989401
v -0.232187 -0.308314 -1.040445
v -0.269403 -0.320709 -0.984373
v -0.254578 -0.305925 -1.036392
v -0.163072 -0.211764 -1.058990
v -0.123500 -0.228547 -1.034655
v -0.160961 -0.246750 -1.068651
v -0.174511 -0.226007 -1.069944
v -0.235523 -0.231785 -1.057948
v -0.230196 -0.231947 -1.059010
v -0.227023 -0.234472 -1.052903
v -0.231660 -0.234331 -1.051979
v -0.246327 -0.239450 -1.054023
v -0.249801 -0.254706 -1.049929
v -0.242157 -0.236725 -1.055490
v -0.218879 -0.231015 -1.061520
v -0.193498 -0.228706 -1.068350
v -0.193540 -0.228401 -1.068500
v -0.180572 -0.232338 -1.068585
v -0.169284 -0.249050 -1.067635
v -0.172230 -0.268738 -1.062746
v -0.165588 -0.289164 -1.059594
v -0.174128 -0.301679 -1.055075
v -0.196593 -0.300665 -1.050689
v -0.212362 -0.292705 -1.049213
v -0.230631 -0.301039 -1.043622
v -0.249193 -0.299056 -1.040251
v -0.257513 -0.285331 -1.041578
v -0.259589 -0.264386 -1.045781
v -0.170776 -0.284284 -1.053411
v -0.176559 -0.266501 -1.056155
v -0.243561 -0.292896 -1.036572
v -0.227401 -0.294622 -1.039507
v -0.244090 -0.254286 -1.044997
v -0.252611 -0.262713 -1.041386
v -0.173994 -0.249362 -1.060412
v -0.183821 -0.234812 -1.061239
v -0.211497 -0.287367 -1.044374
v -0.197768 -0.294296 -1.045659
v -0.237436 -0.238631 -1.049838
v -0.195110 -0.231385 -1.061165
v -0.217170 -0.233661 -1.055088
v -0.195074 -0.231650 -1.061034
v -0.178211 -0.295179 -1.049477
v -0.250804 -0.280946 -1.037727
v -0.241066 -0.241004 -1.048561
v 0.183208 -0.199968 -0.959099
v 0.151200 -0.255596 -0.951211
v 0.201494 -0.317494 -0.934949
v 0.296283 -0.273557 -0.935122
v 0.282309 -0.244277 -0.941960
v 0.243234 -0.227260 -0.948631
v 0.229714 -0.200171 -0.955008
v 0.197999 -0.223701 -1.120618
v 0.190860 -0.261013 -1.160203
v 0.179919 -0.289726 -1.155645
v 0.281109 -0.260653 -1.152409
v 0.259986 -0.226421 -1.160819
v 0.207251 -0.333285 -1.014740
v 0.252144 -0.339594 -1.139781
v 0.272717 -0.328861 -1.140049
v 0.312304 -0.308846 -1.118984
v 0.240037 -0.221591 -1.163485
v 0.311876 -0.282834 -1.145470
v 0.208451 -0.318940 -1.147632
v 0.221471 -0.204249 -0.959521
v 0.230411 -0.223942 -1.062127
v 0.169426 -0.249174 -1.119993
v 0.158600 -0.186628 -0.968381
v 0.098994 -0.224696 -0.966268
v 0.117536 -0.246785 -1.119156
v 0.065973 -0.224422 -1.116847
v 0.146716 -0.377658 -0.932752
v 0.213999 -0.330389 -0.935961
v 0.006003 -0.200135 -0.979085
v -0.016964 -0.216588 -0.977928
v -0.026080 -0.370492 -0.949184
v 0.231513 -0.296730 -1.105456
v 0.226916 -0.358841 -1.084205
v 0.157250 -0.400861 -1.053645
v -0.009670 -0.305832 -1.111059
v -0.007304 -0.238981 -1.094792
v 0.045625 -0.221495 -1.107623
v 0.012778 -0.355102 -1.103435
v -0.010991 -0.328478 -1.109663
v 0.230263 -0.317827 -1.101515
v -0.013401 -0.370136 -1.085253
v -0.015229 -0.394393 -1.073715
v 0.108117 -0.162226 -0.975747
v 0.084091 -0.172863 -0.975799
v 0.037470 -0.158210 -0.982674
v 0.016604 -0.197491 -0.976953
v 0.163417 -0.197796 -0.964102
v 0.160160 -0.248966 -0.954565
v 0.055240 -0.287628 -1.028506
v 0.024204 -0.287882 -1.009290
v 0.024381 -0.250802 -1.017060
v 0.042648 -0.170185 -1.023346
v 0.016931 -0.203621 -1.019075
v 0.162892 -0.238051 -1.025666
v 0.130525 -0.197217 -1.039768
v 0.161516 -0.211876 -1.023158
v 0.076888 -0.179117 -1.037490
v 0.072630 -0.293464 -1.030057
v 0.108068 -0.244930 -1.037993
v 0.162491 -0.277996 -1.018018
v 0.118908 -0.301412 -1.021847
v 0.114602 -0.304005 -1.022171
v 0.074894 -0.306858 -0.950883
v 0.119034 -0.281513 -0.951901
v 0.161290 -0.266075 -0.951182
v 0.015955 -0.234864 -0.969836
v 0.015205 -0.278023 -0.961618
v 0.020585 -0.225697 -1.017363
v 0.113294 -0.187751 -1.044903
v 0.021091 -0.235951 -1.014973
v 0.103019 -0.186801 -1.047057
v 0.165455 -0.276249 -1.017212
v 0.165292 -0.274188 -1.018217
v 0.155263 -0.250693 -1.077767
v 0.131153 -0.261071 -1.078945
v 0.085253 -0.246203 -1.089318
v 0.063561 -0.285014 -1.083456
v 0.133692 -0.328775 -1.062665
v 0.209254 -0.286367 -1.061295
v 0.204739 -0.337095 -1.050059
v 0.104206 -0.377469 -1.129010
v 0.072017 -0.376657 -1.111810
v 0.073164 -0.339907 -1.120947
v 0.092833 -0.259789 -1.129097
v 0.066467 -0.292763 -1.125211
v 0.212096 -0.328955 -1.121204
v 0.181214 -0.288355 -1.138867
v 0.210903 -0.302689 -1.119778
v 0.127779 -0.269618 -1.140688
v 0.121582 -0.383543 -1.129231
v 0.158075 -0.335726 -1.136724
v 0.210696 -0.368569 -1.112095
v 0.167142 -0.391656 -1.117801
v 0.162832 -0.394213 -1.118300
v 0.118670 -0.393903 -1.049624
v 0.163110 -0.369081 -1.048790
v 0.205432 -0.354073 -1.045969
v 0.061980 -0.322077 -1.074990
v 0.060155 -0.364876 -1.065213
v 0.069720 -0.314794 -1.122438
v 0.164465 -0.278913 -1.145441
v 0.069942 -0.324953 -1.119635
v 0.154360 -0.277939 -1.148278
v 0.213626 -0.366824 -1.111169
v 0.213553 -0.364801 -1.112260
v 0.678692 -0.258204 -0.709854
v 0.701037 -0.285841 -0.674090
v 0.727526 -0.318604 -0.631693
v 0.761028 -0.235537 -0.619164
v 0.745245 -0.225989 -0.641134
v 0.741721 -0.205372 -0.652140
v 0.726461 -0.189480 -0.675580
v 0.700782 -0.170594 -0.712432
v 0.686424 -0.167477 -0.729499
v 0.661627 -0.188936 -0.753064
v 0.715068 -0.155050 -0.700528
v 0.769919 -0.214012 -0.766515
v 0.759158 -0.217794 -0.791497
v 0.746774 -0.195928 -0.800470
v 0.769428 -0.182449 -0.778629
v 0.783957 -0.168280 -0.754223
v 0.791390 -0.177258 -0.748616
v 0.812594 -0.232653 -0.702961
v 0.803658 -0.221760 -0.717905
v 0.783739 -0.202847 -0.726942
v 0.770175 -0.255813 -0.601565
v 0.801340 -0.246696 -0.652974
v 0.737495 -0.227374 -0.801154
v 0.742782 -0.248835 -0.787767
v 0.712525 -0.203025 -0.795752
v 0.765263 -0.268627 -0.741341
v 0.769820 -0.317782 -0.702381
v 0.795196 -0.323669 -0.684104
v 0.747893 -0.319944 -0.606966
v 0.760653 -0.338934 -0.585485
v 0.774538 -0.330144 -0.571830
v 0.802444 -0.260954 -0.561394
v 0.782939 -0.248984 -0.588600
v 0.831559 -0.332056 -0.613550
v 0.856544 -0.287511 -0.611863
v 0.846678 -0.273199 -0.598493
v 0.836292 -0.256371 -0.682288
v 0.768311 -0.242669 -0.755751
v 0.799566 -0.297542 -0.700637
v 0.784589 -0.285562 -0.718247
v 0.847470 -0.271841 -0.630151
v 0.835974 -0.261180 -0.649554
v 0.843108 -0.262821 -0.657752
v 0.816197 -0.346363 -0.645163
v 0.839098 -0.302808 -0.646231
v 0.824884 -0.312465 -0.666061
v 0.747913 -0.302860 -0.718310
v 0.080069 1.011878 0.009965
v 0.039659 1.012366 0.072700
v -0.046149 1.003692 0.074755
v -0.121992 0.991340 0.034515
v -0.207039 0.978096 0.072786
v -0.289264 0.970450 0.066151
v -0.328651 0.959633 0.004629
v -0.296174 0.957174 -0.084576
v -0.291104 0.944287 -0.189563
v -0.238744 0.951868 -0.245102
v -0.189398 0.956600 -0.252696
v -0.157040 0.957737 -0.231280
v -0.136993 0.957789 -0.223001
v -0.118778 0.961392 -0.228713
v -0.100131 0.965758 -0.235961
v -0.086568 0.966089 -0.250376
v -0.055177 0.969332 -0.254102
v -0.025004 0.972749 -0.255062
v -0.003532 0.977270 -0.231315
v 0.030709 0.984029 -0.206773
v 0.041639 0.989681 -0.158992
v 0.068886 1.000930 -0.116384
v 0.072778 1.004893 -0.060516
v 0.013939 1.089308 -0.080554
v -0.066733 1.142014 -0.128112
v -0.048861 1.146005 -0.108634
v -0.013430 1.072034 -0.149037
v 0.011587 1.087496 -0.060202
v -0.053446 1.149038 -0.068975
v -0.244944 1.053292 -0.098078
v -0.265719 1.055493 -0.040058
v -0.224789 1.127069 -0.070483
v -0.211753 1.125401 -0.107741
v -0.076077 1.138225 -0.159366
v -0.066060 1.065061 -0.210891
v -0.092794 1.134971 -0.172128
v -0.240115 1.062428 0.000095
v -0.208413 1.131465 -0.044558
v -0.103525 1.135457 -0.171369
v -0.134684 1.129247 -0.176042
v -0.184981 1.130175 -0.036650
v -0.127973 1.047045 -0.001652
v -0.138131 1.139320 -0.056891
v -0.163289 1.125398 -0.178988
v -0.178681 1.050722 -0.209442
v -0.164626 1.125643 -0.178811
v -0.064444 1.085977 0.005569
v -0.106027 1.144910 -0.040205
v -0.025844 1.089918 0.004229
v -0.070603 1.149273 -0.042106
v -0.203715 1.093245 -0.191975
v -0.253014 1.046743 -0.155080
v -0.216358 1.121547 -0.144383
v -0.194011 1.120797 -0.176042
v -0.098749 1.136868 -0.162475
v -0.107166 1.135785 -0.162674
v -0.109298 1.126724 -0.156003
v -0.101970 1.127667 -0.155830
v -0.081948 1.140158 -0.149331
v -0.076982 1.142970 -0.124718
v -0.088442 1.138925 -0.154035
v -0.124993 1.133269 -0.165116
v -0.165514 1.129222 -0.171486
v -0.165482 1.129317 -0.172011
v -0.185273 1.124746 -0.166041
v -0.203870 1.125294 -0.140572
v -0.199925 1.128713 -0.108978
v -0.211111 1.130138 -0.076994
v -0.198057 1.133642 -0.056321
v -0.162557 1.138191 -0.056020
v -0.137389 1.140387 -0.067359
v -0.108833 1.145347 -0.052519
v -0.079460 1.148948 -0.054094
v -0.065856 1.148795 -0.075258
v -0.061861 1.146346 -0.108457
v -0.199789 1.121807 -0.081412
v -0.190051 1.120567 -0.109257
v -0.085178 1.138183 -0.061476
v -0.110749 1.135048 -0.060105
v -0.083021 1.132979 -0.122959
v -0.069856 1.135918 -0.108803
v -0.193486 1.117591 -0.136762
v -0.177296 1.117113 -0.158934
v -0.135609 1.130730 -0.073024
v -0.157519 1.128819 -0.063153
v -0.092997 1.129457 -0.148482
v -0.160066 1.121093 -0.164131
v -0.124817 1.124534 -0.158129
v -0.160094 1.121010 -0.163674
v -0.188424 1.124858 -0.063415
v -0.073334 1.138050 -0.079901
v -0.087343 1.130531 -0.144387
v 0.011455 1.196454 -0.357060
v 0.023230 1.206078 -0.303108
v 0.055369 1.234755 -0.301420
v 0.045764 1.206451 -0.356809
v 0.064924 0.982429 -0.218986
v -0.014201 0.992945 -0.228738
v -0.023471 0.977038 -0.310294
v 0.089056 0.961612 -0.298635
v 0.112076 1.106232 -0.329459
v 0.105494 1.086897 -0.296394
v 0.086552 0.967894 -0.271030
v -0.001338 1.116082 -0.339930
v 0.134439 1.207690 -0.340882
v 0.101668 1.126605 -0.302674
v 0.076955 1.130155 -0.267335
v 0.099285 1.222402 -0.312342
v 0.014993 1.154331 -0.292079
v 0.072677 1.189049 -0.288659
v -0.025976 0.983320 -0.282689
v 0.006244 1.121383 -0.256113
v -0.013938 1.058946 -0.298808
v 0.084137 1.103133 -0.244713
v 0.077703 1.247533 -0.363715
v 0.070152 1.259964 -0.311029
v 0.102187 1.252221 -0.327806
v 0.134222 1.244478 -0.344582
v 0.172236 1.124966 -0.360144
v 0.137550 1.136101 -0.333892
v 0.145817 1.165084 -0.317039
v 0.183798 1.139949 -0.338664
v 0.110954 0.974082 -0.229988
v 0.088121 0.965250 -0.289571
v 0.143778 0.949173 -0.323179
v 0.177852 0.961321 -0.239175
v 0.196609 1.077189 -0.263539
v 0.172315 1.061606 -0.251866
v 0.156881 0.966262 -0.231818
v 0.161812 1.060574 -0.346604
v 0.204811 1.160019 -0.272594
v 0.172212 1.091323 -0.264648
v 0.137865 1.089631 -0.268985
v 0.170580 1.164587 -0.288779
v 0.130839 1.094642 -0.325174
v 0.146730 1.133732 -0.291476
v 0.122807 0.954115 -0.315822
v 0.104779 1.068153 -0.311208
v 0.132615 1.014705 -0.328563
v 0.126609 1.070789 -0.250322
v 0.197095 1.178277 -0.327603
v 0.156022 1.187464 -0.315535
v 0.180226 1.187883 -0.298458
v 0.204430 1.188302 -0.281381
v 0.141581 0.979207 -0.215628
v 0.129391 0.984621 -0.199268
v 0.133609 0.992203 -0.160583
v 0.099297 0.999392 -0.152281
v 0.122215 0.971719 -0.265090
v 0.081292 0.976570 -0.272648
v 0.052407 1.054475 -0.204137
v 0.041800 1.043723 -0.179000
v 0.071279 1.041127 -0.171888
v 0.135909 1.025231 -0.169598
v 0.105424 1.032780 -0.156415
v 0.107789 1.027798 -0.276881
v 0.135798 1.033142 -0.244208
v 0.126315 1.020072 -0.270205
v 0.139004 1.033836 -0.198814
v 0.051596 1.054861 -0.218899
v 0.095944 1.045455 -0.236678
v 0.076177 1.031169 -0.284425
v 0.051951 1.044771 -0.255837
v 0.049337 1.046138 -0.253067
v 0.022125 0.997451 -0.218548
v 0.049103 0.987025 -0.247464
v 0.067959 0.977774 -0.276880
v 0.069681 1.002609 -0.159130
v 0.035480 1.006325 -0.167039
v 0.089911 1.035150 -0.167635
v 0.141013 1.036991 -0.229226
v 0.081799 1.035616 -0.170016
v 0.140414 1.039669 -0.221215
v 0.077802 1.029794 -0.286303
v 0.079554 1.030107 -0.285809
v -0.149640 0.952833 0.270727
v -0.198692 0.951673 0.234773
v -0.181822 0.971736 0.162828
v -0.085272 0.989927 0.165387
v -0.085088 0.982877 0.195770
v -0.110723 0.971086 0.224935
v -0.111045 0.964416 0.253263
v -0.175174 1.100370 0.311079
v -0.203844 1.141786 0.299832
v -0.224521 1.142575 0.279199
v -0.128642 1.164173 0.266593
v -0.132405 1.154741 0.303892
v -0.197660 1.045670 0.180216
v -0.184562 1.166618 0.209452
v -0.163124 1.170421 0.211036
v -0.118554 1.159843 0.205073
v -0.109216 1.104688 0.194274
v -0.125180 1.099882 0.191083
v -0.108216 1.099126 0.191948
v -0.147049 1.149192 0.315463
v -0.111997 1.174530 0.236074
v -0.212586 1.153302 0.243494
v -0.103382 1.096632 0.211469
v -0.228548 0.974287 0.135203
v -0.199101 0.982502 0.110548
v -0.167843 0.985160 0.119362
v -0.138927 0.990339 0.111817
v -0.117679 0.988690 0.137756
v -0.119665 0.981213 0.179379
v -0.209286 0.965161 0.202764
v -0.225120 1.054028 0.142601
v -0.211109 1.058705 0.139757
v -0.206548 1.060089 0.135382
v -0.173992 1.015738 0.125563
v -0.136524 1.063501 0.151315
v -0.130054 1.055179 0.188471
v -0.154602 1.064919 0.135100
v -0.174686 1.044636 0.202639
v -0.173183 1.060797 0.147706
v -0.213674 1.039076 0.220183
v -0.224703 0.952610 0.230129
v -0.266605 0.954921 0.193571
v -0.265679 0.966550 0.140841
v -0.210448 0.975661 0.133307
v -0.196414 0.975499 0.142745
v -0.176296 0.977166 0.147571
v -0.168942 0.967922 0.194501
v -0.185230 0.961037 0.215963
v -0.232251 1.112622 0.241722
v -0.249623 1.108996 0.248566
v -0.261615 1.114544 0.239421
v -0.206233 1.128083 0.206772
v -0.208648 1.130005 0.189875
v -0.224402 1.126913 0.190291
v -0.234461 1.116082 0.174693
v -0.274710 1.117112 0.174515
v -0.281798 1.115399 0.182802
v -0.283530 1.115283 0.226941
v -0.202720 1.117970 0.231943
v -0.200107 1.071050 0.233334
v -0.197577 1.119867 0.219841
v -0.274347 1.097425 0.173248
v -0.207336 1.065148 0.160321
v -0.272212 1.015170 0.168967
v -0.271433 1.017708 0.164351
v -0.270101 1.011268 0.151375
v -0.220266 1.114351 0.241346
v -0.262019 1.017328 0.151305
v -0.112362 1.099763 0.198103
v 0.232038 0.964255 -0.185962
v 0.200794 0.972162 -0.201452
v 0.227455 1.023105 -0.190730
v 0.255238 1.055430 -0.162583
v 0.200485 0.974224 -0.041571
v 0.229000 0.967182 -0.013401
v 0.250163 1.077556 -0.042691
v 0.255942 0.958653 -0.137989
v 0.297814 0.947976 -0.123702
v 0.296140 0.948896 -0.084500
v 0.331435 0.940003 -0.063816
v 0.339261 0.938277 -0.039357
v 0.363703 0.932234 -0.015744
v 0.345417 0.937340 0.013739
v 0.334318 0.940706 0.053219
v 0.313035 0.946570 0.081168
v 0.281341 0.954781 0.080751
v 0.242842 0.965149 0.112006
v 0.199027 0.976393 0.102824
v 0.181718 0.980519 0.073712
v 0.210566 0.972713 0.047310
v 0.225502 0.968539 0.022970
v 0.180090 0.978937 -0.087872
v 0.179465 0.978750 -0.116037
v 0.165341 0.981941 -0.154015
v 0.385334 1.015675 -0.016778
v 0.245611 1.092259 0.053771
v 0.280265 1.084539 0.002736
v 0.336593 1.051831 -0.080512
v 0.274764 1.031259 -0.138889
v 0.295108 1.053763 -0.127687
v 0.310174 1.050015 -0.114953
v 0.218122 1.050052 0.101911
v 0.269225 1.060485 -0.126649
v 0.250927 0.996339 0.111620
v 0.205777 1.067921 -0.136821
v 0.208151 1.077481 -0.112100
v 0.315746 1.044931 0.089387
v 0.362555 1.059705 0.040984
v 0.341629 1.064334 0.080509
v 0.385265 1.044731 -0.021151
v 0.348987 1.087673 0.042586
v 0.339747 1.092146 0.058855
v 0.310572 1.074261 -0.025227
v 0.289853 1.099792 0.037161
v 0.254631 1.093170 0.076745
v 0.324405 1.093516 0.078019
v 0.273457 1.074710 0.106390
v -0.032756 0.961780 0.304516
v -0.079504 0.969942 0.272310
v -0.077455 0.973365 0.259109
v -0.075984 0.975823 0.249630
v -0.073195 0.980484 0.231657
v 0.026013 0.966094 0.288677
v 0.009242 0.960344 0.310662
v 0.029405 0.971059 0.269540
v 0.051854 0.984672 0.217247
v 0.050043 0.977329 0.245602
v 0.033090 0.976234 0.249594
v 0.030541 0.972654 0.263392
v -0.007217 0.992557 0.185937
v -0.066886 0.991027 0.191003
v -0.024643 0.991916 0.187250
v -0.018746 0.992261 0.186916
v -0.071302 1.015164 0.241323
v -0.065053 1.040955 0.218718
v -0.063786 1.030497 0.203534
v -0.042308 1.050205 0.271370
v -0.046436 1.048766 0.261878
v -0.052683 1.037798 0.268751
v -0.068590 1.018574 0.267149
v -0.075167 1.008662 0.264735
v -0.077751 1.004774 0.280499
v -0.062681 1.015669 0.293409
v 0.007994 0.999082 0.318268
v -0.032476 1.000359 0.312326
v 0.017456 1.010827 0.306999
v -0.076250 0.995801 0.263435
v 0.016548 1.025509 0.294429
v -0.001127 1.030804 0.290334
v -0.021762 1.027819 0.290970
v -0.012251 1.033730 0.287432
v 0.006879 1.033623 0.286926
v 0.016832 1.031083 0.289553
v 0.014999 1.051348 0.273259
v 0.029373 0.972597 0.270869
v 0.017799 1.023350 0.293326
v 0.008861 1.044797 0.212538
v -0.011012 1.043376 0.213958
v -0.004821 1.045791 0.223011
v 0.007526 1.047108 0.233278
v -0.000264 1.046474 0.232758
v -0.010827 1.044719 0.225785
v -0.017906 1.042882 0.215011
v -0.049576 1.047856 0.254708
v -0.036283 1.047651 0.255512
v -0.033876 1.047971 0.257901
v 0.023773 1.049620 0.268944
v 0.039857 1.047894 0.232551
v -0.006914 1.018066 0.193551
v -0.022223 1.030152 0.205222
v -0.024431 1.021552 0.196468
v 0.023755 1.013178 0.281653
v 0.015649 1.025169 0.292929
v -0.000436 1.029734 0.289423
v -0.018800 1.028220 0.289981
v -0.011929 1.032423 0.286879
v 0.006537 1.031840 0.286566
v 0.015947 1.029628 0.289083
v 0.028924 0.973304 0.270309
v 0.016578 1.022951 0.291947
v 0.023176 1.012542 0.282011
v 0.028121 0.973961 0.265104
v -0.018673 1.020640 0.195158
v -0.016093 1.030504 0.204639
v -0.023347 0.992512 0.188438
v -0.019638 0.992799 0.188299
v -0.019483 1.020600 0.196285
v -0.016991 1.030193 0.205465
v -0.012137 1.042468 0.214296
v -0.017270 1.041693 0.215012
v -0.021039 1.029457 0.205519
v -0.023095 1.021409 0.197283
v -0.005866 1.044730 0.223129
v 0.005043 1.045380 0.232668
v -0.000574 1.044981 0.232060
v -0.010542 1.043437 0.225082
v -0.073728 1.011021 0.256003
v -0.058703 1.031896 0.259552
v -0.017874 1.039257 0.214971
v -0.011687 1.042464 0.222556
v -0.076376 0.975583 0.259045
v -0.075002 0.977298 0.252073
v -0.046358 1.046771 0.261075
v -0.052801 1.036210 0.267024
v -0.067524 1.017845 0.265817
v -0.074275 1.008329 0.263788
v -0.035642 1.046237 0.257572
v -0.075331 0.995565 0.262606
v -0.072947 1.010283 0.257449
v -0.057778 1.031024 0.261037
v -0.048966 1.045684 0.256221
v -0.037226 1.046033 0.256420
v -0.042651 0.996704 0.156887
v -0.060804 1.001884 0.108735
v -0.052395 1.003300 0.099682
v -0.046357 1.004316 0.093182
v -0.034908 1.006244 0.080856
v 0.009518 0.996523 0.174391
v -0.014469 0.994612 0.182737
v 0.022023 0.998561 0.161479
v 0.066045 1.003690 0.132840
v 0.049918 1.000563 0.153588
v 0.035170 1.000680 0.148098
v 0.026075 0.999214 0.157355
v 0.038216 1.009181 0.079164
v -0.009012 1.010603 0.052978
v 0.024488 1.009402 0.071408
v 0.029091 1.009455 0.074105
v -0.034939 1.038297 0.086288
v -0.016568 1.058422 0.070610
v -0.009100 1.047232 0.060774
v -0.024803 1.072101 0.120510
v -0.023317 1.069840 0.111482
v -0.032452 1.061089 0.114302
v -0.045395 1.044310 0.106596
v -0.050067 1.035411 0.102261
v -0.060193 1.033905 0.112986
v -0.054288 1.044616 0.129332
v -0.015433 1.030162 0.184737
v -0.042590 1.032080 0.159821
v -0.001641 1.038967 0.180208
v -0.051473 1.023809 0.101753
v 0.005333 1.050623 0.169254
v -0.005326 1.055514 0.156886
v -0.021342 1.053680 0.147192
v -0.011912 1.058191 0.148892
v 0.002617 1.057334 0.158166
v 0.008502 1.055012 0.165334
v 0.017173 1.071246 0.150709
v 0.021489 1.000094 0.162332
v 0.006606 1.048517 0.169233
v 0.042076 1.058411 0.102968
v 0.026391 1.058039 0.094119
v 0.026758 1.061043 0.103784
v 0.031014 1.062986 0.117539
v 0.025392 1.062644 0.113276
v 0.020792 1.060635 0.102903
v 0.020672 1.057975 0.091466
v -0.022194 1.068291 0.104638
v -0.012684 1.067717 0.111952
v -0.012040 1.068198 0.114917
v 0.025700 1.068868 0.152057
v 0.055599 1.062416 0.133233
v 0.037129 1.032858 0.082986
v 0.021073 1.045600 0.083005
v 0.022936 1.036960 0.076054
v 0.015863 1.037828 0.164348
v 0.005373 1.050174 0.167712
v -0.004461 1.054425 0.156640
v -0.018601 1.053812 0.147917
v -0.011524 1.056946 0.148745
v 0.002368 1.055711 0.157865
v 0.007934 1.053689 0.164653
v 0.021499 1.000676 0.161633
v 0.006340 1.048042 0.167622
v 0.015191 1.037323 0.164373
v 0.023545 1.000674 0.157307
v 0.027798 1.035779 0.078053
v 0.025975 1.045621 0.085633
v 0.024924 1.010029 0.072898
v 0.027791 1.010132 0.074642
v 0.026631 1.035907 0.078486
v 0.024864 1.045474 0.085819
v 0.025295 1.057309 0.093874
v 0.021031 1.056890 0.091880
v 0.021743 1.044972 0.083876
v 0.023516 1.036881 0.077344
v 0.025815 1.060148 0.103427
v 0.029295 1.061461 0.115969
v 0.025362 1.061239 0.112717
v 0.021229 1.059396 0.102624
v -0.044433 1.036429 0.096308
v -0.032956 1.054946 0.104888
v 0.020365 1.054731 0.091735
v 0.021533 1.058270 0.100245
v -0.051343 1.005234 0.100005
v -0.046692 1.005887 0.095378
v -0.023054 1.067960 0.111080
v -0.031837 1.059469 0.113083
v -0.044008 1.043462 0.106199
v -0.048964 1.034969 0.102032
v -0.013364 1.066674 0.113917
v -0.050398 1.023466 0.101618
v -0.044639 1.035913 0.097834
v -0.033085 1.054309 0.106527
v -0.022699 1.066509 0.106240
v -0.013995 1.066414 0.112278
v 0.085349 0.976078 0.247623
v 0.122618 0.973392 0.230952
v 0.158344 0.960577 0.265770
v 0.124259 0.954749 0.322114
v 0.106703 0.959688 0.311742
v 0.098570 0.966099 0.286487
v 0.082368 0.970736 0.276524
v 0.097136 1.077105 0.267954
v 0.120567 1.102719 0.268367
v 0.139431 1.100694 0.263229
v 0.114305 1.092439 0.324408
v 0.094100 1.098761 0.309310
v 0.166830 1.010604 0.275123
v 0.166093 1.086744 0.310975
v 0.157939 1.085616 0.323135
v 0.142936 1.069856 0.345317
v 0.092384 1.101593 0.296639
v 0.126254 1.086389 0.344802
v 0.155970 1.094148 0.282645
v 0.085434 0.974097 0.271906
v 0.095856 1.038334 0.284855
v 0.115110 1.078584 0.251779
v 0.078511 0.983298 0.231833
v 0.106536 0.985771 0.197004
v 0.117148 1.081127 0.219068
v 0.106621 1.082587 0.185098
v 0.199940 0.962860 0.235484
v 0.165590 0.960558 0.274550
v 0.097244 0.999209 0.137821
v 0.109171 0.999958 0.124504
v 0.206970 0.983440 0.127730
v 0.140990 1.066057 0.293094
v 0.180649 1.053366 0.293257
v 0.212220 1.038545 0.250740
v 0.163047 1.083994 0.143000
v 0.121054 1.073152 0.138922
v 0.106286 1.077968 0.171614
v 0.192610 1.078191 0.160012
v 0.177399 1.083347 0.143653
v 0.154396 1.063793 0.293536
v 0.204086 1.068397 0.143591
v 0.219620 1.061403 0.143445
v 0.066499 0.990775 0.198964
v 0.074823 0.992309 0.184654
v 0.068687 0.999313 0.154847
v 0.094889 0.997217 0.144153
v 0.085263 0.980392 0.235371
v 0.117795 0.974926 0.236302
v 0.148272 1.028007 0.177577
v 0.150797 1.017750 0.157035
v 0.127360 1.022382 0.155042
v 0.075330 1.024707 0.161290
v 0.098165 1.023774 0.147241
v 0.109805 1.019478 0.241413
v 0.086137 1.030009 0.219149
v 0.093468 1.017802 0.238599
v 0.078432 1.031641 0.184176
v 0.150739 1.027989 0.188961
v 0.117698 1.030550 0.208271
v 0.135057 1.014956 0.243469
v 0.152699 1.020119 0.218012
v 0.154618 1.020597 0.215513
v 0.160056 0.978072 0.186679
v 0.141098 0.975915 0.212635
v 0.128524 0.972844 0.237992
v 0.118533 0.993027 0.145909
v 0.145838 0.988188 0.147935
v 0.111824 1.022628 0.150951
v 0.081288 1.034204 0.208004
v 0.118271 1.021162 0.151836
v 0.081361 1.036165 0.201630
v 0.133767 1.014260 0.245158
v 0.132468 1.014889 0.244972
v 0.117587 1.052837 0.240549
v 0.125738 1.055084 0.226233
v 0.119373 1.064247 0.197067
v 0.145336 1.062109 0.185816
v 0.168364 1.045138 0.231542
v 0.136570 1.039492 0.275860
v 0.168931 1.033028 0.275875
v 0.200120 1.089015 0.220307
v 0.202026 1.080090 0.199088
v 0.178713 1.085528 0.197805
v 0.126876 1.088947 0.205074
v 0.149461 1.088291 0.190609
v 0.162371 1.077351 0.284075
v 0.138703 1.090039 0.262966
v 0.145951 1.076346 0.281433
v 0.130528 1.094237 0.228315
v 0.202755 1.088163 0.231621
v 0.170099 1.090387 0.251616
v 0.187502 1.071966 0.285398
v 0.204910 1.078308 0.260047
v 0.206805 1.078896 0.257553
v 0.210521 1.038259 0.225863
v 0.191898 1.034922 0.251935
v 0.179616 1.030526 0.277241
v 0.168866 1.057122 0.186888
v 0.196039 1.051363 0.188125
v 0.163133 1.086501 0.194003
v 0.133816 1.095112 0.252209
v 0.169544 1.084791 0.194679
v 0.133853 1.097493 0.245979
v 0.186217 1.071196 0.287059
v 0.184935 1.071874 0.286937
v -0.080069 -1.011878 0.009965
v -0.039659 -1.012366 0.072700
v 0.046148 -1.003692 0.074755
v 0.121991 -0.991340 0.034515
v 0.207038 -0.978096 0.072786
v 0.289264 -0.970449 0.066151
v 0.328651 -0.959633 0.004629
v 0.296174 -0.957173 -0.084576
v 0.291104 -0.944287 -0.189563
v 0.238744 -0.951868 -0.245102
v 0.189398 -0.956600 -0.252696
v 0.157040 -0.957737 -0.231280
v 0.136993 -0.957789 -0.223001
v 0.118778 -0.961392 -0.228713
v 0.100131 -0.965758 -0.235961
v 0.086568 -0.966089 -0.250376
v 0.055176 -0.969332 -0.254102
v 0.025004 -0.972749 -0.255062
v 0.003532 -0.977270 -0.231315
v -0.030709 -0.984029 -0.206773
v -0.041639 -0.989681 -0.158992
v -0.068886 -1.000930 -0.116384
v -0.072778 -1.004893 -0.060516
v -0.013939 -1.089308 -0.080554
v 0.066733 -1.142014 -0.128112
v 0.048861 -1.146005 -0.108634
v 0.013430 -1.072034 -0.149037
v -0.011587 -1.087496 -0.060202
v 0.053446 -1.149038 -0.068976
v 0.244944 -1.053292 -0.098078
v 0.265719 -1.055493 -0.040058
v 0.224789 -1.127068 -0.070483
v 0.211753 -1.125401 -0.107741
v 0.076077 -1.138225 -0.159366
v 0.066060 -1.065061 -0.210891
v 0.092793 -1.134971 -0.172128
v 0.240115 -1.062428 0.000095
v 0.208412 -1.131465 -0.044558
v 0.103525 -1.135457 -0.171369
v 0.134683 -1.129247 -0.176042
v 0.184981 -1.130175 -0.036650
v 0.127973 -1.047045 -0.001652
v 0.138131 -1.139320 -0.056891
v 0.163289 -1.125397 -0.178988
v 0.178680 -1.050722 -0.209442
v 0.164626 -1.125643 -0.178810
v 0.064444 -1.085977 0.005569
v 0.106027 -1.144910 -0.040205
v 0.025844 -1.089918 0.004229
v 0.070603 -1.149274 -0.042106
v 0.203715 -1.093245 -0.191975
v 0.253014 -1.046743 -0.155080
v 0.216358 -1.121548 -0.144383
v 0.194011 -1.120797 -0.176043
v 0.098749 -1.136868 -0.162475
v 0.107166 -1.135785 -0.162674
v 0.109298 -1.126724 -0.156003
v 0.101970 -1.127667 -0.155830
v 0.081948 -1.140158 -0.149331
v 0.076982 -1.142970 -0.124718
v 0.088442 -1.138925 -0.154035
v 0.124993 -1.133269 -0.165116
v 0.165514 -1.129222 -0.171486
v 0.165482 -1.129317 -0.172011
v 0.185273 -1.124746 -0.166041
v 0.203870 -1.125294 -0.140572
v 0.199925 -1.128713 -0.108978
v 0.211111 -1.130138 -0.076994
v 0.198056 -1.133642 -0.056322
v 0.162557 -1.138191 -0.056020
v 0.137389 -1.140387 -0.067359
v 0.108833 -1.145347 -0.052519
v 0.079460 -1.148948 -0.054094
v 0.065856 -1.148795 -0.075258
v 0.061861 -1.146346 -0.108457
v 0.199789 -1.121807 -0.081412
v 0.190051 -1.120567 -0.109257
v 0.085178 -1.138183 -0.061476
v 0.110748 -1.135048 -0.060105
v 0.083021 -1.132979 -0.122959
v 0.069856 -1.135918 -0.108803
v 0.193486 -1.117591 -0.136762
v 0.177296 -1.117113 -0.158934
v 0.135608 -1.130730 -0.073024
v 0.157519 -1.128819 -0.063153
v 0.092997 -1.129457 -0.148482
v 0.160065 -1.121092 -0.164131
v 0.124817 -1.124534 -0.158129
v 0.160094 -1.121010 -0.163674
v 0.188424 -1.124858 -0.063415
v 0.073334 -1.138050 -0.079901
v 0.087343 -1.130531 -0.144387
v -0.011455 -1.196454 -0.357060
v -0.023230 -1.206078 -0.303108
v -0.055369 -1.234755 -0.301420
v -0.045764 -1.206451 -0.356809
v -0.064924 -0.982429 -0.218986
v 0.014201 -0.992945 -0.228738
v 0.023471 -0.977038 -0.310294
v -0.089057 -0.961612 -0.298635
v -0.112077 -1.106232 -0.329459
v -0.105494 -1.086896 -0.296394
v -0.086552 -0.967894 -0.271030
v 0.001338 -1.116082 -0.339930
v -0.134439 -1.207690 -0.340882
v -0.101668 -1.126605 -0.302674
v -0.076955 -1.130155 -0.267335
v -0.099286 -1.222402 -0.312342
v -0.014993 -1.154331 -0.292079
v -0.072677 -1.189049 -0.288659
v 0.025975 -0.983320 -0.282689
v -0.006244 -1.121383 -0.256113
v 0.013938 -1.058946 -0.298808
v -0.084137 -1.103133 -0.244713
v -0.077703 -1.247533 -0.363716
v -0.070152 -1.259964 -0.311029
v -0.102187 -1.252221 -0.327806
v -0.134222 -1.244478 -0.344582
v -0.172236 -1.124966 -0.360144
v -0.137550 -1.136101 -0.333892
v -0.145817 -1.165084 -0.317039
v -0.183798 -1.139949 -0.338664
v -0.110954 -0.974082 -0.229988
v -0.088121 -0.965250 -0.289571
v -0.143778 -0.949173 -0.323179
v -0.177852 -0.961321 -0.239175
v -0.196610 -1.077189 -0.263539
v -0.172316 -1.061606 -0.251866
v -0.156881 -0.966262 -0.231818
v -0.161812 -1.060573 -0.346604
v -0.204811 -1.160019 -0.272594
v -0.172212 -1.091323 -0.264649
v -0.137865 -1.089631 -0.268986
v -0.170580 -1.164587 -0.288779
v -0.130839 -1.094642 -0.325175
v -0.146731 -1.133732 -0.291476
v -0.122807 -0.954115 -0.315822
v -0.104779 -1.068153 -0.311208
v -0.132615 -1.014705 -0.328563
v -0.126609 -1.070789 -0.250322
v -0.197095 -1.178277 -0.327603
v -0.156022 -1.187464 -0.315535
v -0.180226 -1.187883 -0.298458
v -0.204430 -1.188302 -0.281381
v -0.141581 -0.979207 -0.215628
v -0.129391 -0.984621 -0.199268
v -0.133609 -0.992203 -0.160583
v -0.099297 -0.999392 -0.152281
v -0.122215 -0.971719 -0.265090
v -0.081293 -0.976570 -0.272649
v -0.052407 -1.054475 -0.204138
v -0.041800 -1.043723 -0.179001
v -0.071279 -1.041127 -0.171888
v -0.135909 -1.025231 -0.169598
v -0.105425 -1.032780 -0.156415
v -0.107789 -1.027798 -0.276881
v -0.135798 -1.033142 -0.244209
v -0.126315 -1.020072 -0.270205
v -0.139004 -1.033836 -0.198814
v -0.051597 -1.054861 -0.218899
v -0.095944 -1.045455 -0.236678
v -0.076177 -1.031169 -0.284425
v -0.051951 -1.044771 -0.255837
v -0.049337 -1.046138 -0.253068
v -0.022125 -0.997451 -0.218548
v -0.049103 -0.987025 -0.247464
v -0.067959 -0.977774 -0.276880
v -0.069681 -1.002609 -0.159130
v -0.035481 -1.006325 -0.167040
v -0.089912 -1.035150 -0.167635
v -0.141014 -1.036991 -0.229226
v -0.081799 -1.035616 -0.170016
v -0.140414 -1.039669 -0.221215
v -0.077802 -1.029794 -0.286303
v -0.079554 -1.030107 -0.285809
v 0.149640 -0.952833 0.270726
v 0.198692 -0.951673 0.234773
v 0.181822 -0.971736 0.162828
v 0.085272 -0.989927 0.165387
v 0.085088 -0.982877 0.195770
v 0.110723 -0.971086 0.224935
v 0.111045 -0.964416 0.253263
v 0.175174 -1.100369 0.311079
v 0.203844 -1.141786 0.299832
v 0.224521 -1.142575 0.279199
v 0.128641 -1.164173 0.266593
v 0.132405 -1.154741 0.303892
v 0.197660 -1.045669 0.180215
v 0.184562 -1.166618 0.209451
v 0.163124 -1.170420 0.211036
v 0.118554 -1.159843 0.205073
v 0.109216 -1.104688 0.194274
v 0.125180 -1.099882 0.191083
v 0.108216 -1.099126 0.191948
v 0.147049 -1.149192 0.315463
v 0.111997 -1.174530 0.236074
v 0.212586 -1.153302 0.243493
v 0.103382 -1.096632 0.211469
v 0.228548 -0.974287 0.135202
v 0.199101 -0.982502 0.110548
v 0.167843 -0.985160 0.119362
v 0.138927 -0.990339 0.111817
v 0.117679 -0.988690 0.137756
v 0.119665 -0.981213 0.179378
v 0.209286 -0.965161 0.202764
v 0.225119 -1.054028 0.142601
v 0.211109 -1.058705 0.139757
v 0.206548 -1.060089 0.135381
v 0.173992 -1.015738 0.125563
v 0.136524 -1.063501 0.151315
v 0.130054 -1.055179 0.188471
v 0.154602 -1.064919 0.135100
v 0.174686 -1.044636 0.202639
v 0.173183 -1.060797 0.147706
v 0.213674 -1.039076 0.220183
v 0.224702 -0.952610 0.230129
v 0.266605 -0.954921 0.193571
v 0.265679 -0.966550 0.140841
v 0.210448 -0.975661 0.133307
v 0.196414 -0.975499 0.142745
v 0.176296 -0.977166 0.147571
v 0.168942 -0.967921 0.194501
v 0.185230 -0.961037 0.215962
v 0.232251 -1.112622 0.241722
v 0.249623 -1.108996 0.248566
v 0.261615 -1.114544 0.239421
v 0.206233 -1.128083 0.206772
v 0.208648 -1.130005 0.189875
v 0.224402 -1.126913 0.190291
v 0.234461 -1.116082 0.174693
v 0.274710 -1.117112 0.174515
v 0.281798 -1.115399 0.182801
v 0.283530 -1.115283 0.226940
v 0.202720 -1.117970 0.231943
v 0.200107 -1.071049 0.233334
v 0.197577 -1.119867 0.219841
v 0.274347 -1.097425 0.173248
v 0.207336 -1.065147 0.160321
v 0.272212 -1.015170 0.168967
v 0.271433 -1.017708 0.164351
v 0.270101 -1.011268 0.151375
v 0.220266 -1.114351 0.241346
v 0.262019 -1.017328 0.151305
v 0.112362 -1.099763 0.198103
v -0.232038 -0.964255 -0.185962
v -0.200794 -0.972162 -0.201452
v -0.227455 -1.023104 -0.190730
v -0.255239 -1.055430 -0.162583
v -0.200485 -0.974224 -0.041571
v -0.229000 -0.967182 -0.013401
v -0.250163 -1.077556 -0.042691
v -0.255943 -0.958653 -0.137989
v -0.297814 -0.947976 -0.123702
v -0.296140 -0.948896 -0.084500
v -0.331435 -0.940003 -0.063816
v -0.339262 -0.938277 -0.039357
v -0.363703 -0.932234 -0.015744
v -0.345417 -0.937340 0.013739
v -0.334319 -0.940706 0.053219
v -0.313035 -0.946570 0.081168
v -0.281341 -0.954781 0.080751
v -0.242842 -0.965149 0.112006
v -0.199027 -0.976393 0.102824
v -0.181718 -0.980519 0.073712
v -0.210566 -0.972713 0.047310
v -0.225502 -0.968540 0.022970
v -0.180090 -0.978937 -0.087872
v -0.179465 -0.978750 -0.116037
v -0.165342 -0.981941 -0.154015
v -0.385334 -1.015675 -0.016778
v -0.245611 -1.092259 0.053771
v -0.280265 -1.084539 0.002736
v -0.336593 -1.051831 -0.080512
v -0.274764 -1.031259 -0.138889
v -0.295109 -1.053763 -0.127687
v -0.310175 -1.050015 -0.114953
v -0.218122 -1.050052 0.101911
v -0.269225 -1.060485 -0.126649
v -0.250927 -0.996339 0.111620
v -0.205777 -1.067921 -0.136821
v -0.208151 -1.077481 -0.112100
v -0.315746 -1.044931 0.089387
v -0.362555 -1.059705 0.040984
v -0.341629 -1.064334 0.080509
v -0.385266 -1.044731 -0.021151
v -0.348987 -1.087673 0.042586
v -0.339747 -1.092146 0.058855
v -0.310573 -1.074261 -0.025227
v -0.289854 -1.099792 0.037161
v -0.254632 -1.093170 0.076745
v -0.324405 -1.093516 0.078019
v -0.273457 -1.074710 0.106390
v 0.032755 -0.961780 0.304516
v 0.079504 -0.969942 0.272310
v 0.077455 -0.973365 0.259109
v 0.075984 -0.975823 0.249630
v 0.073195 -0.980484 0.231657
v -0.026013 -0.966094 0.288677
v -0.009242 -0.960344 0.310661
v -0.029405 -0.971059 0.269540
v -0.051854 -0.984672 0.217247
v -0.050043 -0.977329 0.245602
v -0.033090 -0.976233 0.249593
v -0.030541 -0.972654 0.263392
v 0.007217 -0.992557 0.185937
v 0.066886 -0.991027 0.191003
v 0.024643 -0.991915 0.187250
v 0.018746 -0.992261 0.186916
v 0.071302 -1.015164 0.241323
v 0.065053 -1.040955 0.218718
v 0.063786 -1.030497 0.203534
v 0.042307 -1.050205 0.271370
v 0.046436 -1.048766 0.261878
v 0.052683 -1.037798 0.268751
v 0.068590 -1.018574 0.267149
v 0.075167 -1.008662 0.264735
v 0.077751 -1.004774 0.280499
v 0.062681 -1.015669 0.293409
v -0.007994 -0.999082 0.318268
v 0.032476 -1.000359 0.312326
v -0.017457 -1.010827 0.306999
v 0.076250 -0.995801 0.263434
v -0.016548 -1.025509 0.294429
v 0.001127 -1.030804 0.290334
v 0.021762 -1.027819 0.290970
v 0.012251 -1.033730 0.287432
v -0.006879 -1.033623 0.286926
v -0.016832 -1.031083 0.289552
v -0.014999 -1.051348 0.273259
v -0.029373 -0.972597 0.270869
v -0.017799 -1.023349 0.293326
v -0.008862 -1.044797 0.212538
v 0.011012 -1.043376 0.213958
v 0.004820 -1.045791 0.223011
v -0.007526 -1.047108 0.233278
v 0.000264 -1.046474 0.232758
v 0.010827 -1.044719 0.225785
v 0.017906 -1.042882 0.215011
v 0.049576 -1.047856 0.254708
v 0.036283 -1.047651 0.255512
v 0.033876 -1.047971 0.257901
v -0.023773 -1.049620 0.268944
v -0.039857 -1.047894 0.232551
v 0.006914 -1.018066 0.193551
v 0.022223 -1.030152 0.205222
v 0.024431 -1.021552 0.196468
v -0.023755 -1.013178 0.281653
v -0.015649 -1.025169 0.292929
v 0.000436 -1.029734 0.289422
v 0.018800 -1.028220 0.289981
v 0.011929 -1.032423 0.286879
v -0.006538 -1.031840 0.286565
v -0.015947 -1.029628 0.289083
v -0.028924 -0.973304 0.270308
v -0.016578 -1.022951 0.291946
v -0.023176 -1.012542 0.282011
v -0.028121 -0.973961 0.265104
v 0.018673 -1.020640 0.195158
v 0.016093 -1.030504 0.204639
v 0.023347 -0.992512 0.188438
v 0.019638 -0.992799 0.188299
v 0.019483 -1.020600 0.196285
v 0.016991 -1.030193 0.205465
v 0.012137 -1.042468 0.214296
v 0.017270 -1.041693 0.215012
v 0.021039 -1.029457 0.205518
v 0.023095 -1.021409 0.197283
v 0.005866 -1.044730 0.223129
v -0.005043 -1.045379 0.232668
v 0.000574 -1.044981 0.232060
v 0.010542 -1.043437 0.225082
v 0.073727 -1.011021 0.256003
v 0.058703 -1.031896 0.259552
v 0.017874 -1.039257 0.214971
v 0.011687 -1.042464 0.222556
v 0.076376 -0.975583 0.259045
v 0.075002 -0.977298 0.252073
v 0.046358 -1.046771 0.261075
v 0.052801 -1.036210 0.267024
v 0.067524 -1.017845 0.265817
v 0.074275 -1.008329 0.263788
v 0.035642 -1.046236 0.257572
v 0.075330 -0.995565 0.262606
v 0.072947 -1.010283 0.257449
v 0.057778 -1.031024 0.261037
v 0.048966 -1.045684 0.256221
v 0.037226 -1.046033 0.256420
v 0.042651 -0.996704 0.156887
v 0.060804 -1.001885 0.108735
v 0.052395 -1.003300 0.099682
v 0.046356 -1.004316 0.093181
v 0.034908 -1.006243 0.080856
v -0.009518 -0.996523 0.174391
v 0.014469 -0.994612 0.182737
v -0.022023 -0.998561 0.161479
v -0.066045 -1.003690 0.132840
v -0.049918 -1.000563 0.153588
v -0.035170 -1.000680 0.148098
v -0.026076 -0.999214 0.157355
v -0.038216 -1.009181 0.079164
v 0.009011 -1.010602 0.052978
v -0.024488 -1.009402 0.071408
v -0.029091 -1.009455 0.074105
v 0.034939 -1.038297 0.086288
v 0.016568 -1.058422 0.070610
v 0.009100 -1.047232 0.060774
v 0.024803 -1.072101 0.120510
v 0.023317 -1.069840 0.111482
v 0.032452 -1.061089 0.114302
v 0.045395 -1.044310 0.106596
v 0.050067 -1.035411 0.102261
v 0.060193 -1.033905 0.112986
v 0.054288 -1.044616 0.129332
v 0.015433 -1.030162 0.184737
v 0.042590 -1.032080 0.159821
v 0.001641 -1.038967 0.180208
v 0.051473 -1.023809 0.101753
v -0.005333 -1.050623 0.169254
v 0.005325 -1.055514 0.156886
v 0.021342 -1.053680 0.147192
v 0.011912 -1.058191 0.148892
v -0.002617 -1.057333 0.158166
v -0.008502 -1.055012 0.165334
v -0.017173 -1.071246 0.150709
v -0.021489 -1.000094 0.162332
v -0.006607 -1.048517 0.169233
v -0.042076 -1.058411 0.102968
v -0.026391 -1.058039 0.094119
v -0.026758 -1.061043 0.103784
v -0.031014 -1.062986 0.117539
v -0.025392 -1.062644 0.113276
v -0.020792 -1.060635 0.102903
v -0.020672 -1.057975 0.091466
v 0.022194 -1.068291 0.104638
v 0.012684 -1.067717 0.111952
v 0.012040 -1.068198 0.114917
v -0.025700 -1.068868 0.152057
v -0.055599 -1.062416 0.133233
v -0.037130 -1.032858 0.082986
v -0.021073 -1.045600 0.083005
v -0.022936 -1.036960 0.076054
v -0.015863 -1.037828 0.164348
v -0.005373 -1.050174 0.167711
v 0.004461 -1.054425 0.156640
v 0.018600 -1.053812 0.147917
v 0.011523 -1.056946 0.148745
v -0.002369 -1.055711 0.157865
v -0.007934 -1.053689 0.164653
v -0.021499 -1.000676 0.161633
v -0.006340 -1.048042 0.167622
v -0.015191 -1.037323 0.164373
v -0.023545 -1.000674 0.157307
v -0.027798 -1.035779 0.078053
v -0.025975 -1.045621 0.085633
v -0.024924 -1.010029 0.072898
v -0.027791 -1.010132 0.074642
v -0.026631 -1.035907 0.078486
v -0.024864 -1.045475 0.085819
v -0.025295 -1.057309 0.093874
v -0.021031 -1.056890 0.091880
v -0.021743 -1.044971 0.083876
v -0.023516 -1.036881 0.077344
v -0.025816 -1.060148 0.103427
v -0.029295 -1.061461 0.115969
v -0.025362 -1.061239 0.112717
v -0.021229 -1.059396 0.102624
v 0.044433 -1.036429 0.096308
v 0.032956 -1.054946 0.104888
v -0.020365 -1.054731 0.091735
v -0.021534 -1.058270 0.100244
v 0.051342 -1.005234 0.100005
v 0.046692 -1.005887 0.095378
v 0.023054 -1.067960 0.111080
v 0.031837 -1.059469 0.113083
v 0.044008 -1.043462 0.106199
v 0.048964 -1.034969 0.102032
v 0.013364 -1.066674 0.113917
v 0.050398 -1.023466 0.101618
v 0.044639 -1.035913 0.097834
v 0.033085 -1.054309 0.106527
v 0.022699 -1.066509 0.106240
v 0.013995 -1.066414 0.112278
v -0.085350 -0.976078 0.247623
v -0.122619 -0.973392 0.230952
v -0.158344 -0.960576 0.265770
v -0.124259 -0.954749 0.322114
v -0.106703 -0.959688 0.311742
v -0.098570 -0.966099 0.286487
v -0.082368 -0.970736 0.276523
v -0.097137 -1.077105 0.267954
v -0.120568 -1.102719 0.268367
v -0.139431 -1.100694 0.263229
v -0.114305 -1.092439 0.324408
v -0.094100 -1.098761 0.309310
v -0.166830 -1.010604 0.275123
v -0.166093 -1.086744 0.310975
v -0.157939 -1.085616 0.323135
v -0.142936 -1.069856 0.345317
v -0.092384 -1.101593 0.296639
v -0.126254 -1.086389 0.344802
v -0.155971 -1.094148 0.282645
v -0.085434 -0.974097 0.271906
v -0.095857 -1.038334 0.284855
v -0.115110 -1.078584 0.251779
v -0.078511 -0.983298 0.231833
v -0.106536 -0.985771 0.197004
v -0.117149 -1.081127 0.219068
v -0.106621 -1.082587 0.185098
v -0.199940 -0.962860 0.235483
v -0.165590 -0.960558 0.274549
v -0.097245 -0.999209 0.137821
v -0.109171 -0.999958 0.124504
v -0.206970 -0.983440 0.127730
v -0.140990 -1.066057 0.293094
v -0.180649 -1.053366 0.293257
v -0.212220 -1.038545 0.250740
v -0.163047 -1.083994 0.143000
v -0.121054 -1.073152 0.138922
v -0.106286 -1.077968 0.171614
v -0.192610 -1.078191 0.160012
v -0.177399 -1.083347 0.143653
v -0.154396 -1.063793 0.293536
v -0.204087 -1.068397 0.143591
v -0.219620 -1.061403 0.143445
v -0.066500 -0.990775 0.198964
v -0.074823 -0.992309 0.184654
v -0.068687 -0.999313 0.154847
v -0.094889 -0.997217 0.144153
v -0.085263 -0.980392 0.235371
v -0.117795 -0.974926 0.236302
v -0.148272 -1.028007 0.177577
v -0.150797 -1.017750 0.157035
v -0.127360 -1.022382 0.155042
v -0.075330 -1.024707 0.161290
v -0.098166 -1.023774 0.147240
v -0.109805 -1.019478 0.241412
v -0.086137 -1.030009 0.219149
v -0.093469 -1.017802 0.238599
v -0.078432 -1.031641 0.184176
v -0.150739 -1.027989 0.188961
v -0.117698 -1.030550 0.208271
v -0.135057 -1.014956 0.243469
v -0.152699 -1.020119 0.218012
v -0.154618 -1.020597 0.215513
v -0.160056 -0.978071 0.186679
v -0.141098 -0.975915 0.212635
v -0.128524 -0.972844 0.237992
v -0.118533 -0.993027 0.145908
v -0.145838 -0.988188 0.147935
v -0.111825 -1.022628 0.150951
v -0.081288 -1.034204 0.208004
v -0.118271 -1.021162 0.151836
v -0.081361 -1.036165 0.201630
v -0.133767 -1.014260 0.245158
v -0.132469 -1.014889 0.244972
v -0.117587 -1.052837 0.240549
v -0.125739 -1.055084 0.226233
v -0.119373 -1.064247 0.197067
v -0.145336 -1.062109 0.185816
v -0.168365 -1.045138 0.231542
v -0.136570 -1.039492 0.275860
v -0.168931 -1.033028 0.275875
v -0.200120 -1.089015 0.220307
v -0.202027 -1.080090 0.199087
v -0.178714 -1.085528 0.197805
v -0.126876 -1.088947 0.205074
v -0.149461 -1.088291 0.190609
v -0.162371 -1.077351 0.284075
v -0.138703 -1.090039 0.262966
v -0.145951 -1.076346 0.281433
v -0.130528 -1.094237 0.228315
v -0.202756 -1.088162 0.231621
v -0.170099 -1.090387 0.251616
v -0.187502 -1.071966 0.285398
v -0.204910 -1.078307 0.260046
v -0.206805 -1.078896 0.257553
v -0.210522 -1.038259 0.225863
v -0.191898 -1.034922 0.251935
v -0.179616 -1.030526 0.277241
v -0.168867 -1.057122 0.186888
v -0.196039 -1.051363 0.188125
v -0.163133 -1.086501 0.194003
v -0.133816 -1.095112 0.252209
v -0.169545 -1.084791 0.194679
v -0.133854 -1.097493 0.245979
v -0.186217 -1.071196 0.287059
v -0.184936 -1.071874 0.286937
vt 0.711782 0.948995
vt 0.698652 0.949193
vt 0.698652 0.931181
vt 0.700681 0.925084
vt 0.704373 0.925152
vt 0.711782 0.927475
vt 0.971631 0.292124
vt 0.975567 0.316242
vt 0.968809 0.315596
vt 0.968806 0.302216
vt 0.971309 0.291826
vt 0.953339 0.631487
vt 0.946151 0.632838
vt 0.943289 0.608823
vt 0.943290 0.608823
vt 0.950985 0.611739
vt 0.947702 0.983577
vt 0.939529 0.989247
vt 0.939529 0.975823
vt 0.947669 0.976008
vt 0.556176 0.933343
vt 0.552953 0.933520
vt 0.548852 0.910460
vt 0.554152 0.909992
vt 0.556176 0.915791
vt 0.941488 0.632981
vt 0.941488 0.608992
vt 0.792370 0.955130
vt 0.788191 0.968130
vt 0.788191 0.954581
vt 0.975567 0.291723
vt 0.541362 0.913923
vt 0.538712 0.907666
vt 0.541362 0.933273
vt 0.227440 0.947243
vt 0.217036 0.947177
vt 0.220395 0.940495
vt 0.213172 0.940118
vt 0.226866 0.938467
vt 0.556075 0.909245
vt 0.214385 0.932486
vt 0.226540 0.929726
vt 0.226541 0.929727
vt 0.227543 0.931078
vt 0.225397 0.934449
vt 0.227648 0.937469
vt 0.210403 0.937982
vt 0.210403 0.935614
vt 0.561975 0.925687
vt 0.556176 0.925329
vt 0.564192 0.912024
vt 0.427568 0.764794
vt 0.424827 0.759019
vt 0.436175 0.756261
vt 0.427568 0.873707
vt 0.424643 0.861856
vt 0.436062 0.867616
vt 0.804375 0.420966
vt 0.806920 0.433503
vt 0.795080 0.427516
vt 0.523289 0.806335
vt 0.525865 0.820763
vt 0.514609 0.811704
vt 0.505358 0.799495
vt 0.501719 0.789320
vt 0.513857 0.791063
vt 0.436062 0.765974
vt 0.436175 0.881397
vt 0.795804 0.412510
vt 0.514918 0.795528
vt 0.514609 0.804613
vt 0.444981 0.812991
vt 0.448138 0.801645
vt 0.454980 0.813886
vt 0.026872 0.777413
vt 0.026764 0.788355
vt 0.018270 0.778385
vt 0.401353 0.885136
vt 0.398478 0.897327
vt 0.391415 0.881863
vt 0.401353 0.763784
vt 0.398508 0.773597
vt 0.391415 0.768612
vt 0.470469 0.858049
vt 0.473682 0.846674
vt 0.480023 0.855225
vt 0.802339 0.057980
vt 0.815302 0.050417
vt 0.812808 0.067404
vt 0.792813 0.049753
vt 0.804802 0.041149
vt 0.826216 0.060907
vt 0.829620 0.043944
vt 0.840343 0.055416
vt 0.844272 0.039156
vt 0.854188 0.051320
vt 0.858167 0.036280
vt 0.818665 0.033552
vt 0.833538 0.027771
vt 0.848258 0.024257
vt 0.861779 0.022946
vt 0.483758 0.842728
vt 0.476392 0.833530
vt 0.486664 0.828433
vt 0.478204 0.819039
vt 0.488233 0.812995
vt 0.478786 0.804011
vt 0.488131 0.797471
vt 0.478010 0.789475
vt 0.486365 0.783015
vt 0.476016 0.776368
vt 0.483284 0.770484
vt 0.473147 0.765252
vt 0.479399 0.760232
vt 0.469800 0.756261
vt 0.867710 0.050004
vt 0.871696 0.035105
vt 0.863200 0.065996
vt 0.877109 0.065925
vt 0.871930 0.082066
vt 0.885614 0.082961
vt 0.879762 0.098394
vt 0.892669 0.099790
vt 0.881667 0.050047
vt 0.890859 0.066966
vt 0.898553 0.084541
vt 0.904402 0.101402
vt 0.388005 0.779959
vt 0.396089 0.786079
vt 0.385325 0.794212
vt 0.394439 0.801181
vt 0.383833 0.811063
vt 0.393849 0.818322
vt 0.383833 0.829571
vt 0.394439 0.836427
vt 0.385325 0.848359
vt 0.396089 0.854229
vt 0.388005 0.866090
vt 0.398508 0.870669
vt 0.885614 0.115254
vt 0.898552 0.116834
vt 0.871930 0.113560
vt 0.877109 0.131358
vt 0.863199 0.128983
vt 0.867710 0.146884
vt 0.854188 0.143571
vt 0.858166 0.160741
vt 0.890859 0.133281
vt 0.881667 0.149518
vt 0.871696 0.164278
vt 0.861779 0.176698
vt 0.387972 0.894473
vt 0.396024 0.910373
vt 0.385256 0.907837
vt 0.394338 0.923540
vt 0.981549 0.634860
vt 0.981549 0.650947
vt 0.972296 0.650253
vt 0.834640 0.390721
vt 0.832746 0.406904
vt 0.824765 0.397936
vt 0.074039 0.964117
vt 0.074662 0.979386
vt 0.064184 0.979386
vt 0.832299 0.423366
vt 0.823536 0.415077
vt 0.297965 0.966283
vt 0.298883 0.980075
vt 0.287621 0.980075
vt 0.833232 0.438992
vt 0.824092 0.431885
vt -0.000000 0.756371
vt 0.012011 0.756284
vt 0.010454 0.767724
vt 0.020648 0.767241
vt 0.844272 0.155994
vt 0.848258 0.173389
vt 0.840342 0.137867
vt 0.829620 0.149818
vt 0.826216 0.131329
vt 0.815302 0.142585
vt 0.812808 0.124419
vt 0.802339 0.134902
vt 0.833538 0.168226
vt 0.818665 0.161343
vt 0.804802 0.153276
vt 0.792813 0.144778
vt 0.016966 0.790205
vt 0.024892 0.800754
vt 0.013646 0.803481
vt 0.020782 0.814135
vt 0.007962 0.817538
vt 0.014260 0.827695
vt -0.000000 0.831372
vt 0.451483 0.869424
vt 0.451139 0.854041
vt 0.461788 0.857763
vt 0.460558 0.841891
vt 0.449749 0.838982
vt 0.458142 0.827023
vt 0.447587 0.825133
vt 0.800817 0.115923
vt 0.790317 0.126613
vt 0.812090 0.105327
vt 0.800269 0.095793
vt 0.812089 0.085862
vt 0.800816 0.076006
vt 0.788920 0.106591
vt 0.788920 0.086099
vt 0.790317 0.066738
vt 0.458729 0.802014
vt 0.450910 0.789513
vt 0.461788 0.789484
vt 0.452940 0.777286
vt 0.154354 0.831507
vt 0.145648 0.822613
vt 0.151698 0.812116
vt 0.143875 0.803551
vt 0.150834 0.792176
vt 0.144002 0.784638
vt 0.151826 0.773169
vt 0.145896 0.767122
vt 0.154354 0.756284
vt 0.474264 0.877084
vt 0.472672 0.867353
vt 0.482683 0.864746
vt 0.462412 0.853518
vt 0.037034 0.839963
vt 0.050136 0.832302
vt 0.049407 0.847017
vt 0.737232 0.814865
vt 0.749787 0.806920
vt 0.749819 0.822100
vt 0.465007 0.840911
vt 0.467017 0.826529
vt 0.468087 0.811042
vt 0.037039 0.824783
vt 0.050390 0.816402
vt 0.467985 0.795519
vt 0.736790 0.799771
vt 0.749543 0.791115
vt 0.036833 0.808978
vt 0.050071 0.800466
vt 0.466718 0.781111
vt 0.736450 0.784636
vt 0.749090 0.775879
vt 0.036416 0.793741
vt 0.049202 0.785739
vt 0.464532 0.768666
vt 0.736235 0.770529
vt 0.748474 0.762283
vt 0.035834 0.780144
vt 0.047925 0.773120
vt 0.461788 0.758525
vt 0.409955 0.765963
vt 0.923718 0.739843
vt 0.910632 0.745745
vt 0.911246 0.731411
vt 0.920331 0.242880
vt 0.907875 0.248376
vt 0.907862 0.232698
vt 0.407745 0.777139
vt 0.406008 0.791258
vt 0.405041 0.808034
vt 0.923726 0.755521
vt 0.910288 0.762906
vt 0.405041 0.826542
vt 0.920642 0.259368
vt 0.907883 0.266351
vt 0.923729 0.773497
vt 0.910288 0.781908
vt 0.406008 0.845405
vt 0.920648 0.277417
vt 0.907886 0.285390
vt 0.923726 0.792536
vt 0.910632 0.801268
vt 0.407745 0.863270
vt 0.920347 0.295749
vt 0.907883 0.304028
vt 0.923718 0.811173
vt 0.911246 0.819528
vt 0.409955 0.879215
vt 0.409936 0.895691
vt 0.923633 0.883811
vt 0.910531 0.888303
vt 0.911184 0.873367
vt 0.079142 0.765765
vt 0.066258 0.771921
vt 0.067620 0.756284
vt 0.407692 0.909196
vt 0.405918 0.923264
vt 0.845863 0.382780
vt 0.843400 0.399009
vt 0.094239 0.756284
vt 0.093159 0.771943
vt 0.081043 0.762700
vt 0.079740 0.779435
vt 0.842170 0.416150
vt 0.078251 0.781758
vt 0.065174 0.788985
vt 0.092383 0.789024
vt 0.079142 0.797070
vt 0.842265 0.432931
vt 0.077382 0.798495
vt 0.064475 0.806246
vt 0.091994 0.806295
vt 0.079296 0.814227
vt 0.843499 0.448239
vt 0.835241 0.452956
vt 0.076596 0.814793
vt 0.064184 0.822430
vt 0.091995 0.822482
vt 0.080083 0.829729
vt 0.845520 0.461431
vt 0.837927 0.464871
vt 0.845863 0.474204
vt 0.835795 0.473624
vt 0.050959 0.916496
vt 0.063991 0.909097
vt 0.063531 0.921152
vt 0.911608 0.658019
vt 0.924013 0.651183
vt 0.924148 0.664325
vt 0.844453 0.483846
vt 0.034133 0.795517
vt 0.437004 0.906728
vt 0.438878 0.894656
vt 0.448866 0.897029
vt 0.450682 0.884062
vt 0.440037 0.880341
vt 0.050798 0.903353
vt 0.064184 0.894566
vt 0.440276 0.864577
vt 0.911185 0.644165
vt 0.923899 0.635947
vt 0.050654 0.888117
vt 0.064051 0.878379
vt 0.439579 0.848536
vt 0.911089 0.628790
vt 0.923815 0.619652
vt 0.050538 0.871823
vt 0.063601 0.861802
vt 0.438120 0.833365
vt 0.911325 0.612982
vt 0.923767 0.603564
vt 0.050458 0.855735
vt 0.062912 0.846092
vt 0.436175 0.819842
vt 0.436516 0.805326
vt 0.050458 0.791717
vt 0.063601 0.785095
vt 0.062912 0.798642
vt 0.911482 0.533898
vt 0.924000 0.526335
vt 0.923894 0.539546
vt 0.439070 0.792900
vt 0.441189 0.779935
vt 0.442558 0.767366
vt 0.453913 0.765870
vt 0.050538 0.778506
vt 0.064051 0.772025
vt 0.442948 0.756261
vt 0.137947 0.795135
vt 0.911301 0.521586
vt 0.924140 0.514178
vt 0.050654 0.766349
vt 0.064184 0.760617
vt 0.463905 0.896630
vt 0.464066 0.886927
vt 0.474902 0.886616
vt 0.911450 0.510750
vt 0.924305 0.504114
vt 0.050798 0.756284
vt 0.034133 0.906966
vt 0.047748 0.899856
vt 0.047079 0.910065
vt 0.463266 0.876537
vt 0.733680 0.894192
vt 0.734937 0.884518
vt 0.747080 0.889109
vt 0.747962 0.878483
vt 0.035041 0.896342
vt 0.047930 0.888805
vt 0.461788 0.866299
vt 0.409936 0.756261
vt 0.035084 0.767735
vt 0.734928 0.757910
vt 0.047394 0.761497
vt 0.034133 0.756284
vt 0.910908 0.707753
vt 0.923685 0.713508
vt 0.910929 0.718577
vt 0.923704 0.725915
vt 0.747694 0.749877
vt 0.733680 0.745670
vt 0.746717 0.738428
vt 0.921244 0.203639
vt 0.921270 0.215035
vt 0.907821 0.206362
vt 0.907844 0.218769
vt 0.920941 0.228541
vt 0.588365 0.684987
vt 0.596191 0.698813
vt 0.594678 0.700653
vt 0.586677 0.686517
vt 0.167498 0.547422
vt 0.157287 0.534353
vt 0.158661 0.532167
vt 0.169101 0.545529
vt 0.629936 0.518500
vt 0.616644 0.527471
vt 0.615590 0.525468
vt 0.629180 0.516296
vt 0.644420 0.511796
vt 0.643989 0.509442
vt 0.618621 0.782622
vt 0.607557 0.799346
vt 0.606495 0.798789
vt 0.617808 0.781691
vt 0.221476 0.533212
vt 0.212367 0.543784
vt 0.210852 0.541938
vt 0.220165 0.531129
vt 0.551335 0.552664
vt 0.541122 0.538760
vt 0.542497 0.536750
vt 0.552938 0.550965
vt 0.324186 0.722269
vt 0.335031 0.711438
vt 0.336266 0.713351
vt 0.325179 0.724424
vt 0.133941 0.874424
vt 0.135987 0.857020
vt 0.137748 0.857970
vt 0.135656 0.875764
vt 0.659023 0.507858
vt 0.658919 0.505416
vt 0.204541 0.557609
vt 0.202851 0.556073
vt 0.672716 0.506585
vt 0.672919 0.504114
vt 0.354335 0.565136
vt 0.345383 0.548657
vt 0.346850 0.546920
vt 0.356003 0.563768
vt 0.792585 0.412750
vt 0.792711 0.401914
vt 0.794735 0.401041
vt 0.794606 0.412120
vt 0.684827 0.507424
vt 0.685302 0.504973
vt 0.790334 0.423993
vt 0.792305 0.423615
vt 0.605306 0.537782
vt 0.596191 0.548445
vt 0.594678 0.546913
vt 0.603997 0.536011
vt 0.908673 0.599677
vt 0.906859 0.580189
vt 0.908461 0.579773
vt 0.910315 0.599698
vt 0.836209 0.710555
vt 0.822699 0.710133
vt 0.822410 0.707753
vt 0.836223 0.708185
vt 0.899458 0.669345
vt 0.903603 0.655341
vt 0.905131 0.656610
vt 0.900894 0.670929
vt 0.024720 0.713254
vt 0.035529 0.726949
vt 0.034173 0.729081
vt 0.023122 0.715079
vt 0.510756 0.779780
vt 0.498313 0.778334
vt 0.507919 0.767904
vt 0.495495 0.767122
vt 0.505669 0.756261
vt 0.653028 0.518110
vt 0.638945 0.523398
vt 0.625442 0.530876
vt 0.520575 0.756261
vt 0.530904 0.769666
vt 0.519374 0.769084
vt 0.529023 0.782121
vt 0.517383 0.782511
vt 0.526365 0.794590
vt 0.780419 0.669488
vt 0.790512 0.683806
vt 0.789504 0.685714
vt 0.779185 0.671075
vt 0.790705 0.392253
vt 0.792684 0.391163
vt 0.923704 0.829890
vt 0.920967 0.314009
vt 0.850710 0.713502
vt 0.851049 0.711198
vt 0.865195 0.719134
vt 0.865859 0.716956
vt 0.035530 0.537891
vt 0.024720 0.552297
vt 0.023122 0.550513
vt 0.034174 0.535784
vt 0.212368 0.694146
vt 0.221476 0.704789
vt 0.220166 0.706552
vt 0.210853 0.695671
vt 0.878588 0.727032
vt 0.879552 0.725031
vt 0.629716 0.768066
vt 0.629151 0.766808
vt 0.890110 0.736343
vt 0.891332 0.734551
vt 0.589126 0.834732
vt 0.582906 0.850767
vt 0.581292 0.851363
vt 0.587652 0.834969
vt 0.910929 0.838027
vt 0.923685 0.849185
vt 0.910908 0.856407
vt 0.923660 0.867584
vt 0.907875 0.322745
vt 0.921306 0.333536
vt 0.907862 0.342039
vt 0.921290 0.352887
vt 0.907843 0.360439
vt 0.920918 0.370550
vt 0.907821 0.376665
vt 0.920269 0.385482
vt 0.551335 0.712973
vt 0.560066 0.697550
vt 0.561865 0.699100
vt 0.552939 0.714869
vt 0.130287 0.889192
vt 0.131920 0.890863
vt 0.899457 0.746125
vt 0.900889 0.744553
vt 0.903603 0.562457
vt 0.905131 0.561644
vt 0.810820 0.711662
vt 0.810265 0.709317
vt 0.335031 0.534505
vt 0.336267 0.532451
vt 0.145876 0.732848
vt 0.157286 0.721639
vt 0.158660 0.723652
vt 0.146994 0.735112
vt 0.800892 0.695265
vt 0.800118 0.697429
vt 0.529713 0.527557
vt 0.516175 0.517975
vt 0.516991 0.515499
vt 0.530832 0.525296
vt 0.501302 0.511092
vt 0.501784 0.508461
vt 0.302961 0.918324
vt 0.302961 0.900983
vt 0.305063 0.901429
vt 0.305063 0.919158
vt 0.345382 0.697789
vt 0.346850 0.699396
vt 0.486257 0.507444
vt 0.486401 0.504732
vt 0.472155 0.506840
vt 0.471984 0.504114
vt 0.899458 0.547214
vt 0.900893 0.546059
vt 0.046943 0.526688
vt 0.045843 0.524330
vt 0.430776 0.733694
vt 0.443718 0.742776
vt 0.442909 0.745340
vt 0.429677 0.736054
vt 0.810818 0.703800
vt 0.810266 0.706156
vt 0.324186 0.523345
vt 0.325179 0.521041
vt 0.015528 0.697014
vt 0.013724 0.698476
vt 0.833336 0.025949
vt 0.848386 0.022357
vt 0.516521 0.827602
vt 0.527970 0.837245
vt 0.517913 0.845527
vt 0.529270 0.855195
vt 0.518505 0.864585
vt 0.529491 0.873566
vt 0.518122 0.883428
vt 0.528542 0.891080
vt 0.516795 0.900656
vt 0.814925 0.382780
vt 0.811715 0.396291
vt 0.802163 0.385443
vt 0.799030 0.399480
vt 0.808091 0.409223
vt 0.579661 0.653942
vt 0.583491 0.670826
vt 0.581694 0.672037
vt 0.577778 0.654776
vt 0.818130 0.031859
vt 0.092354 0.838057
vt 0.077103 0.830308
vt 0.906859 0.638582
vt 0.908461 0.639475
vt 0.684828 0.733277
vt 0.697490 0.727417
vt 0.698249 0.729898
vt 0.685302 0.735889
vt 0.577529 0.634927
vt 0.575598 0.635334
vt 0.803956 0.039627
vt 0.074010 0.511072
vt 0.059884 0.517609
vt 0.059074 0.515048
vt 0.073517 0.508364
vt 0.577529 0.614967
vt 0.575598 0.614927
vt 0.791697 0.048424
vt 0.313670 0.515190
vt 0.314426 0.512702
vt 0.080342 0.844761
vt 0.093112 0.853382
vt 0.081261 0.858987
vt 0.094239 0.867232
vt 0.082775 0.871399
vt 0.051139 0.928017
vt 0.064264 0.838010
vt 0.077723 0.846202
vt 0.064746 0.853346
vt 0.078421 0.861194
vt 0.065623 0.867214
vt 0.079142 0.874113
vt 0.924305 0.675847
vt 0.911124 0.670077
vt 0.566697 0.680860
vt 0.568645 0.682036
vt 0.232810 0.715084
vt 0.231754 0.717079
vt 0.088322 0.507538
vt 0.088150 0.504751
vt 0.579661 0.595547
vt 0.577778 0.595071
vt 0.862210 0.021016
vt 0.583491 0.577937
vt 0.581694 0.577066
vt 0.597462 0.817180
vt 0.596175 0.817024
vt 0.354335 0.681974
vt 0.356003 0.683226
vt 0.588365 0.562850
vt 0.586677 0.561641
vt 0.764305 0.779923
vt 0.759223 0.796918
vt 0.757511 0.796484
vt 0.762707 0.779108
vt 0.822708 0.705362
vt 0.822422 0.707753
vt 0.132337 0.742432
vt 0.133152 0.744912
vt 0.301007 0.509329
vt 0.301480 0.506710
vt 0.185563 0.820119
vt 0.189716 0.807024
vt 0.191757 0.807235
vt 0.187511 0.820624
vt 0.370436 0.520205
vt 0.370436 0.504133
vt 0.372305 0.504136
vt 0.372305 0.520570
vt 0.771447 0.762522
vt 0.770009 0.761317
vt 0.962820 0.059230
vt 0.962820 0.044091
vt 0.964924 0.043678
vt 0.964924 0.059157
vt 0.780399 0.746043
vt 0.779162 0.744468
vt 0.008673 0.679500
vt 0.006715 0.680569
vt 0.199661 0.571750
vt 0.197861 0.570530
vt 0.797012 0.441310
vt 0.809248 0.447429
vt 0.798742 0.456358
vt 0.811097 0.462124
vt 0.800059 0.471770
vt 0.812223 0.476639
vt 0.800792 0.486368
vt 0.812495 0.489927
vt 0.800888 0.499070
vt 0.811949 0.501186
vt 0.432501 0.904279
vt 0.422543 0.895030
vt 0.434084 0.892774
vt 0.424827 0.884155
vt 0.960607 0.074090
vt 0.962661 0.074349
vt 0.790496 0.731711
vt 0.789485 0.729815
vt 0.050408 0.839447
vt 0.910667 0.597272
vt 0.960607 0.029743
vt 0.962661 0.029008
vt 0.800884 0.720229
vt 0.800106 0.718075
vt 0.899720 0.459577
vt 0.903630 0.472518
vt 0.901883 0.473672
vt 0.897886 0.460441
vt 0.457845 0.749315
vt 0.457352 0.752025
vt 0.908673 0.619635
vt 0.910315 0.620104
vt 0.756041 0.812500
vt 0.754257 0.812415
vt 0.361223 0.665169
vt 0.363046 0.666044
vt 0.063181 0.829866
vt 0.050390 0.822518
vt 0.063181 0.813667
vt 0.050408 0.806227
vt 0.923750 0.587276
vt 0.910315 0.580277
vt 0.923765 0.570347
vt 0.910349 0.563222
vt 0.923815 0.554056
vt 0.910766 0.547441
vt 0.187217 0.596870
vt 0.182860 0.579535
vt 0.184807 0.578362
vt 0.189262 0.596086
vt 0.571056 0.663532
vt 0.573497 0.643978
vt 0.575598 0.644327
vt 0.573102 0.664319
vt 0.573497 0.623486
vt 0.575598 0.623375
vt 0.571638 0.798017
vt 0.573576 0.784966
vt 0.575418 0.785790
vt 0.573436 0.799134
vt 0.246099 0.724047
vt 0.245341 0.726243
vt 0.571056 0.603656
vt 0.573102 0.603100
vt 0.566697 0.585834
vt 0.568645 0.584879
vt 0.004321 0.662163
vt 0.002265 0.662843
vt 0.388153 0.598222
vt 0.385938 0.616957
vt 0.383833 0.616699
vt 0.386098 0.597545
vt 0.365849 0.648669
vt 0.367776 0.649174
vt 0.117465 0.749315
vt 0.117946 0.751949
vt 0.379179 0.879790
vt 0.381251 0.863598
vt 0.383034 0.863958
vt 0.380916 0.880513
vt 0.659023 0.735760
vt 0.672716 0.735577
vt 0.672920 0.738241
vt 0.658919 0.738428
vt 0.381251 0.846544
vt 0.383034 0.846522
vt 0.836226 0.704965
vt 0.836244 0.707348
vt 0.752270 0.626580
vt 0.752270 0.609131
vt 0.754257 0.608960
vt 0.754257 0.626799
vt 0.644421 0.733149
vt 0.643989 0.735759
vt 0.379179 0.829959
vt 0.380916 0.829565
vt 0.002105 0.623965
vt 0.002105 0.643430
vt 0.000000 0.643690
vt -0.000000 0.623788
vt 0.629936 0.727517
vt 0.629180 0.730000
vt 0.375480 0.814982
vt 0.377133 0.814253
vt 0.433767 0.854358
vt 0.422156 0.848065
vt 0.431964 0.839151
vt 0.420459 0.832745
vt 0.430960 0.822681
vt 0.419853 0.816731
vt 0.430960 0.806071
vt 0.420459 0.801112
vt 0.431964 0.790554
vt 0.422156 0.786901
vt 0.433767 0.777056
vt 0.424643 0.774734
vt 0.368452 0.633474
vt 0.370436 0.633639
vt 0.472156 0.752846
vt 0.471985 0.755636
vt 0.035799 0.884189
vt 0.735093 0.873470
vt 0.195826 0.588616
vt 0.193940 0.587774
vt 0.004321 0.605145
vt 0.002265 0.604546
vt 0.616644 0.719282
vt 0.615590 0.721581
vt 0.375480 0.894065
vt 0.377133 0.895109
vt 0.605305 0.709367
vt 0.603997 0.711443
vt 0.897531 0.444669
vt 0.895648 0.445199
vt 0.260584 0.730752
vt 0.260151 0.733097
vt 0.048899 0.875937
vt 0.036416 0.870067
vt 0.049404 0.861671
vt 0.036833 0.854932
vt 0.748690 0.866328
vt 0.735418 0.860064
vt 0.749274 0.852204
vt 0.735913 0.845043
vt 0.749654 0.837069
vt 0.736539 0.829582
vt 0.890120 0.537640
vt 0.891346 0.536270
vt 0.790497 0.889187
vt 0.800885 0.900583
vt 0.800107 0.902474
vt 0.789486 0.890821
vt 0.189657 0.616428
vt 0.191757 0.616082
vt 0.368452 0.616027
vt 0.370436 0.615800
vt 0.780400 0.875222
vt 0.779162 0.876544
vt 0.032000 0.849333
vt 0.032000 0.867382
vt 0.029972 0.867040
vt 0.029972 0.848586
vt 0.573576 0.770711
vt 0.575418 0.771215
vt 0.771448 0.859406
vt 0.770010 0.860373
vt 0.102421 0.752958
vt 0.102565 0.755674
vt 0.034133 0.832496
vt 0.032154 0.831371
vt 0.764306 0.842913
vt 0.762707 0.843511
vt 0.181960 0.784834
vt 0.184030 0.798099
vt 0.182109 0.799036
vt 0.179993 0.785473
vt 0.907409 0.459677
vt 0.911036 0.474368
vt 0.909415 0.474848
vt 0.905706 0.459828
vt 0.034133 0.885365
vt 0.032154 0.885426
vt 0.759223 0.826977
vt 0.757511 0.827217
vt 0.385938 0.636421
vt 0.383833 0.636600
vt 0.288889 0.507008
vt 0.289090 0.504337
vt 0.850732 0.702033
vt 0.851075 0.704349
vt 0.810821 0.909283
vt 0.810266 0.911368
vt 0.514609 0.894183
vt 0.502934 0.888019
vt 0.512851 0.885671
vt 0.500874 0.878408
vt 0.511470 0.874762
vt 0.499468 0.866643
vt 0.510701 0.861637
vt 0.498966 0.853150
vt 0.510701 0.847000
vt 0.499468 0.838767
vt 0.511470 0.831938
vt 0.500874 0.824509
vt 0.512851 0.817551
vt 0.502934 0.811245
vt 0.494968 0.801793
vt 0.275190 0.734699
vt 0.275084 0.737133
vt 0.486258 0.753458
vt 0.501303 0.751021
vt 0.501785 0.753769
vt 0.486403 0.756261
vt 0.694511 0.786312
vt 0.692083 0.770456
vt 0.705454 0.774261
vt 0.682638 0.799252
vt 0.680103 0.783579
vt 0.887507 0.480712
vt 0.891494 0.465874
vt 0.893365 0.466591
vt 0.889289 0.481761
vt 0.186880 0.788869
vt 0.188561 0.777843
vt 0.190576 0.777399
vt 0.188857 0.788673
vt 0.490644 0.791206
vt 0.516176 0.745239
vt 0.516992 0.747858
vt 0.193691 0.607621
vt 0.191757 0.607206
vt 0.676543 0.523977
vt 0.663033 0.526081
vt 0.666715 0.515219
vt 0.529714 0.736565
vt 0.530833 0.738990
vt 0.102422 0.506933
vt 0.102565 0.504133
vt 0.541123 0.726038
vt 0.542498 0.728226
vt 0.897531 0.428730
vt 0.895648 0.428902
vt 0.648532 0.530481
vt 0.676745 0.767684
vt 0.088322 0.753555
vt 0.088149 0.756284
vt 0.759230 0.588518
vt 0.756037 0.602963
vt 0.754257 0.603059
vt 0.757521 0.588289
vt 0.288889 0.735990
vt 0.289090 0.738453
vt 0.634047 0.537185
vt 0.667795 0.797381
vt 0.664318 0.781729
vt 0.660412 0.766348
vt 0.189657 0.636921
vt 0.191757 0.637035
vt 0.914464 0.454922
vt 0.916383 0.439708
vt 0.918035 0.439211
vt 0.916072 0.454767
vt 0.878606 0.528183
vt 0.879574 0.526602
vt 0.457844 0.509394
vt 0.457351 0.506725
vt 0.620654 0.545693
vt 0.539692 0.785436
vt 0.745054 0.659854
vt 0.749674 0.642552
vt 0.751603 0.643130
vt 0.746879 0.660820
vt 0.571638 0.756261
vt 0.573436 0.756441
vt 0.652281 0.796112
vt 0.648288 0.780976
vt 0.644360 0.766553
vt 0.916383 0.424679
vt 0.918035 0.423845
vt 0.738168 0.677427
vt 0.739839 0.678787
vt 0.914464 0.411010
vt 0.916072 0.409870
vt 0.181960 0.770559
vt 0.179992 0.770878
vt 0.536775 0.798118
vt 0.059884 0.745511
vt 0.074010 0.751004
vt 0.073517 0.753676
vt 0.059074 0.748060
vt 0.729216 0.693905
vt 0.730686 0.695635
vt 0.865217 0.696402
vt 0.865885 0.698592
vt 0.911036 0.399502
vt 0.912568 0.398104
vt 0.637195 0.795535
vt 0.633201 0.781298
vt 0.301007 0.735171
vt 0.301480 0.737616
vt 0.388153 0.655238
vt 0.386098 0.655839
vt 0.046943 0.737466
vt 0.045843 0.739834
vt 0.718862 0.708066
vt 0.720100 0.710113
vt 0.533131 0.810186
vt 0.911036 0.469192
vt 0.912568 0.469356
vt 0.905378 0.443670
vt 0.903630 0.443462
vt 0.622549 0.797046
vt 0.697490 0.512348
vt 0.698249 0.510006
vt 0.536242 0.825986
vt 0.708013 0.719242
vt 0.709008 0.721539
vt 0.193691 0.627580
vt 0.191757 0.627612
vt 0.538576 0.843834
vt 0.893726 0.449084
vt 0.895648 0.449424
vt 0.275190 0.506808
vt 0.275084 0.504133
vt 0.539692 0.862849
vt 0.899720 0.413005
vt 0.897886 0.412825
vt 0.878588 0.887348
vt 0.890110 0.877868
vt 0.891332 0.879249
vt 0.879552 0.888942
vt 0.759230 0.618576
vt 0.757521 0.619021
vt 0.313670 0.730249
vt 0.314426 0.732583
vt 0.539310 0.881692
vt 0.627180 0.811783
vt 0.612164 0.814288
vt 0.865195 0.895856
vt 0.865859 0.897641
vt 0.188112 0.767028
vt 0.190116 0.766342
vt 0.285306 0.907780
vt 0.285306 0.924540
vt 0.283208 0.924614
vt 0.283208 0.907478
vt 0.850710 0.902560
vt 0.851049 0.904495
vt 0.537459 0.898963
vt 0.823535 0.396250
vt 0.187217 0.656748
vt 0.189262 0.657307
vt 0.287513 0.891732
vt 0.285465 0.891071
vt 0.764320 0.572608
vt 0.762726 0.572022
vt 0.617591 0.828723
vt 0.602885 0.831786
vt 0.836210 0.906961
vt 0.836224 0.908994
vt 0.117466 0.509375
vt 0.117947 0.506629
vt 0.878606 0.688492
vt 0.879574 0.690505
vt 0.287513 0.940826
vt 0.285465 0.941265
vt 0.819428 0.409795
vt 0.822699 0.909065
vt 0.822410 0.911146
vt 0.133941 0.818902
vt 0.130287 0.801076
vt 0.131920 0.800772
vt 0.135656 0.818997
vt 0.184030 0.756285
vt 0.182109 0.756284
vt 0.609109 0.845155
vt 0.595309 0.848243
vt 0.865217 0.519688
vt 0.865885 0.517916
vt 0.365849 0.600034
vt 0.367776 0.599449
vt 0.195826 0.647009
vt 0.193940 0.647476
vt 0.899457 0.868262
vt 0.900889 0.869428
vt 0.814962 0.422197
vt 0.392507 0.673061
vt 0.399363 0.691174
vt 0.397560 0.692581
vt 0.390549 0.674062
vt 0.443717 0.514885
vt 0.442908 0.512339
vt 0.589126 0.864138
vt 0.602885 0.861192
vt 0.408555 0.708094
vt 0.406958 0.709880
vt 0.903630 0.398606
vt 0.901883 0.398104
vt 0.818181 0.435647
vt 0.325749 0.907509
vt 0.323602 0.923121
vt 0.321562 0.922927
vt 0.323757 0.906965
vt 0.419364 0.722497
vt 0.418009 0.724606
vt 0.820922 0.450424
vt 0.893726 0.431438
vt 0.895648 0.431383
vt 0.905378 0.427483
vt 0.903630 0.426912
vt 0.008673 0.587327
vt 0.006715 0.586329
vt 0.822802 0.465685
vt 0.597462 0.877566
vt 0.890120 0.679158
vt 0.891346 0.680962
vt 0.182860 0.674565
vt 0.184807 0.675523
vt 0.260584 0.509409
vt 0.260150 0.506792
vt 0.823535 0.480284
vt 0.617591 0.857401
vt 0.612164 0.873871
vt 0.607557 0.889924
vt 0.199661 0.664634
vt 0.197861 0.665497
vt 0.771467 0.556130
vt 0.770033 0.555175
vt 0.818129 0.162516
vt 0.803956 0.154268
vt 0.185563 0.757191
vt 0.187511 0.756284
vt 0.823068 0.493136
vt 0.560065 0.568735
vt 0.561865 0.567396
vt 0.627179 0.869139
vt 0.622549 0.885264
vt 0.618621 0.900247
vt 0.718862 0.531125
vt 0.708013 0.520309
vt 0.709007 0.518146
vt 0.720100 0.529205
vt 0.833336 0.169554
vt 0.764320 0.635595
vt 0.762725 0.636422
vt 0.729216 0.544767
vt 0.730686 0.543152
vt 0.411890 0.893882
vt 0.414412 0.882851
vt 0.848386 0.174831
vt 0.850732 0.512984
vt 0.851075 0.511061
vt 0.132338 0.515157
vt 0.133153 0.512541
vt 0.167498 0.707738
vt 0.176228 0.691668
vt 0.178027 0.693009
vt 0.169100 0.709440
vt 0.637195 0.879539
vt 0.633201 0.894632
vt 0.629716 0.908073
vt 0.738168 0.560583
vt 0.739839 0.559323
vt 0.862210 0.178215
vt 0.204542 0.679741
vt 0.202851 0.680943
vt 0.417700 0.872078
vt 0.491939 0.814549
vt 0.489558 0.828792
vt 0.488233 0.843775
vt 0.488233 0.858412
vt 0.565280 0.896420
vt 0.557815 0.893855
vt 0.564753 0.879434
vt 0.557670 0.910581
vt 0.745053 0.577399
vt 0.746878 0.576516
vt 0.891494 0.414317
vt 0.893365 0.413878
vt 0.791698 0.145579
vt 0.749674 0.593915
vt 0.751603 0.593403
vt 0.135987 0.838018
vt 0.137748 0.838541
vt 0.707991 0.789931
vt 0.979231 0.922304
vt 0.970499 0.934731
vt 0.970499 0.916557
vt 0.907408 0.412381
vt 0.905706 0.411471
vt 0.430775 0.522926
vt 0.429676 0.520560
vt 0.361223 0.582717
vt 0.363046 0.581743
vt 0.709412 0.807676
vt 0.696011 0.803054
vt 0.556176 0.875957
vt 0.906840 0.776947
vt 0.903592 0.760162
vt 0.905116 0.758904
vt 0.908438 0.776066
vt 0.780419 0.540315
vt 0.779186 0.539006
vt 0.908650 0.795908
vt 0.910288 0.795452
vt 0.709412 0.826336
vt 0.696550 0.821189
vt 0.683309 0.816374
vt 0.246099 0.515039
vt 0.245340 0.512549
vt 0.792711 0.454335
vt 0.792585 0.438960
vt 0.794606 0.438918
vt 0.794735 0.454637
vt 0.323602 0.939320
vt 0.321562 0.939489
vt 0.908650 0.815868
vt 0.910288 0.815859
vt 0.887507 0.398889
vt 0.889289 0.398104
vt 0.707991 0.844453
vt 0.696011 0.839401
vt 0.683309 0.834097
vt 0.790706 0.469029
vt 0.792684 0.469660
vt 0.836226 0.508569
vt 0.836244 0.506547
vt 0.906840 0.835343
vt 0.908438 0.835771
vt 0.015528 0.569216
vt 0.013724 0.567812
vt 0.903592 0.853051
vt 0.905116 0.853875
vt 0.705454 0.860789
vt 0.694511 0.856356
vt 0.682638 0.851168
vt 0.145876 0.523830
vt 0.146994 0.521408
vt 0.771466 0.653010
vt 0.770032 0.654227
vt 0.419363 0.533447
vt 0.408555 0.547144
vt 0.406957 0.545322
vt 0.418008 0.531318
vt 0.790512 0.526339
vt 0.789505 0.524716
vt 0.911036 0.399306
vt 0.909415 0.398104
vt 0.644361 0.902351
vt 0.648288 0.887369
vt 0.399363 0.563382
vt 0.397559 0.561924
vt 0.414216 0.859109
vt 0.392507 0.580892
vt 0.390549 0.579826
vt 0.822708 0.506439
vt 0.822422 0.504370
vt 0.411479 0.844128
vt 0.232810 0.523282
vt 0.231753 0.520976
vt 0.409955 0.827786
vt 0.660412 0.894246
vt 0.800893 0.514919
vt 0.800118 0.513040
vt 0.409955 0.811176
vt 0.652281 0.871192
vt 0.664318 0.878136
vt 0.676746 0.884049
vt 0.810819 0.506189
vt 0.810267 0.504114
vt 0.883840 0.414957
vt 0.881787 0.432794
vt 0.880020 0.431925
vt 0.882119 0.413688
vt 0.411479 0.795532
vt 0.667795 0.861506
vt 0.680103 0.867506
vt 0.692084 0.872558
vt 0.325749 0.954959
vt 0.323757 0.955479
vt 0.881787 0.452145
vt 0.880020 0.451710
vt 0.883840 0.471497
vt 0.882119 0.471496
vt 0.414216 0.781807
vt 0.176228 0.562846
vt 0.178027 0.561299
vt 0.887507 0.489446
vt 0.885869 0.489847
vt 0.887507 0.399714
vt 0.885868 0.398104
vt 0.102961 0.960140
vt 0.102961 0.944236
vt 0.108974 0.956368
vt 0.417700 0.770436
vt 0.232424 0.778287
vt 0.242951 0.783129
vt 0.229093 0.792557
vt 0.219890 0.782152
vt 0.228061 0.766294
vt 0.242313 0.766898
vt 0.295211 0.780542
vt 0.304405 0.770130
vt 0.307744 0.784391
vt 0.281448 0.776486
vt 0.290881 0.765181
vt 0.267118 0.772476
vt 0.276250 0.760285
vt 0.783506 0.041715
vt 0.794443 0.032104
vt 0.488233 0.988232
vt 0.488233 0.974897
vt 0.496679 0.981775
vt 0.300813 0.754558
vt 0.286507 0.748669
vt 0.297164 0.738453
vt 0.807579 0.023284
vt 0.822314 0.016219
vt 0.837587 0.011620
vt 0.852216 0.009647
vt 0.865309 0.009918
vt 0.786645 0.026791
vt 0.798417 0.017248
vt 0.812107 0.009161
vt 0.826917 0.003404
vt 0.841748 0.000405
vt 0.855569 0.000000
vt 0.867725 0.001597
vt 0.318272 0.779545
vt 0.315435 0.764120
vt 0.312235 0.747558
vt 0.875586 0.020464
vt 0.877874 0.010324
vt 0.330019 0.774387
vt 0.327705 0.758061
vt 0.342479 0.769220
vt 0.872349 0.033448
vt 0.886142 0.034093
vt 0.882544 0.048725
vt 0.896126 0.050383
vt 0.891942 0.066023
vt 0.904688 0.068231
vt 0.899808 0.083992
vt 0.911291 0.086187
vt 0.905789 0.101231
vt 0.915865 0.102977
vt 0.888487 0.022039
vt 0.733360 0.959507
vt 0.733360 0.976804
vt 0.723605 0.971087
vt 0.898806 0.036678
vt 0.105114 0.756284
vt 0.104117 0.775180
vt 0.094323 0.767851
vt 0.094239 0.787541
vt 0.104628 0.794444
vt 0.095876 0.806767
vt 0.106409 0.812691
vt 0.098779 0.824282
vt 0.109041 0.828979
vt 0.317648 0.795775
vt 0.329536 0.791425
vt 0.342479 0.786671
vt 0.911291 0.118387
vt 0.104847 0.841668
vt 0.328705 0.808571
vt 0.341783 0.804778
vt 0.340440 0.822258
vt 0.899808 0.117009
vt 0.904687 0.135131
vt 0.891941 0.133824
vt 0.896126 0.152084
vt 0.882544 0.150426
vt 0.886141 0.167894
vt 0.872349 0.165517
vt 0.875585 0.181462
vt 0.865308 0.192288
vt 0.094239 0.837129
vt 0.101354 0.855167
vt 0.915266 0.135731
vt 0.907959 0.152578
vt 0.898805 0.168747
vt 0.888486 0.183037
vt 0.877873 0.194713
vt 0.867724 0.203639
vt 0.303396 0.796391
vt 0.313696 0.809362
vt 0.325186 0.823572
vt 0.852216 0.190546
vt 0.855569 0.203383
vt 0.298687 0.809869
vt 0.309286 0.824259
vt 0.293864 0.824271
vt 0.837587 0.186767
vt 0.822314 0.180776
vt 0.807579 0.172878
vt 0.794443 0.163807
vt 0.783506 0.154426
vt 0.841747 0.201206
vt 0.826916 0.196691
vt 0.812106 0.189837
vt 0.798417 0.181151
vt 0.786645 0.171483
vt 0.949805 0.850869
vt 0.949805 0.837054
vt 0.959746 0.840929
vt 0.289806 0.793142
vt 0.284255 0.807264
vt 0.780000 0.137221
vt 0.956372 0.826151
vt 0.275124 0.789582
vt 0.789146 0.127007
vt 0.777570 0.117642
vt 0.787717 0.106536
vt 0.776695 0.096807
vt 0.787717 0.085584
vt 0.777570 0.076295
vt 0.789146 0.065789
vt 0.780000 0.057619
vt 0.772860 0.146109
vt 0.769531 0.127980
vt 0.767676 0.108055
vt 0.767676 0.087649
vt 0.769531 0.068278
vt 0.772860 0.051143
vt 0.777098 0.036824
vt 0.356359 0.836793
vt 0.368874 0.829405
vt 0.366423 0.842335
vt 0.344722 0.830287
vt 0.357967 0.822676
vt 0.868214 0.270911
vt 0.880148 0.262852
vt 0.880253 0.278290
vt 0.857470 0.264244
vt 0.868033 0.256074
vt 0.370699 0.814670
vt 0.345436 0.815240
vt 0.358950 0.806941
vt 0.371546 0.798822
vt 0.345661 0.798983
vt 0.359066 0.790554
vt 0.371194 0.782953
vt 0.345300 0.782690
vt 0.358237 0.774788
vt 0.369669 0.768245
vt 0.880148 0.247372
vt 0.344380 0.767635
vt 0.356594 0.760775
vt 0.367236 0.755557
vt 0.857470 0.250369
vt 0.868214 0.241688
vt 0.880253 0.232948
vt 0.343046 0.754736
vt 0.354415 0.749146
vt 0.364269 0.745234
vt 0.783172 0.221454
vt 0.770440 0.228750
vt 0.772700 0.217324
vt 0.795080 0.227828
vt 0.781721 0.234479
vt 0.806973 0.255155
vt 0.795393 0.260618
vt 0.795080 0.243759
vt 0.817423 0.266645
vt 0.807248 0.272162
vt 0.768665 0.243185
vt 0.794452 0.242483
vt 0.780716 0.250604
vt 0.767676 0.260338
vt 0.794100 0.260028
vt 0.780354 0.269195
vt 0.767676 0.279260
vt 0.794100 0.279457
vt 0.780716 0.288945
vt 0.768665 0.298547
vt 0.795393 0.279071
vt 0.794452 0.299250
vt 0.781721 0.308294
vt 0.770440 0.316812
vt 0.817423 0.283186
vt 0.806973 0.289994
vt 0.795080 0.297814
vt 0.795080 0.317920
vt 0.783172 0.325970
vt 0.772700 0.333115
vt 0.783131 0.361448
vt 0.770386 0.363768
vt 0.772681 0.349960
vt 0.795016 0.372966
vt 0.781642 0.376285
vt 0.863531 0.384151
vt 0.851441 0.390732
vt 0.852108 0.374369
vt 0.873829 0.393540
vt 0.863038 0.400254
vt 0.768573 0.378151
vt 0.794348 0.388236
vt 0.566790 0.764806
vt 0.553161 0.772355
vt 0.555510 0.756261
vt 0.780597 0.391163
vt 0.540568 0.780611
vt 0.542724 0.763968
vt 0.565186 0.781893
vt 0.551724 0.790007
vt 0.539693 0.798160
vt 0.564287 0.799912
vt 0.551388 0.807914
vt 0.540163 0.815311
vt 0.850807 0.407856
vt 0.564164 0.817454
vt 0.552096 0.824719
vt 0.541765 0.830931
vt 0.873261 0.408890
vt 0.862335 0.416479
vt 0.850252 0.424529
vt 0.564716 0.833314
vt 0.553592 0.839469
vt 0.544125 0.844370
vt 0.554929 0.866953
vt 0.543534 0.867306
vt 0.544760 0.857420
vt 0.823072 0.371281
vt 0.836387 0.363116
vt 0.835089 0.374174
vt 0.895881 0.348033
vt 0.907403 0.341452
vt 0.907821 0.355616
vt 0.885405 0.340002
vt 0.895516 0.333659
vt 0.847786 0.365507
vt 0.849411 0.353123
vt 0.823542 0.358956
vt 0.837236 0.349405
vt 0.850252 0.338463
vt 0.823740 0.344099
vt 0.837452 0.333578
vt 0.850119 0.322345
vt 0.823603 0.327549
vt 0.836967 0.316745
vt 0.849022 0.305965
vt 0.907321 0.325732
vt 0.823143 0.310600
vt 0.835868 0.300238
vt 0.847167 0.290493
vt 0.885331 0.325911
vt 0.895725 0.318355
vt 0.907579 0.309569
vt 0.822439 0.294538
vt 0.834354 0.285144
vt 0.844855 0.276718
vt 0.834355 0.253876
vt 0.847167 0.249110
vt 0.844855 0.261872
vt 0.822439 0.246024
vt 0.835868 0.240315
vt 0.896006 0.224553
vt 0.907649 0.216124
vt 0.907821 0.228713
vt 0.885642 0.221990
vt 0.895877 0.213241
vt 0.849022 0.235807
vt 0.823143 0.232173
vt 0.836967 0.226656
vt 0.850119 0.222926
vt 0.823603 0.218810
vt 0.837452 0.214063
vt 0.850252 0.211566
vt 0.823740 0.207147
vt 0.837236 0.203639
vt 0.356313 0.886285
vt 0.368646 0.876462
vt 0.368636 0.886384
vt 0.907812 0.205046
vt 0.342479 0.894754
vt 0.343140 0.884314
vt 0.356213 0.875453
vt 0.367663 0.865853
vt 0.885789 0.212060
vt 0.896313 0.203639
vt 0.863637 0.353445
vt 0.876307 0.349433
vt 0.874799 0.359294
vt 0.343303 0.873015
vt 0.355444 0.864331
vt 0.365988 0.855410
vt 0.353764 0.738453
vt 0.342479 0.742854
vt 0.866433 0.229142
vt 0.854943 0.238675
vt 0.772680 0.207404
vt 0.782880 0.209879
vt 0.794734 0.203639
vt 0.794755 0.214706
vt 0.879206 0.220019
vt 0.864889 0.216420
vt 0.878211 0.207480
vt 0.863773 0.204583
vt 0.796026 0.203639
vt 0.809772 0.213901
vt 0.796049 0.215290
vt 0.809427 0.226671
vt 0.795708 0.229099
vt 0.808428 0.240845
vt 0.852719 0.226391
vt 0.851081 0.214377
vt 0.850252 0.203639
vt 0.822439 0.226394
vt 0.821462 0.239526
vt 0.819688 0.253291
vt 0.782880 0.344051
vt 0.794755 0.336834
vt 0.808428 0.307611
vt 0.819688 0.299400
vt 0.794734 0.355626
vt 0.795708 0.316484
vt 0.809427 0.327049
vt 0.796049 0.336448
vt 0.809772 0.347067
vt 0.796026 0.356233
vt 0.809381 0.366093
vt 0.795641 0.374292
vt 0.808340 0.382780
vt 0.854008 0.359294
vt 0.866048 0.369701
vt 0.821462 0.317697
vt 0.822439 0.337167
vt 0.822416 0.356437
vt 0.821396 0.374074
vt 0.880020 0.365795
vt 0.876978 0.380182
vt 0.553829 0.853805
vt 0.564737 0.848685
vt 0.863755 0.431657
vt 0.875395 0.422970
vt 0.565445 0.863243
vt 0.566790 0.875957
vt 0.851007 0.440382
vt 0.865083 0.447771
vt 0.851883 0.456621
vt 0.866181 0.463652
vt 0.852825 0.471938
vt 0.866942 0.477996
vt 0.853759 0.485133
vt 0.867334 0.489847
vt 0.907314 0.367945
vt 0.894533 0.360278
vt 0.877336 0.438335
vt 0.878859 0.454076
vt 0.879776 0.468993
vt 0.880020 0.481977
vt 0.881579 0.363385
vt 0.883232 0.351627
vt 0.834613 0.269220
vt 0.822714 0.277949
vt 0.894233 0.303404
vt 0.883026 0.312348
vt 0.822714 0.261386
vt 0.906922 0.293506
vt 0.893219 0.286671
vt 0.906580 0.276130
vt 0.892888 0.269172
vt 0.906632 0.258693
vt 0.893322 0.252260
vt 0.907075 0.242559
vt 0.894432 0.237155
vt 0.881229 0.296795
vt 0.880253 0.279953
vt 0.880303 0.262971
vt 0.881378 0.247109
vt 0.883262 0.233314
vt 0.356260 0.850968
vt 0.344266 0.859856
vt 0.863201 0.343436
vt 0.852400 0.355682
vt 0.851087 0.346893
vt 0.344751 0.845269
vt 0.876720 0.338145
vt 0.863210 0.330893
vt 0.877361 0.324449
vt 0.863773 0.316282
vt 0.878211 0.309107
vt 0.864889 0.300616
vt 0.879206 0.293317
vt 0.866433 0.285146
vt 0.850295 0.335679
vt 0.850252 0.322236
vt 0.851081 0.307294
vt 0.852719 0.291961
vt 0.854943 0.277352
vt 0.716145 0.762486
vt 0.713086 0.748077
vt 0.723765 0.753866
vt 0.706588 0.773142
vt 0.703921 0.757527
vt 0.253342 0.754109
vt 0.249794 0.739126
vt 0.265033 0.740442
vt 0.238340 0.753323
vt 0.700005 0.743145
vt 0.692917 0.769252
vt 0.689348 0.753592
vt 0.684887 0.739758
vt 0.677236 0.766418
vt 0.673113 0.751276
vt 0.668622 0.738428
vt 0.660536 0.765052
vt 0.656393 0.750897
vt 0.652421 0.739253
vt 0.233894 0.738453
vt 0.644125 0.765261
vt 0.640475 0.752338
vt 0.637394 0.741886
vt 0.223324 0.752837
vt 0.218458 0.738469
vt 0.626310 0.755139
vt 0.339189 0.842189
vt 0.329504 0.836054
vt 0.334727 0.824271
vt 0.330664 0.852478
vt 0.614810 0.768360
vt 0.208878 0.755471
vt 0.214465 0.769565
vt 0.340491 0.859934
vt 0.330776 0.870881
vt 0.603070 0.784186
vt 0.340354 0.879385
vt 0.329504 0.890315
vt 0.592052 0.801883
vt 0.589673 0.787716
vt 0.825381 0.955601
vt 0.825381 0.971064
vt 0.812765 0.956499
vt 0.582702 0.820171
vt 0.579621 0.805475
vt 0.790334 0.406538
vt 0.778219 0.405104
vt 0.782532 0.391163
vt 0.199763 0.773162
vt 0.193639 0.758632
vt 0.575598 0.837639
vt 0.785035 0.420400
vt 0.773091 0.418636
vt 0.206115 0.786236
vt 0.191757 0.790290
vt 0.790334 0.435571
vt 0.779026 0.433204
vt 0.767676 0.430978
vt 0.770029 0.444921
vt 0.781826 0.447940
vt 0.200914 0.802460
vt 0.215564 0.797527
vt 0.771802 0.460185
vt 0.587652 0.865035
vt 0.575598 0.866960
vt 0.582702 0.881090
vt 0.783668 0.463758
vt 0.772663 0.475882
vt 0.596175 0.878763
vt 0.592052 0.894492
vt 0.784154 0.479548
vt 0.772401 0.490825
vt 0.606495 0.891399
vt 0.603070 0.906025
vt 0.589673 0.907978
vt 0.601091 0.917904
vt 0.211181 0.814067
vt 0.617808 0.901953
vt 0.614810 0.914966
vt 0.612900 0.925083
vt 0.225497 0.808149
vt 0.221831 0.824290
vt 0.629151 0.909954
vt 0.626310 0.921204
vt 0.019142 0.873051
vt 0.028945 0.877344
vt 0.023737 0.887615
vt 0.971375 0.916431
vt 0.971375 0.903480
vt 0.981882 0.908108
vt 0.731728 0.781983
vt 0.719783 0.776946
vt 0.728225 0.766610
vt 0.733679 0.799493
vt 0.722303 0.793937
vt 0.709182 0.789164
vt 0.733680 0.818074
vt 0.723211 0.812609
vt 0.710634 0.807306
vt 0.731728 0.836346
vt 0.722303 0.831587
vt 0.710634 0.826385
vt 0.266406 0.757907
vt 0.728225 0.853085
vt 0.719783 0.849431
vt 0.709182 0.844908
vt 0.267118 0.776014
vt 0.254194 0.771247
vt 0.723765 0.867570
vt 0.716145 0.865120
vt 0.706588 0.861610
vt 0.267118 0.793481
vt 0.254685 0.788293
vt 0.027721 0.863669
vt 0.640475 0.917064
vt 0.236908 0.815157
vt 0.240118 0.798567
vt 0.017793 0.858220
vt 0.027602 0.848099
vt 0.644125 0.904105
vt 0.656393 0.910385
vt 0.017955 0.841667
vt 0.028945 0.831371
vt 0.660536 0.895818
vt 0.673113 0.901121
vt 0.668622 0.914434
vt 0.684887 0.904280
vt 0.677236 0.885392
vt 0.689348 0.889811
vt 0.700005 0.892394
vt 0.252369 0.804639
vt 0.692918 0.873643
vt 0.703921 0.877454
vt 0.713086 0.879831
vt 0.174509 0.484206
vt 0.173014 0.504133
vt 0.135936 0.494621
vt 0.140362 0.475446
vt 0.275637 0.046032
vt 0.282823 0.028345
vt 0.314256 0.055776
vt 0.304585 0.071294
vt 0.209324 0.484045
vt 0.210819 0.503958
vt 0.243471 0.028687
vt 0.247897 0.009512
vt 0.243471 0.474969
vt 0.247896 0.494103
vt 0.054630 0.104772
vt 0.042845 0.092128
vt 0.069577 0.056907
vt 0.079248 0.072335
vt 0.209324 0.019927
vt 0.210819 -0.000000
vt 0.275636 0.457327
vt 0.282823 0.474947
vt 0.035287 0.142869
vt 0.021842 0.133495
vt 0.174509 0.020088
vt 0.173014 0.000175
vt 0.304585 0.431798
vt 0.314256 0.447226
vt 0.021964 0.185163
vt 0.007375 0.179419
vt 0.140362 0.029164
vt 0.135937 0.010029
vt 0.329203 0.399361
vt 0.340988 0.412005
vt 0.015172 0.230027
vt -0.000000 0.228135
vt 0.108197 0.046805
vt 0.101010 0.029186
vt 0.348546 0.361264
vt 0.361991 0.370637
vt 0.015172 0.275739
vt 0.000000 0.277771
vt 0.361869 0.318970
vt 0.376458 0.324713
vt 0.021964 0.320541
vt 0.007375 0.326419
vt 0.368661 0.274105
vt 0.383833 0.275997
vt 0.035287 0.362711
vt 0.021842 0.372209
vt 0.368661 0.228394
vt 0.383833 0.226362
vt 0.054630 0.400630
vt 0.042845 0.413382
vt 0.361869 0.183592
vt 0.376458 0.177714
vt 0.079248 0.432839
vt 0.069577 0.448357
vt 0.348546 0.141421
vt 0.361991 0.131924
vt 0.108196 0.458101
vt 0.101010 0.475787
vt 0.329203 0.103503
vt 0.340988 0.090750
vt 0.593163 0.484188
vt 0.627310 0.475431
vt 0.631736 0.494606
vt 0.594657 0.504114
vt 0.492033 0.046024
vt 0.463084 0.071283
vt 0.453412 0.055765
vt 0.484846 0.028338
vt 0.558346 0.484024
vt 0.556852 0.503936
vt 0.524199 0.028683
vt 0.519773 0.009509
vt 0.524199 0.474946
vt 0.519773 0.494079
vt 0.713045 0.104780
vt 0.688426 0.072343
vt 0.698098 0.056916
vt 0.724830 0.092138
vt 0.558346 0.019926
vt 0.556852 -0.000000
vt 0.492032 0.457302
vt 0.484846 0.474921
vt 0.732388 0.142878
vt 0.745833 0.133506
vt 0.593163 0.020090
vt 0.594657 0.000178
vt 0.463084 0.431771
vt 0.453412 0.447198
vt 0.745712 0.185171
vt 0.760301 0.179429
vt 0.627311 0.029168
vt 0.631736 0.010035
vt 0.438465 0.399334
vt 0.426679 0.411976
vt 0.752504 0.230034
vt 0.767676 0.228143
vt 0.659477 0.046812
vt 0.666664 0.029194
vt 0.419122 0.361237
vt 0.405676 0.370609
vt 0.752504 0.275743
vt 0.767676 0.277777
vt 0.405798 0.318944
vt 0.391209 0.324685
vt 0.745712 0.320543
vt 0.760301 0.326422
vt 0.399005 0.274080
vt 0.383833 0.275971
vt 0.732388 0.362710
vt 0.745833 0.372209
vt 0.399005 0.228371
vt 0.383833 0.226337
vt 0.713045 0.400626
vt 0.724830 0.413379
vt 0.405798 0.183571
vt 0.391209 0.177692
vt 0.688426 0.432831
vt 0.698097 0.448349
vt 0.419122 0.141404
vt 0.405676 0.131905
vt 0.659477 0.458090
vt 0.666664 0.475776
vt 0.438465 0.103489
vt 0.426680 0.090735
vt 0.379725 0.759251
vt 0.381011 0.724596
vt 0.383177 0.724444
vt 0.381891 0.759098
vt 0.846041 0.433461
vt 0.845996 0.406231
vt 0.848156 0.406075
vt 0.848200 0.433305
vt 0.749989 0.858841
vt 0.750076 0.832261
vt 0.752234 0.832078
vt 0.752147 0.858659
vt 0.381667 0.686893
vt 0.383833 0.686740
vt 0.845996 0.463579
vt 0.848155 0.463423
vt 0.749819 0.881310
vt 0.751976 0.881128
vt 0.381667 0.647589
vt 0.383833 0.647437
vt 0.845863 0.495429
vt 0.848022 0.495273
vt 0.924213 0.222655
vt 0.926026 0.203791
vt 0.928192 0.203639
vt 0.926379 0.222503
vt 0.381011 0.608196
vt 0.383177 0.608043
vt 0.926461 0.504375
vt 0.926510 0.545779
vt 0.924353 0.545518
vt 0.924304 0.504114
vt 0.922788 0.245749
vt 0.924954 0.245596
vt 0.379725 0.570226
vt 0.381891 0.570074
vt 0.926543 0.591430
vt 0.924386 0.591169
vt 0.921806 0.272184
vt 0.923973 0.272032
vt 0.377857 0.535140
vt 0.380023 0.534987
vt 0.926560 0.639574
vt 0.924403 0.639314
vt 0.921306 0.300946
vt 0.923472 0.300793
vt 0.375480 0.504285
vt 0.377646 0.504133
vt 0.926560 0.688361
vt 0.924403 0.688100
vt 0.921306 0.330928
vt 0.923472 0.330776
vt 0.573794 0.799400
vt 0.573807 0.827760
vt 0.571651 0.827495
vt 0.571638 0.799134
vt 0.926543 0.735916
vt 0.924386 0.735655
vt 0.921806 0.360979
vt 0.923973 0.360826
vt 0.573794 0.863326
vt 0.571638 0.863060
vt 0.926510 0.780411
vt 0.924353 0.780150
vt 0.922788 0.389943
vt 0.924954 0.389791
vt 0.926461 0.820136
vt 0.924304 0.819875
vt 0.924213 0.416709
vt 0.926379 0.416556
vt 0.921565 0.000157
vt 0.919185 0.042321
vt 0.917078 0.042163
vt 0.919457 -0.000000
vt 0.926026 0.440246
vt 0.928192 0.440093
vt 0.917972 0.085066
vt 0.915865 0.084909
vt 0.928793 0.772381
vt 0.928841 0.794015
vt 0.926684 0.793753
vt 0.926637 0.772119
vt 0.917972 0.126752
vt 0.915865 0.126595
vt 0.928756 0.745250
vt 0.926599 0.744988
vt 0.919185 0.165776
vt 0.917078 0.165619
vt 0.928730 0.713665
vt 0.926573 0.713404
vt 0.921565 0.200638
vt 0.919457 0.200481
vt 0.928717 0.678841
vt 0.926560 0.678579
vt 0.373321 0.838828
vt 0.372943 0.808293
vt 0.375102 0.808123
vt 0.375480 0.838658
vt 0.928717 0.642115
vt 0.926560 0.641853
vt 0.372646 0.772599
vt 0.374804 0.772428
vt 0.928730 0.604899
vt 0.926573 0.604637
vt 0.372441 0.733117
vt 0.374600 0.732947
vt 0.928756 0.568622
vt 0.926599 0.568361
vt 0.372337 0.691365
vt 0.374495 0.691195
vt 0.928793 0.534680
vt 0.926637 0.534418
vt 0.372336 0.648948
vt 0.374495 0.648777
vt 0.928841 0.504376
vt 0.926684 0.504114
vt 0.372441 0.607495
vt 0.374600 0.607324
vt 0.570712 0.877188
vt 0.568897 0.909352
vt 0.566790 0.909195
vt 0.568605 0.877031
vt 0.372646 0.568599
vt 0.374804 0.568428
vt 0.571638 0.844580
vt 0.569530 0.844423
vt 0.372943 0.533756
vt 0.375102 0.533585
vt 0.571638 0.812781
vt 0.569530 0.812624
vt 0.373321 0.504303
vt 0.375480 0.504133
vt 0.570712 0.783012
vt 0.568605 0.782855
vt 0.749989 0.770967
vt 0.749819 0.738610
vt 0.751976 0.738428
vt 0.752147 0.770785
vt 0.375480 0.814253
vt 0.377857 0.789524
vt 0.380023 0.789371
vt 0.377646 0.814100
vt 0.568897 0.756418
vt 0.566790 0.756261
vt 0.750076 0.802589
vt 0.752234 0.802407
vt 0.845863 0.382936
vt 0.848022 0.382780
vt 0.482427 0.102318
vt 0.462035 0.128995
vt 0.450250 0.116242
vt 0.472755 0.086801
vt 0.618459 0.437082
vt 0.645103 0.422718
vt 0.652290 0.440404
vt 0.622885 0.456256
vt 0.446013 0.160401
vt 0.432567 0.150902
vt 0.669082 0.401796
vt 0.678754 0.417314
vt 0.434976 0.195329
vt 0.420387 0.189450
vt 0.689475 0.375119
vt 0.701260 0.387872
vt 0.429350 0.232437
vt 0.414178 0.230404
vt 0.705497 0.343713
vt 0.718942 0.353212
vt 0.429350 0.270299
vt 0.414178 0.272190
vt 0.716533 0.308785
vt 0.731122 0.314664
vt 0.434976 0.307460
vt 0.420387 0.313202
vt 0.722159 0.271677
vt 0.737332 0.273710
vt 0.446013 0.342492
vt 0.432567 0.351865
vt 0.669082 0.103197
vt 0.645103 0.082049
vt 0.652290 0.064430
vt 0.678754 0.087770
vt 0.722159 0.233815
vt 0.737332 0.231924
vt 0.462035 0.374049
vt 0.450250 0.386691
vt 0.618459 0.067434
vt 0.622885 0.048301
vt 0.716533 0.196654
vt 0.731122 0.190912
vt 0.482427 0.400918
vt 0.472755 0.416344
vt 0.590174 0.059915
vt 0.591669 0.040002
vt 0.705497 0.161622
vt 0.718942 0.152250
vt 0.506406 0.422065
vt 0.499219 0.439684
vt 0.561335 0.059779
vt 0.559841 0.039853
vt 0.689475 0.130065
vt 0.701260 0.117423
vt 0.533050 0.436680
vt 0.528624 0.455813
vt 0.533050 0.067032
vt 0.528624 0.047858
vt 0.561335 0.444200
vt 0.559841 0.464112
vt 0.506406 0.081396
vt 0.499219 0.063710
vt 0.590174 0.444335
vt 0.591669 0.464262
vt 0.285242 0.102329
vt 0.294913 0.086811
vt 0.317418 0.116256
vt 0.305634 0.129009
vt 0.149213 0.437095
vt 0.144787 0.456271
vt 0.115383 0.440415
vt 0.122570 0.422729
vt 0.335100 0.150919
vt 0.321655 0.160417
vt 0.088920 0.417321
vt 0.098591 0.401804
vt 0.347280 0.189470
vt 0.332691 0.195348
vt 0.066415 0.387877
vt 0.078200 0.375124
vt 0.353489 0.230426
vt 0.338317 0.232458
vt 0.048733 0.353213
vt 0.062178 0.343715
vt 0.353489 0.272214
vt 0.338317 0.270322
vt 0.036553 0.314663
vt 0.051142 0.308785
vt 0.347280 0.313227
vt 0.332691 0.307484
vt 0.030344 0.273707
vt 0.045516 0.271675
vt 0.335100 0.351890
vt 0.321655 0.342517
vt 0.098591 0.103192
vt 0.088920 0.087763
vt 0.115383 0.064425
vt 0.122570 0.082045
vt 0.030344 0.231919
vt 0.045516 0.233811
vt 0.317418 0.386717
vt 0.305633 0.374073
vt 0.144788 0.048298
vt 0.149213 0.067432
vt 0.036553 0.190906
vt 0.051142 0.196649
vt 0.294913 0.416369
vt 0.285242 0.400941
vt 0.176003 0.040001
vt 0.177497 0.059914
vt 0.048733 0.152243
vt 0.062178 0.161616
vt 0.268450 0.439708
vt 0.261263 0.422088
vt 0.207830 0.039854
vt 0.206336 0.059781
vt 0.066415 0.117416
vt 0.078200 0.130060
vt 0.239046 0.455835
vt 0.234620 0.436701
vt 0.239046 0.047862
vt 0.234620 0.067037
vt 0.207830 0.464132
vt 0.206336 0.444218
vt 0.268450 0.063718
vt 0.261263 0.081404
vt 0.176003 0.464279
vt 0.177497 0.444352
vt 0.648149 0.961213
vt 0.648550 0.954790
vt 0.653544 0.951292
vt 0.655355 0.953765
vt 0.655126 0.961213
vt 0.646114 0.945575
vt 0.647466 0.946569
vt 0.645727 0.948421
vt 0.644745 0.952690
vt 0.644505 0.954876
vt 0.641809 0.954852
vt 0.640568 0.951428
vt 0.928841 0.753262
vt 0.935555 0.752006
vt 0.935841 0.760145
vt 0.929157 0.761703
vt 0.929489 0.749067
vt 0.937387 0.749296
vt 0.641172 0.961213
vt 0.643997 0.957161
vt 0.643438 0.961213
vt 0.938325 0.765269
vt 0.936357 0.768553
vt 0.930313 0.770244
vt 0.939740 0.748562
vt 0.940655 0.751877
vt 0.940226 0.756267
vt 0.941157 0.753974
vt 0.941065 0.750031
vt 0.940630 0.748152
vt 0.943893 0.747283
vt 0.943875 0.759081
vt 0.782067 0.993843
vt 0.781119 0.993942
vt 0.782178 0.993512
vt 0.782181 0.984070
vt 0.782167 0.983672
vt 0.784885 0.985274
vt 0.785025 0.993533
vt 0.958750 0.475714
vt 0.957085 0.479578
vt 0.956214 0.477710
vt 0.955561 0.474616
vt 0.955070 0.476199
vt 0.955335 0.478765
vt 0.956423 0.480884
vt 0.952464 0.489964
vt 0.948274 0.484448
vt 0.949086 0.481810
vt 0.948902 0.481181
vt 0.951347 0.469168
vt 0.957983 0.468304
vt 0.958525 0.450242
vt 0.954031 0.449478
vt 0.949096 0.445774
vt 0.948128 0.439793
vt 0.959137 0.439157
vt 0.256556 0.980465
vt 0.260114 0.992795
vt 0.256556 0.993495
vt 0.556176 0.968960
vt 0.551617 0.968860
vt 0.551353 0.957699
vt 0.556176 0.956088
vt 0.950192 0.461238
vt 0.949580 0.451398
vt 0.951918 0.452487
vt 0.953516 0.453025
vt 0.952159 0.460969
vt 0.959137 0.462673
vt 0.958739 0.453875
vt 0.805364 0.972758
vt 0.805095 0.976032
vt 0.804000 0.983554
vt 0.801861 0.983514
vt 0.801861 0.970446
vt 0.802047 0.970065
vt 0.995484 0.578959
vt 0.995876 0.582119
vt 0.995733 0.582191
vt 0.995259 0.578729
vt 0.995473 0.585995
vt 0.995259 0.586612
vt 0.940271 0.755618
vt 0.940926 0.753952
vt 0.940758 0.750170
vt 0.940378 0.748387
vt 0.782035 0.993438
vt 0.781941 0.984240
vt 0.781922 0.983835
vt 0.937347 0.747483
vt 0.937449 0.747328
vt 0.930530 0.747762
vt 0.930277 0.747283
vt 0.006386 0.995599
vt 0.006086 0.996421
vt 0.006011 0.996510
vt 0.006011 0.995266
vt 0.953649 0.451842
vt 0.951822 0.451202
vt 0.949460 0.449939
vt 0.958643 0.452644
vt 0.009488 0.996212
vt 0.009477 0.995426
vt 0.009690 0.995266
vt 0.009690 0.996510
vt 0.958520 0.483339
vt 0.957575 0.481860
vt 0.957773 0.481721
vt 0.958750 0.483247
vt 0.956928 0.479819
vt 0.949781 0.451309
vt 0.952026 0.452276
vt 0.953522 0.452776
vt 0.958541 0.452842
vt 0.953649 0.452038
vt 0.958614 0.453617
vt 0.956091 0.477956
vt 0.955428 0.475217
vt 0.995588 0.950572
vt 0.995506 0.951728
vt 0.995259 0.951585
vt 0.995364 0.949971
vt 0.995588 0.953699
vt 0.995359 0.953691
vt 0.947430 0.483359
vt 0.946317 0.481913
vt 0.950118 0.470544
vt 0.646010 0.954856
vt 0.646768 0.950261
vt 0.648496 0.947292
vt 0.645065 0.961213
vt 0.006841 0.995409
vt 0.006845 0.997398
vt 0.006639 0.997387
vt 0.006639 0.995266
vt 0.000990 0.997367
vt 0.001032 0.995755
vt 0.000990 0.995266
vt 0.001364 0.997090
vt 0.643581 0.960780
vt 0.644776 0.960778
vt 0.647483 0.946940
vt 0.645908 0.948785
vt 0.754252 0.738697
vt 0.752930 0.743414
vt 0.752667 0.743421
vt 0.754126 0.738428
vt 0.752431 0.745752
vt 0.752234 0.745803
vt 0.995589 0.976454
vt 0.995613 0.978722
vt 0.995259 0.978701
vt 0.995259 0.976050
vt 0.753083 0.747971
vt 0.752889 0.748041
vt 0.754252 0.751370
vt 0.754205 0.751860
vt 0.645754 0.954855
vt 0.646500 0.950272
vt 0.995259 0.642541
vt 0.996304 0.639183
vt 0.996621 0.639026
vt 0.995431 0.642589
vt 0.995259 0.636994
vt 0.995369 0.636623
vt 0.948834 0.482014
vt 0.948777 0.481625
vt 0.996186 0.578734
vt 0.996484 0.580614
vt 0.996153 0.584407
vt 0.781189 0.993664
vt 0.781345 0.986433
vt 0.781119 0.983340
vt 0.949621 0.450210
vt 0.951872 0.451418
vt 0.956433 0.480814
vt 0.955425 0.478811
vt 0.955111 0.476370
vt 0.644645 0.954928
vt 0.644925 0.952818
vt 0.648150 0.947538
vt 0.644124 0.957188
vt 0.948024 0.484336
vt 0.947500 0.483484
vt 0.998074 0.056386
vt 0.997951 0.059319
vt 0.995996 0.059963
vt 0.995259 0.058450
vt 0.995259 0.055069
vt 0.703892 0.984990
vt 0.704520 0.984546
vt 0.704946 0.985741
vt 0.706490 0.987064
vt 0.707207 0.987594
vt 0.706986 0.988920
vt 0.705276 0.988800
vt 0.961759 0.407180
vt 0.964991 0.407313
vt 0.965126 0.410840
vt 0.961909 0.410840
vt 0.961106 0.404656
vt 0.965306 0.405870
vt 0.999099 0.038493
vt 0.996223 0.038225
vt 0.996766 0.037150
vt 0.997733 0.037350
vt 0.999538 0.037584
vt 0.999538 0.042614
vt 0.996364 0.042170
vt 0.995259 0.039380
vt 0.702540 0.989974
vt 0.699207 0.989275
vt 0.698652 0.987654
vt 0.698910 0.986095
vt 0.700349 0.986060
vt 0.701985 0.986846
vt 0.701269 0.986037
vt 0.699787 0.985459
vt 0.698961 0.985478
vt 0.699331 0.983414
vt 0.996780 0.541343
vt 0.997267 0.541246
vt 0.996725 0.541509
vt 0.996729 0.546217
vt 0.996733 0.546423
vt 0.995342 0.545741
vt 0.995259 0.541644
vt 0.701722 0.979856
vt 0.703255 0.980594
vt 0.702466 0.980900
vt 0.701173 0.981166
vt 0.701807 0.981387
vt 0.702867 0.981313
vt 0.703770 0.980888
vt 0.707377 0.982587
vt 0.704993 0.984203
vt 0.703930 0.983885
vt 0.703666 0.983960
vt 0.698796 0.982960
vt 0.698652 0.980149
vt 0.818470 0.988113
vt 0.816235 0.988116
vt 0.813564 0.987129
vt 0.812765 0.985025
vt 0.818281 0.983978
vt 0.996786 0.528785
vt 0.995259 0.522482
vt 0.996786 0.521583
vt 0.995259 0.306846
vt 0.997613 0.306710
vt 0.997808 0.312196
vt 0.995259 0.313309
vt 0.812765 0.994286
vt 0.813303 0.989736
vt 0.814644 0.989879
vt 0.815654 0.989824
vt 0.814242 0.993668
vt 0.817705 0.993878
vt 0.818269 0.989792
vt 0.995259 0.512332
vt 0.995422 0.510677
vt 0.995992 0.506950
vt 0.997106 0.506880
vt 0.997106 0.513274
vt 0.996964 0.513550
vt 0.995526 0.978736
vt 0.995372 0.980078
vt 0.995259 0.980186
vt 0.995440 0.978723
vt 0.995525 0.981820
vt 0.995526 0.982143
vt 0.995466 0.165670
vt 0.996133 0.165204
vt 0.996188 0.165324
vt 0.995259 0.165918
vt 0.997247 0.163861
vt 0.997370 0.163944
vt 0.997706 0.163244
vt 0.997844 0.163281
vt 0.996796 0.541543
vt 0.996845 0.546138
vt 0.996854 0.546345
vt 0.997172 0.161485
vt 0.997244 0.161453
vt 0.995259 0.158255
vt 0.995334 0.157919
vt 0.997223 0.541410
vt 0.815844 0.989246
vt 0.814710 0.989282
vt 0.813389 0.989048
vt 0.818322 0.989227
vt 0.818185 0.989713
vt 0.818210 0.989360
vt 0.815787 0.989367
vt 0.814686 0.989403
vt 0.813428 0.989176
vt 0.995654 0.959065
vt 0.995259 0.957777
vt 0.995338 0.957774
vt 0.995746 0.959112
vt 0.814695 0.989789
vt 0.815642 0.989734
vt 0.009384 0.997888
vt 0.009374 0.995347
vt 0.009477 0.995266
vt 0.009477 0.997877
vt 0.703345 0.980695
vt 0.702558 0.980992
vt 0.701409 0.981284
vt 0.008362 0.995517
vt 0.008225 0.995999
vt 0.008096 0.995946
vt 0.008297 0.995266
vt 0.008362 0.996721
vt 0.008226 0.996726
vt 0.707326 0.986848
vt 0.705770 0.985597
vt 0.707523 0.985586
vt 0.999318 0.056969
vt 0.998971 0.059775
vt 0.995259 0.959952
vt 0.995323 0.960058
vt 0.012122 0.995266
vt 0.012122 0.996046
vt 0.012088 0.996289
vt 0.011965 0.995320
vt 0.996808 0.381656
vt 0.997268 0.381539
vt 0.997395 0.381706
vt 0.996806 0.381852
vt 0.996271 0.375547
vt 0.995819 0.376498
vt 0.995663 0.376374
vt 0.996139 0.375416
vt 0.995451 0.378435
vt 0.995259 0.378430
vt 0.995413 0.379406
vt 0.995274 0.379422
vt 0.997343 0.375069
vt 0.997395 0.374865
vt 0.995898 0.380289
vt 0.995767 0.380313
vt 0.707231 0.986960
vt 0.705665 0.985714
vt 0.704928 0.984396
vt 0.703998 0.984055
vt 0.703837 0.984076
vt 0.999485 0.057161
vt 0.999116 0.059765
vt 0.995746 0.873013
vt 0.995933 0.873775
vt 0.995748 0.875286
vt 0.995259 0.875912
vt 0.995558 0.874363
vt 0.995259 0.873091
vt 0.997164 0.544980
vt 0.997267 0.546551
vt 0.813398 0.989690
vt 0.703735 0.980930
vt 0.702883 0.981322
vt 0.701872 0.981425
vt 0.707170 0.987521
vt 0.706456 0.986981
vt 0.705027 0.985710
vt 0.704564 0.984591
vt 0.999955 0.057403
vt 0.999745 0.059000
vt 0.999550 0.059958
vt 0.845588 0.921557
vt 0.849602 0.923473
vt 0.849189 0.924985
vt 0.847438 0.927760
vt 0.845552 0.925406
vt 0.857846 0.918142
vt 0.860449 0.917541
vt 0.859991 0.921123
vt 0.849900 0.916624
vt 0.847207 0.914430
vt 0.847867 0.914599
vt 0.850258 0.915964
vt 0.731937 0.949831
vt 0.730722 0.950943
vt 0.730793 0.950328
vt 0.730924 0.949232
vt 0.730468 0.947168
vt 0.860323 0.924616
vt 0.858459 0.924471
vt 0.855848 0.924366
vt 0.732661 0.939988
vt 0.731727 0.938702
vt 0.731343 0.929895
vt 0.733045 0.930622
vt 0.733475 0.940494
vt 0.858686 0.931082
vt 0.858242 0.931535
vt 0.853573 0.932812
vt 0.847183 0.934383
vt 0.847276 0.933719
vt 0.854084 0.930024
vt 0.246948 0.897626
vt 0.249097 0.900809
vt 0.248011 0.912877
vt 0.246188 0.913673
vt 0.246373 0.898047
vt 0.851910 0.917697
vt 0.853039 0.937174
vt 0.854489 0.935555
vt 0.853394 0.937115
vt 0.860899 0.928405
vt 0.858415 0.928721
vt 0.861153 0.927428
vt 0.860646 0.929155
vt 0.859629 0.930295
vt 0.730411 0.946099
vt 0.730421 0.944792
vt 0.730681 0.942897
vt 0.733398 0.950489
vt 0.246763 0.888104
vt 0.246188 0.888525
vt 0.855904 0.914023
vt 0.731764 0.940864
vt 0.731074 0.957611
vt 0.732534 0.958269
vt 0.728817 0.955284
vt 0.728662 0.957391
vt 0.729679 0.931508
vt 0.729296 0.928467
vt 0.861713 0.923602
vt 0.861499 0.925847
vt 0.730125 0.941068
vt 0.729817 0.936352
vt 0.996649 0.447683
vt 0.996649 0.456651
vt 0.996044 0.457425
vt 0.995259 0.457123
vt 0.995259 0.447682
vt 0.995259 0.915707
vt 0.995259 0.913080
vt 0.995787 0.914033
vt 0.859187 0.914828
vt 0.861044 0.915533
vt 0.845552 0.933873
vt 0.822382 0.989053
vt 0.818954 0.986592
vt 0.818917 0.986244
vt 0.820984 0.984634
vt 0.822400 0.983978
vt 0.822875 0.988443
vt 0.818917 0.993231
vt 0.820895 0.994327
vt 0.822706 0.993651
vt 0.857269 0.911368
vt 0.728662 0.927388
vt 0.730778 0.925083
vt 0.732082 0.925697
vt 0.352668 0.979806
vt 0.347047 0.981862
vt 0.344075 0.978541
vt 0.346261 0.975923
vt 0.352668 0.973327
vt 0.125570 0.959441
vt 0.127188 0.959628
vt 0.126439 0.961283
vt 0.127403 0.964222
vt 0.128084 0.965466
vt 0.125786 0.966668
vt 0.123177 0.964758
vt 0.236878 0.956593
vt 0.237701 0.962582
vt 0.232296 0.964492
vt 0.231272 0.958592
vt 0.989535 0.359512
vt 0.989714 0.368198
vt 0.987793 0.367982
vt 0.986679 0.361527
vt 0.824650 0.374826
vt 0.824844 0.380711
vt 0.822439 0.379980
vt 0.822614 0.377958
vt 0.822628 0.374244
vt 0.830475 0.374174
vt 0.830475 0.380662
vt 0.826689 0.382763
vt 0.228999 0.967970
vt 0.239594 0.963852
vt 0.240175 0.966009
vt 0.237988 0.967548
vt 0.235045 0.968003
vt 0.236606 0.968453
vt 0.239246 0.967596
vt 0.240484 0.966799
vt 0.241184 0.969811
vt 0.233303 0.972125
vt 0.992283 0.358184
vt 0.993165 0.357755
vt 0.992190 0.358543
vt 0.992213 0.368637
vt 0.992213 0.369110
vt 0.132767 0.950822
vt 0.133286 0.953442
vt 0.131653 0.952927
vt 0.129616 0.951752
vt 0.129985 0.952737
vt 0.131454 0.953852
vt 0.133380 0.954374
vt 0.134548 0.960526
vt 0.128410 0.959763
vt 0.127802 0.958147
vt 0.127345 0.957931
vt 0.123530 0.951112
vt 0.128540 0.947640
vt 0.723605 0.966724
vt 0.719110 0.966427
vt 0.713606 0.964270
vt 0.711781 0.960452
vt 0.722846 0.959507
vt 0.015750 0.943660
vt 0.013425 0.932191
vt 0.015750 0.931205
vt 0.986707 0.205053
vt 0.991020 0.203639
vt 0.991537 0.214959
vt 0.986707 0.219013
vt 0.711781 0.974862
vt 0.712997 0.968122
vt 0.715771 0.968681
vt 0.717887 0.968897
vt 0.714924 0.974442
vt 0.721896 0.975248
vt 0.723152 0.969213
vt 0.263493 0.964497
vt 0.263867 0.960847
vt 0.264935 0.952920
vt 0.267018 0.952209
vt 0.267018 0.965302
vt 0.266617 0.966283
vt 0.995752 0.838364
vt 0.995501 0.840521
vt 0.995259 0.840675
vt 0.995552 0.838314
vt 0.995752 0.843137
vt 0.995728 0.843601
vt 0.235486 0.967926
vt 0.236623 0.968236
vt 0.239154 0.967338
vt 0.240329 0.966613
vt 0.992314 0.358607
vt 0.992405 0.368487
vt 0.992416 0.368945
vt 0.240964 0.963648
vt 0.241071 0.963716
vt 0.240853 0.957442
vt 0.241184 0.957124
vt 0.993064 0.358211
vt 0.718292 0.968071
vt 0.715925 0.967800
vt 0.713197 0.967118
vt 0.723275 0.968371
vt 0.722971 0.969054
vt 0.723031 0.968526
vt 0.718160 0.968217
vt 0.715862 0.967955
vt 0.713267 0.967302
vt 0.713184 0.968055
vt 0.715869 0.968537
vt 0.717853 0.968737
vt 0.995278 0.992128
vt 0.995259 0.987026
vt 0.995427 0.986882
vt 0.995427 0.992129
vt 0.133281 0.953645
vt 0.131680 0.953118
vt 0.129813 0.952128
vt 0.995259 0.928712
vt 0.995529 0.927985
vt 0.995779 0.928128
vt 0.995379 0.929139
vt 0.995259 0.926590
vt 0.995522 0.926646
vt 0.123177 0.952301
vt 0.347092 0.984196
vt 0.344393 0.985138
vt 0.342479 0.984608
vt 0.352668 0.982670
vt 0.007888 0.996998
vt 0.007889 0.995266
vt 0.008096 0.995316
vt 0.008096 0.997168
vt 0.004875 0.995266
vt 0.004875 0.996669
vt 0.004849 0.997139
vt 0.004558 0.995427
vt 0.352373 0.984206
vt 0.352401 0.983095
vt 0.352668 0.984180
vt 0.002469 0.996668
vt 0.002378 0.995266
vt 0.002803 0.995312
vt 0.002803 0.996838
vt 0.995259 0.267120
vt 0.996382 0.263906
vt 0.996653 0.264078
vt 0.995434 0.267489
vt 0.996745 0.262156
vt 0.996948 0.262248
vt 0.002368 0.995413
vt 0.002378 0.997149
vt 0.002034 0.997299
vt 0.002034 0.995266
vt 0.996245 0.260237
vt 0.996439 0.260305
vt 0.995259 0.257113
vt 0.995314 0.256768
vt 0.347193 0.984427
vt 0.344519 0.985374
vt 0.127857 0.961950
vt 0.128171 0.959866
vt 0.128113 0.961956
vt 0.004229 0.997074
vt 0.004310 0.995391
vt 0.004558 0.995266
vt 0.004558 0.997171
vt 0.127708 0.958389
vt 0.127472 0.958230
vt 0.238070 0.967348
vt 0.240073 0.965984
vt 0.993013 0.365719
vt 0.993165 0.369197
vt 0.133365 0.954358
vt 0.131561 0.953855
vt 0.130114 0.952825
vt 0.128199 0.965332
vt 0.127573 0.964070
vt 0.126720 0.961309
vt 0.127323 0.959690
vt 0.129109 0.964792
vt 0.349200 0.985061
vt 0.347226 0.985431
vt 0.955544 0.197048
vt 0.956112 0.200920
vt 0.951558 0.201149
vt 0.222204 0.972125
vt 0.227808 0.973469
vt 0.228692 0.978805
vt 0.222828 0.977869
vt 0.946762 0.184423
vt 0.942579 0.188586
vt 0.943499 0.184814
vt 0.046248 0.985084
vt 0.042120 0.985371
vt 0.042120 0.979446
vt 0.048425 0.981210
vt 0.955876 0.194886
vt 0.949054 0.190935
vt 0.951681 0.184197
vt 0.955683 0.189266
vt 0.956112 0.189765
vt 0.228492 0.980927
vt 0.965037 0.072816
vt 0.974119 0.067980
vt 0.973527 0.073707
vt 0.964924 0.073403
vt 0.049939 0.976974
vt 0.043230 0.977301
vt 0.042120 0.969364
vt 0.047976 0.970133
vt 0.049492 0.974545
vt 0.222538 0.982256
vt 0.228329 0.982090
vt 0.228999 0.983921
vt 0.228599 0.988244
vt 0.222204 0.987322
vt 0.945862 0.202417
vt 0.941119 0.199544
vt 0.941569 0.195241
vt 0.942008 0.191958
vt 0.949661 0.201072
vt 0.948417 0.201201
vt 0.977078 0.307685
vt 0.985039 0.307656
vt 0.985039 0.313976
vt 0.982600 0.317043
vt 0.980583 0.317629
vt 0.975567 0.317539
vt 0.966430 0.066759
vt 0.974987 0.063480
vt 0.966275 0.067180
vt 0.966276 0.066562
vt 0.972729 0.055739
vt 0.974366 0.061650
vt 0.964924 0.062707
vt 0.964998 0.059613
vt 0.049918 0.978188
vt 0.941860 0.190718
vt 0.951141 0.183887
vt 0.102330 0.949674
vt 0.097406 0.949453
vt 0.093743 0.945629
vt 0.095862 0.944236
vt 0.101700 0.944236
vt 0.090449 0.953693
vt 0.098057 0.954679
vt 0.095765 0.956894
vt 0.081821 0.990316
vt 0.077908 0.990240
vt 0.079413 0.984617
vt 0.083370 0.984480
vt 0.083370 0.993837
vt 0.077803 0.992274
vt 0.102961 0.955111
vt 0.102797 0.963021
vt 0.097283 0.962247
vt 0.241768 0.953852
vt 0.236183 0.956593
vt 0.229957 0.956593
vt 0.229315 0.954217
vt 0.232279 0.947580
vt 0.240837 0.948665
vt 0.751091 0.958489
vt 0.748545 0.957762
vt 0.748631 0.946223
vt 0.748545 0.945942
vt 0.754247 0.952519
vt 0.753545 0.959186
vt 0.233770 0.939092
vt 0.244582 0.941855
vt 0.230946 0.946819
vt 0.228999 0.941184
vt 0.972734 0.221700
vt 0.975944 0.222211
vt 0.980558 0.225462
vt 0.981180 0.230319
vt 0.971400 0.230242
vt 0.995259 0.078972
vt 0.997690 0.087261
vt 0.995259 0.088368
vt 0.970192 0.234051
vt 0.981542 0.234051
vt 0.989834 0.044965
vt 0.989834 0.055652
vt 0.984782 0.054291
vt 0.987562 0.045960
vt 0.981706 0.045735
vt 0.981500 0.054344
vt 0.775028 0.911369
vt 0.787438 0.913118
vt 0.788348 0.922267
vt 0.775028 0.920883
vt 0.788167 0.934443
vt 0.787799 0.929630
vt 0.792418 0.930892
vt 0.792401 0.936218
vt 0.966151 0.428241
vt 0.971460 0.422724
vt 0.974154 0.429464
vt 0.326106 0.854945
vt 0.327775 0.862405
vt 0.321767 0.866652
vt 0.316671 0.854945
vt 0.033246 0.935630
vt 0.045275 0.940204
vt 0.048749 0.943600
vt 0.048955 0.948506
vt 0.033900 0.941855
vt 0.486500 0.963226
vt 0.479622 0.964059
vt 0.474620 0.958499
vt 0.475354 0.952387
vt 0.485711 0.958165
vt 0.033246 0.946449
vt 0.047851 0.950360
vt 0.040178 0.953998
vt 0.033246 0.952729
vt 0.775769 0.923791
vt 0.775772 0.930963
vt 0.319282 0.866376
vt 0.317846 0.870154
vt 0.311392 0.864104
vt 0.318674 0.872117
vt 0.318667 0.877338
vt 0.311642 0.870739
vt 0.486500 0.948702
vt 0.476543 0.945175
vt 0.486500 0.943970
vt 0.309748 0.863081
vt 0.305178 0.854945
vt 0.324610 0.882100
vt 0.319301 0.881659
vt 0.964192 0.429166
vt 0.964192 0.412557
vt 0.971546 0.410867
vt 0.973206 0.416477
vt 0.962475 0.537685
vt 0.960547 0.546384
vt 0.955274 0.548563
vt 0.954538 0.539662
vt 0.955051 0.534737
vt 0.958765 0.528784
vt 0.962713 0.527771
vt 0.963246 0.528549
vt 0.965270 0.527985
vt 0.964992 0.539210
vt 0.948741 0.027600
vt 0.942047 0.028156
vt 0.942613 0.014780
vt 0.946679 0.014064
vt 0.945081 0.595237
vt 0.941118 0.594340
vt 0.942118 0.587152
vt 0.945643 0.587951
vt 0.943080 0.000745
vt 0.948741 -0.000000
vt 0.965270 0.544873
vt 0.937074 0.014145
vt 0.938012 0.009960
vt 0.941762 0.001778
vt 0.948055 0.608183
vt 0.947262 0.600086
vt 0.947139 0.599076
vt 0.951217 0.604882
vt 0.950020 0.580759
vt 0.951217 0.581933
vt 0.950642 0.583796
vt 0.949005 0.583876
vt 0.944476 0.579406
vt 0.940919 0.601149
vt 0.939260 0.024545
vt 0.937271 0.018576
vt 0.941300 0.601268
vt 0.941465 0.606906
vt 0.995259 0.559546
vt 0.996845 0.553689
vt 0.996845 0.560243
vt 0.490541 0.898896
vt 0.489338 0.906037
vt 0.488323 0.904276
vt 0.260869 0.829101
vt 0.262059 0.828640
vt 0.266661 0.833585
vt 0.264647 0.834412
vt 0.070208 0.936988
vt 0.070457 0.941695
vt 0.064319 0.938124
vt 0.064184 0.935112
vt 0.490915 0.907032
vt 0.497390 0.906962
vt 0.491592 0.908660
vt 0.260069 0.855589
vt 0.258014 0.853557
vt 0.263490 0.849354
vt 0.264819 0.850651
vt 0.262841 0.847265
vt 0.256663 0.843225
vt 0.264079 0.842565
vt 0.492096 0.915358
vt 0.497583 0.917618
vt 0.492068 0.915480
vt 0.257669 0.836940
vt 0.263212 0.839685
vt 0.257676 0.833275
vt 0.263290 0.836306
vt 0.066434 0.929092
vt 0.070901 0.933414
vt 0.064590 0.932793
vt 0.064184 0.929818
vt 0.077643 0.926766
vt 0.079295 0.932470
vt 0.249899 0.836882
vt 0.249859 0.828744
vt 0.504761 0.919670
vt 0.504444 0.924305
vt 0.494289 0.919488
vt 0.252032 0.843668
vt 0.503609 0.914683
vt 0.503888 0.916578
vt 0.249859 0.852178
vt 0.503753 0.912961
vt 0.491886 0.912640
vt 0.250402 0.859875
vt 0.503925 0.911196
vt 0.253543 0.863004
vt 0.494658 0.894183
vt 0.497380 0.894737
vt 0.504759 0.904162
vt 0.504761 0.907011
vt 0.491478 0.909656
vt 0.078389 0.939789
vt 0.078851 0.947046
vt 0.731578 0.995068
vt 0.727772 0.991676
vt 0.730742 0.987345
vt 0.731578 0.988586
vt 0.253029 0.824290
vt 0.499800 0.897509
vt 0.502219 0.898716
vt 0.494465 0.901809
vt 0.503538 0.902047
vt 0.504622 0.909965
vt 0.990079 0.294766
vt 0.990071 0.295562
vt 0.989284 0.295910
vt 0.989291 0.295217
vt 0.492073 0.918265
vt 0.490325 0.907534
vt 0.489082 0.906976
vt 0.491021 0.909172
vt 0.490575 0.908166
vt 0.491215 0.911666
vt 0.491050 0.909969
vt 0.491533 0.915508
vt 0.491551 0.915505
vt 0.491442 0.917383
vt 0.490495 0.920259
vt 0.490173 0.919045
vt 0.996420 0.861480
vt 0.996420 0.863350
vt 0.995260 0.863250
vt 0.995259 0.861642
vt 0.996270 0.834333
vt 0.996270 0.836474
vt 0.995259 0.835650
vt 0.995259 0.833813
vt 0.264172 0.848235
vt 0.265232 0.849268
vt 0.264137 0.844870
vt 0.264700 0.842370
vt 0.263929 0.839809
vt 0.263992 0.837007
vt 0.265063 0.835507
vt 0.266751 0.834799
vt 0.488233 0.905486
vt 0.987118 0.304812
vt 0.985456 0.306143
vt 0.985267 0.305122
vt 0.986713 0.303963
vt 0.995648 0.111567
vt 0.995916 0.108805
vt 0.996760 0.109547
vt 0.996527 0.111952
vt 0.987393 0.291723
vt 0.988192 0.293020
vt 0.987648 0.293697
vt 0.986952 0.292568
vt 0.990036 0.302948
vt 0.988722 0.304921
vt 0.988110 0.304058
vt 0.989254 0.302341
vt 0.995474 0.116671
vt 0.996199 0.114387
vt 0.997006 0.114406
vt 0.996375 0.116395
vt 0.989669 0.293859
vt 0.988934 0.294428
vt 0.990156 0.297232
vt 0.990506 0.300996
vt 0.989663 0.300641
vt 0.989358 0.297364
vt 0.990473 0.301005
vt 0.989634 0.300649
vt 0.996199 0.121430
vt 0.995259 0.120027
vt 0.996188 0.119317
vt 0.997006 0.120538
vt 0.995459 0.750386
vt 0.995259 0.748438
vt 0.996216 0.748432
vt 0.996390 0.750128
vt 0.995259 0.895242
vt 0.995259 0.893572
vt 0.996214 0.893821
vt 0.996214 0.895275
vt 0.989442 0.293283
vt 0.988736 0.293926
vt 0.995259 0.900755
vt 0.995259 0.899231
vt 0.996178 0.899574
vt 0.996178 0.900902
vt 0.995459 0.746041
vt 0.996390 0.746345
vt 0.985465 0.293142
vt 0.984370 0.304196
vt 0.984424 0.301267
vt 0.984977 0.299106
vt 0.984370 0.296857
vt 0.984496 0.294421
vt 0.954399 0.325781
vt 0.952397 0.323392
vt 0.954274 0.320532
vt 0.957476 0.324098
vt 0.960749 0.326618
vt 0.960126 0.328197
vt 0.845023 0.916193
vt 0.844934 0.920366
vt 0.830204 0.921551
vt 0.830136 0.918917
vt 0.832145 0.915739
vt 0.845200 0.926407
vt 0.845552 0.929723
vt 0.836356 0.926399
vt 0.266226 0.865306
vt 0.265644 0.867965
vt 0.249247 0.871626
vt 0.251125 0.863046
vt 0.262274 0.863004
vt 0.264792 0.875171
vt 0.249217 0.878069
vt 0.261614 0.881555
vt 0.263765 0.885516
vt 0.250073 0.889767
vt 0.249182 0.885707
vt 0.277131 0.954621
vt 0.270277 0.955612
vt 0.268837 0.953405
vt 0.269127 0.946466
vt 0.279308 0.946466
vt 0.845552 0.922613
vt 0.828688 0.926392
vt 0.956741 0.332738
vt 0.958124 0.328936
vt 0.956425 0.334979
vt 0.951555 0.327015
vt 0.958398 0.258734
vt 0.958398 0.264605
vt 0.954202 0.261899
vt 0.955172 0.339955
vt 0.948615 0.335562
vt 0.948803 0.332336
vt 0.832082 0.936350
vt 0.831701 0.933164
vt 0.834587 0.936381
vt 0.844719 0.931689
vt 0.844291 0.936390
vt 0.831628 0.929899
vt 0.829867 0.929658
vt 0.720523 0.975248
vt 0.723391 0.975888
vt 0.723523 0.990591
vt 0.720523 0.991232
vt 0.828891 0.913017
vt 0.829429 0.911523
vt 0.844239 0.911368
vt 0.263309 0.891975
vt 0.263014 0.895708
vt 0.250914 0.895721
vt 0.249932 0.893690
vt 0.267118 0.964601
vt 0.273019 0.959563
vt 0.274886 0.961665
vt 0.549605 0.981709
vt 0.552726 0.986254
vt 0.548210 0.985853
vt 0.556011 0.986396
vt 0.548210 0.970607
vt 0.552635 0.970658
vt 0.973046 0.976042
vt 0.975885 0.976966
vt 0.973046 0.992631
vt 0.266751 0.889043
vt 0.356075 0.989227
vt 0.352668 0.983642
vt 0.356075 0.973327
vt 0.259869 0.877703
vt 0.267657 0.961476
vt 0.268635 0.957814
vt 0.948615 0.322373
vt 0.950336 0.320329
vt 0.995259 0.251329
vt 0.998610 0.253177
vt 0.995259 0.256768
vt 0.265513 0.879650
vt 0.266751 0.872825
vt 0.279654 0.958284
vt 0.949189 0.341026
vt 0.266108 0.883043
vt 0.102365 0.993742
vt 0.098868 0.992994
vt 0.100390 0.985812
vt 0.102365 0.981952
vt 0.129442 0.821011
vt 0.128615 0.824358
vt 0.113897 0.817371
vt 0.831352 0.499248
vt 0.828466 0.499330
vt 0.831286 0.487555
vt 0.128806 0.828885
vt 0.129327 0.831978
vt 0.112772 0.829007
vt 0.111347 0.822452
vt 0.154318 0.951878
vt 0.150567 0.950359
vt 0.154318 0.935795
vt 0.921230 0.437568
vt 0.918035 0.439657
vt 0.918035 0.421020
vt 0.396722 0.992147
vt 0.392063 0.991022
vt 0.393233 0.980702
vt 0.395075 0.977715
vt 0.396650 0.978482
vt 0.130287 0.835397
vt 0.129812 0.838918
vt 0.119749 0.836510
vt 0.528151 0.991922
vt 0.522299 0.991922
vt 0.523778 0.979702
vt 0.528053 0.978823
vt 0.526925 0.981821
vt 0.396683 0.962349
vt 0.391497 0.962282
vt 0.391497 0.958247
vt 0.396683 0.952820
vt 0.549672 0.875957
vt 0.555325 0.877684
vt 0.556176 0.880585
vt 0.549362 0.880470
vt 0.387496 0.963245
vt 0.386161 0.951037
vt 0.130287 0.807252
vt 0.129931 0.811888
vt 0.117476 0.806487
vt 0.842904 0.503834
vt 0.839585 0.502294
vt 0.838193 0.485444
vt 0.842904 0.487482
vt 0.129975 0.815376
vt 0.116270 0.809264
vt 0.834861 0.500737
vt 0.830766 0.483846
vt 0.115796 0.803024
vt 0.121317 0.800772
vt 0.129074 0.801191
vt 0.543542 0.887547
vt 0.545200 0.882888
vt 0.546589 0.881016
vt 0.543735 0.902313
vt 0.539693 0.895696
vt 0.546910 0.902053
vt 0.548298 0.903702
vt 0.553577 0.889711
vt 0.552129 0.895721
vt 0.548287 0.893255
vt 0.991824 0.916557
vt 0.991824 0.931713
vt 0.987071 0.930653
vt 0.987667 0.917549
vt 0.392063 0.977491
vt 0.552894 0.899909
vt 0.556176 0.903673
vt 0.384031 0.948158
vt 0.386743 0.945125
vt 0.391319 0.948152
vt 0.112185 0.831726
vt 0.109041 0.826186
vt 0.546538 0.906381
vt 0.550055 0.905549
vt 0.394299 0.947140
vt 0.383833 0.963358
vt 0.825511 0.498845
vt 0.823536 0.484224
vt 0.553698 0.907666
vt 0.998846 0.232516
vt 0.998738 0.237695
vt 0.995259 0.237787
vt 0.995259 0.232766
vt 0.794892 0.489516
vt 0.794892 0.504090
vt 0.792321 0.501627
vt 0.792321 0.489635
vt 0.934717 0.092322
vt 0.946028 0.092689
vt 0.946092 0.106430
vt 0.946130 0.114372
vt 0.942918 0.115689
vt 0.934717 0.116911
vt 0.934785 0.106614
vt 0.186496 0.947911
vt 0.183513 0.950454
vt 0.179112 0.951333
vt 0.184709 0.946572
vt 0.186496 0.958214
vt 0.181055 0.959996
vt 0.965231 0.516645
vt 0.970481 0.520583
vt 0.970481 0.525874
vt 0.965231 0.524864
vt 0.173338 0.952728
vt 0.178085 0.956853
vt 0.175668 0.961091
vt 0.173275 0.957846
vt 0.967569 0.503208
vt 0.972819 0.504219
vt 0.972819 0.517352
vt 0.967569 0.510941
vt 0.836582 0.956853
vt 0.841786 0.954414
vt 0.841786 0.966185
vt 0.836582 0.968792
vt 0.828688 0.957112
vt 0.828688 0.969816
vt 0.965231 0.502428
vt 0.993525 0.067636
vt 0.994047 0.074189
vt 0.989739 0.074189
vt 0.991171 0.066415
vt 0.997510 0.503126
vt 0.998603 0.506880
vt 0.995259 0.506880
vt 0.943223 0.357879
vt 0.938083 0.357879
vt 0.940432 0.354934
vt 0.942782 0.351990
vt 0.940440 0.120005
vt 0.935565 0.120583
vt 0.185623 0.961885
vt 0.181287 0.962738
vt 0.945538 0.119842
vt 0.944235 0.122335
vt 0.176951 0.963592
vt 0.154293 0.973450
vt 0.147047 0.976287
vt 0.149741 0.965679
vt 0.151349 0.954496
vt 0.152527 0.954022
vt 0.958912 0.257479
vt 0.954836 0.258073
vt 0.954836 0.236743
vt 0.957842 0.245816
vt 0.960925 0.245497
vt 0.968799 0.146683
vt 0.963308 0.145916
vt 0.962563 0.129117
vt 0.966976 0.126306
vt 0.968799 0.126560
vt 0.151528 0.859454
vt 0.154354 0.858972
vt 0.154354 0.874211
vt 0.151065 0.874771
vt 0.963109 0.963700
vt 0.961338 0.963623
vt 0.961500 0.951779
vt 0.961745 0.942889
vt 0.964492 0.943054
vt 0.502306 0.945673
vt 0.503130 0.951115
vt 0.502171 0.954134
vt 0.498726 0.958195
vt 0.497447 0.960849
vt 0.496106 0.960849
vt 0.492486 0.958875
vt 0.488527 0.960849
vt 0.488233 0.957447
vt 0.489271 0.953796
vt 0.490656 0.948922
vt 0.492066 0.947779
vt 0.499203 0.945324
vt 0.987648 0.020209
vt 0.986258 0.020360
vt 0.984408 0.000351
vt 0.987648 -0.000000
vt 0.960010 0.124583
vt 0.963496 0.258570
vt 0.959579 0.236053
vt 0.962047 0.236640
vt 0.964673 0.240942
vt 0.988373 0.651555
vt 0.988373 0.634860
vt 0.991624 0.634885
vt 0.992340 0.649653
vt 0.982440 0.020164
vt 0.957265 0.952229
vt 0.956425 0.943257
vt 0.957459 0.963673
vt 0.954094 0.963700
vt 0.953680 0.943232
vt 0.147047 0.955139
vt 0.988649 0.449400
vt 0.986564 0.460381
vt 0.984392 0.440191
vt 0.988649 0.439157
vt 0.949240 0.527771
vt 0.954538 0.531701
vt 0.954538 0.547735
vt 0.951526 0.550366
vt 0.948721 0.548670
vt 0.985712 0.462597
vt 0.988734 0.462240
vt 0.988734 0.483829
vt 0.984799 0.484282
vt 0.939576 0.920382
vt 0.950836 0.916557
vt 0.951339 0.924695
vt 0.947793 0.938947
vt 0.945301 0.939840
vt 0.940417 0.939239
vt 0.965880 0.596237
vt 0.969708 0.602100
vt 0.963323 0.599005
vt 0.966890 0.579406
vt 0.971512 0.580330
vt 0.971512 0.602243
vt 0.939529 0.942889
vt 0.733519 0.979651
vt 0.732126 0.986163
vt 0.730425 0.987345
vt 0.727033 0.986555
vt 0.723605 0.987345
vt 0.723915 0.981133
vt 0.724812 0.978813
vt 0.729087 0.976929
vt 0.732740 0.976804
vt 0.951339 0.939348
vt 0.945369 0.549310
vt 0.569989 0.980441
vt 0.569989 0.958434
vt 0.573162 0.957642
vt 0.575598 0.976851
vt 0.572967 0.979756
vt 0.266767 0.895721
vt 0.266767 0.917703
vt 0.263561 0.896252
vt 0.941877 0.536250
vt 0.942264 0.528508
vt 0.828688 0.936153
vt 0.818307 0.938097
vt 0.812901 0.931731
vt 0.827519 0.930674
vt 0.828688 0.922709
vt 0.813053 0.926483
vt 0.812931 0.922179
vt 0.947902 0.853921
vt 0.940116 0.852140
vt 0.945010 0.846847
vt 0.124978 0.868659
vt 0.110151 0.865226
vt 0.109041 0.855948
vt 0.121133 0.858747
vt 0.942943 0.826850
vt 0.949403 0.828792
vt 0.949805 0.834701
vt 0.948969 0.836724
vt 0.938331 0.827969
vt 0.940949 0.826151
vt 0.946067 0.841518
vt 0.938331 0.851492
vt 0.815409 0.951884
vt 0.820048 0.954933
vt 0.817062 0.955601
vt 0.813883 0.920046
vt 0.827022 0.914528
vt 0.111328 0.838918
vt 0.123783 0.841801
vt 0.766301 0.952683
vt 0.766301 0.968294
vt 0.762214 0.969825
vt 0.760200 0.970097
vt 0.754257 0.965110
vt 0.754257 0.954305
vt 0.127591 0.871393
vt 0.125464 0.843433
vt 0.127591 0.847279
vt 0.815723 0.913531
vt 0.827546 0.911368
vt 0.828688 0.943544
vt 0.828688 0.954992
vt 0.822334 0.955464
vt 0.812765 0.950334
vt 0.812774 0.938097
vt 0.958778 0.028999
vt 0.958778 0.025051
vt 0.962594 0.026454
vt 0.990604 0.964948
vt 0.986635 0.965966
vt 0.987559 0.961594
vt 0.991808 0.960755
vt 0.571256 0.924883
vt 0.574755 0.922049
vt 0.573762 0.925083
vt 0.991808 0.968858
vt 0.985499 0.969428
vt 0.566216 0.914671
vt 0.570424 0.919052
vt 0.567749 0.924297
vt 0.565580 0.919413
vt 0.565341 0.918927
vt 0.967337 0.023023
vt 0.967405 0.026966
vt 0.965140 0.026664
vt 0.983323 0.134881
vt 0.976409 0.134944
vt 0.975300 0.129242
vt 0.983257 0.134325
vt 0.989987 0.691158
vt 0.982546 0.691407
vt 0.982648 0.686336
vt 0.988792 0.686996
vt 0.989839 0.689678
vt 0.963508 0.021645
vt 0.964074 0.026291
vt 0.959085 0.020054
vt 0.973103 0.555078
vt 0.973103 0.546367
vt 0.977215 0.546935
vt 0.978291 0.550442
vt 0.978951 0.553067
vt 0.570662 0.910152
vt 0.572108 0.910001
vt 0.572999 0.910088
vt 0.575015 0.910001
vt 0.566846 0.912920
vt 0.976659 0.124583
vt 0.981540 0.125642
vt 0.983842 0.129073
vt 0.984005 0.130606
vt 0.983849 0.140752
vt 0.977071 0.139976
vt 0.983866 0.140378
vt 0.984005 0.140842
vt 0.982567 0.681414
vt 0.982546 0.679704
vt 0.989389 0.680790
vt 0.989451 0.681016
vt 0.989525 0.684637
vt 0.991737 0.971843
vt 0.985064 0.972950
vt 0.984774 0.971995
vt 0.575598 0.919309
vt 0.575541 0.920373
vt 0.568091 0.924642
vt 0.864613 0.498498
vt 0.865597 0.496231
vt 0.864214 0.491727
vt 0.867872 0.489847
vt 0.871965 0.496844
vt 0.867950 0.503895
vt 0.872724 0.503736
vt 0.951217 0.608330
vt 0.951217 0.604512
vt 0.955072 0.605954
vt 0.990478 0.980724
vt 0.986594 0.981714
vt 0.987664 0.977351
vt 0.991874 0.976524
vt 0.522619 0.978174
vt 0.524987 0.974574
vt 0.525048 0.977606
vt 0.991874 0.984525
vt 0.985588 0.985096
vt 0.514609 0.970053
vt 0.519954 0.973008
vt 0.519142 0.978596
vt 0.515535 0.974655
vt 0.515155 0.974268
vt 0.878097 0.495750
vt 0.875747 0.499898
vt 0.874321 0.503895
vt 0.871359 0.489897
vt 0.875386 0.489954
vt 0.959902 0.602483
vt 0.959935 0.606539
vt 0.957646 0.606200
vt 0.983570 0.301768
vt 0.976785 0.301917
vt 0.975567 0.296291
vt 0.983492 0.301218
vt 0.341483 0.991194
vt 0.334068 0.991194
vt 0.334129 0.985977
vt 0.340243 0.986858
vt 0.341318 0.989662
vt 0.956032 0.601070
vt 0.956571 0.605812
vt 0.951564 0.599439
vt 0.521429 0.962973
vt 0.525184 0.965119
vt 0.525046 0.968910
vt 0.524894 0.971796
vt 0.517380 0.964382
vt 0.518698 0.963799
vt 0.519560 0.963637
vt 0.514647 0.968204
vt 0.977203 0.291723
vt 0.982008 0.292708
vt 0.984269 0.296061
vt 0.984370 0.297562
vt 0.984199 0.307566
vt 0.977491 0.306878
vt 0.984209 0.307196
vt 0.984370 0.307656
vt 0.334286 0.981068
vt 0.334336 0.979357
vt 0.341099 0.980672
vt 0.341152 0.980900
vt 0.341075 0.984525
vt 0.991792 0.987475
vt 0.985286 0.988536
vt 0.984968 0.987602
vt 0.525184 0.972800
vt 0.519574 0.978823
vt 0.928192 0.382864
vt 0.935999 0.383265
vt 0.935582 0.406535
vt 0.931729 0.413145
vt 0.928192 0.413326
vt 0.293330 0.904511
vt 0.296817 0.903775
vt 0.302753 0.932028
vt 0.297851 0.932752
vt 0.923729 0.860919
vt 0.935827 0.855390
vt 0.936929 0.867055
vt 0.933858 0.887137
vt 0.931123 0.888303
vt 0.925888 0.887814
vt 0.925269 0.879000
vt 0.927402 0.877844
vt 0.925259 0.878140
vt 0.939599 0.415272
vt 0.287621 0.902136
vt 0.295082 0.931983
vt 0.290282 0.923673
vt 0.890549 0.496377
vt 0.891109 0.503787
vt 0.887507 0.500851
vt 0.903285 0.492185
vt 0.902430 0.500225
vt 0.900318 0.502052
vt 0.895615 0.501983
vt 0.891395 0.493410
vt 0.896879 0.490106
vt 0.901785 0.489023
vt 0.887507 0.481761
vt 0.965933 0.338340
vt 0.971204 0.320422
vt 0.971204 0.338702
vt 0.530901 0.927610
vt 0.530901 0.900716
vt 0.535187 0.900656
vt 0.537251 0.916138
vt 0.534564 0.916089
vt 0.537228 0.916944
vt 0.538594 0.924527
vt 0.535249 0.926758
vt 0.302753 0.904881
vt 0.960866 0.328030
vt 0.960749 0.320329
vt 0.748539 0.944823
vt 0.744599 0.950347
vt 0.742464 0.950951
vt 0.741570 0.950750
vt 0.743019 0.943894
vt 0.682763 0.964634
vt 0.680758 0.976809
vt 0.678134 0.969969
vt 0.678359 0.965097
vt 0.993892 0.579992
vt 0.993892 0.590871
vt 0.988777 0.589559
vt 0.988152 0.579406
vt 0.674915 0.966425
vt 0.674090 0.978071
vt 0.671122 0.977530
vt 0.671122 0.965596
vt 0.742393 0.958950
vt 0.735502 0.960048
vt 0.733679 0.956028
vt 0.734883 0.953432
vt 0.738137 0.953746
vt 0.347865 0.942494
vt 0.348997 0.954375
vt 0.344208 0.958723
vt 0.342479 0.945460
vt 0.748539 0.958781
vt 0.358260 0.947406
vt 0.358260 0.959408
vt 0.353167 0.956467
vt 0.675979 0.976865
vt 0.739155 0.948653
vt 0.946524 0.382864
vt 0.950809 0.385581
vt 0.946672 0.409350
vt 0.944815 0.408153
vt 0.984006 0.979177
vt 0.980380 0.987931
vt 0.978311 0.988009
vt 0.978248 0.985711
vt 0.975885 0.983909
vt 0.975885 0.978651
vt 0.976869 0.977466
vt 0.982446 0.976524
vt 0.264847 0.951857
vt 0.263331 0.945152
vt 0.262808 0.929223
vt 0.266688 0.930468
vt 0.266688 0.952016
vt 0.982028 0.041759
vt 0.982910 0.043975
vt 0.981619 0.043420
vt 0.942146 0.890871
vt 0.944339 0.890916
vt 0.943507 0.913048
vt 0.941377 0.914627
vt 0.941465 0.905300
vt 0.981448 0.030204
vt 0.988784 0.029008
vt 0.983858 0.034746
vt 0.983157 0.034903
vt 0.981605 0.034310
vt 0.939374 0.891350
vt 0.939374 0.915411
vt 0.939599 0.383110
vt 0.942912 0.409015
vt 0.939599 0.408906
vt 0.319216 0.955478
vt 0.325749 0.956353
vt 0.325749 0.978308
vt 0.323448 0.978183
vt 0.321424 0.976773
vt 0.950144 0.403330
vt 0.948154 0.409941
vt 0.949415 0.896620
vt 0.948844 0.909310
vt 0.948558 0.912578
vt 0.262401 0.950577
vt 0.984968 0.980250
vt 0.984238 0.982900
vt 0.984257 0.984608
vt 0.983203 0.987322
vt 0.981742 0.988322
vt 0.995259 0.744203
vt 0.996781 0.742636
vt 0.996248 0.744366
vt 0.925479 0.878003
vt 0.923729 0.877416
vt 0.996781 0.746041
vt 0.988784 0.043872
vt 0.996513 0.828157
vt 0.996513 0.830347
vt 0.995259 0.829545
vt 0.950512 0.895471
vt 0.951061 0.888302
vt 0.981252 0.033958
vt 0.546896 0.946502
vt 0.552483 0.940589
vt 0.552441 0.942507
vt 0.201275 0.850022
vt 0.200041 0.850424
vt 0.195390 0.843775
vt 0.197488 0.842840
vt 0.078385 0.885900
vt 0.081782 0.882754
vt 0.083524 0.888796
vt 0.081332 0.890791
vt 0.552419 0.938203
vt 0.546682 0.935082
vt 0.552483 0.936768
vt 0.084125 0.882762
vt 0.085034 0.888790
vt 0.204259 0.827307
vt 0.199362 0.831095
vt 0.198698 0.829050
vt 0.205602 0.837762
vt 0.198082 0.835321
vt 0.077134 0.895892
vt 0.071760 0.893303
vt 0.077166 0.895829
vt 0.204615 0.842476
vt 0.198985 0.837884
vt 0.204605 0.845867
vt 0.198903 0.840986
vt 0.075069 0.893108
vt 0.075026 0.887412
vt 0.079187 0.891806
vt 0.077277 0.894083
vt 0.065182 0.887745
vt 0.068168 0.882747
vt 0.212520 0.845255
vt 0.212555 0.852785
vt 0.064661 0.890653
vt 0.210301 0.839190
vt 0.568359 0.990956
vt 0.567055 0.990886
vt 0.567481 0.977447
vt 0.212555 0.831422
vt 0.065697 0.893409
vt 0.065951 0.892150
vt 0.077286 0.897342
vt 0.211998 0.824290
vt 0.065396 0.894778
vt 0.079720 0.874112
vt 0.083318 0.874140
vt 0.539286 0.949792
vt 0.539167 0.945986
vt 0.064184 0.899485
vt 0.064277 0.897826
vt 0.077634 0.898947
vt 0.071611 0.899478
vt 0.074540 0.879012
vt 0.539549 0.954680
vt 0.546752 0.947750
vt 0.209251 0.857143
vt 0.538858 0.942209
vt 0.538712 0.938682
vt 0.546178 0.941017
vt 0.077491 0.899485
vt 0.538834 0.935846
vt 0.538906 0.933520
vt 0.064536 0.896008
vt 0.192411 0.840122
vt 0.192396 0.839393
vt 0.193185 0.839338
vt 0.193199 0.839972
vt 0.564447 0.990956
vt 0.566129 0.983362
vt 0.194345 0.842485
vt 0.192673 0.842092
vt 0.193119 0.841404
vt 0.194429 0.841504
vt 0.191986 0.840811
vt 0.192865 0.840903
vt 0.191937 0.839827
vt 0.191757 0.837227
vt 0.192258 0.837878
vt 0.077752 0.895649
vt 0.077728 0.895675
vt 0.077958 0.894290
vt 0.191765 0.832094
vt 0.193397 0.829708
vt 0.193521 0.830698
vt 0.192210 0.832673
vt 0.195344 0.829613
vt 0.195195 0.830612
vt 0.197313 0.827977
vt 0.196886 0.829209
vt 0.197991 0.830064
vt 0.198026 0.833143
vt 0.197439 0.835482
vt 0.198242 0.837762
vt 0.198175 0.840335
vt 0.197059 0.841802
vt 0.195300 0.842597
vt 0.078014 0.897564
vt 0.197095 0.830471
vt 0.195622 0.831693
vt 0.996133 0.565623
vt 0.997024 0.567017
vt 0.996035 0.567211
vt 0.995259 0.565997
vt 0.194955 0.841175
vt 0.195713 0.842127
vt 0.194165 0.831768
vt 0.193024 0.833487
vt 0.996423 0.761900
vt 0.996076 0.763754
vt 0.995259 0.763821
vt 0.995561 0.762207
vt 0.193594 0.840652
vt 0.191785 0.834412
vt 0.192653 0.835001
vt 0.193065 0.838019
vt 0.191819 0.834405
vt 0.192683 0.834995
vt 0.996092 0.900902
vt 0.996092 0.902726
vt 0.995259 0.902591
vt 0.995259 0.901003
vt 0.996892 0.568941
vt 0.995919 0.568886
vt 0.996047 0.885590
vt 0.996047 0.887591
vt 0.995259 0.887066
vt 0.995259 0.885324
vt 0.193815 0.841088
vt 0.996108 0.931435
vt 0.996108 0.932986
vt 0.995259 0.932847
vt 0.995259 0.931497
vt 0.996076 0.760013
vt 0.995259 0.760564
vt 0.996133 0.571196
vt 0.995259 0.570849
vt 0.197245 0.841435
vt 0.198056 0.831215
vt 0.198087 0.833896
vt 0.197575 0.835933
vt 0.198275 0.837918
vt 0.198216 0.840157
vt 0.983646 0.700971
vt 0.984117 0.706837
vt 0.982799 0.705913
vt 0.169738 0.918963
vt 0.168422 0.919272
vt 0.167647 0.914451
vt 0.170347 0.913827
vt 0.197186 0.976698
vt 0.197252 0.972649
vt 0.201422 0.974247
vt 0.201370 0.976849
vt 0.164076 0.912726
vt 0.159150 0.914081
vt 0.163141 0.911539
vt 0.254566 0.904018
vt 0.255429 0.905361
vt 0.249743 0.910525
vt 0.249182 0.909672
vt 0.250273 0.912178
vt 0.257523 0.913887
vt 0.249539 0.916539
vt 0.974611 0.701355
vt 0.970639 0.698562
vt 0.974645 0.701254
vt 0.255639 0.919720
vt 0.249917 0.918862
vt 0.255702 0.922899
vt 0.249904 0.921812
vt 0.160838 0.903305
vt 0.162287 0.899437
vt 0.164578 0.901925
vt 0.162477 0.903851
vt 0.254469 0.927169
vt 0.249351 0.923734
vt 0.197454 0.980791
vt 0.201553 0.979477
vt 0.154354 0.901446
vt 0.157841 0.897088
vt 0.263392 0.917662
vt 0.263561 0.924706
vt 0.965615 0.695831
vt 0.965905 0.691662
vt 0.973445 0.697512
vt 0.262418 0.912213
vt 0.964095 0.699279
vt 0.964626 0.697902
vt 0.263561 0.904347
vt 0.964186 0.700942
vt 0.974331 0.703638
vt 0.263118 0.897795
vt 0.964360 0.702696
vt 0.261807 0.895721
vt 0.986356 0.694966
vt 0.989066 0.697777
vt 0.964095 0.709210
vt 0.964331 0.706728
vt 0.974124 0.706153
vt 0.969812 0.707824
vt 0.191757 0.976474
vt 0.191808 0.970256
vt 0.982799 0.691517
vt 0.982883 0.699789
vt 0.191757 0.983956
vt 0.262270 0.929223
vt 0.005971 0.984076
vt 0.009353 0.983423
vt 0.009353 0.994200
vt 0.007011 0.989803
vt 0.973937 0.706993
vt 0.156053 0.919307
vt 0.154354 0.917832
vt 0.964527 0.704094
vt 0.995259 0.699667
vt 0.995320 0.698981
vt 0.996159 0.698532
vt 0.996106 0.699129
vt 0.166247 0.913223
vt 0.164277 0.924020
vt 0.161177 0.922250
vt 0.163473 0.917684
vt 0.974726 0.698749
vt 0.164778 0.912203
vt 0.166482 0.912411
vt 0.163816 0.911012
vt 0.164432 0.911740
vt 0.163189 0.910710
vt 0.162716 0.908372
vt 0.163538 0.909029
vt 0.163772 0.910372
vt 0.162409 0.906211
vt 0.162425 0.906106
vt 0.162985 0.905978
vt 0.162952 0.905983
vt 0.163235 0.904441
vt 0.164923 0.902845
vt 0.167104 0.902023
vt 0.167103 0.902927
vt 0.169607 0.900771
vt 0.169251 0.901853
vt 0.171443 0.901841
vt 0.170715 0.902705
vt 0.171969 0.903590
vt 0.170868 0.905410
vt 0.170860 0.907286
vt 0.170185 0.907408
vt 0.172122 0.909618
vt 0.171307 0.909483
vt 0.172124 0.912333
vt 0.171308 0.911734
vt 0.169910 0.912918
vt 0.167651 0.913452
vt 0.168798 0.902778
vt 0.166928 0.903713
vt 0.170589 0.911380
vt 0.170588 0.909421
vt 0.996093 0.939566
vt 0.995259 0.939016
vt 0.995367 0.938000
vt 0.996093 0.938479
vt 0.995259 0.796410
vt 0.995342 0.794356
vt 0.996171 0.794753
vt 0.996099 0.796541
vt 0.995790 0.953699
vt 0.995790 0.955989
vt 0.995259 0.955956
vt 0.995259 0.953962
vt 0.995373 0.700369
vt 0.996206 0.699741
vt 0.995404 0.697562
vt 0.995432 0.694394
vt 0.996257 0.694539
vt 0.996233 0.697297
vt 0.013989 0.996197
vt 0.013971 0.996164
vt 0.013973 0.995266
vt 0.013989 0.995295
vt 0.170072 0.903521
vt 0.169371 0.912411
vt 0.165030 0.903642
vt 0.169611 0.907615
vt 0.995432 0.700822
vt 0.996257 0.700135
vt 0.995805 0.970601
vt 0.995805 0.972379
vt 0.995259 0.972056
vt 0.995259 0.970508
vt 0.995342 0.798217
vt 0.996171 0.798114
vt 0.170205 0.905876
vt 0.167405 0.912876
vt 0.157865 0.921747
vt 0.166387 0.911970
vt 0.164904 0.911789
vt 0.164603 0.911386
vt 0.164066 0.910752
vt 0.164027 0.910195
vt 0.163824 0.909026
vt 0.163314 0.906374
vt 0.163343 0.906369
vt 0.163560 0.905032
vt 0.960685 0.308974
vt 0.966102 0.309961
vt 0.967138 0.313108
vt 0.961263 0.310832
vt 0.383703 0.959616
vt 0.383703 0.970990
vt 0.380997 0.969304
vt 0.380997 0.959945
vt 0.955215 0.411417
vt 0.964192 0.410867
vt 0.964192 0.422069
vt 0.964192 0.428544
vt 0.961638 0.429859
vt 0.954629 0.431274
vt 0.955215 0.423068
vt 0.380892 0.972090
vt 0.377727 0.971478
vt 0.382675 0.979155
vt 0.380051 0.979027
vt 0.960685 0.302655
vt 0.966102 0.305892
vt 0.104353 0.981952
vt 0.108626 0.984378
vt 0.105743 0.987382
vt 0.102670 0.989013
vt 0.102365 0.985411
vt 0.963390 0.292047
vt 0.968806 0.293033
vt 0.968806 0.303131
vt 0.963390 0.297992
vt 0.376015 0.960208
vt 0.376015 0.969701
vt 0.775028 0.983340
vt 0.781119 0.984371
vt 0.781119 0.993676
vt 0.775028 0.993242
vt 0.960685 0.291723
vt 0.011327 0.991868
vt 0.009497 0.986531
vt 0.013207 0.987151
vt 0.013647 0.993340
vt 0.009497 0.994825
vt 0.995259 0.246900
vt 0.999394 0.247472
vt 0.997326 0.249401
vt 0.995259 0.251329
vt 0.959655 0.433564
vt 0.955056 0.434113
vt 0.105899 0.990462
vt 0.109035 0.990927
vt 0.107221 0.993131
vt 0.104793 0.992171
vt 0.966853 0.315452
vt 0.961712 0.314894
vt 0.102365 0.991211
vt 0.378695 0.975677
vt 0.934563 0.311830
vt 0.937140 0.313444
vt 0.935909 0.316895
vt 0.932008 0.314702
vt 0.928192 0.313476
vt 0.928468 0.311729
vt 0.921836 0.118038
vt 0.921882 0.112819
vt 0.933505 0.110944
vt 0.933560 0.114331
vt 0.931938 0.118705
vt 0.921745 0.104565
vt 0.921565 0.099671
vt 0.928693 0.104567
vt 0.094239 0.892739
vt 0.094555 0.888304
vt 0.107268 0.882378
vt 0.106248 0.896691
vt 0.097474 0.896630
vt 0.095422 0.879908
vt 0.107334 0.874032
vt 0.097583 0.869287
vt 0.096121 0.865416
vt 0.106991 0.860462
vt 0.107412 0.864138
vt 0.631605 0.969197
vt 0.625064 0.971472
vt 0.623532 0.969346
vt 0.623363 0.961811
vt 0.633175 0.960019
vt 0.921565 0.108830
vt 0.934717 0.104569
vt 0.930649 0.305949
vt 0.930054 0.310073
vt 0.930425 0.303637
vt 0.936983 0.309475
vt 0.998399 0.197994
vt 0.998399 0.204258
vt 0.995259 0.201974
vt 0.930581 0.298387
vt 0.937815 0.299981
vt 0.938356 0.303173
vt 0.931962 0.092322
vt 0.932222 0.096681
vt 0.929835 0.093315
vt 0.921992 0.098611
vt 0.922211 0.093312
vt 0.932321 0.100619
vt 0.933710 0.100889
vt 0.990342 0.397487
vt 0.993549 0.397675
vt 0.994259 0.407632
vt 0.990342 0.409070
vt 0.934238 0.123880
vt 0.933787 0.125992
vt 0.922238 0.125641
vt 0.635717 0.971216
vt 0.635717 0.960271
vt 0.932994 0.293458
vt 0.935994 0.294891
vt 0.937768 0.320329
vt 0.939738 0.315525
vt 0.692380 0.993203
vt 0.688009 0.993062
vt 0.685673 0.989606
vt 0.687130 0.982252
vt 0.692380 0.982916
vt 0.825381 0.955601
vt 0.828258 0.955601
vt 0.827968 0.968156
vt 0.998228 0.333133
vt 0.998228 0.338545
vt 0.995259 0.334734
vt 0.629557 0.973608
vt 0.098875 0.873938
vt 0.929303 0.296444
vt 0.928192 0.294516
vt 0.928248 0.291723
vt 0.940914 0.312849
vt 0.941353 0.301989
vt 0.938919 0.307417
vt 0.632516 0.974492
vt 0.094534 0.870305
vt 0.094931 0.874397
vt 0.096588 0.857466
vt 0.107093 0.855167
vt 0.094239 0.863604
vt 0.973346 0.630727
vt 0.967264 0.630211
vt 0.967255 0.614743
vt 0.970396 0.610455
vt 0.973346 0.610454
vt 0.744981 0.942798
vt 0.742167 0.942829
vt 0.739857 0.922319
vt 0.743873 0.922375
vt 0.033214 0.939853
vt 0.024599 0.942770
vt 0.024486 0.935004
vt 0.027492 0.921747
vt 0.029304 0.921100
vt 0.033214 0.921872
vt 0.965187 0.608823
vt 0.750281 0.943894
vt 0.746370 0.922784
vt 0.750281 0.928135
vt 0.572711 0.981260
vt 0.568509 0.983996
vt 0.568475 0.980441
vt 0.573667 0.990152
vt 0.569266 0.991952
vt 0.568475 0.990827
vt 0.569026 0.987043
vt 0.574277 0.981020
vt 0.575535 0.984385
vt 0.575598 0.987976
vt 0.021555 0.922610
vt 0.015936 0.943329
vt 0.016926 0.923002
vt 0.736920 0.942126
vt 0.733951 0.942174
vt 0.733679 0.924220
vt 0.735312 0.921879
vt 0.921565 0.128509
vt 0.931264 0.125992
vt 0.936372 0.131654
vt 0.922231 0.136562
vt 0.921565 0.141857
vt 0.936080 0.137816
vt 0.935758 0.144824
vt 0.929318 0.645460
vt 0.935826 0.649205
vt 0.931065 0.653574
vt 0.905443 0.474849
vt 0.919612 0.477914
vt 0.920689 0.483614
vt 0.909133 0.481114
vt 0.112499 0.938236
vt 0.115069 0.944549
vt 0.111119 0.947440
vt 0.109041 0.947640
vt 0.941882 0.661317
vt 0.939227 0.663006
vt 0.936992 0.662945
vt 0.928841 0.658894
vt 0.930919 0.656346
vt 0.937946 0.649051
vt 0.907591 0.502246
vt 0.905107 0.503787
vt 0.905567 0.499845
vt 0.934807 0.147381
vt 0.922515 0.153704
vt 0.920689 0.503969
vt 0.908785 0.501393
vt 0.941513 0.636690
vt 0.942202 0.648025
vt 0.928841 0.637614
vt 0.903630 0.476265
vt 0.933261 0.152864
vt 0.922216 0.155668
vt 0.126147 0.946904
vt 0.112254 0.936115
vt 0.113682 0.932314
vt 0.114308 0.930077
vt 0.126147 0.932576
vt 0.956988 0.492437
vt 0.958146 0.495836
vt 0.954783 0.496316
vt 0.946316 0.501419
vt 0.946955 0.497257
vt 0.950803 0.498036
vt 0.950538 0.501866
vt 0.977400 0.686447
vt 0.980422 0.690381
vt 0.977340 0.688980
vt 0.858386 0.986853
vt 0.854451 0.987883
vt 0.854451 0.981820
vt 0.860219 0.982528
vt 0.982546 0.680571
vt 0.981380 0.685577
vt 0.976695 0.682475
vt 0.979328 0.679978
vt 0.979583 0.679704
vt 0.952665 0.497288
vt 0.977462 0.751547
vt 0.984096 0.752376
vt 0.984791 0.756349
vt 0.977490 0.751929
vt 0.861442 0.977948
vt 0.854812 0.979508
vt 0.854451 0.971504
vt 0.860032 0.971246
vt 0.861188 0.975522
vt 0.953939 0.501348
vt 0.953578 0.497145
vt 0.957867 0.500750
vt 0.951396 0.489964
vt 0.946544 0.493826
vt 0.946316 0.491285
vt 0.956932 0.491137
vt 0.984454 0.764565
vt 0.979813 0.763114
vt 0.977593 0.759544
vt 0.977239 0.757269
vt 0.977276 0.747283
vt 0.983608 0.748175
vt 0.977239 0.747548
vt 0.976472 0.682655
vt 0.976569 0.682864
vt 0.972478 0.689887
vt 0.971747 0.684785
vt 0.971366 0.683090
vt 0.861499 0.979185
vt 0.982546 0.691310
vt 0.981807 0.691255
vt 0.449795 0.958229
vt 0.448776 0.960705
vt 0.450114 0.965625
vt 0.446405 0.967678
vt 0.442367 0.960036
vt 0.446499 0.952334
vt 0.441687 0.952508
vt 0.953418 0.815231
vt 0.956720 0.814077
vt 0.957084 0.817446
vt 0.962212 0.825895
vt 0.957927 0.825272
vt 0.958648 0.821430
vt 0.962648 0.821678
vt 0.429681 0.977289
vt 0.432899 0.981247
vt 0.429692 0.979840
vt 0.789011 0.985426
vt 0.785056 0.986583
vt 0.785056 0.980576
vt 0.790863 0.981072
vt 0.435156 0.971539
vt 0.433880 0.976472
vt 0.428925 0.973329
vt 0.431717 0.970889
vt 0.431987 0.970621
vt 0.436175 0.961230
vt 0.438594 0.956700
vt 0.440080 0.952334
vt 0.442892 0.967624
vt 0.438836 0.967562
vt 0.957977 0.819566
vt 0.977008 0.443425
vt 0.983664 0.444516
vt 0.984392 0.448517
vt 0.977038 0.443808
vt 0.792100 0.976488
vt 0.785445 0.978258
vt 0.785056 0.970355
vt 0.790666 0.969905
vt 0.791839 0.974097
vt 0.962240 0.818273
vt 0.957870 0.818651
vt 0.961769 0.814341
vt 0.951120 0.820808
vt 0.954654 0.825674
vt 0.952242 0.825895
vt 0.952227 0.815281
vt 0.983993 0.456640
vt 0.979332 0.455008
vt 0.977102 0.451365
vt 0.976759 0.449094
vt 0.976794 0.439157
vt 0.983160 0.440307
vt 0.976759 0.439421
vt 0.428694 0.973508
vt 0.428791 0.973714
vt 0.425073 0.980938
vt 0.424289 0.975857
vt 0.423880 0.974165
vt 0.792155 0.977714
vt 0.435156 0.982203
vt 0.434371 0.982137
vt 0.946938 0.155289
vt 0.941467 0.155024
vt 0.942567 0.130946
vt 0.945174 0.124583
vt 0.947385 0.124797
vt 0.984014 0.679643
vt 0.980525 0.679704
vt 0.980525 0.653492
vt 0.985123 0.653170
vt 0.940775 0.236053
vt 0.928852 0.234898
vt 0.928359 0.222831
vt 0.932213 0.204617
vt 0.934844 0.204855
vt 0.940018 0.208459
vt 0.940065 0.217250
vt 0.938086 0.217458
vt 0.940091 0.218203
vt 0.938390 0.124761
vt 0.936371 0.155668
vt 0.936371 0.125097
vt 0.940775 0.205036
vt 0.947407 0.883887
vt 0.947407 0.877756
vt 0.949058 0.877014
vt 0.953115 0.878667
vt 0.956829 0.878756
vt 0.957990 0.884864
vt 0.957533 0.886947
vt 0.953121 0.887724
vt 0.948988 0.886922
vt 0.928192 0.203639
vt 0.129662 0.839668
vt 0.127591 0.869451
vt 0.127591 0.838918
vt 0.969805 0.794015
vt 0.969805 0.822350
vt 0.966098 0.822855
vt 0.964337 0.806811
vt 0.966712 0.806694
vt 0.964360 0.805967
vt 0.963212 0.798191
vt 0.966215 0.795731
vt 0.371885 0.870113
vt 0.371885 0.838829
vt 0.375480 0.868996
vt 0.587457 0.981598
vt 0.587457 0.960185
vt 0.592995 0.969232
vt 0.593777 0.976031
vt 0.948358 0.091421
vt 0.948358 0.079635
vt 0.950148 0.079362
vt 0.950800 0.079461
vt 0.952497 0.091990
vt 0.955217 0.086940
vt 0.956216 0.091764
vt 0.559435 0.989884
vt 0.558277 0.978720
vt 0.562894 0.978914
vt 0.564448 0.989004
vt 0.556176 0.988650
vt 0.556176 0.977447
vt 0.957276 0.079752
vt 0.959959 0.091927
vt 0.981252 0.033867
vt 0.980968 0.034361
vt 0.972075 0.034062
vt 0.971700 0.029830
vt 0.976223 0.029008
vt 0.978882 0.029900
vt 0.978324 0.031696
vt 0.971700 0.044965
vt 0.971941 0.037411
vt 0.981223 0.035822
vt 0.980135 0.044618
vt 0.396737 0.979895
vt 0.397342 0.968504
vt 0.403136 0.967915
vt 0.408238 0.966612
vt 0.408238 0.978238
vt 0.954719 0.079384
vt 0.431161 0.952353
vt 0.426043 0.953231
vt 0.429846 0.928612
vt 0.432106 0.928182
vt 0.965473 0.560686
vt 0.966974 0.555327
vt 0.968967 0.555244
vt 0.969521 0.556664
vt 0.971300 0.558471
vt 0.973140 0.561143
vt 0.972505 0.561838
vt 0.967816 0.562089
vt 0.957628 0.297192
vt 0.959236 0.302989
vt 0.960685 0.318133
vt 0.958118 0.319611
vt 0.956209 0.297876
vt 0.080357 0.930107
vt 0.079688 0.926766
vt 0.080673 0.927216
vt 0.087783 0.952055
vt 0.086210 0.951981
vt 0.085498 0.928885
vt 0.086728 0.926922
vt 0.087966 0.937931
vt 0.971497 0.576466
vt 0.965473 0.577912
vt 0.970327 0.571815
vt 0.970872 0.571478
vt 0.972005 0.572037
vt 0.090180 0.952336
vt 0.088689 0.927101
vt 0.435698 0.952479
vt 0.433350 0.927451
vt 0.435823 0.927241
vt 0.952341 0.319436
vt 0.952341 0.296652
vt 0.954376 0.296525
vt 0.426448 0.936091
vt 0.428360 0.928794
vt 0.080578 0.943144
vt 0.426043 0.929363
vt 0.959456 0.293211
vt 0.958690 0.294674
vt 0.958689 0.295623
vt 0.958133 0.291723
vt 0.963941 0.805160
vt 0.964939 0.806074
vt 0.995259 0.957608
vt 0.995915 0.955989
vt 0.995915 0.957774
vt 0.995835 0.929139
vt 0.995835 0.931435
vt 0.995259 0.929783
vt 0.972623 0.563212
vt 0.079295 0.942064
vt 0.079489 0.943699
vt 0.079295 0.950796
vt 0.070637 0.955659
vt 0.064715 0.958650
vt 0.065250 0.957297
vt 0.070627 0.954480
vt 0.064905 0.954933
vt 0.141479 0.924509
vt 0.138233 0.926391
vt 0.137660 0.919690
vt 0.139753 0.918510
vt 0.996727 0.128641
vt 0.995259 0.133940
vt 0.995655 0.128601
vt 0.135696 0.925615
vt 0.136025 0.919200
vt 0.951049 0.571497
vt 0.955915 0.566286
vt 0.956361 0.567731
vt 0.948855 0.564925
vt 0.956411 0.563160
vt 0.656548 0.968331
vt 0.661361 0.971235
vt 0.656522 0.968408
vt 0.950904 0.559878
vt 0.956239 0.560965
vt 0.950822 0.557365
vt 0.956228 0.558640
vt 0.145405 0.918500
vt 0.144891 0.924174
vt 0.141934 0.918247
vt 0.143657 0.916711
vt 0.068958 0.950914
vt 0.064184 0.953467
vt 0.152726 0.927574
vt 0.150013 0.931382
vt 0.943771 0.560830
vt 0.943569 0.555244
vt 0.667422 0.974362
vt 0.667488 0.977557
vt 0.658352 0.971700
vt 0.944252 0.565993
vt 0.668214 0.970976
vt 0.667930 0.972254
vt 0.943569 0.571574
vt 0.668010 0.969757
vt 0.656543 0.966433
vt 0.943941 0.576929
vt 0.667731 0.968495
vt 0.138806 0.935796
vt 0.134913 0.934588
vt 0.077235 0.954812
vt 0.077279 0.958225
vt 0.667529 0.963654
vt 0.667550 0.965630
vt 0.656414 0.964313
vt 0.661199 0.963817
vt 0.143768 0.932824
vt 0.077179 0.950466
vt 0.075484 0.947046
vt 0.076722 0.961112
vt 0.076559 0.964117
vt 0.064523 0.960635
vt 0.070376 0.960155
vt 0.656523 0.963654
vt 0.997021 0.140818
vt 0.995259 0.140985
vt 0.667592 0.967671
vt 0.996068 0.755612
vt 0.996043 0.756167
vt 0.995292 0.756488
vt 0.995314 0.756005
vt 0.656681 0.970365
vt 0.064184 0.960065
vt 0.064246 0.958523
vt 0.141823 0.910811
vt 0.142689 0.911497
vt 0.142111 0.911826
vt 0.141544 0.911411
vt 0.142666 0.911952
vt 0.143213 0.913603
vt 0.142450 0.913143
vt 0.142181 0.912257
vt 0.143585 0.915032
vt 0.143572 0.915079
vt 0.143058 0.915041
vt 0.143084 0.915024
vt 0.142951 0.916280
vt 0.141569 0.917546
vt 0.139685 0.917768
vt 0.137889 0.918781
vt 0.136585 0.918391
vt 0.135546 0.918403
vt 0.136318 0.916567
vt 0.136255 0.915413
vt 0.136806 0.915117
vt 0.135050 0.913987
vt 0.135735 0.913849
vt 0.134913 0.912136
vt 0.135622 0.912315
vt 0.136368 0.910887
vt 0.136767 0.911325
vt 0.064698 0.957391
vt 0.064408 0.955414
vt 0.141223 0.911142
vt 0.995538 0.603464
vt 0.995281 0.601571
vt 0.996112 0.601952
vt 0.996336 0.603600
vt 0.995333 0.826070
vt 0.995259 0.824143
vt 0.995887 0.824780
vt 0.995951 0.826458
vt 0.996027 0.946348
vt 0.996027 0.947432
vt 0.995259 0.947974
vt 0.995259 0.947030
vt 0.995842 0.606878
vt 0.995259 0.605401
vt 0.996093 0.605286
vt 0.996601 0.606571
vt 0.137407 0.915515
vt 0.136982 0.916778
vt 0.996028 0.754890
vt 0.995279 0.755376
vt 0.996005 0.757354
vt 0.996068 0.760013
vt 0.995314 0.759836
vt 0.995259 0.757521
vt 0.013928 0.995266
vt 0.013951 0.995286
vt 0.013948 0.996048
vt 0.013928 0.996030
vt 0.995842 0.600260
vt 0.996601 0.600810
vt 0.137373 0.912214
vt 0.136376 0.913076
vt 0.995259 0.828021
vt 0.995887 0.828157
vt 0.996008 0.754438
vt 0.995262 0.754982
vt 0.139745 0.911223
vt 0.141252 0.912055
vt 0.139965 0.912125
vt 0.996032 0.964741
vt 0.996032 0.966100
vt 0.995259 0.965910
vt 0.995259 0.964727
vt 0.995259 0.911127
vt 0.995259 0.908786
vt 0.995869 0.908732
vt 0.995869 0.910770
vt 0.138685 0.910667
vt 0.139043 0.911641
vt 0.891678 0.967182
vt 0.889410 0.966465
vt 0.891678 0.955571
vt 0.141531 0.912289
vt 0.142025 0.912651
vt 0.142086 0.913025
vt 0.142320 0.913797
vt 0.142872 0.915434
vt 0.142849 0.915449
vt 0.142756 0.916528
vt 0.141553 0.917630
vt 0.139913 0.917824
vt 0.138349 0.918705
vt 0.137214 0.918366
vt 0.136475 0.914411
vt 0.979007 0.483695
vt 0.978821 0.468009
vt 0.981885 0.463821
vt 0.984799 0.463961
vt 0.555376 0.956040
vt 0.552578 0.956088
vt 0.552578 0.933580
vt 0.556176 0.933520
vt 0.951027 0.230432
vt 0.940775 0.227572
vt 0.941006 0.218501
vt 0.945259 0.205395
vt 0.947491 0.206003
vt 0.951855 0.209610
vt 0.285677 0.951390
vt 0.281797 0.947198
vt 0.287289 0.946466
vt 0.284695 0.969562
vt 0.279654 0.970688
vt 0.279654 0.947736
vt 0.779147 0.980646
vt 0.785057 0.980363
vt 0.784471 0.983340
vt 0.777736 0.969905
vt 0.783932 0.970819
vt 0.785057 0.972628
vt 0.784305 0.976555
vt 0.776939 0.979866
vt 0.775144 0.975204
vt 0.775028 0.971080
vt 0.940775 0.203639
vt 0.920976 0.399135
vt 0.918035 0.421020
vt 0.918035 0.398104
vt 0.984385 0.235147
vt 0.984385 0.257794
vt 0.981391 0.258143
vt 0.979176 0.238028
vt 0.981806 0.235442
vt 0.750281 0.945942
vt 0.750281 0.921879
vt 0.754247 0.944229
vt 0.981898 0.432347
vt 0.981898 0.410867
vt 0.986364 0.422138
vt 0.986932 0.429911
vt 0.246188 0.918083
vt 0.234965 0.915078
vt 0.228999 0.906139
vt 0.245846 0.911131
vt 0.246188 0.904447
vt 0.229488 0.900595
vt 0.230300 0.895317
vt 0.107412 0.924920
vt 0.100447 0.920922
vt 0.105023 0.914375
vt 0.478363 0.922823
vt 0.461788 0.925568
vt 0.462118 0.917971
vt 0.475635 0.915733
vt 0.847365 0.945982
vt 0.850035 0.952191
vt 0.847212 0.954658
vt 0.845552 0.954733
vt 0.094880 0.899148
vt 0.097439 0.896692
vt 0.099612 0.896985
vt 0.107412 0.904863
vt 0.105260 0.909429
vt 0.098422 0.920844
vt 0.093434 0.897787
vt 0.231462 0.893490
vt 0.245701 0.894162
vt 0.464439 0.898936
vt 0.478363 0.896629
vt 0.423880 0.970620
vt 0.423880 0.954304
vt 0.427932 0.953247
vt 0.429930 0.953231
vt 0.435823 0.959233
vt 0.435823 0.970526
vt 0.094481 0.921326
vt 0.090449 0.916348
vt 0.091103 0.898183
vt 0.233076 0.888104
vt 0.245854 0.891583
vt 0.861440 0.953091
vt 0.847107 0.943808
vt 0.848614 0.939603
vt 0.849265 0.937174
vt 0.861440 0.938129
vt 0.982562 0.334647
vt 0.985479 0.334076
vt 0.985432 0.337662
vt 0.989726 0.346334
vt 0.985618 0.345596
vt 0.986378 0.342063
vt 0.990330 0.342296
vt 0.915026 0.976925
vt 0.917572 0.972160
vt 0.917522 0.976474
vt 0.982637 0.916557
vt 0.987071 0.917845
vt 0.987071 0.923004
vt 0.980636 0.919546
vt 0.906905 0.969364
vt 0.912404 0.971133
vt 0.911409 0.978197
vt 0.907764 0.974361
vt 0.907378 0.973991
vt 0.985999 0.340000
vt 0.982996 0.065182
vt 0.975543 0.068505
vt 0.974987 0.063565
vt 0.982986 0.064680
vt 0.979316 0.923056
vt 0.986849 0.925682
vt 0.987071 0.931784
vt 0.980782 0.928934
vt 0.979556 0.925036
vt 0.990330 0.338682
vt 0.986013 0.339013
vt 0.990330 0.334508
vt 0.913963 0.963291
vt 0.917820 0.964715
vt 0.917694 0.967035
vt 0.917544 0.968909
vt 0.909769 0.965026
vt 0.911124 0.964586
vt 0.912024 0.964173
vt 0.906960 0.967761
vt 0.974987 0.056993
vt 0.980171 0.055739
vt 0.982633 0.058211
vt 0.983100 0.059944
vt 0.983000 0.070628
vt 0.975971 0.073218
vt 0.983054 0.070257
vt 0.911684 0.978494
vt 0.911851 0.978368
vt 0.972966 0.793903
vt 0.968124 0.793903
vt 0.966471 0.793902
vt 0.966780 0.786700
vt 0.966992 0.786638
vt 0.970489 0.786607
vt 0.972862 0.787414
vt 0.979231 0.921871
vt 0.917820 0.970027
vt 0.109041 0.957278
vt 0.110311 0.954750
vt 0.109411 0.949780
vt 0.113377 0.947640
vt 0.116767 0.955330
vt 0.111842 0.963208
vt 0.116752 0.962956
vt 0.514609 0.979418
vt 0.517381 0.978823
vt 0.517329 0.982407
vt 0.521825 0.991000
vt 0.517643 0.990321
vt 0.518242 0.986796
vt 0.522299 0.986970
vt 0.974410 0.737652
vt 0.976900 0.732777
vt 0.976896 0.737142
vt 0.983851 0.579406
vt 0.988152 0.580724
vt 0.988152 0.585967
vt 0.981880 0.582438
vt 0.966280 0.729788
vt 0.971753 0.731704
vt 0.970827 0.738927
vt 0.967173 0.734952
vt 0.966787 0.734568
vt 0.123177 0.954022
vt 0.120291 0.958656
vt 0.118370 0.963108
vt 0.116945 0.947640
vt 0.121065 0.947640
vt 0.517882 0.984737
vt 0.982646 0.701145
vt 0.975380 0.704420
vt 0.974726 0.699400
vt 0.982626 0.700635
vt 0.980572 0.586002
vt 0.987850 0.588685
vt 0.988152 0.594888
vt 0.982051 0.591979
vt 0.980826 0.588015
vt 0.522299 0.983358
vt 0.517901 0.983751
vt 0.522299 0.979188
vt 0.973288 0.723262
vt 0.977128 0.724785
vt 0.976997 0.727368
vt 0.976845 0.729436
vt 0.969125 0.725083
vt 0.970474 0.724593
vt 0.971365 0.724180
vt 0.966329 0.728087
vt 0.974875 0.692721
vt 0.979946 0.691517
vt 0.982369 0.694059
vt 0.982799 0.695826
vt 0.982753 0.706672
vt 0.975861 0.709210
vt 0.982799 0.706297
vt 0.971103 0.739230
vt 0.971267 0.739107
vt 0.976971 0.942044
vt 0.972149 0.942035
vt 0.970499 0.942044
vt 0.970811 0.934847
vt 0.971023 0.934782
vt 0.974516 0.934731
vt 0.976884 0.935527
vt 0.980499 0.584797
vt 0.977128 0.730587
vt 0.945912 0.800871
vt 0.943924 0.798654
vt 0.944716 0.796125
vt 0.948060 0.798654
vt 0.951120 0.800662
vt 0.951008 0.802005
vt 0.549122 0.986507
vt 0.552401 0.986395
vt 0.552401 0.994692
vt 0.550380 0.994824
vt 0.548210 0.993778
vt 0.997181 0.539351
vt 0.995259 0.541246
vt 0.995259 0.535539
vt 0.990265 0.623968
vt 0.992131 0.625085
vt 0.992131 0.634712
vt 0.986110 0.631107
vt 0.987916 0.625312
vt 0.988554 0.178254
vt 0.994343 0.180144
vt 0.994343 0.188964
vt 0.989599 0.187852
vt 0.983913 0.773261
vt 0.984950 0.776887
vt 0.977129 0.781176
vt 0.976829 0.777214
vt 0.206675 0.987548
vt 0.207297 0.992739
vt 0.205911 0.993576
vt 0.201553 0.992632
vt 0.201553 0.985076
vt 0.997531 0.345569
vt 0.995259 0.345569
vt 0.997230 0.338545
vt 0.742887 0.974349
vt 0.743019 0.977597
vt 0.738016 0.977378
vt 0.733679 0.977189
vt 0.734224 0.973614
vt 0.949206 0.806888
vt 0.949324 0.803890
vt 0.949412 0.809010
vt 0.943837 0.802706
vt 0.949592 0.813240
vt 0.943250 0.811066
vt 0.942686 0.808250
vt 0.995259 0.737278
vt 0.996806 0.735373
vt 0.996806 0.738770
vt 0.743205 0.982109
vt 0.743370 0.986126
vt 0.737882 0.985887
vt 0.735941 0.982912
vt 0.735646 0.980263
vt 0.734629 0.980015
vt 0.743370 0.979770
vt 0.219467 0.985921
vt 0.219242 0.988397
vt 0.210954 0.988850
vt 0.210403 0.985199
vt 0.975929 0.739392
vt 0.977008 0.739230
vt 0.977008 0.745901
vt 0.972949 0.747069
vt 0.972990 0.740763
vt 0.984543 0.782041
vt 0.984085 0.786529
vt 0.977372 0.786529
vt 0.976996 0.784022
vt 0.947326 0.817786
vt 0.944864 0.815879
vt 0.942404 0.794015
vt 0.941487 0.796775
vt 0.210588 0.981131
vt 0.213289 0.978679
vt 0.219611 0.978679
vt 0.219396 0.983181
vt 0.942380 0.818011
vt 0.941484 0.812921
vt 0.945806 0.820522
vt 0.951069 0.820587
vt 0.995259 0.007191
vt 0.997966 0.010447
vt 0.995259 0.015952
vt 0.983028 0.770244
vt 0.976986 0.771439
vt 0.950468 0.815581
vt 0.951120 0.818031
vt 0.940523 0.798992
vt 0.939792 0.809515
vt 0.942068 0.804528
vt 0.939165 0.806118
vt 0.920689 0.469061
vt 0.928718 0.468304
vt 0.929774 0.483805
vt 0.926015 0.489181
vt 0.922203 0.490178
vt 0.235247 0.825725
vt 0.238993 0.826403
vt 0.241770 0.854923
vt 0.236496 0.853942
vt 0.880020 0.375757
vt 0.892702 0.371584
vt 0.893455 0.380884
vt 0.889785 0.396929
vt 0.887043 0.397897
vt 0.881336 0.397175
vt 0.881232 0.390334
vt 0.883205 0.389252
vt 0.881133 0.389562
vt 0.933284 0.491518
vt 0.228999 0.824290
vt 0.233477 0.853280
vt 0.228999 0.846190
vt 0.998875 0.145704
vt 0.995259 0.140985
vt 0.999873 0.140985
vt 0.933940 0.494050
vt 0.931431 0.498944
vt 0.930823 0.503969
vt 0.923424 0.503221
vt 0.921017 0.501805
vt 0.920689 0.495500
vt 0.896005 0.397152
vt 0.900206 0.373822
vt 0.900206 0.398104
vt 0.245445 0.827772
vt 0.249408 0.828485
vt 0.249427 0.844668
vt 0.247419 0.844497
vt 0.249327 0.845502
vt 0.249859 0.853645
vt 0.247477 0.856086
vt 0.211171 0.965104
vt 0.220499 0.968703
vt 0.220880 0.970876
vt 0.220732 0.971775
vt 0.210403 0.970673
vt 0.215313 0.974527
vt 0.211527 0.974299
vt 0.957752 0.224612
vt 0.959230 0.234245
vt 0.953564 0.234349
vt 0.951855 0.225601
vt 0.962267 0.225345
vt 0.962267 0.235097
vt 0.221534 0.978679
vt 0.211697 0.978679
vt 0.947759 0.871374
vt 0.947950 0.870573
vt 0.958345 0.868600
vt 0.959743 0.874549
vt 0.954773 0.877014
vt 0.951529 0.876489
vt 0.951662 0.873694
vt 0.959743 0.855390
vt 0.957499 0.863601
vt 0.947407 0.868614
vt 0.950430 0.858453
vt 0.964188 0.975780
vt 0.953680 0.978939
vt 0.954023 0.972450
vt 0.953680 0.966434
vt 0.964320 0.963700
vt 0.221916 0.975382
vt 0.948741 0.000000
vt 0.954428 0.001449
vt 0.952655 0.023757
vt 0.950082 0.023132
vt 0.936016 0.682291
vt 0.938345 0.690188
vt 0.936557 0.691662
vt 0.935085 0.690233
vt 0.932840 0.689375
vt 0.928841 0.687054
vt 0.928913 0.685716
vt 0.932721 0.682047
vt 0.956775 0.024700
vt 0.955089 0.017741
vt 0.958778 0.002537
vt 0.958778 0.024997
vt 0.948306 0.708645
vt 0.949378 0.711160
vt 0.947874 0.710986
vt 0.939896 0.694485
vt 0.941024 0.693548
vt 0.942834 0.711848
vt 0.942309 0.714358
vt 0.939896 0.705696
vt 0.972717 0.770172
vt 0.972717 0.763116
vt 0.976916 0.765822
vt 0.976934 0.766402
vt 0.976212 0.768236
vt 0.302689 0.868305
vt 0.305156 0.867411
vt 0.305156 0.877782
vt 0.303063 0.884193
vt 0.933644 0.663683
vt 0.941102 0.663005
vt 0.938101 0.681530
vt 0.746768 0.960048
vt 0.753854 0.960048
vt 0.753706 0.979854
vt 0.751205 0.980018
vt 0.748812 0.978928
vt 0.953879 0.024078
vt 0.947559 0.698282
vt 0.940203 0.715067
vt 0.939146 0.683649
vt 0.940270 0.684655
vt 0.941102 0.686988
vt 0.940492 0.688539
vt 0.996253 0.778697
vt 0.995259 0.779891
vt 0.995481 0.778250
vt 0.996398 0.681977
vt 0.996945 0.683806
vt 0.995259 0.682293
vt 0.996945 0.679707
vt 0.995259 0.775892
vt 0.949620 0.698952
vt 0.950104 0.698943
vt 0.952787 0.693749
vt 0.952588 0.713992
vt 0.948758 0.697394
vt 0.948768 0.691662
vt 0.697509 0.940429
vt 0.698652 0.945162
vt 0.695966 0.948026
vt 0.694172 0.941662
vt 0.988373 0.635556
vt 0.988373 0.649583
vt 0.985807 0.646951
vt 0.985807 0.635409
vt 0.687186 0.925879
vt 0.698652 0.925084
vt 0.697928 0.934808
vt 0.685673 0.943877
vt 0.686433 0.935993
vt 0.985975 0.650448
vt 0.983540 0.649222
vt 0.405548 0.983869
vt 0.407188 0.979895
vt 0.409778 0.987404
vt 0.405548 0.991377
vt 0.962062 0.930421
vt 0.967798 0.934088
vt 0.967798 0.939247
vt 0.962062 0.938435
vt 0.951954 0.303797
vt 0.945085 0.305361
vt 0.946931 0.300770
vt 0.949754 0.297897
vt 0.952341 0.300071
vt 0.964762 0.917151
vt 0.970499 0.917963
vt 0.970499 0.930770
vt 0.964762 0.924692
vt 0.981549 0.634860
vt 0.981549 0.646566
vt 0.950987 0.317893
vt 0.942761 0.317073
vt 0.943663 0.308380
vt 0.951946 0.308643
vt 0.962062 0.916557
vt 0.941353 0.304370
vt 0.691408 0.944949
vt 0.694552 0.949611
vt 0.690414 0.948142
vt 0.686275 0.946674
vt 0.945106 0.296428
vt 0.941353 0.293868
vt 0.942222 0.291723
vt 0.945550 0.293582
vt 0.948877 0.295442
vt 0.942661 0.301965
vt 0.988649 0.439157
vt 0.993577 0.441402
vt 0.994082 0.445080
vt 0.988699 0.442046
vt 0.845485 0.374574
vt 0.845485 0.382759
vt 0.842884 0.381830
vt 0.842884 0.375094
vt 0.957222 0.747513
vt 0.966461 0.747283
vt 0.966461 0.758089
vt 0.966461 0.764335
vt 0.963832 0.765519
vt 0.956633 0.766446
vt 0.957222 0.758753
vt 0.986679 0.354035
vt 0.989458 0.354067
vt 0.992840 0.354938
vt 0.988570 0.356556
vt 0.988077 0.348987
vt 0.991715 0.348581
vt 0.968104 0.602243
vt 0.966401 0.608033
vt 0.963323 0.608548
vt 0.963323 0.603043
vt 0.972448 0.247954
vt 0.978020 0.247271
vt 0.976846 0.251692
vt 0.974867 0.254898
vt 0.972500 0.252087
vt 0.983116 0.519062
vt 0.988546 0.519971
vt 0.988546 0.527718
vt 0.983116 0.523623
vt 0.837895 0.375027
vt 0.837895 0.381859
vt 0.972448 0.235147
vt 0.979055 0.235757
vt 0.979176 0.245397
vt 0.972576 0.245405
vt 0.641051 0.993670
vt 0.640567 0.987491
vt 0.644601 0.987491
vt 0.644043 0.994552
vt 0.980646 0.526607
vt 0.980646 0.518220
vt 0.993299 0.357756
vt 0.988649 0.446165
vt 0.993592 0.447176
vt 0.991830 0.448737
vt 0.990069 0.450297
vt 0.961792 0.769028
vt 0.957079 0.769102
vt 0.988919 0.346904
vt 0.991448 0.346334
vt 0.978340 0.254645
vt 0.978082 0.256949
vt 0.975694 0.257078
vt 0.993299 0.350657
vt 0.069871 0.988601
vt 0.066973 0.989348
vt 0.066974 0.986290
vt 0.995259 0.491399
vt 0.997598 0.492077
vt 0.998010 0.496046
vt 0.995259 0.495497
vt 0.954664 0.716399
vt 0.952822 0.719046
vt 0.952843 0.716123
vt 0.991929 0.768272
vt 0.988803 0.768608
vt 0.988803 0.764728
vt 0.993386 0.765742
vt 0.962614 0.722782
vt 0.957348 0.720704
vt 0.957759 0.716227
vt 0.961321 0.719395
vt 0.961695 0.719707
vt 0.995259 0.738770
vt 0.996606 0.741892
vt 0.995259 0.742636
vt 0.510198 0.990600
vt 0.514366 0.989072
vt 0.514366 0.994095
vt 0.510172 0.991099
vt 0.994358 0.762990
vt 0.989094 0.763527
vt 0.988803 0.758126
vt 0.993236 0.758420
vt 0.994156 0.761355
vt 0.064184 0.985562
vt 0.066836 0.985100
vt 0.064184 0.989124
vt 0.066810 0.984262
vt 0.064184 0.982477
vt 0.073379 0.984121
vt 0.066119 0.982605
vt 0.067691 0.979407
vt 0.070665 0.979386
vt 0.072889 0.979450
vt 0.071146 0.988743
vt 0.965149 0.629094
vt 0.965149 0.634617
vt 0.961322 0.634773
vt 0.959934 0.633036
vt 0.959663 0.631630
vt 0.959979 0.628082
vt 0.510363 0.985343
vt 0.513956 0.984706
vt 0.510322 0.985689
vt 0.957515 0.715975
vt 0.957353 0.716035
vt 0.952787 0.712039
vt 0.956867 0.712008
vt 0.958138 0.711846
vt 0.994403 0.763759
vt 0.953128 0.721173
vt 0.952787 0.720393
vt 0.139761 0.886487
vt 0.140559 0.888842
vt 0.140001 0.890770
vt 0.138462 0.894163
vt 0.137947 0.890712
vt 0.147554 0.884434
vt 0.149494 0.884448
vt 0.148984 0.889591
vt 0.183888 0.988108
vt 0.181243 0.989275
vt 0.181925 0.988769
vt 0.183614 0.987454
vt 0.149604 0.903931
vt 0.147583 0.904754
vt 0.147951 0.904256
vt 0.148704 0.903439
vt 0.149130 0.901761
vt 0.149094 0.894912
vt 0.147659 0.893982
vt 0.145553 0.892744
vt 0.152067 0.893683
vt 0.151402 0.892500
vt 0.151402 0.882551
vt 0.152726 0.882906
vt 0.152726 0.894057
vt 0.143014 0.904039
vt 0.138015 0.903937
vt 0.137980 0.902861
vt 0.143746 0.900292
vt 0.152961 0.841464
vt 0.154354 0.845851
vt 0.152972 0.858778
vt 0.151545 0.858972
vt 0.152256 0.841868
vt 0.141352 0.879024
vt 0.142368 0.880939
vt 0.142343 0.910250
vt 0.143553 0.908418
vt 0.142619 0.910298
vt 0.149316 0.900706
vt 0.147283 0.900135
vt 0.149570 0.899366
vt 0.150107 0.897334
vt 0.150786 0.904311
vt 0.152249 0.831507
vt 0.151545 0.831911
vt 0.141867 0.878373
vt 0.146317 0.877652
vt 0.151189 0.894827
vt 0.145056 0.910286
vt 0.146238 0.910667
vt 0.149782 0.881458
vt 0.181925 0.979177
vt 0.180823 0.988973
vt 0.180823 0.978874
vt 0.299945 0.974769
vt 0.302386 0.974277
vt 0.301973 0.974988
vt 0.945350 0.258348
vt 0.946514 0.264386
vt 0.942054 0.264318
vt 0.942054 0.258372
vt 0.148241 0.879574
vt 0.303299 0.966283
vt 0.304367 0.969018
vt 0.300414 0.981640
vt 0.304162 0.982559
vt 0.304367 0.982812
vt 0.303696 0.984597
vt 0.302910 0.985689
vt 0.300273 0.982443
vt 0.298883 0.975984
vt 0.148804 0.875433
vt 0.183614 0.981693
vt 0.149893 0.875829
vt 0.640567 0.935238
vt 0.637578 0.934696
vt 0.635552 0.928508
vt 0.636907 0.926374
vt 0.640567 0.926754
vt 0.630322 0.937055
vt 0.637638 0.942898
vt 0.634633 0.944138
vt 0.737191 0.973614
vt 0.737212 0.969163
vt 0.743121 0.968637
vt 0.743322 0.973053
vt 0.733679 0.972060
vt 0.735170 0.967111
vt 0.640567 0.943722
vt 0.995113 0.675521
vt 0.992281 0.675052
vt 0.991447 0.668795
vt 0.992597 0.665965
vt 0.995113 0.666077
vt 0.746768 0.965735
vt 0.733679 0.960119
vt 0.742346 0.960048
vt 0.935357 0.990062
vt 0.934380 0.985998
vt 0.939479 0.983576
vt 0.939109 0.984636
vt 0.939479 0.993853
vt 0.936309 0.993954
vt 0.627718 0.925084
vt 0.624106 0.935764
vt 0.623488 0.934839
vt 0.623363 0.927742
vt 0.974846 0.949999
vt 0.977212 0.949805
vt 0.981251 0.952458
vt 0.982791 0.958122
vt 0.975706 0.960752
vt 0.283163 0.985583
vt 0.283163 0.994687
vt 0.280399 0.994836
vt 0.278613 0.993012
vt 0.279166 0.985142
vt 0.982791 0.943716
vt 0.980428 0.942916
vt 0.976215 0.942889
vt 0.948128 0.468304
vt 0.939661 0.467065
vt 0.939662 0.446998
vt 0.944027 0.441758
vt 0.948128 0.442035
vt 0.281620 0.921830
vt 0.277364 0.922622
vt 0.275885 0.892332
vt 0.281620 0.891071
vt 0.226316 0.865325
vt 0.212555 0.863759
vt 0.212940 0.852737
vt 0.218874 0.836156
vt 0.221921 0.836383
vt 0.227623 0.840157
vt 0.226998 0.847968
vt 0.224663 0.848299
vt 0.226944 0.848936
vt 0.936750 0.439157
vt 0.906195 0.396028
vt 0.900206 0.398104
vt 0.900206 0.369588
vt 0.902600 0.368219
vt 0.907472 0.373568
vt 0.228999 0.834399
vt 0.215325 0.825047
vt 0.223296 0.824290
vt 0.225488 0.825948
vt 0.226354 0.830451
vt 0.214576 0.831562
vt 0.212555 0.827097
vt 0.959345 0.264605
vt 0.954202 0.288328
vt 0.954202 0.265787
vt 0.271995 0.925091
vt 0.267450 0.925906
vt 0.267433 0.907424
vt 0.270123 0.907057
vt 0.267563 0.906441
vt 0.267118 0.897466
vt 0.270664 0.894251
vt 0.963104 0.276178
vt 0.963743 0.285449
vt 0.792418 0.951085
vt 0.793468 0.941174
vt 0.795591 0.941177
vt 0.796393 0.941676
vt 0.797470 0.953885
vt 0.800872 0.948300
vt 0.801635 0.952639
vt 0.985123 0.678642
vt 0.985657 0.665965
vt 0.991029 0.665965
vt 0.991447 0.677567
vt 0.989184 0.246523
vt 0.990678 0.235904
vt 0.993880 0.235147
vt 0.993880 0.245523
vt 0.803803 0.941648
vt 0.806025 0.953379
vt 0.798563 0.934278
vt 0.805446 0.935489
vt 0.805821 0.939701
vt 0.800722 0.940175
vt 0.163029 0.987978
vt 0.163029 0.977623
vt 0.171861 0.975448
vt 0.171595 0.986977
vt 0.792418 0.932090
vt 0.978821 0.484282
vt 0.969551 0.481727
vt 0.969498 0.474732
vt 0.968359 0.468304
vt 0.978821 0.470478
vt 0.982441 0.020288
vt 0.976519 0.022426
vt 0.979827 0.001037
vt 0.982441 -0.000000
vt 0.929419 0.794015
vt 0.937908 0.798732
vt 0.937853 0.800872
vt 0.935579 0.800715
vt 0.934128 0.803853
vt 0.928556 0.802655
vt 0.927413 0.801462
vt 0.926560 0.795114
vt 0.943331 0.860825
vt 0.945485 0.867308
vt 0.947407 0.884585
vt 0.943645 0.886481
vt 0.941414 0.861789
vt 0.982722 0.725637
vt 0.981550 0.723262
vt 0.983183 0.723402
vt 0.936391 0.824852
vt 0.934573 0.825797
vt 0.936842 0.812230
vt 0.994734 0.161699
vt 0.990884 0.165658
vt 0.990884 0.156217
vt 0.991078 0.155668
vt 0.992322 0.155983
vt 0.939165 0.824535
vt 0.973103 0.550153
vt 0.965270 0.550153
vt 0.965937 0.528454
vt 0.968049 0.527771
vt 0.971520 0.527955
vt 0.936929 0.887444
vt 0.937128 0.861244
vt 0.939492 0.860686
vt 0.976219 0.007591
vt 0.978111 0.001213
vt 0.928178 0.817241
vt 0.928138 0.805000
vt 0.945310 0.859115
vt 0.947407 0.856683
vt 0.945789 0.858218
vt 0.946245 0.855390
vt 0.226397 0.847817
vt 0.996098 0.752706
vt 0.996398 0.754438
vt 0.995259 0.752965
vt 0.996398 0.750386
vt 0.227501 0.846592
vt 0.981376 0.734683
vt 0.980768 0.735066
vt 0.977128 0.743308
vt 0.977128 0.724677
vt 0.926698 0.815074
vt 0.926903 0.817671
vt 0.926560 0.824191
vt 0.983656 0.735099
vt 0.915461 0.985279
vt 0.909874 0.984773
vt 0.906905 0.980107
vt 0.909073 0.978494
vt 0.915461 0.978861
vt 0.196961 0.924054
vt 0.197734 0.925208
vt 0.196118 0.926993
vt 0.194521 0.931399
vt 0.194048 0.933568
vt 0.191779 0.933548
vt 0.191757 0.929734
vt 0.461788 0.929726
vt 0.467418 0.928661
vt 0.467402 0.935270
vt 0.461788 0.936581
vt 0.991992 0.733620
vt 0.992492 0.726050
vt 0.993922 0.726851
vt 0.994284 0.732792
vt 0.995259 0.387746
vt 0.995259 0.382138
vt 0.997722 0.381852
vt 0.997465 0.383883
vt 0.997326 0.387477
vt 0.470643 0.939715
vt 0.469547 0.942541
vt 0.464531 0.943970
vt 0.470184 0.926706
vt 0.473347 0.926359
vt 0.474194 0.929088
vt 0.473362 0.932581
vt 0.474684 0.930818
vt 0.474992 0.927675
vt 0.474564 0.926124
vt 0.478850 0.925741
vt 0.477921 0.935203
vt 0.989444 0.733924
vt 0.988628 0.734023
vt 0.989567 0.733641
vt 0.990265 0.724904
vt 0.990277 0.724497
vt 0.209008 0.922001
vt 0.206944 0.924377
vt 0.206435 0.922884
vt 0.206335 0.920769
vt 0.205658 0.921767
vt 0.205509 0.923563
vt 0.206158 0.925172
vt 0.201242 0.930601
vt 0.198318 0.926058
vt 0.199462 0.924529
vt 0.199395 0.924088
vt 0.203454 0.916729
vt 0.209471 0.917021
vt 0.482634 0.987595
vt 0.478999 0.987418
vt 0.475213 0.984661
vt 0.474620 0.979521
vt 0.483279 0.977899
vt 0.953679 0.960486
vt 0.953679 0.970751
vt 0.950920 0.969814
vt 0.753935 0.893739
vt 0.749989 0.893867
vt 0.749819 0.883639
vt 0.753935 0.881310
vt 0.206772 0.927837
vt 0.207519 0.929668
vt 0.203088 0.932615
vt 0.948214 0.091953
vt 0.942665 0.090489
vt 0.942665 0.084282
vt 0.946793 0.085035
vt 0.304998 0.953458
vt 0.304794 0.956641
vt 0.303855 0.963513
vt 0.302017 0.963678
vt 0.302017 0.951927
vt 0.302123 0.951152
vt 0.990044 0.724581
vt 0.988628 0.723483
vt 0.988679 0.723262
vt 0.002997 0.995266
vt 0.002997 0.998166
vt 0.002891 0.998685
vt 0.002803 0.995282
vt 0.473537 0.932080
vt 0.474518 0.930808
vt 0.474728 0.927789
vt 0.474351 0.926317
vt 0.989447 0.733549
vt 0.990035 0.724979
vt 0.472218 0.925685
vt 0.472352 0.925568
vt 0.467293 0.926128
vt 0.467237 0.925771
vt 0.988692 0.733665
vt 0.208208 0.929200
vt 0.207425 0.927123
vt 0.209471 0.928280
vt 0.483279 0.989414
vt 0.479232 0.989262
vt 0.208163 0.933756
vt 0.208532 0.933303
vt 0.208780 0.933344
vt 0.208180 0.934043
vt 0.207991 0.929238
vt 0.207233 0.927223
vt 0.206782 0.924606
vt 0.995454 0.531672
vt 0.996361 0.533780
vt 0.996183 0.533789
vt 0.995259 0.531603
vt 0.996884 0.535423
vt 0.996744 0.535539
vt 0.942711 0.084066
vt 0.946746 0.084807
vt 0.206305 0.923135
vt 0.001478 0.997529
vt 0.001364 0.995688
vt 0.001698 0.995266
vt 0.001698 0.997351
vt 0.009374 0.995762
vt 0.009349 0.996704
vt 0.009171 0.996580
vt 0.009171 0.995266
vt 0.996884 0.528979
vt 0.996135 0.530138
vt 0.995984 0.529965
vt 0.996741 0.528785
vt 0.202120 0.917277
vt 0.195308 0.933552
vt 0.196606 0.928929
vt 0.197431 0.933501
vt 0.915461 0.988116
vt 0.909922 0.987110
vt 0.005832 0.995266
vt 0.005832 0.996300
vt 0.005832 0.996662
vt 0.005464 0.995364
vt 0.194121 0.938322
vt 0.195145 0.938306
vt 0.195334 0.938738
vt 0.193976 0.938732
vt 0.197809 0.925501
vt 0.196297 0.927304
vt 0.194775 0.931442
vt 0.194244 0.933560
vt 0.199243 0.924533
vt 0.194091 0.935408
vt 0.193905 0.935439
vt 0.995259 0.328947
vt 0.995695 0.324396
vt 0.995944 0.324343
vt 0.995480 0.328893
vt 0.996554 0.321111
vt 0.996904 0.320848
vt 0.995460 0.319491
vt 0.995577 0.319116
vt 0.995272 0.319303
vt 0.995259 0.318856
vt 0.915175 0.988375
vt 0.910004 0.987347
vt 0.474095 0.929009
vt 0.473380 0.926517
vt 0.989391 0.727177
vt 0.989396 0.724133
vt 0.207541 0.929492
vt 0.206835 0.927777
vt 0.206199 0.925255
vt 0.942685 0.083496
vt 0.946601 0.084194
vt 0.205603 0.923735
vt 0.205693 0.922033
vt 0.206150 0.921310
vt 0.198153 0.926193
vt 0.196494 0.928860
vt 0.195190 0.933484
vt 0.915153 0.989473
vt 0.912004 0.988896
vt 0.910042 0.988368
vt 0.199235 0.924800
vt 0.946046 0.753393
vt 0.943893 0.750189
vt 0.945170 0.747283
vt 0.947637 0.750427
vt 0.950520 0.753281
vt 0.950109 0.754835
vt 0.956293 0.759093
vt 0.956633 0.763440
vt 0.948938 0.764005
vt 0.948768 0.761246
vt 0.949939 0.757992
vt 0.997628 0.279542
vt 0.995259 0.281149
vt 0.995259 0.273697
vt 0.988652 0.653825
vt 0.990646 0.654358
vt 0.991560 0.665965
vt 0.985123 0.664244
vt 0.986401 0.656469
vt 0.299080 0.870293
vt 0.298145 0.878032
vt 0.288696 0.883800
vt 0.289602 0.877232
vt 0.294402 0.884661
vt 0.295615 0.888531
vt 0.288349 0.895900
vt 0.287621 0.891586
vt 0.982469 0.570928
vt 0.987296 0.569836
vt 0.988382 0.572013
vt 0.988382 0.578934
vt 0.981168 0.579089
vt 0.623129 0.972778
vt 0.620593 0.973555
vt 0.620593 0.962609
vt 0.988895 0.564425
vt 0.985661 0.566683
vt 0.984652 0.561952
vt 0.983777 0.557850
vt 0.987568 0.555244
vt 0.944621 0.755926
vt 0.995259 0.313309
vt 0.998256 0.315844
vt 0.995259 0.318856
vt 0.948257 0.769009
vt 0.944080 0.766747
vt 0.943893 0.763249
vt 0.981542 0.227700
vt 0.984313 0.225772
vt 0.982858 0.229759
vt 0.988684 0.230616
vt 0.985175 0.234051
vt 0.986847 0.223456
vt 0.986600 0.222493
vt 0.983484 0.569378
vt 0.981168 0.569836
vt 0.981168 0.561685
vt 0.981168 0.560588
vt 0.325749 0.985752
vt 0.324979 0.988068
vt 0.316728 0.988318
vt 0.316345 0.984675
vt 0.992617 0.246523
vt 0.993784 0.246658
vt 0.993784 0.256990
vt 0.989242 0.258095
vt 0.989184 0.248862
vt 0.294710 0.895303
vt 0.295508 0.899814
vt 0.288752 0.902136
vt 0.287623 0.899875
vt 0.302689 0.889097
vt 0.299050 0.895184
vt 0.298104 0.892130
vt 0.316657 0.980618
vt 0.319642 0.978308
vt 0.325749 0.978406
vt 0.324987 0.982766
vt 0.299971 0.900134
vt 0.604837 0.965376
vt 0.607820 0.969161
vt 0.604837 0.976304
vt 0.293868 0.881031
vt 0.982825 0.222332
vt 0.988684 0.219455
vt 0.302302 0.869827
vt 0.300267 0.867693
vt 0.302689 0.867411
vt 0.300354 0.875618
vt 0.298046 0.882508
vt 0.298040 0.885907
vt 0.955076 0.061626
vt 0.960557 0.062190
vt 0.960557 0.076049
vt 0.957508 0.079362
vt 0.954664 0.078904
vt 0.501351 0.960850
vt 0.504212 0.960990
vt 0.504453 0.973334
vt 0.500628 0.973334
vt 0.975360 0.111314
vt 0.984322 0.110248
vt 0.984431 0.115630
vt 0.981116 0.124373
vt 0.979108 0.124557
vt 0.975360 0.123756
vt 0.999760 0.067850
vt 0.997833 0.072933
vt 0.995259 0.067850
vt 0.245184 0.939092
vt 0.248844 0.939926
vt 0.248844 0.955457
vt 0.247122 0.955486
vt 0.244582 0.950847
vt 0.130398 0.900774
vt 0.127232 0.904338
vt 0.127576 0.900335
vt 0.136847 0.907784
vt 0.132890 0.910640
vt 0.131306 0.909963
vt 0.129660 0.906680
vt 0.132048 0.900087
vt 0.135505 0.902463
vt 0.137748 0.905391
vt 0.137748 0.890863
vt 0.951668 0.077257
vt 0.986308 0.332116
vt 0.986308 0.318156
vt 0.989330 0.317642
vt 0.991747 0.329441
vt 0.989417 0.330626
vt 0.090351 0.969581
vt 0.090351 0.985586
vt 0.086908 0.970874
vt 0.948358 0.065266
vt 0.948752 0.058427
vt 0.984237 0.143770
vt 0.983707 0.152460
vt 0.978386 0.155553
vt 0.981455 0.142189
vt 0.980396 0.650947
vt 0.979747 0.662197
vt 0.975149 0.662016
vt 0.475669 0.970698
vt 0.481257 0.975214
vt 0.474620 0.977899
vt 0.184065 0.992410
vt 0.184065 0.982379
vt 0.191275 0.982262
vt 0.191275 0.990443
vt 0.228999 0.984972
vt 0.233024 0.982000
vt 0.237743 0.983722
vt 0.239023 0.984972
vt 0.209058 0.905765
vt 0.211447 0.907871
vt 0.211744 0.909602
vt 0.207111 0.916729
vt 0.202572 0.915947
vt 0.198360 0.916463
vt 0.192510 0.912657
vt 0.192233 0.910830
vt 0.210877 0.902916
vt 0.973671 0.660900
vt 0.972296 0.650947
vt 0.211744 0.891699
vt 0.210582 0.900242
vt 0.196580 0.900206
vt 0.197708 0.891913
vt 0.484807 0.966005
vt 0.486323 0.975597
vt 0.482961 0.975539
vt 0.474620 0.964059
vt 0.191757 0.906485
vt 0.975300 0.153825
vt 0.975300 0.140842
vt 0.232308 0.972125
vt 0.234841 0.972296
vt 0.222799 0.963113
vt 0.212989 0.965104
vt 0.210637 0.959239
vt 0.210403 0.957006
vt 0.211784 0.952109
vt 0.212357 0.949357
vt 0.222799 0.947243
vt 0.039373 0.960159
vt 0.040136 0.957109
vt 0.042643 0.959286
vt 0.998849 0.440906
vt 0.995259 0.440905
vt 0.995408 0.437121
vt 0.998849 0.437064
vt 0.993061 0.016821
vt 0.993451 0.021839
vt 0.991887 0.018790
vt 0.996136 0.285115
vt 0.995259 0.282664
vt 0.999120 0.281149
vt 0.999120 0.285691
vt 0.038137 0.961013
vt 0.039321 0.965783
vt 0.033353 0.966210
vt 0.034661 0.962843
vt 0.034771 0.962495
vt 0.853803 0.994206
vt 0.850239 0.995174
vt 0.850118 0.992952
vt 0.352638 0.989429
vt 0.347752 0.989873
vt 0.347752 0.985431
vt 0.352668 0.988993
vt 0.994018 0.023541
vt 0.988960 0.024175
vt 0.987648 0.018432
vt 0.853803 0.990336
vt 0.850169 0.991869
vt 0.849838 0.990489
vt 0.849906 0.986620
vt 0.853803 0.985868
vt 0.045866 0.961107
vt 0.046548 0.964393
vt 0.044822 0.966894
vt 0.043393 0.968686
vt 0.043573 0.959631
vt 0.044309 0.960216
vt 0.033246 0.955511
vt 0.038802 0.953998
vt 0.352411 0.993993
vt 0.348134 0.993684
vt 0.352461 0.993699
vt 0.033246 0.966411
vt 0.033424 0.966558
vt 0.989288 0.014565
vt 0.989742 0.013155
vt 0.994018 0.013649
vt 0.994001 0.013834
vt 0.995442 0.424281
vt 0.995259 0.419493
vt 0.997504 0.419617
vt 0.997504 0.425783
vt 0.996906 0.425729
vt 0.042651 0.969108
vt 0.040879 0.969364
vt 0.036005 0.968521
vt 0.868888 0.970426
vt 0.867006 0.969802
vt 0.863306 0.971763
vt 0.861713 0.968519
vt 0.867438 0.963608
vt 0.873303 0.966465
vt 0.873116 0.961909
vt 0.006070 0.959520
vt 0.006870 0.956521
vt 0.009515 0.958661
vt 0.998877 0.403908
vt 0.995259 0.403996
vt 0.995363 0.400200
vt 0.998877 0.400039
vt 0.810767 0.986394
vt 0.811168 0.991413
vt 0.809585 0.988348
vt 0.864473 0.973987
vt 0.867509 0.974175
vt 0.004806 0.960361
vt 0.006173 0.965054
vt 0.000099 0.965482
vt 0.001307 0.962167
vt 0.001407 0.961824
vt 0.866464 0.957882
vt 0.869914 0.959551
vt 0.873228 0.960355
vt 0.861713 0.965168
vt 0.861713 0.961298
vt 0.995255 0.778614
vt 0.991771 0.779480
vt 0.991675 0.777228
vt 0.987538 0.024432
vt 0.982440 0.024784
vt 0.982440 0.020360
vt 0.987569 0.023998
vt 0.811751 0.993140
vt 0.806791 0.994057
vt 0.805424 0.988220
vt 0.995255 0.774729
vt 0.991728 0.776139
vt 0.991422 0.774728
vt 0.991492 0.770844
vt 0.995255 0.770244
vt 0.012930 0.960450
vt 0.013740 0.963684
vt 0.011948 0.966144
vt 0.010468 0.967907
vt 0.010510 0.959000
vt 0.011285 0.959575
vt 0.000000 0.954964
vt 0.005661 0.953469
vt 0.987283 0.028964
vt 0.982787 0.028559
vt 0.987336 0.028673
vt 0.000000 0.965680
vt 0.000185 0.965825
vt 0.807109 0.984464
vt 0.807574 0.983084
vt 0.811751 0.983294
vt 0.811731 0.983473
vt 0.995497 0.430718
vt 0.995259 0.425783
vt 0.997474 0.425860
vt 0.997474 0.432068
vt 0.996900 0.432061
vt 0.009725 0.968323
vt 0.007922 0.968578
vt 0.002902 0.967754
vt 0.858067 0.503482
vt 0.853597 0.504059
vt 0.854079 0.499870
vt 0.723605 0.987345
vt 0.727032 0.988902
vt 0.727772 0.994472
vt 0.723605 0.993152
vt 0.943089 0.950328
vt 0.939838 0.955046
vt 0.940246 0.950118
vt 0.982682 0.332452
vt 0.978566 0.333650
vt 0.978566 0.327934
vt 0.984825 0.328487
vt 0.953680 0.960486
vt 0.946345 0.957400
vt 0.947738 0.949724
vt 0.952447 0.954794
vt 0.952945 0.955290
vt 0.997769 0.473199
vt 0.997769 0.478421
vt 0.995259 0.478120
vt 0.496725 0.985107
vt 0.504343 0.981500
vt 0.504343 0.988852
vt 0.496679 0.985846
vt 0.986308 0.324297
vt 0.979591 0.326362
vt 0.978566 0.318208
vt 0.984405 0.317642
vt 0.985883 0.321869
vt 0.960705 0.550039
vt 0.964141 0.548563
vt 0.964846 0.550189
vt 0.964723 0.554557
vt 0.960705 0.555119
vt 0.854185 0.496870
vt 0.854096 0.498002
vt 0.850252 0.496964
vt 0.850744 0.492706
vt 0.864214 0.496842
vt 0.853394 0.494589
vt 0.856358 0.489847
vt 0.860857 0.490107
vt 0.864214 0.490375
vt 0.860003 0.503612
vt 0.603130 0.980968
vt 0.603130 0.989401
vt 0.597172 0.989496
vt 0.594450 0.987064
vt 0.593932 0.984954
vt 0.594121 0.979696
vt 0.497131 0.977240
vt 0.503898 0.974897
vt 0.497050 0.977767
vt 0.947409 0.949322
vt 0.947168 0.949436
vt 0.939529 0.943754
vt 0.945614 0.943296
vt 0.947543 0.942889
vt 0.986296 0.325390
vt 0.939889 0.958658
vt 0.939529 0.957357
vt 0.937983 0.961498
vt 0.924749 0.961215
vt 0.924749 0.947094
vt 0.926862 0.942642
vt 0.930706 0.943294
vt 0.937983 0.944627
vt 0.653298 0.925217
vt 0.656414 0.945575
vt 0.647154 0.943863
vt 0.647360 0.933143
vt 0.651953 0.925083
vt 0.033214 0.917630
vt 0.025412 0.921100
vt 0.024432 0.902078
vt 0.024433 0.902078
vt 0.032408 0.901987
vt 0.640568 0.945575
vt 0.640635 0.927795
vt 0.891684 0.933482
vt 0.888289 0.934127
vt 0.883993 0.913524
vt 0.889558 0.911629
vt 0.891684 0.916641
vt 0.021003 0.919788
vt 0.022628 0.902121
vt 0.794573 0.469660
vt 0.792165 0.489024
vt 0.790334 0.469660
vt 0.021880 0.899156
vt 0.017940 0.899475
vt 0.032546 0.893505
vt 0.876121 0.937126
vt 0.876121 0.918560
vt 0.647709 0.926118
vt 0.972717 0.770053
vt 0.966461 0.768601
vt 0.972717 0.763116
vt 0.228999 0.984972
vt 0.234511 0.986254
vt 0.228999 0.993840
vt 0.891600 0.911368
vt 0.017793 0.898402
vt 0.021525 0.893199
vt 0.027573 0.888468
vt 0.031378 0.887615
vt 0.033214 0.888904
vt 0.854451 0.983869
vt 0.850761 0.984672
vt 0.852428 0.976781
vt 0.854451 0.971246
vt 0.423684 0.991504
vt 0.419628 0.989511
vt 0.423684 0.978243
vt 0.920517 0.468266
vt 0.918035 0.469488
vt 0.918035 0.456816
vt 0.032995 0.979849
vt 0.030954 0.980959
vt 0.027301 0.964358
vt 0.031848 0.961615
vt 0.861655 0.968680
vt 0.857692 0.970112
vt 0.857692 0.954733
vt 0.027301 0.982928
vt 0.210333 0.968937
vt 0.205201 0.969530
vt 0.206563 0.959426
vt 0.208609 0.955649
vt 0.210333 0.955457
vt 0.157848 0.833063
vt 0.154354 0.831830
vt 0.155034 0.823792
vt 0.160742 0.816177
vt 0.316343 0.994172
vt 0.310985 0.992626
vt 0.312305 0.983651
vt 0.316252 0.983651
vt 0.315121 0.987041
vt 0.147047 0.969777
vt 0.141696 0.969405
vt 0.141696 0.965671
vt 0.147047 0.960959
vt 0.185032 0.813440
vt 0.182575 0.819114
vt 0.179826 0.818586
vt 0.180873 0.812050
vt 0.138539 0.970791
vt 0.136973 0.959272
vt 0.184002 0.830370
vt 0.179527 0.829638
vt 0.408905 0.965405
vt 0.405250 0.966184
vt 0.404401 0.953992
vt 0.409358 0.953623
vt 0.176306 0.830116
vt 0.170820 0.828895
vt 0.171587 0.814793
vt 0.400502 0.966059
vt 0.396737 0.966612
vt 0.396967 0.958300
vt 0.396737 0.955039
vt 0.167322 0.826482
vt 0.163205 0.827546
vt 0.166242 0.811456
vt 0.847836 0.972818
vt 0.845552 0.985868
vt 0.175020 0.805324
vt 0.179132 0.808031
vt 0.180735 0.809348
vt 0.405106 0.950493
vt 0.407182 0.950039
vt 0.169113 0.807934
vt 0.993407 0.855390
vt 0.993407 0.868139
vt 0.988968 0.867118
vt 0.989242 0.858025
vt 0.205278 0.956043
vt 0.161212 0.803529
vt 0.162387 0.809795
vt 0.158059 0.815457
vt 0.159465 0.804656
vt 0.135087 0.956717
vt 0.137820 0.954022
vt 0.141628 0.956405
vt 0.167809 0.801056
vt 0.409679 0.949766
vt 0.145317 0.956111
vt 0.134913 0.970793
vt 0.392063 0.979906
vt 0.386674 0.989880
vt 0.383833 0.989351
vt 0.383833 0.979436
vt 0.391997 0.977491
vt 0.154354 0.815149
vt 0.157402 0.806834
vt 0.956140 0.355819
vt 0.963310 0.358848
vt 0.961375 0.372857
vt 0.957141 0.375460
vt 0.953669 0.374256
vt 0.447514 0.967868
vt 0.450392 0.967678
vt 0.450392 0.988187
vt 0.446758 0.988374
vt 0.930866 0.360883
vt 0.943284 0.358350
vt 0.942769 0.363948
vt 0.937193 0.373783
vt 0.934449 0.374423
vt 0.929327 0.373844
vt 0.963310 0.379311
vt 0.840218 0.969816
vt 0.845384 0.970648
vt 0.845384 0.986469
vt 0.843268 0.986506
vt 0.839158 0.981795
vt 0.928192 0.377591
vt 0.940895 0.380285
vt 0.933780 0.382864
vt 0.931736 0.382326
vt 0.930749 0.379541
vt 0.941262 0.375734
vt 0.943284 0.378194
vt 0.985791 0.810730
vt 0.981130 0.825750
vt 0.981860 0.811006
vt 0.981449 0.903480
vt 0.981449 0.883180
vt 0.984529 0.882692
vt 0.986696 0.900706
vt 0.983796 0.903380
vt 0.379308 0.958488
vt 0.379926 0.942993
vt 0.383658 0.958488
vt 0.988665 0.818614
vt 0.988665 0.824734
vt 0.303579 0.948678
vt 0.295436 0.949814
vt 0.288501 0.943878
vt 0.302825 0.941857
vt 0.299159 0.936367
vt 0.287621 0.938473
vt 0.288187 0.932752
vt 0.287621 0.951152
vt 0.320064 0.852527
vt 0.309540 0.852527
vt 0.305424 0.843484
vt 0.314006 0.843484
vt 0.931844 0.425345
vt 0.934215 0.432158
vt 0.930238 0.437028
vt 0.928192 0.437965
vt 0.319334 0.828557
vt 0.321281 0.826717
vt 0.322873 0.827582
vt 0.329504 0.838642
vt 0.328867 0.843704
vt 0.329401 0.849445
vt 0.325876 0.854945
vt 0.324176 0.854147
vt 0.316555 0.825208
vt 0.163029 0.988231
vt 0.160718 0.988166
vt 0.154354 0.980065
vt 0.163029 0.975448
vt 0.305178 0.824271
vt 0.314019 0.824271
vt 0.607415 0.949116
vt 0.607415 0.963745
vt 0.602840 0.965141
vt 0.600585 0.965376
vt 0.593932 0.960646
vt 0.593932 0.950520
vt 0.944462 0.432169
vt 0.943248 0.435135
vt 0.931619 0.422903
vt 0.932929 0.418078
vt 0.933507 0.415286
vt 0.944462 0.415272
vt 0.967893 0.962776
vt 0.971375 0.960852
vt 0.971348 0.964827
vt 0.974749 0.974688
vt 0.971001 0.974268
vt 0.972424 0.969374
vt 0.975885 0.969421
vt 0.899946 0.989554
vt 0.900764 0.985408
vt 0.901799 0.988831
vt 0.901211 0.975820
vt 0.904631 0.974901
vt 0.905438 0.979945
vt 0.900613 0.979545
vt 0.961330 0.587202
vt 0.960835 0.594104
vt 0.955095 0.595862
vt 0.957559 0.590497
vt 0.957791 0.589945
vt 0.971971 0.967245
vt 0.953611 0.588206
vt 0.955749 0.582410
vt 0.900555 0.983463
vt 0.906810 0.982156
vt 0.906810 0.988528
vt 0.975885 0.965400
vt 0.971962 0.966172
vt 0.975885 0.960755
vt 0.964492 0.970133
vt 0.967570 0.975335
vt 0.965034 0.976042
vt 0.966576 0.963105
vt 0.961126 0.579406
vt 0.963323 0.582049
vt 0.962528 0.585914
vt 0.954897 0.596209
vt 0.951217 0.593079
vt 0.955028 0.596384
vt 0.966628 0.746555
vt 0.966345 0.741063
vt 0.966280 0.739230
vt 0.972720 0.739824
vt 0.972783 0.740060
vt 0.972949 0.743938
vt 0.972334 0.746555
vt 0.900184 0.982404
vt 0.963323 0.597985
vt 0.962486 0.598754
vt 0.960772 0.599439
vt 0.956642 0.598958
vt 0.249182 0.961572
vt 0.251163 0.959116
vt 0.251864 0.954282
vt 0.256260 0.952209
vt 0.257056 0.959693
vt 0.249970 0.967342
vt 0.254668 0.967108
vt 0.927780 0.963714
vt 0.931112 0.961726
vt 0.931079 0.965742
vt 0.934759 0.975557
vt 0.930888 0.975246
vt 0.932122 0.970315
vt 0.935744 0.970247
vt 0.982756 0.397487
vt 0.983538 0.393541
vt 0.984576 0.396868
vt 0.984061 0.383902
vt 0.987510 0.382864
vt 0.988292 0.387870
vt 0.983424 0.387686
vt 0.961014 0.801742
vt 0.960565 0.808683
vt 0.954685 0.810188
vt 0.957152 0.804885
vt 0.957384 0.804339
vt 0.263493 0.958435
vt 0.259336 0.962934
vt 0.256143 0.967259
vt 0.259616 0.952217
vt 0.263493 0.952225
vt 0.931688 0.968171
vt 0.953552 0.802523
vt 0.955707 0.796778
vt 0.983330 0.391639
vt 0.989623 0.390155
vt 0.989623 0.396387
vt 0.935744 0.966187
vt 0.931687 0.967086
vt 0.935744 0.961498
vt 0.924749 0.971137
vt 0.927644 0.976359
vt 0.925255 0.977098
vt 0.926579 0.964051
vt 0.961260 0.794015
vt 0.963212 0.796692
vt 0.962273 0.800509
vt 0.954489 0.810530
vt 0.951120 0.807323
vt 0.954623 0.810711
vt 0.963635 0.382469
vt 0.963380 0.376961
vt 0.963310 0.375119
vt 0.969774 0.375703
vt 0.969839 0.375939
vt 0.970014 0.379839
vt 0.969397 0.382469
vt 0.982966 0.390580
vt 0.963212 0.812731
vt 0.962359 0.813468
vt 0.960599 0.814077
vt 0.956327 0.813392
vt 0.513511 0.976029
vt 0.510141 0.976988
vt 0.507914 0.972973
vt 0.509475 0.970622
vt 0.513511 0.969302
vt 0.504482 0.980056
vt 0.510178 0.983489
vt 0.508139 0.984706
vt 0.790812 0.503938
vt 0.787823 0.504090
vt 0.789287 0.499393
vt 0.792321 0.499066
vt 0.278614 0.981014
vt 0.283316 0.982799
vt 0.282423 0.985142
vt 0.278718 0.985067
vt 0.513511 0.982756
vt 0.788392 0.494150
vt 0.789625 0.491382
vt 0.792321 0.490825
vt 0.785758 0.503682
vt 0.780442 0.499321
vt 0.783087 0.493407
vt 0.278782 0.978598
vt 0.278955 0.976064
vt 0.286840 0.977443
vt 0.287289 0.978722
vt 0.718175 0.948962
vt 0.725660 0.952990
vt 0.718826 0.959507
vt 0.712408 0.957211
vt 0.711782 0.956144
vt 0.713119 0.950441
vt 0.721119 0.943723
vt 0.720975 0.945580
vt 0.711782 0.944742
vt 0.278614 0.973950
vt 0.278938 0.970688
vt 0.285707 0.972122
vt 0.726609 0.950308
vt 0.727189 0.947048
vt 0.085050 0.874263
vt 0.094239 0.871399
vt 0.094210 0.889468
vt 0.089484 0.895371
vt 0.085050 0.896310
vt 0.982324 0.608823
vt 0.986110 0.609695
vt 0.986110 0.631983
vt 0.981275 0.630581
vt 0.109041 0.871393
vt 0.117738 0.872874
vt 0.118259 0.884191
vt 0.115825 0.901094
vt 0.114001 0.900763
vt 0.109942 0.897265
vt 0.109978 0.888991
vt 0.111209 0.888906
vt 0.109857 0.888117
vt 0.506611 0.917168
vt 0.511959 0.920882
vt 0.505470 0.925573
vt 0.505470 0.895981
vt 0.511638 0.894183
vt 0.514609 0.920444
vt 0.991344 0.617882
vt 0.991344 0.608823
vt 0.995259 0.611210
vt 0.383833 0.972629
vt 0.383833 0.964430
vt 0.385661 0.963358
vt 0.390153 0.965376
vt 0.394265 0.965319
vt 0.395550 0.973432
vt 0.395045 0.976239
vt 0.390160 0.977491
vt 0.385584 0.976612
vt 0.122001 0.901463
vt 0.126862 0.872984
vt 0.126862 0.901561
vt 0.241184 0.976256
vt 0.241184 0.956593
vt 0.245353 0.956904
vt 0.247273 0.968679
vt 0.244480 0.968992
vt 0.247239 0.969304
vt 0.248450 0.975341
vt 0.244807 0.977940
vt 0.172933 0.943126
vt 0.172933 0.969946
vt 0.167757 0.943685
vt 0.981323 0.876753
vt 0.980810 0.887988
vt 0.979182 0.888220
vt 0.978307 0.888228
vt 0.976042 0.876754
vt 0.993644 0.749059
vt 0.994268 0.758126
vt 0.989783 0.750829
vt 0.988803 0.747283
vt 0.361706 0.986391
vt 0.361706 0.994458
vt 0.356530 0.993130
vt 0.356431 0.984699
vt 0.994659 0.383574
vt 0.994659 0.393155
vt 0.990962 0.392146
vt 0.989623 0.382864
vt 0.993828 0.292759
vt 0.993491 0.297381
vt 0.990506 0.303347
vt 0.990506 0.291723
vt 0.985590 0.783120
vt 0.984950 0.782946
vt 0.984950 0.772014
vt 0.990146 0.770244
vt 0.991423 0.775433
vt 0.990471 0.778918
vt 0.988151 0.778870
vt 0.953680 0.978939
vt 0.959935 0.980202
vt 0.961352 0.991013
vt 0.953680 0.988886
vt 0.993791 0.074350
vt 0.993791 0.084951
vt 0.992539 0.086336
vt 0.988947 0.077404
vt 0.966471 0.770244
vt 0.976829 0.772930
vt 0.976661 0.780096
vt 0.976829 0.786607
vt 0.967033 0.784476
vt 0.988803 0.756310
vt 0.993406 0.304206
vt 0.504971 0.927199
vt 0.511177 0.925573
vt 0.507730 0.949361
vt 0.504971 0.950073
vt 0.932506 0.606501
vt 0.931014 0.598795
vt 0.933103 0.598450
vt 0.934512 0.600273
vt 0.937259 0.599927
vt 0.940919 0.605271
vt 0.940651 0.606459
vt 0.935880 0.608823
vt 0.512306 0.947994
vt 0.511312 0.941344
vt 0.514609 0.925755
vt 0.513648 0.948145
vt 0.948665 0.284983
vt 0.949721 0.288011
vt 0.948238 0.287750
vt 0.938594 0.581665
vt 0.940919 0.583055
vt 0.936846 0.591429
vt 0.948608 0.265703
vt 0.954202 0.265538
vt 0.950496 0.273424
vt 0.949900 0.273621
vt 0.948703 0.272333
vt 0.936217 0.579406
vt 0.967877 0.184733
vt 0.976360 0.182479
vt 0.973985 0.199703
vt 0.971646 0.200853
vt 0.967877 0.202453
vt 0.930390 0.579956
vt 0.928841 0.597613
vt 0.509396 0.948657
vt 0.944762 0.286041
vt 0.942764 0.264605
vt 0.947809 0.272853
vt 0.365937 0.994476
vt 0.365508 0.992436
vt 0.364665 0.991190
vt 0.364528 0.989082
vt 0.365636 0.988194
vt 0.368181 0.987918
vt 0.368181 0.994834
vt 0.996526 0.705684
vt 0.995259 0.708146
vt 0.995584 0.705804
vt 0.246683 0.968609
vt 0.248114 0.967754
vt 0.995259 0.703415
vt 0.954202 0.289239
vt 0.995869 0.885324
vt 0.995259 0.883427
vt 0.996214 0.883427
vt 0.972908 0.318247
vt 0.978566 0.317642
vt 0.977342 0.333578
vt 0.974009 0.338351
vt 0.971204 0.338702
vt 0.976899 0.827175
vt 0.979052 0.826475
vt 0.979925 0.841624
vt 0.976899 0.842391
vt 0.529570 0.955084
vt 0.537793 0.956204
vt 0.538594 0.963300
vt 0.536622 0.973984
vt 0.534761 0.973757
vt 0.531190 0.971402
vt 0.978566 0.338109
vt 0.951061 0.888724
vt 0.954809 0.888303
vt 0.955724 0.902997
vt 0.953982 0.902818
vt 0.951147 0.900566
vt 0.529570 0.973682
vt 0.951134 0.906267
vt 0.958386 0.905393
vt 0.961486 0.906785
vt 0.959629 0.910641
vt 0.958275 0.911647
vt 0.954177 0.910497
vt 0.951061 0.908546
vt 0.994721 0.379255
vt 0.991036 0.381330
vt 0.991036 0.371274
vt 0.046548 0.968799
vt 0.046548 0.953998
vt 0.049851 0.966978
vt 0.982719 0.826926
vt 0.984997 0.826151
vt 0.984636 0.839039
vt 0.983179 0.841624
vt 0.988554 0.178254
vt 0.988554 0.199682
vt 0.984732 0.188335
vt 0.984323 0.180301
vt 0.775028 0.913199
vt 0.773593 0.920998
vt 0.767699 0.925905
vt 0.769730 0.911369
vt 0.989975 0.905059
vt 0.989975 0.916155
vt 0.985291 0.914836
vt 0.773308 0.930121
vt 0.609365 0.955828
vt 0.622586 0.955828
vt 0.621338 0.962609
vt 0.610556 0.962609
vt 0.754257 0.928437
vt 0.754257 0.921452
vt 0.757995 0.921222
vt 0.759415 0.922258
vt 0.756603 0.932740
vt 0.754371 0.930399
vt 0.763610 0.925030
vt 0.773472 0.931797
vt 0.976940 0.528129
vt 0.980929 0.527771
vt 0.978817 0.530304
vt 0.983790 0.913554
vt 0.981882 0.903480
vt 0.050390 0.968984
vt 0.060076 0.968432
vt 0.059793 0.982594
vt 0.050390 0.983130
vt 0.608274 0.952889
vt 0.608146 0.951441
vt 0.612669 0.947168
vt 0.621821 0.947168
vt 0.980929 0.545847
vt 0.977340 0.546367
vt 0.973103 0.541291
vt 0.974752 0.528401
vt 0.765396 0.914007
vt 0.203667 0.941514
vt 0.191931 0.940684
vt 0.191757 0.938738
vt 0.204955 0.938738
vt 0.207591 0.947290
vt 0.208277 0.949312
vt 0.207523 0.953203
vt 0.207325 0.955457
vt 0.194810 0.954581
vt 0.145458 0.988961
vt 0.143487 0.986394
vt 0.145814 0.984475
vt 0.988942 0.462240
vt 0.992985 0.463727
vt 0.992718 0.467266
vt 0.988734 0.466219
vt 0.804241 0.964723
vt 0.800917 0.961565
vt 0.803878 0.962195
vt 0.793978 0.957388
vt 0.794252 0.953885
vt 0.798253 0.955220
vt 0.796506 0.959322
vt 0.797652 0.969202
vt 0.799731 0.965583
vt 0.804830 0.967889
vt 0.801575 0.969849
vt 0.801257 0.970065
vt 0.993021 0.469238
vt 0.985748 0.718840
vt 0.991950 0.717089
vt 0.991737 0.721252
vt 0.985689 0.719256
vt 0.799339 0.960856
vt 0.800032 0.954465
vt 0.805060 0.957492
vt 0.988734 0.469635
vt 0.992993 0.470158
vt 0.993509 0.471507
vt 0.993453 0.474880
vt 0.988734 0.473580
vt 0.991229 0.150217
vt 0.991229 0.140842
vt 0.993788 0.141336
vt 0.994568 0.144725
vt 0.995043 0.147321
vt 0.793598 0.964158
vt 0.793207 0.962663
vt 0.792999 0.961870
vt 0.792418 0.959939
vt 0.796239 0.968431
vt 0.140382 0.990207
vt 0.140904 0.984417
vt 0.145713 0.990581
vt 0.145814 0.994107
vt 0.986480 0.714514
vt 0.992310 0.713664
vt 0.986388 0.714802
vt 0.805060 0.967710
vt 0.805003 0.967581
vt 0.991139 0.709210
vt 0.991991 0.712644
vt 0.986389 0.714397
vt 0.985689 0.712245
vt 0.985887 0.710615
vt 0.798471 0.960805
vt 0.912019 0.387410
vt 0.913929 0.387911
vt 0.917723 0.386165
vt 0.919307 0.388913
vt 0.913412 0.393220
vt 0.907472 0.390880
vt 0.907606 0.394776
vt 0.140043 0.989121
vt 0.138069 0.986550
vt 0.140382 0.984610
vt 0.988858 0.029009
vt 0.992957 0.030416
vt 0.992856 0.033935
vt 0.988785 0.032963
vt 0.550646 0.965371
vt 0.547435 0.962383
vt 0.550329 0.962892
vt 0.540392 0.958295
vt 0.540518 0.954680
vt 0.544509 0.955912
vt 0.542996 0.960226
vt 0.543854 0.969837
vt 0.546112 0.966315
vt 0.551114 0.968424
vt 0.547776 0.970391
vt 0.547449 0.970607
vt 0.914333 0.398104
vt 0.910839 0.396737
vt 0.907472 0.396108
vt 0.919265 0.391781
vt 0.919217 0.395094
vt 0.993138 0.035888
vt 0.185166 0.830261
vt 0.191239 0.828530
vt 0.190895 0.832691
vt 0.185095 0.830677
vt 0.545880 0.961730
vt 0.546338 0.955155
vt 0.551300 0.958008
vt 0.988785 0.036355
vt 0.993105 0.036802
vt 0.993609 0.038132
vt 0.993548 0.041482
vt 0.988785 0.040272
vt 0.991360 0.803331
vt 0.991360 0.794015
vt 0.993907 0.794433
vt 0.994686 0.797816
vt 0.995161 0.800405
vt 0.539788 0.964888
vt 0.539417 0.963421
vt 0.539241 0.962659
vt 0.538712 0.960786
vt 0.542428 0.969090
vt 0.134913 0.990092
vt 0.135449 0.984417
vt 0.140297 0.990721
vt 0.140382 0.994152
vt 0.186038 0.825940
vt 0.191757 0.825111
vt 0.185938 0.826227
vt 0.185939 0.825821
vt 0.190347 0.820624
vt 0.191370 0.824082
vt 0.185095 0.823651
vt 0.185184 0.822010
vt 0.545012 0.961700
vt 0.551300 0.968122
vt 0.930134 0.736340
vt 0.928841 0.731016
vt 0.933057 0.730195
vt 0.943342 0.724502
vt 0.942685 0.729438
vt 0.938070 0.727537
vt 0.938221 0.723262
vt 0.973280 0.349613
vt 0.972884 0.343064
vt 0.974877 0.346889
vt 0.840647 0.993123
vt 0.839158 0.988256
vt 0.843829 0.986506
vt 0.843829 0.993893
vt 0.930082 0.738707
vt 0.936739 0.741416
vt 0.934627 0.747108
vt 0.930632 0.743519
vt 0.930206 0.743171
vt 0.995259 0.461587
vt 0.997114 0.467125
vt 0.995259 0.468717
vt 0.623299 0.983128
vt 0.616675 0.982599
vt 0.616363 0.976222
vt 0.623309 0.982510
vt 0.972298 0.340850
vt 0.981123 0.338702
vt 0.982200 0.346276
vt 0.933965 0.724104
vt 0.934708 0.729527
vt 0.929050 0.725075
vt 0.935858 0.729260
vt 0.943003 0.735037
vt 0.943133 0.739230
vt 0.033246 0.973709
vt 0.040820 0.969364
vt 0.042120 0.976315
vt 0.040085 0.980661
vt 0.038226 0.982340
vt 0.033246 0.984770
vt 0.622934 0.989662
vt 0.616363 0.988263
vt 0.623006 0.989250
vt 0.623146 0.989759
vt 0.980500 0.351355
vt 0.980018 0.353210
vt 0.972307 0.353766
vt 0.972298 0.353534
vt 0.995259 0.108805
vt 0.995259 0.101795
vt 0.998135 0.101106
vt 0.997615 0.107999
vt 0.996899 0.108664
vt 0.943342 0.740233
vt 0.942799 0.742105
vt 0.939167 0.746179
vt 0.935145 0.747283
vt 0.126708 0.934184
vt 0.132239 0.933516
vt 0.133557 0.937373
vt 0.127620 0.936583
vt 0.869894 0.974657
vt 0.869894 0.988645
vt 0.867210 0.986219
vt 0.867210 0.974709
vt 0.943522 0.355819
vt 0.953669 0.361661
vt 0.953669 0.375097
vt 0.953669 0.382864
vt 0.950782 0.382592
vt 0.943284 0.378549
vt 0.943522 0.369795
vt 0.960607 0.036686
vt 0.958547 0.035845
vt 0.955792 0.033066
vt 0.960607 0.032330
vt 0.991638 0.893988
vt 0.994667 0.892881
vt 0.994667 0.902908
vt 0.990922 0.902295
vt 0.126709 0.926037
vt 0.132239 0.928271
vt 0.603130 0.986159
vt 0.608087 0.979696
vt 0.608087 0.986672
vt 0.607444 0.992759
vt 0.604424 0.991473
vt 0.129382 0.911334
vt 0.134913 0.910667
vt 0.134913 0.923685
vt 0.129382 0.919000
vt 0.861713 0.974175
vt 0.861713 0.985849
vt 0.260345 0.971501
vt 0.266961 0.967342
vt 0.266961 0.980100
vt 0.260345 0.985076
vt 0.126708 0.911943
vt 0.948942 0.037370
vt 0.949309 0.031759
vt 0.957517 0.029009
vt 0.951359 0.050365
vt 0.949755 0.046605
vt 0.953278 0.047378
vt 0.956801 0.048150
vt 0.964457 0.978939
vt 0.964457 0.988092
vt 0.961423 0.985482
vt 0.961352 0.979460
vt 0.954201 0.043804
vt 0.958403 0.045099
vt 0.133381 0.940573
vt 0.128328 0.941823
vt 0.949373 0.043954
vt 0.952949 0.039349
vt 0.976660 0.404252
vt 0.980573 0.405413
vt 0.981087 0.408734
vt 0.976249 0.406795
vt 0.989739 0.055739
vt 0.989739 0.066833
vt 0.987498 0.065321
vt 0.987498 0.056191
vt 0.964673 0.237173
vt 0.971664 0.235147
vt 0.972161 0.245921
vt 0.972448 0.252149
vt 0.970510 0.253840
vt 0.964673 0.256058
vt 0.965189 0.248379
vt 0.987255 0.068871
vt 0.984304 0.070177
vt 0.984624 0.077270
vt 0.985675 0.074349
vt 0.988540 0.082775
vt 0.985548 0.085655
vt 0.918144 0.979633
vt 0.922356 0.981676
vt 0.922356 0.985669
vt 0.918144 0.985835
vt 0.976249 0.397860
vt 0.981597 0.395522
vt 0.980498 0.400592
vt 0.978657 0.404252
vt 0.976349 0.402062
vt 0.920383 0.969366
vt 0.924595 0.969200
vt 0.924595 0.979111
vt 0.920383 0.975201
vt 0.983100 0.058135
vt 0.983100 0.067394
vt 0.976249 0.383443
vt 0.982521 0.382864
vt 0.982756 0.392665
vt 0.976498 0.393872
vt 0.918144 0.968904
vt 0.998040 0.358842
vt 0.995259 0.362288
vt 0.995259 0.359560
vt 0.995259 0.356831
vt 0.969124 0.257735
vt 0.964934 0.258570
vt 0.988947 0.085984
vt 0.986328 0.087785
vt 0.981087 0.410847
vt 0.976673 0.410708
vt 0.982186 0.087874
vt 0.983708 0.089585
vt 0.982186 0.079194
vt 0.982813 0.083878
vt 0.958912 0.122844
vt 0.957869 0.119943
vt 0.960648 0.118649
vt 0.968055 0.112835
vt 0.967297 0.116189
vt 0.963933 0.116091
vt 0.964416 0.113201
vt 0.968516 0.432785
vt 0.966112 0.429954
vt 0.968593 0.430642
vt 0.800853 0.984306
vt 0.803915 0.984531
vt 0.803915 0.988093
vt 0.799330 0.986650
vt 0.964192 0.438916
vt 0.965248 0.434289
vt 0.969022 0.436100
vt 0.966821 0.438784
vt 0.966608 0.439072
vt 0.995259 0.669086
vt 0.996758 0.672240
vt 0.995259 0.673786
vt 0.972981 0.790240
vt 0.978468 0.790370
vt 0.978659 0.793996
vt 0.972966 0.790593
vt 0.798290 0.989255
vt 0.803355 0.989921
vt 0.803915 0.994153
vt 0.799572 0.993128
vt 0.798556 0.990599
vt 0.961599 0.114523
vt 0.961806 0.117887
vt 0.958347 0.116049
vt 0.962555 0.117512
vt 0.963875 0.124334
vt 0.967763 0.119400
vt 0.968055 0.121817
vt 0.959056 0.124193
vt 0.504482 0.986686
vt 0.509444 0.984706
vt 0.510172 0.988612
vt 0.508892 0.991413
vt 0.507682 0.992325
vt 0.504482 0.993669
vt 0.973008 0.786607
vt 0.977778 0.787426
vt 0.972966 0.786838
vt 0.969206 0.435905
vt 0.969133 0.435737
vt 0.972454 0.429464
vt 0.972961 0.433759
vt 0.973243 0.435157
vt 0.798276 0.988455
vt 0.964390 0.429561
vt 0.964995 0.429464
vt 0.921565 0.162997
vt 0.926882 0.165609
vt 0.926658 0.166973
vt 0.925163 0.169102
vt 0.922813 0.165953
vt 0.933897 0.164838
vt 0.936290 0.165660
vt 0.935905 0.169619
vt 0.926900 0.157934
vt 0.922881 0.155668
vt 0.923889 0.155754
vt 0.927052 0.157581
vt 0.472618 0.990480
vt 0.473462 0.988456
vt 0.473485 0.989036
vt 0.473549 0.990204
vt 0.474208 0.991606
vt 0.936218 0.173975
vt 0.934556 0.172634
vt 0.932298 0.170783
vt 0.226451 0.963457
vt 0.225829 0.962417
vt 0.226788 0.954099
vt 0.228197 0.954515
vt 0.227122 0.963837
vt 0.934485 0.181010
vt 0.934095 0.181263
vt 0.930643 0.178966
vt 0.924946 0.176833
vt 0.925131 0.175970
vt 0.930914 0.176192
vt 0.654253 0.966901
vt 0.656101 0.970645
vt 0.656256 0.979078
vt 0.654898 0.978650
vt 0.653602 0.967272
vt 0.929080 0.159985
vt 0.930246 0.183735
vt 0.931515 0.182743
vt 0.930564 0.183887
vt 0.936800 0.178771
vt 0.934664 0.177492
vt 0.937010 0.177786
vt 0.936547 0.179543
vt 0.935329 0.180658
vt 0.223312 0.971355
vt 0.222799 0.969673
vt 0.223036 0.968863
vt 0.223373 0.967824
vt 0.224063 0.966250
vt 0.224547 0.971792
vt 0.652349 0.961214
vt 0.651698 0.961585
vt 0.932074 0.158821
vt 0.225430 0.964295
vt 0.472323 0.983281
vt 0.471239 0.990745
vt 0.470944 0.983546
vt 0.474543 0.983572
vt 0.474459 0.981985
vt 0.998677 0.374865
vt 0.995259 0.373132
vt 0.998677 0.370449
vt 0.224711 0.955360
vt 0.225145 0.953027
vt 0.223411 0.963950
vt 0.223814 0.959484
vt 0.210704 0.890449
vt 0.210704 0.882320
vt 0.211424 0.881909
vt 0.211937 0.882075
vt 0.211937 0.890634
vt 0.922483 0.176475
vt 0.935455 0.161265
vt 0.937010 0.163399
vt 0.471437 0.978635
vt 0.474459 0.981630
vt 0.470944 0.978996
vt 0.925519 0.182685
vt 0.652352 0.984994
vt 0.651698 0.985363
vt 0.222799 0.948640
vt 0.225441 0.947243
vt 0.224018 0.951003
vt 0.209126 0.887958
vt 0.209126 0.883076
vt 0.226563 0.947694
vt 0.929536 0.446512
vt 0.926575 0.448598
vt 0.920857 0.446408
vt 0.920689 0.443993
vt 0.924069 0.441222
vt 0.923508 0.457031
vt 0.931892 0.453652
vt 0.931002 0.457437
vt 0.628721 0.986201
vt 0.633751 0.986632
vt 0.633751 0.993450
vt 0.628738 0.993277
vt 0.946514 0.258349
vt 0.951066 0.260638
vt 0.950134 0.264096
vt 0.946514 0.264223
vt 0.935004 0.451803
vt 0.936750 0.461440
vt 0.933185 0.463172
vt 0.931902 0.468304
vt 0.928880 0.467853
vt 0.920689 0.463380
vt 0.800262 0.913238
vt 0.804834 0.913391
vt 0.801540 0.921524
vt 0.800192 0.922788
vt 0.792418 0.918122
vt 0.795883 0.913074
vt 0.812901 0.923090
vt 0.807720 0.932090
vt 0.797663 0.929938
vt 0.810191 0.919447
vt 0.971366 0.673969
vt 0.968354 0.673870
vt 0.963604 0.670836
vt 0.962296 0.665032
vt 0.971366 0.663005
vt 0.876077 0.970120
vt 0.873303 0.959484
vt 0.876077 0.957882
vt 0.806577 0.911368
vt 0.812901 0.912019
vt 0.963117 0.683290
vt 0.965420 0.683407
vt 0.970789 0.684029
vt 0.180129 0.932798
vt 0.173661 0.937673
vt 0.174039 0.935842
vt 0.180035 0.931552
vt 0.173435 0.933346
vt 0.934636 0.516547
vt 0.934176 0.521464
vt 0.928841 0.517196
vt 0.929159 0.514052
vt 0.173689 0.940028
vt 0.179085 0.943885
vt 0.173275 0.941378
vt 0.277323 0.855672
vt 0.275240 0.853762
vt 0.280686 0.849743
vt 0.282034 0.850961
vt 0.280037 0.847664
vt 0.273917 0.843349
vt 0.281285 0.842951
vt 0.929157 0.507118
vt 0.934967 0.506089
vt 0.929160 0.507179
vt 0.274892 0.837240
vt 0.280406 0.840131
vt 0.274901 0.833584
vt 0.280486 0.836762
vt 0.932215 0.507973
vt 0.935863 0.512834
vt 0.929914 0.511640
vt 0.929952 0.508534
vt 0.278141 0.829244
vt 0.281863 0.834802
vt 0.943262 0.506573
vt 0.944034 0.512591
vt 0.267153 0.836995
vt 0.267118 0.828881
vt 0.942202 0.504114
vt 0.269314 0.843640
vt 0.707523 0.979856
vt 0.708827 0.980259
vt 0.707523 0.992561
vt 0.267118 0.852194
vt 0.989022 0.093599
vt 0.990236 0.093799
vt 0.986304 0.105259
vt 0.985121 0.105418
vt 0.267662 0.859851
vt 0.987674 0.093364
vt 0.270846 0.862793
vt 0.187878 0.930687
vt 0.188280 0.934498
vt 0.983255 0.092322
vt 0.984694 0.092385
vt 0.983822 0.105772
vt 0.983255 0.099770
vt 0.942044 0.520183
vt 0.941410 0.527771
vt 0.187343 0.925789
vt 0.270333 0.824271
vt 0.188106 0.938189
vt 0.188280 0.941691
vt 0.180480 0.938250
vt 0.983363 0.105637
vt 0.187428 0.944352
vt 0.186958 0.946572
vt 0.986325 0.092598
vt 0.286804 0.837883
vt 0.286819 0.838675
vt 0.286047 0.839024
vt 0.286033 0.838334
vt 0.711411 0.980636
vt 0.709266 0.987458
vt 0.284921 0.835308
vt 0.286549 0.835794
vt 0.286115 0.836463
vt 0.284841 0.836306
vt 0.287217 0.837211
vt 0.286362 0.837017
vt 0.287266 0.838221
vt 0.287441 0.841116
vt 0.286954 0.840328
vt 0.928842 0.507710
vt 0.928841 0.507670
vt 0.287621 0.843906
vt 0.287432 0.846724
vt 0.287000 0.846013
vt 0.287382 0.844062
vt 0.285845 0.849230
vt 0.285725 0.848087
vt 0.283950 0.849259
vt 0.284095 0.848113
vt 0.282450 0.849575
vt 0.281375 0.848603
vt 0.281340 0.845255
vt 0.281912 0.842736
vt 0.281130 0.840227
vt 0.281195 0.837434
vt 0.282281 0.835881
vt 0.283904 0.833868
vt 0.283993 0.835084
vt 0.995861 0.923682
vt 0.995831 0.925084
vt 0.995259 0.924995
vt 0.995259 0.922834
vt 0.282242 0.848512
vt 0.283675 0.847240
vt 0.995929 0.617211
vt 0.995259 0.615925
vt 0.996196 0.615732
vt 0.996779 0.616851
vt 0.284324 0.836961
vt 0.283586 0.835897
vt 0.285093 0.847217
vt 0.286204 0.845411
vt 0.995259 0.784637
vt 0.995555 0.782822
vt 0.996364 0.782733
vt 0.996106 0.784313
vt 0.285649 0.837580
vt 0.287416 0.844051
vt 0.286565 0.843704
vt 0.286164 0.840462
vt 0.013905 0.996204
vt 0.013881 0.996182
vt 0.013884 0.995266
vt 0.013905 0.995285
vt 0.995259 0.883427
vt 0.995259 0.881650
vt 0.996287 0.881814
vt 0.996287 0.883361
vt 0.995359 0.613899
vt 0.996282 0.613968
vt 0.995259 0.861480
vt 0.995259 0.859250
vt 0.996207 0.859168
vt 0.996207 0.861110
vt 0.995259 0.891684
vt 0.995259 0.889680
vt 0.996091 0.890044
vt 0.996091 0.891788
vt 0.285433 0.837098
vt 0.995259 0.899087
vt 0.995259 0.897445
vt 0.996136 0.897801
vt 0.996136 0.899231
vt 0.286536 0.843713
vt 0.995555 0.786250
vt 0.996364 0.785717
vt 0.995929 0.611415
vt 0.996779 0.611805
vt 0.282095 0.836591
vt 0.281307 0.847667
vt 0.281276 0.844752
vt 0.281774 0.842558
vt 0.281093 0.840375
vt 0.281150 0.837943
vt 0.267118 0.891071
vt 0.271433 0.877329
vt 0.284008 0.875885
vt 0.287501 0.877180
vt 0.286063 0.880434
vt 0.282142 0.889346
vt 0.107576 0.925936
vt 0.108483 0.944236
vt 0.098750 0.944236
vt 0.100173 0.933958
vt 0.106078 0.925760
vt 0.459537 0.987287
vt 0.450447 0.986849
vt 0.450447 0.974807
vt 0.450448 0.974807
vt 0.459537 0.977384
vt 0.090449 0.942866
vt 0.092648 0.926395
vt 0.270751 0.873877
vt 0.285476 0.869368
vt 0.287513 0.873727
vt 0.773783 0.951345
vt 0.769326 0.951840
vt 0.774043 0.932950
vt 0.775027 0.932740
vt 0.769326 0.933001
vt 0.994439 0.903480
vt 0.994439 0.914706
vt 0.989975 0.906090
vt 0.123100 0.983176
vt 0.117713 0.990381
vt 0.117713 0.977827
vt 0.267118 0.864385
vt 0.280982 0.862793
vt 0.100765 0.924920
vt 0.617012 0.938175
vt 0.612928 0.944855
vt 0.610699 0.934723
vt 0.622722 0.938218
vt 0.618366 0.947168
vt 0.611392 0.925084
vt 0.622475 0.926729
vt 0.622475 0.926730
vt 0.623363 0.928906
vt 0.621476 0.932407
vt 0.623363 0.937216
vt 0.608251 0.930794
vt 0.608146 0.927653
vt 0.303419 0.994820
vt 0.298883 0.993714
vt 0.300605 0.988381
vt 0.303419 0.985688
vt 0.207055 0.874818
vt 0.205027 0.878083
vt 0.196253 0.876323
vt 0.968627 0.155225
vt 0.964703 0.155525
vt 0.964703 0.146892
vt 0.205495 0.882086
vt 0.206773 0.884698
vt 0.196391 0.887109
vt 0.193343 0.881672
vt 0.993268 0.232647
vt 0.988684 0.229891
vt 0.993268 0.219455
vt 0.993556 0.104822
vt 0.990236 0.106241
vt 0.990236 0.092322
vt 0.992555 0.271760
vt 0.986874 0.269507
vt 0.987995 0.261571
vt 0.990302 0.259738
vt 0.992410 0.260840
vt 0.209126 0.887465
vt 0.207962 0.890775
vt 0.201764 0.891699
vt 0.213291 0.871951
vt 0.215220 0.865325
vt 0.222315 0.867862
vt 0.222084 0.872497
vt 0.218666 0.871824
vt 0.320229 0.934801
vt 0.320414 0.939524
vt 0.316910 0.939483
vt 0.311954 0.934705
vt 0.227970 0.868008
vt 0.228999 0.870741
vt 0.320909 0.945292
vt 0.310473 0.945975
vt 0.209126 0.862200
vt 0.208254 0.866474
vt 0.200335 0.865447
vt 0.321096 0.948964
vt 0.321460 0.952592
vt 0.308226 0.952592
vt 0.307903 0.948568
vt 0.208361 0.869591
vt 0.199695 0.868308
vt 0.991360 0.807958
vt 0.988167 0.809009
vt 0.986313 0.799820
vt 0.986355 0.796671
vt 0.991360 0.794015
vt 0.196367 0.862867
vt 0.200696 0.859148
vt 0.206151 0.857143
vt 0.216208 0.881195
vt 0.217807 0.876042
vt 0.219264 0.873804
vt 0.216324 0.895898
vt 0.212209 0.890377
vt 0.220159 0.894996
vt 0.221564 0.896265
vt 0.226371 0.880598
vt 0.225098 0.887088
vt 0.221228 0.885684
vt 0.989292 0.553761
vt 0.989292 0.542875
vt 0.993646 0.543182
vt 0.994160 0.551826
vt 0.986874 0.258724
vt 0.226192 0.891191
vt 0.228999 0.893863
vt 0.305178 0.945924
vt 0.308089 0.939795
vt 0.195648 0.889732
vt 0.191757 0.885732
vt 0.219014 0.899144
vt 0.223219 0.897584
vt 0.306737 0.938405
vt 0.276591 0.980708
vt 0.271083 0.988660
vt 0.268038 0.988008
vt 0.267118 0.978259
vt 0.276264 0.978259
vt 0.994158 0.870696
vt 0.994158 0.882273
vt 0.990472 0.880555
vt 0.326178 0.890177
vt 0.326178 0.882180
vt 0.329420 0.882100
vt 0.327925 0.888424
vt 0.351465 0.920208
vt 0.342479 0.921602
vt 0.342479 0.901221
vt 0.347278 0.895193
vt 0.351773 0.894754
vt 0.810791 0.963243
vt 0.806025 0.962104
vt 0.806025 0.932090
vt 0.812214 0.933581
vt 0.340256 0.948365
vt 0.326751 0.946953
vt 0.326565 0.938192
vt 0.331477 0.925411
vt 0.334436 0.925873
vt 0.340256 0.928316
vt 0.339994 0.935006
vt 0.337787 0.934704
vt 0.340014 0.935542
vt 0.950549 0.145770
vt 0.948742 0.138589
vt 0.956543 0.139993
vt 0.537577 0.955084
vt 0.531284 0.953334
vt 0.531284 0.927610
vt 0.534280 0.928117
vt 0.538595 0.935397
vt 0.943998 0.826113
vt 0.939165 0.821468
vt 0.943998 0.820587
vt 0.947385 0.135980
vt 0.948477 0.130366
vt 0.947664 0.124899
vt 0.955146 0.124583
vt 0.957910 0.125735
vt 0.960010 0.132431
vt 0.960010 0.138352
vt 0.990884 0.169555
vt 0.984231 0.169555
vt 0.984554 0.155668
vt 0.355325 0.896285
vt 0.488233 0.897115
vt 0.488233 0.926334
vt 0.482984 0.925870
vt 0.480527 0.908667
vt 0.483962 0.908796
vt 0.480564 0.907777
vt 0.478986 0.899200
vt 0.483396 0.896630
vt 0.969911 0.408373
vt 0.969911 0.382864
vt 0.976249 0.407756
vt 0.359889 0.912690
vt 0.359255 0.922966
vt 0.039066 0.984770
vt 0.037611 0.992449
vt 0.035641 0.993363
vt 0.034686 0.993320
vt 0.033246 0.984770
vt 0.973243 0.437683
vt 0.973243 0.429539
vt 0.977049 0.435370
vt 0.977420 0.439072
vt 0.561152 0.976691
vt 0.559468 0.964756
vt 0.566031 0.965926
vt 0.568108 0.977447
vt 0.556176 0.975998
vt 0.556176 0.964121
vt 0.980485 0.430054
vt 0.981645 0.438151
vt 0.954233 0.770244
vt 0.954951 0.770862
vt 0.951086 0.780809
vt 0.944547 0.778502
vt 0.944749 0.772901
vt 0.946978 0.770488
vt 0.949800 0.772188
vt 0.584958 0.985424
vt 0.575598 0.986952
vt 0.575949 0.975825
vt 0.584958 0.974979
vt 0.956998 0.771594
vt 0.956827 0.782908
vt 0.944018 0.788092
vt 0.956998 0.791415
vt 0.995259 0.096233
vt 0.995259 0.088368
vt 0.998156 0.089727
vt 0.995259 0.179515
vt 0.998625 0.173790
vt 0.998625 0.179859
vt 0.409679 0.949766
vt 0.403658 0.948435
vt 0.405856 0.928678
vt 0.408522 0.929321
vt 0.812765 0.982358
vt 0.812765 0.972645
vt 0.814497 0.971525
vt 0.815374 0.973555
vt 0.818336 0.973865
vt 0.819975 0.978669
vt 0.819539 0.980239
vt 0.814953 0.983978
vt 0.934971 0.918317
vt 0.937239 0.925474
vt 0.939529 0.942642
vt 0.936339 0.942225
vt 0.933118 0.918259
vt 0.821704 0.979148
vt 0.926753 0.940555
vt 0.924749 0.940161
vt 0.924749 0.917980
vt 0.927152 0.916557
vt 0.925479 0.926581
vt 0.944018 0.792509
vt 0.937279 0.791085
vt 0.941841 0.785182
vt 0.942392 0.785187
vt 0.943802 0.786657
vt 0.928145 0.940885
vt 0.927492 0.916570
vt 0.928841 0.792509
vt 0.931261 0.772292
vt 0.933587 0.771271
vt 0.937157 0.770244
vt 0.930376 0.916833
vt 0.402621 0.934646
vt 0.404175 0.928832
vt 0.984323 0.184078
vt 0.984323 0.199541
vt 0.978159 0.194018
vt 0.978393 0.185057
vt 0.978934 0.182479
vt 0.822875 0.971064
vt 0.401408 0.927907
vt 0.400286 0.926465
vt 0.400788 0.923540
vt 0.409679 0.927086
vt 0.996099 0.887591
vt 0.996099 0.889680
vt 0.995259 0.888308
vt 0.339286 0.935999
vt 0.339969 0.938286
vt 0.995980 0.870752
vt 0.995259 0.873013
vt 0.995259 0.870289
vt 0.942559 0.772581
vt 0.942801 0.775609
vt 0.997332 0.239706
vt 0.995259 0.238518
vt 0.996496 0.237787
vt 0.976874 0.194571
vt 0.976360 0.199682
vt 0.995259 0.246900
vt 0.974506 0.290740
vt 0.974454 0.285326
vt 0.978827 0.282747
vt 0.980669 0.284984
vt 0.981036 0.291288
vt 0.258276 0.967342
vt 0.260081 0.968160
vt 0.259039 0.969723
vt 0.259807 0.973298
vt 0.260345 0.975127
vt 0.257821 0.975128
vt 0.254982 0.972281
vt 0.644601 0.988415
vt 0.648293 0.987491
vt 0.648283 0.993749
vt 0.644601 0.994907
vt 0.150567 0.942322
vt 0.144412 0.941261
vt 0.145301 0.938568
vt 0.150247 0.937947
vt 0.258116 0.980465
vt 0.260203 0.977046
vt 0.260243 0.980447
vt 0.249182 0.977869
vt 0.249182 0.972096
vt 0.137984 0.936091
vt 0.142209 0.935796
vt 0.142401 0.943328
vt 0.140440 0.942501
vt 0.139349 0.940489
vt 0.139255 0.942002
vt 0.140632 0.943735
vt 0.141682 0.944181
vt 0.138873 0.946855
vt 0.134913 0.942014
vt 0.150050 0.945147
vt 0.149887 0.946058
vt 0.149862 0.945049
vt 0.142757 0.943479
vt 0.259377 0.940307
vt 0.256657 0.941446
vt 0.256952 0.939362
vt 0.258031 0.936740
vt 0.257024 0.937373
vt 0.256016 0.939349
vt 0.255683 0.941747
vt 0.249182 0.944303
vt 0.249182 0.936777
vt 0.250929 0.935790
vt 0.251117 0.935209
vt 0.258237 0.929490
vt 0.262401 0.934713
vt 0.256556 0.991538
vt 0.253436 0.991133
vt 0.250005 0.987581
vt 0.249182 0.981538
vt 0.256556 0.980465
vt 0.139689 0.948072
vt 0.149522 0.948104
vt 0.150567 0.950119
vt 0.149573 0.954022
vt 0.140809 0.953812
vt 0.255879 0.944474
vt 0.256222 0.946633
vt 0.250376 0.947440
vt 0.251402 0.952209
vt 0.257266 0.950044
vt 0.144392 0.944980
vt 0.994259 0.059065
vt 0.992135 0.057810
vt 0.992222 0.057586
vt 0.994573 0.058948
vt 0.989979 0.056116
vt 0.989739 0.055739
vt 0.139503 0.940885
vt 0.139440 0.942041
vt 0.005832 0.998082
vt 0.005833 0.995336
vt 0.006011 0.995266
vt 0.006011 0.998111
vt 0.008789 0.996616
vt 0.008789 0.995417
vt 0.009030 0.995266
vt 0.009059 0.996529
vt 0.990470 0.065386
vt 0.994137 0.059370
vt 0.994477 0.059296
vt 0.990561 0.065390
vt 0.005464 0.995394
vt 0.005342 0.997836
vt 0.005268 0.997880
vt 0.005268 0.995266
vt 0.144433 0.944859
vt 0.149561 0.945695
vt 0.989739 0.065923
vt 0.989742 0.066415
vt 0.257084 0.946536
vt 0.256727 0.944152
vt 0.258802 0.946204
vt 0.258070 0.949696
vt 0.259667 0.949094
vt 0.257365 0.949722
vt 0.257865 0.949486
vt 0.256915 0.946401
vt 0.256568 0.944090
vt 0.256505 0.941519
vt 0.255791 0.941779
vt 0.256035 0.944390
vt 0.256360 0.946416
vt 0.995259 0.970344
vt 0.995277 0.966100
vt 0.995493 0.966169
vt 0.995493 0.970509
vt 0.995516 0.972379
vt 0.995524 0.975931
vt 0.995259 0.976050
vt 0.995259 0.972414
vt 0.995259 0.938000
vt 0.995355 0.935915
vt 0.995522 0.935809
vt 0.995413 0.937928
vt 0.995259 0.933361
vt 0.995514 0.932987
vt 0.257764 0.937112
vt 0.257049 0.937604
vt 0.256117 0.939529
vt 0.249198 0.935303
vt 0.249212 0.933339
vt 0.256791 0.929223
vt 0.972091 0.285182
vt 0.971483 0.281263
vt 0.972380 0.278838
vt 0.971620 0.290497
vt 0.000662 0.997740
vt 0.000672 0.995820
vt 0.000662 0.995266
vt 0.000990 0.997555
vt 0.970138 0.290008
vt 0.971233 0.290098
vt 0.970097 0.290369
vt 0.001739 0.997250
vt 0.001698 0.995266
vt 0.002034 0.995266
vt 0.002033 0.997375
vt 0.995730 0.863638
vt 0.995559 0.866411
vt 0.995259 0.866354
vt 0.995433 0.863350
vt 0.995730 0.867904
vt 0.995514 0.867889
vt 0.250931 0.935487
vt 0.249291 0.935557
vt 0.995591 0.663986
vt 0.995443 0.665839
vt 0.995259 0.665766
vt 0.995394 0.663898
vt 0.995502 0.668790
vt 0.995369 0.669086
vt 0.971774 0.285155
vt 0.971144 0.281244
vt 0.971997 0.279013
vt 0.005268 0.995326
vt 0.005159 0.996615
vt 0.004875 0.996709
vt 0.004875 0.995266
vt 0.011693 0.995864
vt 0.011706 0.995528
vt 0.011965 0.995266
vt 0.011965 0.995882
vt 0.141800 0.944098
vt 0.140831 0.943672
vt 0.140619 0.942626
vt 0.142370 0.943416
vt 0.142711 0.943522
vt 0.149736 0.945107
vt 0.256826 0.939476
vt 0.970764 0.285131
vt 0.970429 0.283327
vt 0.970097 0.279904
vt 0.971099 0.278435
vt 0.996632 0.663868
vt 0.996632 0.668721
vt 0.250784 0.935798
vt 0.249224 0.936616
vt 0.932100 0.904752
vt 0.935865 0.906535
vt 0.934846 0.909669
vt 0.930031 0.907548
vt 0.925059 0.906165
vt 0.925177 0.904572
vt 0.556392 0.958750
vt 0.556266 0.955940
vt 0.568370 0.953812
vt 0.568495 0.955707
vt 0.566783 0.958504
vt 0.556176 0.950926
vt 0.556176 0.947682
vt 0.563343 0.950448
vt 0.907757 0.959305
vt 0.907634 0.955965
vt 0.918872 0.952509
vt 0.919269 0.963292
vt 0.911122 0.962525
vt 0.907082 0.951464
vt 0.917772 0.947377
vt 0.517125 0.910783
vt 0.519294 0.913047
vt 0.516963 0.924563
vt 0.514609 0.921211
vt 0.461891 0.979744
vt 0.467829 0.978635
vt 0.469627 0.981106
vt 0.470944 0.988877
vt 0.461788 0.988877
vt 0.556356 0.952833
vt 0.569556 0.950033
vt 0.926108 0.898954
vt 0.925644 0.902613
vt 0.925265 0.896701
vt 0.934065 0.902423
vt 0.854451 0.987883
vt 0.858407 0.994208
vt 0.854451 0.994716
vt 0.924749 0.891862
vt 0.932659 0.893230
vt 0.933876 0.896256
vt 0.981036 0.282913
vt 0.983862 0.282704
vt 0.981928 0.286079
vt 0.988971 0.289511
vt 0.984729 0.291289
vt 0.986750 0.281724
vt 0.986451 0.280677
vt 0.762662 0.982592
vt 0.765426 0.982635
vt 0.765426 0.990301
vt 0.765426 0.991332
vt 0.762687 0.993599
vt 0.761768 0.989638
vt 0.795561 0.984306
vt 0.798277 0.986022
vt 0.798200 0.994216
vt 0.794076 0.993326
vt 0.568499 0.962608
vt 0.567991 0.963976
vt 0.556328 0.964121
vt 0.519607 0.917842
vt 0.523419 0.922652
vt 0.519148 0.929115
vt 0.516513 0.927020
vt 0.530901 0.914856
vt 0.526716 0.918719
vt 0.523811 0.915718
vt 0.906905 0.963292
vt 0.936050 0.912307
vt 0.930733 0.916557
vt 0.924749 0.914729
vt 0.792418 0.984306
vt 0.530901 0.923935
vt 0.910007 0.946323
vt 0.964266 0.684402
vt 0.968190 0.684029
vt 0.969274 0.691258
vt 0.962296 0.691258
vt 0.984142 0.276983
vt 0.988971 0.278650
vt 0.939374 0.905757
vt 0.938734 0.908348
vt 0.524298 0.905221
vt 0.520432 0.900656
vt 0.525435 0.900855
vt 0.521833 0.909288
vt 0.521386 0.906592
vt 0.929419 0.888303
vt 0.522302 0.911367
vt 0.319204 0.977920
vt 0.314552 0.977920
vt 0.315420 0.968470
vt 0.318860 0.968429
vt 0.908090 0.943581
vt 0.645287 0.967695
vt 0.640592 0.971862
vt 0.640669 0.970186
vt 0.645461 0.966410
vt 0.640587 0.967616
vt 0.967013 0.345568
vt 0.963709 0.344992
vt 0.965843 0.339776
vt 0.967967 0.340170
vt 0.068728 0.904408
vt 0.074666 0.905456
vt 0.069363 0.905880
vt 0.960749 0.343314
vt 0.963934 0.338702
vt 0.333975 0.916419
vt 0.338383 0.910971
vt 0.338965 0.912964
vt 0.332701 0.907272
vt 0.339476 0.907028
vt 0.069677 0.911898
vt 0.074548 0.915023
vt 0.069648 0.912001
vt 0.333670 0.901298
vt 0.338719 0.904148
vt 0.333672 0.898010
vt 0.338786 0.901123
vt 0.071548 0.916011
vt 0.071742 0.921103
vt 0.067916 0.916271
vt 0.069560 0.914519
vt 0.336452 0.895309
vt 0.339970 0.899855
vt 0.970732 0.347081
vt 0.970352 0.341105
vt 0.080522 0.922401
vt 0.077977 0.926766
vt 0.326609 0.900618
vt 0.326565 0.893305
vt 0.080969 0.918260
vt 0.328476 0.907415
vt 0.079883 0.913883
vt 0.080137 0.915542
vt 0.326565 0.914511
vt 0.080094 0.912315
vt 0.069544 0.909456
vt 0.327052 0.921562
vt 0.080342 0.910697
vt 0.329792 0.925411
vt 0.335768 0.918921
vt 0.651589 0.966096
vt 0.651542 0.969914
vt 0.081381 0.904412
vt 0.081303 0.906963
vt 0.069235 0.906746
vt 0.965831 0.352915
vt 0.960749 0.352103
vt 0.651553 0.961213
vt 0.972298 0.355297
vt 0.329329 0.890315
vt 0.651698 0.973376
vt 0.651698 0.976811
vt 0.640567 0.974152
vt 0.645713 0.972937
vt 0.080208 0.902499
vt 0.081080 0.909605
vt 0.996318 0.644202
vt 0.996221 0.644919
vt 0.995480 0.645086
vt 0.995565 0.644462
vt 0.067164 0.903492
vt 0.068133 0.904823
vt 0.066895 0.904302
vt 0.068788 0.906304
vt 0.068367 0.905394
vt 0.068910 0.908545
vt 0.068794 0.907019
vt 0.069133 0.911973
vt 0.069153 0.911969
vt 0.068967 0.913689
vt 0.067643 0.915150
vt 0.066070 0.915731
vt 0.066046 0.914684
vt 0.064184 0.916687
vt 0.064428 0.915505
vt 0.340126 0.914565
vt 0.339566 0.912135
vt 0.340491 0.913411
vt 0.339534 0.909087
vt 0.340025 0.907014
vt 0.339350 0.904452
vt 0.339405 0.901944
vt 0.340338 0.900938
vt 0.064184 0.902122
vt 0.066191 0.901895
vt 0.066081 0.902951
vt 0.064405 0.903156
vt 0.996065 0.944761
vt 0.996065 0.946348
vt 0.995259 0.946186
vt 0.995259 0.944805
vt 0.986933 0.427540
vt 0.987075 0.425053
vt 0.987877 0.425812
vt 0.987754 0.427977
vt 0.995989 0.911127
vt 0.995989 0.912724
vt 0.995259 0.913080
vt 0.995259 0.911690
vt 0.996521 0.774168
vt 0.996116 0.775892
vt 0.995259 0.775436
vt 0.995612 0.773936
vt 0.986994 0.432122
vt 0.987618 0.430041
vt 0.988351 0.430154
vt 0.987807 0.431966
vt 0.996087 0.643207
vt 0.995363 0.643596
vt 0.996099 0.646467
vt 0.995967 0.649985
vt 0.995259 0.649497
vt 0.995374 0.646434
vt 0.013971 0.996126
vt 0.013951 0.996098
vt 0.013953 0.995266
vt 0.013971 0.995290
vt 0.987945 0.436352
vt 0.986933 0.435139
vt 0.987754 0.434592
vt 0.988635 0.435649
vt 0.988170 0.424005
vt 0.988830 0.424899
vt 0.995259 0.906950
vt 0.995259 0.904745
vt 0.995916 0.904664
vt 0.995916 0.906584
vt 0.995967 0.642589
vt 0.995259 0.643058
vt 0.996024 0.921063
vt 0.996024 0.922834
vt 0.995259 0.922783
vt 0.995259 0.921240
vt 0.996116 0.772491
vt 0.995259 0.772476
vt 0.996096 0.867904
vt 0.996096 0.870011
vt 0.995259 0.870290
vt 0.995259 0.868456
vt 0.078976 0.899485
vt 0.990293 0.424750
vt 0.990978 0.425940
vt 0.992047 0.426416
vt 0.992240 0.426916
vt 0.992591 0.427716
vt 0.992583 0.428339
vt 0.992658 0.429669
vt 0.992810 0.432653
vt 0.992793 0.432656
vt 0.992618 0.434147
vt 0.991440 0.435396
vt 0.990058 0.434963
vt 0.984231 0.174826
vt 0.977930 0.175063
vt 0.977810 0.159867
vt 0.981110 0.155678
vt 0.984231 0.155668
vt 0.959742 0.855564
vt 0.962660 0.855390
vt 0.963710 0.874738
vt 0.959742 0.874763
vt 0.342479 0.959408
vt 0.355400 0.959408
vt 0.355929 0.964883
vt 0.351797 0.973327
vt 0.348949 0.973252
vt 0.343328 0.972036
vt 0.677451 0.935137
vt 0.681090 0.939716
vt 0.673774 0.938823
vt 0.680680 0.925083
vt 0.685673 0.927855
vt 0.682988 0.941149
vt 0.998120 0.267489
vt 0.998120 0.273697
vt 0.995259 0.271575
vt 0.683502 0.944163
vt 0.685673 0.947129
vt 0.679096 0.947171
vt 0.676331 0.946501
vt 0.672689 0.942849
vt 0.671122 0.939650
vt 0.994051 0.539070
vt 0.988617 0.539070
vt 0.992113 0.527771
vt 0.029285 0.958453
vt 0.029285 0.943329
vt 0.033218 0.958301
vt 0.966618 0.856757
vt 0.969727 0.856538
vt 0.969801 0.872911
vt 0.967467 0.875547
vt 0.982791 0.959904
vt 0.982791 0.941390
vt 0.987381 0.953194
vt 0.987927 0.960752
vt 0.246166 0.887305
vt 0.239169 0.888104
vt 0.234813 0.880114
vt 0.247760 0.880005
vt 0.191751 0.968391
vt 0.189806 0.982262
vt 0.185211 0.978853
vt 0.231166 0.886612
vt 0.409955 0.988448
vt 0.409955 0.978243
vt 0.419628 0.979906
vt 0.419628 0.988228
vt 0.232720 0.856777
vt 0.238808 0.858599
vt 0.238953 0.865528
vt 0.238026 0.867974
vt 0.228999 0.858377
vt 0.231024 0.856086
vt 0.235596 0.873793
vt 0.229723 0.885962
vt 0.185742 0.869254
vt 0.189942 0.870033
vt 0.188009 0.872738
vt 0.184065 0.976787
vt 0.184065 0.963592
vt 0.174919 0.866116
vt 0.183508 0.868780
vt 0.181613 0.889599
vt 0.173275 0.887013
vt 0.767676 0.503926
vt 0.767676 0.491962
vt 0.772008 0.490952
vt 0.774143 0.490825
vt 0.780442 0.494885
vt 0.780442 0.503166
vt 0.189942 0.899481
vt 0.186340 0.898673
vt 0.245506 0.871792
vt 0.246769 0.857752
vt 0.247760 0.860959
vt 0.528416 0.962973
vt 0.517344 0.962973
vt 0.514826 0.956715
vt 0.514609 0.954468
vt 0.516241 0.949973
vt 0.516937 0.947390
vt 0.528729 0.947380
vt 0.016495 0.947272
vt 0.017487 0.943329
vt 0.020065 0.944016
vt 0.993559 0.567727
vt 0.989671 0.567342
vt 0.989272 0.563413
vt 0.993276 0.563325
vt 0.020573 0.961361
vt 0.023141 0.958135
vt 0.022808 0.961615
vt 0.026211 0.947655
vt 0.029285 0.946980
vt 0.028440 0.952444
vt 0.024742 0.951810
vt 0.107863 0.971955
vt 0.109035 0.977527
vt 0.103472 0.981952
vt 0.104700 0.976608
vt 0.104805 0.976071
vt 0.989169 0.561335
vt 0.910226 0.916015
vt 0.905231 0.917572
vt 0.905231 0.911368
vt 0.910256 0.915401
vt 0.954817 0.549707
vt 0.960705 0.548563
vt 0.959475 0.555080
vt 0.954641 0.555080
vt 0.954538 0.551648
vt 0.993407 0.559575
vt 0.989255 0.560316
vt 0.988895 0.558990
vt 0.989097 0.555269
vt 0.993559 0.555244
vt 0.019409 0.954557
vt 0.023757 0.943899
vt 0.023615 0.954960
vt 0.021369 0.943847
vt 0.022069 0.943970
vt 0.015936 0.949328
vt 0.101701 0.968536
vt 0.106683 0.963021
vt 0.109035 0.965782
vt 0.108872 0.970085
vt 0.910044 0.922550
vt 0.905768 0.923160
vt 0.910092 0.922123
vt 0.982125 0.457236
vt 0.982379 0.456993
vt 0.982188 0.457450
vt 0.976759 0.463504
vt 0.976863 0.458311
vt 0.976759 0.456640
vt 0.982432 0.460984
vt 0.981936 0.463384
vt 0.029285 0.955584
vt 0.023645 0.956198
vt 0.017758 0.960598
vt 0.018052 0.961009
vt 0.891684 0.951010
vt 0.893540 0.948324
vt 0.894630 0.943058
vt 0.898380 0.940769
vt 0.898198 0.948907
vt 0.891684 0.957284
vt 0.895473 0.956994
vt 0.162531 0.961674
vt 0.166680 0.962110
vt 0.166201 0.964674
vt 0.993568 0.289494
vt 0.989761 0.289077
vt 0.989242 0.285193
vt 0.993201 0.285122
vt 0.846918 0.498167
vt 0.850091 0.495446
vt 0.849371 0.498484
vt 0.163205 0.971129
vt 0.164548 0.974138
vt 0.159154 0.974162
vt 0.158844 0.970283
vt 0.968437 0.897281
vt 0.968114 0.903023
vt 0.961534 0.905558
vt 0.964120 0.900784
vt 0.964361 0.900298
vt 0.903493 0.947490
vt 0.899670 0.952417
vt 0.896638 0.957147
vt 0.901068 0.940752
vt 0.904173 0.940732
vt 0.989190 0.283094
vt 0.904594 0.954702
vt 0.904997 0.954236
vt 0.953628 0.629216
vt 0.959663 0.628082
vt 0.958387 0.634497
vt 0.953440 0.634497
vt 0.953339 0.631124
vt 0.993371 0.281353
vt 0.989290 0.282067
vt 0.988971 0.280724
vt 0.989214 0.276983
vt 0.993568 0.277001
vt 0.155591 0.965542
vt 0.166680 0.968215
vt 0.155548 0.969631
vt 0.166521 0.965915
vt 0.166451 0.966602
vt 0.160440 0.961437
vt 0.963749 0.892070
vt 0.970098 0.888303
vt 0.971375 0.891693
vt 0.969947 0.895792
vt 0.900418 0.959734
vt 0.900719 0.959431
vt 0.843154 0.498708
vt 0.842904 0.498456
vt 0.843365 0.498633
vt 0.849809 0.503437
vt 0.844584 0.503625
vt 0.842904 0.503834
vt 0.156156 0.975448
vt 0.154354 0.969853
vt 0.971375 0.905432
vt 0.970433 0.906222
vt 0.968451 0.907138
vt 0.963546 0.907663
vt 0.961486 0.905985
vt 0.077660 0.985004
vt 0.075045 0.985620
vt 0.073379 0.982184
vt 0.074627 0.980329
vt 0.077660 0.979386
vt 0.957762 0.191411
vt 0.956112 0.183887
vt 0.960272 0.184224
vt 0.963897 0.186026
vt 0.963186 0.189430
vt 0.967197 0.200886
vt 0.964316 0.201684
vt 0.964981 0.195166
vt 0.967877 0.194125
vt 0.591482 0.985148
vt 0.586636 0.985549
vt 0.586851 0.983094
vt 0.590319 0.981598
vt 0.077660 0.990623
vt 0.075042 0.991032
vt 0.966424 0.184801
vt 0.962173 0.202453
vt 0.956112 0.200204
vt 0.592515 0.987113
vt 0.593590 0.989176
vt 0.586029 0.991216
vt 0.585561 0.990143
vt 0.954224 0.705585
vt 0.962030 0.697145
vt 0.964095 0.704327
vt 0.958543 0.711256
vt 0.957291 0.711846
vt 0.952787 0.710943
vt 0.990373 0.044503
vt 0.991952 0.045244
vt 0.994142 0.049416
vt 0.994429 0.055652
vt 0.989834 0.055652
vt 0.593777 0.991216
vt 0.579618 0.994462
vt 0.575741 0.995176
vt 0.575598 0.989998
vt 0.579618 0.986952
vt 0.953664 0.700286
vt 0.960467 0.695396
vt 0.959118 0.691662
vt 0.952787 0.698377
vt 0.495480 0.945324
vt 0.496321 0.941197
vt 0.501740 0.938869
vt 0.503458 0.940439
vt 0.502726 0.945324
vt 0.494405 0.932688
vt 0.495742 0.933783
vt 0.493813 0.935351
vt 0.492509 0.939344
vt 0.492115 0.941269
vt 0.489316 0.941267
vt 0.488255 0.937695
vt 0.234019 0.939092
vt 0.234496 0.930932
vt 0.240954 0.929433
vt 0.240722 0.937513
vt 0.230556 0.938084
vt 0.232584 0.928575
vt 0.488233 0.945324
vt 0.491435 0.942744
vt 0.490586 0.945324
vt 0.245316 0.925094
vt 0.247368 0.926817
vt 0.247368 0.934055
vt 0.232337 0.925282
vt 0.235112 0.923604
vt 0.238522 0.923656
vt 0.236849 0.922631
vt 0.233689 0.923194
vt 0.232136 0.924049
vt 0.231924 0.919500
vt 0.241279 0.918083
vt 0.666997 0.992071
vt 0.666027 0.992133
vt 0.667142 0.991739
vt 0.667941 0.980605
vt 0.667955 0.980053
vt 0.670592 0.982294
vt 0.670026 0.991892
vt 0.504184 0.929435
vt 0.503539 0.932021
vt 0.502371 0.930588
vt 0.501037 0.928432
vt 0.500949 0.929503
vt 0.501761 0.931327
vt 0.503227 0.932893
vt 0.496764 0.934596
vt 0.496840 0.932901
vt 0.496523 0.932457
vt 0.495828 0.924512
vt 0.501733 0.924305
vt 0.050390 0.961881
vt 0.050791 0.957031
vt 0.053772 0.953130
vt 0.058479 0.955001
vt 0.058720 0.968169
vt 0.015083 0.900124
vt 0.017793 0.915641
vt 0.015083 0.916733
vt 0.063383 0.968432
vt 0.063383 0.951949
vt 0.982585 0.871280
vt 0.990472 0.872031
vt 0.990127 0.874481
vt 0.990078 0.876124
vt 0.983320 0.873316
vt 0.983388 0.881429
vt 0.990472 0.882273
vt 0.593932 0.947216
vt 0.593676 0.951410
vt 0.592561 0.960045
vt 0.590379 0.960112
vt 0.590379 0.945231
vt 0.590534 0.943911
vt 0.667682 0.980086
vt 0.666027 0.977852
vt 0.666088 0.977557
vt 0.006939 0.995307
vt 0.006991 0.997799
vt 0.006845 0.998209
vt 0.006845 0.995266
vt 0.238003 0.923643
vt 0.236777 0.922910
vt 0.233732 0.923558
vt 0.232266 0.924326
vt 0.666999 0.991590
vt 0.667671 0.980613
vt 0.230838 0.928071
vt 0.230731 0.927948
vt 0.229453 0.936190
vt 0.228999 0.936515
vt 0.666106 0.991598
vt 0.526140 0.967555
vt 0.526008 0.965667
vt 0.526211 0.963160
vt 0.529528 0.962973
vt 0.528224 0.968149
vt 0.527186 0.973374
vt 0.529130 0.973374
vt 0.012130 0.995807
vt 0.012122 0.995306
vt 0.012315 0.995266
vt 0.012315 0.996049
vt 0.504660 0.936158
vt 0.503896 0.934473
vt 0.504062 0.934366
vt 0.504854 0.936103
vt 0.503406 0.932238
vt 0.263785 0.919623
vt 0.264015 0.922133
vt 0.263770 0.922024
vt 0.263561 0.919442
vt 0.263991 0.924044
vt 0.263748 0.924060
vt 0.526981 0.973279
vt 0.525973 0.967578
vt 0.266887 0.928756
vt 0.266707 0.928912
vt 0.502263 0.930820
vt 0.500976 0.928945
vt 0.007572 0.996174
vt 0.007588 0.995266
vt 0.007888 0.995271
vt 0.007888 0.996539
vt 0.266887 0.917961
vt 0.265328 0.918515
vt 0.265204 0.918255
vt 0.266794 0.917703
vt 0.495119 0.925253
vt 0.493679 0.941249
vt 0.494772 0.937115
vt 0.492276 0.945324
vt 0.502989 0.933251
vt 0.502106 0.931807
vt 0.501791 0.931451
vt 0.503157 0.932931
vt 0.490763 0.944970
vt 0.492005 0.944942
vt 0.495736 0.934008
vt 0.493977 0.935602
vt 0.754202 0.752147
vt 0.752912 0.756133
vt 0.752656 0.756034
vt 0.754079 0.751860
vt 0.752427 0.758151
vt 0.752234 0.758121
vt 0.995291 0.986676
vt 0.995259 0.984765
vt 0.995656 0.984638
vt 0.995656 0.986882
vt 0.753062 0.760738
vt 0.752873 0.760725
vt 0.754202 0.764738
vt 0.754157 0.765211
vt 0.493413 0.941159
vt 0.494493 0.937018
vt 0.995259 0.636623
vt 0.996627 0.633595
vt 0.997055 0.633338
vt 0.995505 0.636569
vt 0.995259 0.632219
vt 0.995410 0.631875
vt 0.496572 0.933140
vt 0.496429 0.932867
vt 0.234969 0.923840
vt 0.232436 0.925310
vt 0.666906 0.983512
vt 0.666909 0.979461
vt 0.525318 0.967400
vt 0.525187 0.965868
vt 0.525184 0.963489
vt 0.526039 0.963349
vt 0.525842 0.965740
vt 0.526366 0.973316
vt 0.500954 0.929722
vt 0.492257 0.941233
vt 0.492688 0.939342
vt 0.496388 0.934666
vt 0.491565 0.942689
vt 0.995259 0.396605
vt 0.997191 0.396383
vt 0.998167 0.398615
vt 0.997405 0.399669
vt 0.995259 0.400039
vt 0.984827 0.173532
vt 0.984320 0.172940
vt 0.985449 0.172285
vt 0.986575 0.170426
vt 0.987031 0.169555
vt 0.988323 0.169615
vt 0.988415 0.171428
vt 0.538096 0.991570
vt 0.534000 0.992228
vt 0.534014 0.989228
vt 0.538099 0.988460
vt 0.538296 0.993485
vt 0.533233 0.993485
vt 0.996455 0.846104
vt 0.996588 0.848045
vt 0.995259 0.848045
vt 0.995350 0.847363
vt 0.995340 0.846121
vt 0.533094 0.987639
vt 0.534588 0.986482
vt 0.538312 0.985696
vt 0.990163 0.173759
vt 0.990163 0.177003
vt 0.988663 0.177824
vt 0.987034 0.177899
vt 0.986675 0.176591
vt 0.987118 0.174915
vt 0.986450 0.175748
vt 0.986202 0.177216
vt 0.986402 0.177974
vt 0.984231 0.178058
vt 0.996972 0.404148
vt 0.997412 0.403996
vt 0.996901 0.404307
vt 0.996453 0.409272
vt 0.996446 0.409523
vt 0.995259 0.408867
vt 0.995598 0.404617
vt 0.989537 0.525328
vt 0.989267 0.523749
vt 0.989948 0.524290
vt 0.990887 0.525234
vt 0.990708 0.524617
vt 0.990057 0.523768
vt 0.989214 0.523198
vt 0.988545 0.519523
vt 0.991159 0.520848
vt 0.991506 0.521837
vt 0.991714 0.522022
vt 0.993657 0.526398
vt 0.991493 0.527718
vt 0.459574 0.987287
vt 0.459289 0.989825
vt 0.457650 0.993055
vt 0.455144 0.994507
vt 0.455144 0.988691
vt 0.996679 0.521583
vt 0.995259 0.513751
vt 0.996679 0.513550
vt 0.995259 0.290643
vt 0.997416 0.290183
vt 0.997474 0.295820
vt 0.995259 0.297865
vt 0.985422 0.438599
vt 0.981644 0.439072
vt 0.981875 0.437442
vt 0.981922 0.436279
vt 0.985058 0.437075
vt 0.985422 0.432669
vt 0.982036 0.432995
vt 0.295621 0.985433
vt 0.296247 0.983658
vt 0.297838 0.980107
vt 0.298883 0.980075
vt 0.297053 0.986188
vt 0.296839 0.986830
vt 0.996579 0.409487
vt 0.997412 0.410427
vt 0.997385 0.410567
vt 0.009690 0.997013
vt 0.009690 0.995527
vt 0.009707 0.995266
vt 0.009831 0.996975
vt 0.995493 0.157802
vt 0.996256 0.157755
vt 0.996317 0.157890
vt 0.995259 0.157919
vt 0.997492 0.157024
vt 0.997632 0.157164
vt 0.997986 0.156609
vt 0.998141 0.156709
vt 0.996968 0.404359
vt 0.996585 0.409251
vt 0.997389 0.154735
vt 0.997472 0.154749
vt 0.995259 0.150880
vt 0.995346 0.150622
vt 0.997384 0.404260
vt 0.996609 0.444158
vt 0.996779 0.445465
vt 0.996779 0.447129
vt 0.995259 0.447682
vt 0.995660 0.444119
vt 0.996150 0.441065
vt 0.995259 0.441327
vt 0.996542 0.441027
vt 0.996263 0.441136
vt 0.996599 0.440906
vt 0.996704 0.444165
vt 0.996869 0.445436
vt 0.996867 0.447021
vt 0.995772 0.880764
vt 0.995446 0.879602
vt 0.995562 0.879617
vt 0.995882 0.880815
vt 0.995259 0.878681
vt 0.995362 0.878636
vt 0.009068 0.998278
vt 0.009059 0.995387
vt 0.009171 0.995266
vt 0.009171 0.998230
vt 0.989301 0.523617
vt 0.989974 0.524157
vt 0.990855 0.524963
vt 0.008536 0.996452
vt 0.008646 0.996027
vt 0.008789 0.996131
vt 0.008631 0.996727
vt 0.008536 0.995266
vt 0.008679 0.995315
vt 0.298883 0.988987
vt 0.298763 0.989756
vt 0.297926 0.989754
vt 0.992112 0.517168
vt 0.991903 0.519332
vt 0.990972 0.517637
vt 0.995259 0.395087
vt 0.997181 0.395137
vt 0.995259 0.881545
vt 0.995338 0.881650
vt 0.989347 0.523019
vt 0.989894 0.523607
vt 0.990061 0.523729
vt 0.989272 0.523186
vt 0.993593 0.515173
vt 0.993066 0.515399
vt 0.992927 0.515264
vt 0.993657 0.514979
vt 0.996153 0.418905
vt 0.996423 0.417728
vt 0.996534 0.417914
vt 0.996258 0.419105
vt 0.996699 0.415336
vt 0.996844 0.415383
vt 0.996733 0.414110
vt 0.996838 0.414120
vt 0.995302 0.419247
vt 0.995259 0.419493
vt 0.996310 0.412830
vt 0.996409 0.412828
vt 0.995544 0.410823
vt 0.995539 0.410567
vt 0.992258 0.517182
vt 0.992060 0.519350
vt 0.991360 0.520777
vt 0.991610 0.521680
vt 0.991718 0.521803
vt 0.995448 0.878635
vt 0.995259 0.877915
vt 0.995443 0.876505
vt 0.995950 0.875912
vt 0.995638 0.877374
vt 0.995950 0.878563
vt 0.996935 0.407853
vt 0.996923 0.409659
vt 0.997010 0.444193
vt 0.997168 0.445272
vt 0.997267 0.446846
vt 0.990708 0.524522
vt 0.992751 0.516951
vt 0.992682 0.517927
vt 0.992395 0.519955
vt 0.991717 0.521003
vt 0.996483 0.414245
vt 0.995259 0.410925
vt 0.109390 0.910356
vt 0.112933 0.911880
vt 0.112498 0.913585
vt 0.110765 0.916701
vt 0.109041 0.913944
vt 0.121191 0.907238
vt 0.123760 0.906980
vt 0.123340 0.911484
vt 0.113218 0.903353
vt 0.110958 0.901645
vt 0.111501 0.901561
vt 0.113614 0.902762
vt 0.574004 0.949645
vt 0.572754 0.951076
vt 0.572825 0.950514
vt 0.572955 0.949542
vt 0.572479 0.947941
vt 0.123707 0.916062
vt 0.121846 0.915447
vt 0.119219 0.914635
vt 0.574755 0.939866
vt 0.573787 0.939079
vt 0.573405 0.930425
vt 0.575168 0.930254
vt 0.575598 0.939953
vt 0.122227 0.924348
vt 0.121788 0.924825
vt 0.116945 0.924637
vt 0.110586 0.925201
vt 0.110642 0.924252
vt 0.117473 0.921348
vt 0.209890 0.866303
vt 0.212144 0.870604
vt 0.211031 0.881909
vt 0.209126 0.881728
vt 0.209298 0.866489
vt 0.115128 0.904783
vt 0.116441 0.930072
vt 0.117876 0.928337
vt 0.116795 0.930077
vt 0.124308 0.921023
vt 0.121811 0.920776
vt 0.124555 0.919836
vt 0.124072 0.921966
vt 0.123158 0.923543
vt 0.572419 0.946959
vt 0.572429 0.945705
vt 0.572700 0.943747
vt 0.575518 0.949548
vt 0.209718 0.857143
vt 0.209126 0.857329
vt 0.004227 0.992511
vt 0.003647 0.992002
vt 0.003647 0.986315
vt 0.005971 0.990879
vt 0.573825 0.941178
vt 0.573135 0.956758
vt 0.574649 0.956661
vt 0.570796 0.955681
vt 0.570640 0.957642
vt 0.571682 0.932756
vt 0.571284 0.930060
vt 0.125296 0.915895
vt 0.124928 0.918049
vt 0.572133 0.941996
vt 0.571822 0.937407
vt 0.000907 0.984118
vt 0.000907 0.993588
vt 0.000167 0.993962
vt -0.000000 0.993393
vt -0.000000 0.983423
vt 0.996036 0.902726
vt 0.996036 0.904664
vt 0.995259 0.904120
vt 0.119229 0.901561
vt 0.122387 0.902865
vt 0.124277 0.904314
vt 0.109235 0.925257
vt 0.991439 0.887820
vt 0.994619 0.890539
vt 0.994618 0.890889
vt 0.992357 0.892337
vt 0.990922 0.892881
vt 0.990939 0.888389
vt 0.994606 0.883939
vt 0.992757 0.882692
vt 0.990922 0.883226
vt 0.005591 0.983458
vt 0.570640 0.928961
vt 0.572852 0.925132
vt 0.574202 0.925084
vt 0.961521 0.923873
vt 0.956497 0.923184
vt 0.954200 0.918200
vt 0.956304 0.916557
vt 0.962062 0.917042
vt 0.951339 0.927287
vt 0.951823 0.925631
vt 0.952813 0.927107
vt 0.954994 0.927230
vt 0.956236 0.927134
vt 0.955996 0.929761
vt 0.954417 0.931955
vt 0.849661 0.971246
vt 0.848821 0.965500
vt 0.854283 0.963342
vt 0.855326 0.968990
vt 0.054629 0.992273
vt 0.054488 0.985188
vt 0.056491 0.986133
vt 0.057615 0.991794
vt 0.960981 0.930704
vt 0.957989 0.927731
vt 0.961156 0.928486
vt 0.962062 0.939091
vt 0.956546 0.937750
vt 0.857692 0.959338
vt 0.846975 0.963989
vt 0.846456 0.961536
vt 0.848677 0.959858
vt 0.851631 0.959364
vt 0.850081 0.958857
vt 0.847428 0.959749
vt 0.846170 0.960633
vt 0.845552 0.957238
vt 0.853483 0.954733
vt 0.051419 0.992332
vt 0.050390 0.992352
vt 0.051542 0.992073
vt 0.051550 0.983919
vt 0.051533 0.983543
vt 0.464694 0.954592
vt 0.467349 0.953538
vt 0.467051 0.955136
vt 0.466021 0.957150
vt 0.467002 0.956603
vt 0.467983 0.955052
vt 0.468301 0.953239
vt 0.474620 0.950880
vt 0.474618 0.956528
vt 0.472938 0.957361
vt 0.472759 0.957805
vt 0.465896 0.962496
vt 0.461788 0.958947
vt 0.330759 0.966162
vt 0.334528 0.966525
vt 0.337914 0.969477
vt 0.337224 0.974183
vt 0.327384 0.974494
vt 0.638243 0.944138
vt 0.640568 0.955031
vt 0.638243 0.955969
vt 0.326565 0.979356
vt 0.338368 0.979356
vt 0.468303 0.950935
vt 0.468094 0.949163
vt 0.473601 0.948408
vt 0.473263 0.943970
vt 0.467577 0.945973
vt 0.994087 0.336973
vt 0.993790 0.339930
vt 0.992619 0.346268
vt 0.990330 0.345962
vt 0.990330 0.334718
vt 0.990548 0.334076
vt 0.995302 0.920919
vt 0.995259 0.918772
vt 0.995452 0.918711
vt 0.995513 0.921063
vt 0.995385 0.916133
vt 0.995513 0.915707
vt 0.851193 0.959424
vt 0.850065 0.959059
vt 0.847522 0.959994
vt 0.846328 0.960802
vt 0.051385 0.991979
vt 0.051284 0.983980
vt 0.051261 0.983610
vt 0.845711 0.963584
vt 0.845606 0.963509
vt 0.845877 0.969324
vt 0.845552 0.969604
vt 0.050458 0.992035
vt 0.467274 0.949269
vt 0.467476 0.951237
vt 0.465656 0.949562
vt 0.466794 0.946291
vt 0.465244 0.946847
vt 0.467475 0.946230
vt 0.466987 0.946443
vt 0.467441 0.949355
vt 0.467638 0.951263
vt 0.467513 0.953451
vt 0.698276 0.975226
vt 0.698098 0.973087
vt 0.698295 0.973107
vt 0.698466 0.975324
vt 0.698189 0.971448
vt 0.698387 0.971362
vt 0.002997 0.999388
vt 0.003007 0.995266
vt 0.003150 0.995314
vt 0.003150 0.999526
vt 0.695624 0.968000
vt 0.695771 0.967808
vt 0.467192 0.955017
vt 0.006551 0.995266
vt 0.006639 0.996742
vt 0.006386 0.997062
vt 0.006386 0.995397
vt 0.466307 0.956816
vt 0.467002 0.956398
vt 0.695624 0.977533
vt 0.696884 0.976564
vt 0.696980 0.976752
vt 0.695709 0.977740
vt 0.474609 0.957624
vt 0.474602 0.959090
vt 0.467275 0.962635
vt 0.956342 0.925665
vt 0.953828 0.925690
vt 0.952165 0.924368
vt 0.961282 0.926893
vt 0.004229 0.995266
vt 0.004188 0.996734
vt 0.004144 0.997186
vt 0.003895 0.995266
vt 0.960893 0.928388
vt 0.961007 0.927240
vt 0.952129 0.925642
vt 0.953098 0.926932
vt 0.995259 0.578458
vt 0.996135 0.575686
vt 0.996388 0.575748
vt 0.995453 0.578730
vt 0.996367 0.574210
vt 0.996555 0.574229
vt 0.472968 0.957544
vt 0.474553 0.957393
vt 0.996022 0.573168
vt 0.996200 0.573167
vt 0.995259 0.571442
vt 0.995315 0.571195
vt 0.956402 0.925990
vt 0.953908 0.926039
vt 0.995259 0.719108
vt 0.996334 0.716795
vt 0.996683 0.716646
vt 0.995472 0.719105
vt 0.995259 0.715473
vt 0.995384 0.715212
vt 0.013457 0.995440
vt 0.013466 0.995704
vt 0.013279 0.995770
vt 0.013279 0.995266
vt 0.848597 0.960035
vt 0.846565 0.961521
vt 0.050649 0.985967
vt 0.050390 0.983130
vt 0.467966 0.949326
vt 0.468166 0.950989
vt 0.468217 0.953192
vt 0.467906 0.954894
vt 0.956349 0.927057
vt 0.955182 0.927128
vt 0.952409 0.924791
vt 0.958084 0.927668
vt 0.473109 0.957303
vt 0.474620 0.956591
vt 0.775878 0.941548
vt 0.775028 0.937517
vt 0.779747 0.937405
vt 0.015875 0.985229
vt 0.010528 0.986531
vt 0.010132 0.980899
vt 0.015592 0.979089
vt 0.784352 0.954142
vt 0.788906 0.950178
vt 0.787584 0.953760
vt 0.977997 0.089191
vt 0.972408 0.089526
vt 0.972408 0.083908
vt 0.980453 0.085576
vt 0.775527 0.943707
vt 0.782431 0.947769
vt 0.779269 0.954248
vt 0.775441 0.949213
vt 0.775028 0.948716
vt 0.010040 0.978615
vt 0.973032 0.361945
vt 0.963610 0.361349
vt 0.963731 0.355819
vt 0.973101 0.361409
vt 0.982057 0.081620
vt 0.972497 0.082122
vt 0.972408 0.074350
vt 0.980336 0.074988
vt 0.981801 0.079258
vt 0.015724 0.974211
vt 0.010138 0.977289
vt 0.009497 0.975616
vt 0.009721 0.970759
vt 0.015875 0.968578
vt 0.785524 0.936218
vt 0.790298 0.939156
vt 0.790021 0.943557
vt 0.789691 0.946904
vt 0.781599 0.937476
vt 0.782894 0.937382
vt 0.671122 0.985728
vt 0.671122 0.978071
vt 0.676943 0.979265
vt 0.678983 0.982764
vt 0.679383 0.984913
vt 0.678865 0.990027
vt 0.972151 0.367344
vt 0.963310 0.365510
vt 0.972276 0.367005
vt 0.779544 0.954581
vt 0.779808 0.954563
vt 0.964697 0.374388
vt 0.963682 0.367649
vt 0.972275 0.367626
vt 0.973101 0.372156
vt 0.972645 0.375118
vt 0.982186 0.082742
vt 0.789772 0.948115
vt 0.959290 0.163236
vt 0.955488 0.163380
vt 0.952979 0.158332
vt 0.954742 0.156171
vt 0.959290 0.155668
vt 0.949229 0.169004
vt 0.955529 0.170661
vt 0.953295 0.173464
vt 0.998519 0.048790
vt 0.995259 0.049787
vt 0.995270 0.043832
vt 0.998519 0.042614
vt 0.240178 0.986313
vt 0.245224 0.986647
vt 0.244001 0.988758
vt 0.239893 0.989573
vt 0.959290 0.170804
vt 0.957604 0.180210
vt 0.953432 0.179707
vt 0.976455 0.814105
vt 0.980349 0.818432
vt 0.981130 0.824317
vt 0.978442 0.825750
vt 0.969805 0.825354
vt 0.969805 0.816923
vt 0.240036 0.982765
vt 0.239893 0.979078
vt 0.248371 0.977940
vt 0.248450 0.978073
vt 0.864859 0.946193
vt 0.875649 0.942424
vt 0.875649 0.953708
vt 0.867681 0.957881
vt 0.866175 0.957667
vt 0.861713 0.951995
vt 0.356431 0.969071
vt 0.358886 0.969554
vt 0.362871 0.973283
vt 0.364240 0.979054
vt 0.357094 0.979248
vt 0.997637 0.197994
vt 0.995259 0.190709
vt 0.997637 0.189488
vt 0.356431 0.984676
vt 0.364500 0.984699
vt 0.865765 0.941525
vt 0.874493 0.939668
vt 0.995227 0.118554
vt 0.991479 0.119211
vt 0.993096 0.110782
vt 0.995227 0.110248
vt 0.923337 0.200474
vt 0.921565 0.186266
vt 0.929927 0.187148
vt 0.932311 0.202509
vt 0.940993 0.189797
vt 0.936595 0.189215
vt 0.936041 0.183887
vt 0.941119 0.185065
vt 0.419451 0.927667
vt 0.426043 0.929664
vt 0.425167 0.934340
vt 0.436218 0.933486
vt 0.447463 0.932870
vt 0.450757 0.939581
vt 0.436199 0.941983
vt 0.409955 0.946277
vt 0.410631 0.933151
vt 0.412788 0.928754
vt 0.417335 0.927241
vt 0.415527 0.944284
vt 0.954836 0.258348
vt 0.947436 0.255799
vt 0.942054 0.247989
vt 0.942769 0.242055
vt 0.953870 0.252469
vt 0.420135 0.943325
vt 0.426043 0.941611
vt 0.934356 0.202082
vt 0.941119 0.203613
vt 0.162274 0.926215
vt 0.160030 0.930198
vt 0.155659 0.924305
vt 0.160306 0.932270
vt 0.159031 0.937930
vt 0.154354 0.932197
vt 0.954836 0.244315
vt 0.944123 0.236053
vt 0.954836 0.239743
vt 0.449724 0.948858
vt 0.436175 0.952334
vt 0.163322 0.943126
vt 0.158586 0.942824
vt 0.164491 0.926594
vt 0.154492 0.924020
vt 0.451170 0.941572
vt 0.451170 0.947526
vt 0.171246 0.924020
vt 0.172704 0.929789
vt 0.170605 0.936128
vt 0.165247 0.942067
vt 0.378750 0.929142
vt 0.383034 0.933314
vt 0.381395 0.939267
vt 0.374308 0.938521
vt 0.370492 0.937429
vt 0.368895 0.932133
vt 0.371853 0.926973
vt 0.373843 0.925853
vt 0.990369 0.188964
vt 0.992550 0.188967
vt 0.993116 0.197334
vt 0.990125 0.195712
vt 0.960606 0.090739
vt 0.960606 0.082246
vt 0.971677 0.081326
vt 0.972099 0.086326
vt 0.365587 0.938845
vt 0.364528 0.933402
vt 0.488233 0.961251
vt 0.493493 0.961260
vt 0.495348 0.973648
vt 0.488233 0.974897
vt 0.988554 0.201898
vt 0.993347 0.201898
vt 0.500628 0.960849
vt 0.500203 0.964886
vt 0.496915 0.972956
vt 0.378799 0.942993
vt 0.374830 0.939009
vt 0.372275 0.923875
vt 0.374065 0.924004
vt 0.365370 0.925818
vt 0.367752 0.942993
vt 0.963383 0.078671
vt 0.968569 0.075296
vt 0.972407 0.074349
vt 0.310728 0.992671
vt 0.305178 0.992476
vt 0.305178 0.983652
vt 0.310985 0.986756
vt 0.310015 0.994358
vt 0.467096 0.967061
vt 0.464152 0.965383
vt 0.464991 0.962731
vt 0.468524 0.962635
vt 0.472315 0.963042
vt 0.472184 0.964231
vt 0.934426 0.065266
vt 0.934383 0.070833
vt 0.922776 0.072556
vt 0.922722 0.069018
vt 0.924344 0.064670
vt 0.934513 0.079071
vt 0.934685 0.083687
vt 0.927578 0.079087
vt 0.150923 0.834846
vt 0.150644 0.838653
vt 0.138001 0.843794
vt 0.138902 0.831507
vt 0.147662 0.831521
vt 0.149806 0.848108
vt 0.137976 0.852450
vt 0.147735 0.857235
vt 0.149195 0.862264
vt 0.138362 0.867792
vt 0.137947 0.862712
vt 0.955049 0.647232
vt 0.961669 0.645776
vt 0.963416 0.647577
vt 0.964152 0.653654
vt 0.954101 0.654533
vt 0.934685 0.074133
vt 0.921565 0.079101
vt 0.922897 0.059217
vt 0.471646 0.971375
vt 0.472315 0.973631
vt 0.465761 0.971137
vt 0.472174 0.969314
vt 0.552401 0.986395
vt 0.556151 0.986774
vt 0.556151 0.994195
vt 0.554187 0.994324
vt 0.924323 0.092322
vt 0.924067 0.087976
vt 0.926459 0.092090
vt 0.934278 0.085950
vt 0.934069 0.092073
vt 0.923964 0.083658
vt 0.922577 0.083350
vt 0.466081 0.978635
vt 0.074662 0.964117
vt 0.077461 0.964858
vt 0.077574 0.975871
vt 0.074662 0.975420
vt 0.922071 0.060591
vt 0.922524 0.058533
vt 0.934043 0.058427
vt 0.148762 0.870840
vt 0.148035 0.875193
vt 0.138750 0.875433
vt 0.138289 0.873113
vt 0.964152 0.635553
vt 0.958660 0.641707
vt 0.956687 0.639484
vt 0.079997 0.977733
vt 0.083446 0.980978
vt 0.079444 0.982618
vt 0.086908 0.981497
vt 0.077803 0.969581
vt 0.082281 0.969605
vt 0.990175 0.595784
vt 0.993765 0.596706
vt 0.990175 0.608686
vt 0.151042 0.866354
vt 0.994649 0.175694
vt 0.990884 0.172906
vt 0.994649 0.165657
vt 0.146427 0.852134
vt 0.963855 0.639015
vt 0.963187 0.643035
vt 0.082289 0.983793
vt 0.077803 0.984480
vt 0.461788 0.969582
vt 0.150319 0.854058
vt 0.151042 0.844562
vt 0.952272 0.643478
vt 0.957382 0.634860
vt 0.150730 0.858547
vt 0.294131 0.826806
vt 0.297386 0.824271
vt 0.298696 0.830288
vt 0.298761 0.837066
vt 0.841786 0.954414
vt 0.845283 0.956142
vt 0.841786 0.967934
vt 0.682763 0.967579
vt 0.685655 0.964634
vt 0.685655 0.974862
vt 0.358943 0.928186
vt 0.359694 0.931818
vt 0.346030 0.937225
vt 0.344157 0.929643
vt 0.234511 0.984972
vt 0.239341 0.985625
vt 0.234511 0.994622
vt 0.360942 0.935899
vt 0.287621 0.835665
vt 0.292058 0.833037
vt 0.295505 0.838920
vt 0.295370 0.842691
vt 0.293861 0.844538
vt 0.360633 0.939854
vt 0.352309 0.942494
vt 0.984997 0.830095
vt 0.990231 0.826151
vt 0.990231 0.838248
vt 0.986386 0.841962
vt 0.987425 0.838372
vt 0.671122 0.948998
vt 0.676315 0.949087
vt 0.676315 0.952937
vt 0.671122 0.958091
vt 0.304449 0.838982
vt 0.305178 0.842682
vt 0.298227 0.842239
vt 0.988649 0.450297
vt 0.993819 0.450297
vt 0.992771 0.461948
vt 0.988675 0.454003
vt 0.946305 0.035754
vt 0.947115 0.040946
vt 0.936864 0.043174
vt 0.593932 0.946051
vt 0.594508 0.941738
vt 0.608146 0.943193
vt 0.607500 0.949115
vt 0.948068 0.044844
vt 0.948942 0.051158
vt 0.936753 0.057084
vt 0.936753 0.047124
vt 0.594705 0.935936
vt 0.595177 0.931450
vt 0.604870 0.933530
vt 0.607787 0.933743
vt 0.346131 0.922966
vt 0.358467 0.922966
vt 0.943398 0.029008
vt 0.937663 0.033504
vt 0.291943 0.849810
vt 0.972968 0.800282
vt 0.977865 0.794015
vt 0.974731 0.802260
vt 0.973586 0.804250
vt 0.302083 0.852589
vt 0.300314 0.859678
vt 0.296512 0.856880
vt 0.987524 0.623968
vt 0.986110 0.610869
vt 0.991344 0.608823
vt 0.991344 0.620607
vt 0.977865 0.808250
vt 0.974563 0.814105
vt 0.681573 0.959198
vt 0.683672 0.961698
vt 0.680963 0.964634
vt 0.676481 0.962476
vt 0.345657 0.940510
vt 0.342479 0.935097
vt 0.287621 0.858288
vt 0.300893 0.865226
vt 0.294680 0.867410
vt 0.969805 0.804853
vt 0.972175 0.806987
vt 0.673429 0.962923
vt 0.680215 0.947388
vt 0.683867 0.947171
vt 0.594287 0.928454
vt 0.593932 0.925083
vt 0.605480 0.925878
vt 0.969899 0.813593
vt 0.728662 0.943723
vt 0.711782 0.942893
vt 0.711782 0.929433
vt 0.714451 0.925084
vt 0.719308 0.925510
vt 0.728662 0.927642
vt 0.400286 0.927342
vt 0.400286 0.942528
vt 0.392599 0.945125
vt 0.393944 0.935526
vt 0.398952 0.927114
vt 0.844207 0.952499
vt 0.834380 0.954414
vt 0.833567 0.936391
vt 0.833568 0.936390
vt 0.843538 0.937677
vt 0.383833 0.939256
vt 0.386207 0.924763
vt 0.891227 0.955273
vt 0.888081 0.955153
vt 0.883689 0.937737
vt 0.889143 0.937126
vt 0.891227 0.941562
vt 0.828688 0.954414
vt 0.831263 0.936582
vt 0.064115 0.968432
vt 0.064115 0.986749
vt 0.060076 0.969372
vt 0.988628 0.723262
vt 0.988628 0.742060
vt 0.983656 0.724267
vt 0.588859 0.925083
vt 0.593909 0.934489
vt 0.582185 0.926134
vt 0.876121 0.955571
vt 0.876121 0.940456
vt 0.393389 0.923540
vt 0.582376 0.940281
vt 0.575598 0.942942
vt 0.576616 0.933531
vt 0.712097 0.925549
vt 0.593910 0.934490
vt 0.593932 0.936805
vt 0.590138 0.938443
vt 0.590198 0.943498
vt 0.588952 0.943911
vt 0.575598 0.928818
vt 0.577014 0.926202
vt 0.987648 0.000174
vt 0.992730 0.000000
vt 0.993116 0.003859
vt 0.988281 0.003808
vt 0.920190 0.440558
vt 0.920190 0.456816
vt 0.918035 0.453035
vt 0.918035 0.439658
vt 0.928192 0.323171
vt 0.937922 0.320329
vt 0.938024 0.337684
vt 0.938083 0.347715
vt 0.935325 0.350320
vt 0.928192 0.354053
vt 0.928298 0.341222
vt 0.966280 0.726128
vt 0.963953 0.727772
vt 0.960471 0.726766
vt 0.964978 0.723262
vt 0.966280 0.738973
vt 0.961879 0.738887
vt 0.975360 0.103950
vt 0.980567 0.105327
vt 0.980567 0.109382
vt 0.975360 0.110248
vt 0.955430 0.727185
vt 0.959501 0.733638
vt 0.957401 0.738336
vt 0.955341 0.733655
vt 0.978047 0.093189
vt 0.983255 0.092322
vt 0.983255 0.102387
vt 0.978047 0.099115
vt 0.457221 0.959714
vt 0.461282 0.959430
vt 0.461282 0.974311
vt 0.457221 0.974807
vt 0.450447 0.957753
vt 0.450447 0.973814
vt 0.975360 0.093053
vt 0.956438 0.056656
vt 0.955977 0.050365
vt 0.960600 0.050365
vt 0.959016 0.057769
vt 0.995259 0.352384
vt 0.998798 0.356798
vt 0.995259 0.356831
vt 0.987648 0.008219
vt 0.992121 0.006248
vt 0.991443 0.009701
vt 0.990765 0.013155
vt 0.933208 0.356500
vt 0.928895 0.358350
vt 0.965544 0.743271
vt 0.961993 0.742631
vt 0.958442 0.741991
vt 0.933603 0.261715
vt 0.928192 0.264605
vt 0.931045 0.250947
vt 0.933276 0.236519
vt 0.934175 0.236053
vt 0.948821 0.437603
vt 0.944462 0.436144
vt 0.944462 0.410867
vt 0.947612 0.422509
vt 0.950849 0.423112
vt 0.967469 0.230926
vt 0.963236 0.230254
vt 0.964919 0.209588
vt 0.968786 0.205904
vt 0.970191 0.206127
vt 0.191463 0.943340
vt 0.188728 0.944103
vt 0.188280 0.926676
vt 0.191463 0.925789
vt 0.940104 0.263695
vt 0.938862 0.263163
vt 0.939532 0.248329
vt 0.940150 0.237181
vt 0.942054 0.238093
vt 0.698915 0.969149
vt 0.703020 0.966602
vt 0.705296 0.966615
vt 0.708360 0.968803
vt 0.710362 0.969254
vt 0.710362 0.970604
vt 0.708872 0.974873
vt 0.710362 0.978236
vt 0.707796 0.979607
vt 0.705042 0.979714
vt 0.701365 0.979856
vt 0.700504 0.978797
vt 0.698652 0.972384
vt 0.575442 0.888575
vt 0.574521 0.889114
vt 0.571638 0.864582
vt 0.573785 0.863326
vt 0.963236 0.203639
vt 0.953413 0.437965
vt 0.949535 0.412564
vt 0.952007 0.412760
vt 0.954629 0.417241
vt 0.991603 0.941390
vt 0.991603 0.960055
vt 0.988339 0.960308
vt 0.987927 0.943370
vt 0.571638 0.889492
vt 0.936360 0.248106
vt 0.936142 0.236703
vt 0.936042 0.262403
vt 0.963321 0.601456
vt 0.959936 0.608397
vt 0.959936 0.599439
vt 0.928192 0.239153
vt 0.931673 0.238591
vt 0.964894 0.523457
vt 0.960149 0.522425
vt 0.961219 0.506153
vt 0.963409 0.502428
vt 0.965231 0.503122
vt 0.987850 0.768582
vt 0.984791 0.768971
vt 0.984791 0.747835
vt 0.953350 0.687147
vt 0.941874 0.685238
vt 0.941555 0.677177
vt 0.945444 0.665250
vt 0.947963 0.665624
vt 0.952945 0.668629
vt 0.957067 0.502462
vt 0.954924 0.523777
vt 0.954924 0.503209
vt 0.953350 0.665488
vt 0.949933 0.145771
vt 0.955717 0.145771
vt 0.956748 0.147292
vt 0.955998 0.151031
vt 0.956656 0.154455
vt 0.951125 0.155525
vt 0.949069 0.155104
vt 0.947452 0.151036
vt 0.947385 0.147228
vt 0.941102 0.663005
vt 0.770524 0.954288
vt 0.766301 0.970695
vt 0.435802 0.904279
vt 0.435802 0.926324
vt 0.432607 0.927183
vt 0.430116 0.908101
vt 0.432698 0.905328
vt 0.935744 0.983576
vt 0.935744 0.961498
vt 0.939479 0.981257
vt 0.774574 0.965910
vt 0.774669 0.973375
vt 0.015083 0.931205
vt 0.005168 0.928380
vt -0.000000 0.919046
vt 0.014000 0.924152
vt 0.015083 0.916735
vt 0.000157 0.913258
vt 0.000074 0.907952
vt 0.421640 0.952912
vt 0.415874 0.947586
vt 0.422624 0.946277
vt 0.169891 0.893568
vt 0.155378 0.897088
vt 0.154354 0.888592
vt 0.166189 0.885721
vt 0.056395 0.930303
vt 0.062590 0.930757
vt 0.063181 0.936302
vt 0.062511 0.938480
vt 0.051303 0.931337
vt 0.054294 0.929816
vt 0.059372 0.942920
vt 0.058098 0.947603
vt 0.052352 0.951950
vt 0.050390 0.951385
vt 0.050390 0.928017
vt 0.000988 0.906020
vt 0.013539 0.906283
vt 0.156524 0.868767
vt 0.168716 0.865810
vt 0.409955 0.964514
vt 0.409955 0.948997
vt 0.413920 0.947730
vt 0.421640 0.963652
vt 0.172374 0.894304
vt 0.170316 0.866189
vt 0.172374 0.868924
vt 0.002732 0.900124
vt 0.014025 0.903401
vt 0.775028 0.969905
vt 0.775028 0.959075
vt 0.780221 0.955270
vt 0.782096 0.954581
vt 0.785998 0.955323
vt 0.788191 0.955482
vt 0.788157 0.966988
vt 0.016720 0.967280
vt 0.015936 0.963722
vt 0.019494 0.963234
vt 0.127349 0.984595
vt 0.123375 0.984901
vt 0.123319 0.981294
vt 0.127684 0.981362
vt 0.326912 0.986223
vt 0.326772 0.980985
vt 0.327929 0.984005
vt 0.129877 0.989231
vt 0.123183 0.988374
vt 0.016452 0.969054
vt 0.021566 0.971548
vt 0.018942 0.976475
vt 0.016231 0.973142
vt 0.015936 0.972816
vt 0.822875 0.986702
vt 0.826917 0.987092
vt 0.826853 0.989220
vt 0.980594 0.565147
vt 0.974114 0.568270
vt 0.973140 0.562852
vt 0.980539 0.564600
vt 0.326565 0.979357
vt 0.334025 0.979738
vt 0.334068 0.985221
vt 0.822875 0.990033
vt 0.826761 0.990164
vt 0.826961 0.991618
vt 0.826860 0.994945
vt 0.822875 0.993879
vt 0.023780 0.961615
vt 0.027301 0.963407
vt 0.027196 0.967264
vt 0.027015 0.970179
vt 0.020784 0.962535
vt 0.021764 0.962359
vt 0.974261 0.556278
vt 0.978828 0.555244
vt 0.980984 0.557993
vt 0.981168 0.559775
vt 0.981030 0.571053
vt 0.974705 0.573352
vt 0.981049 0.570654
vt 0.981168 0.571035
vt 0.333483 0.989929
vt 0.333304 0.991589
vt 0.326601 0.989966
vt 0.326565 0.989741
vt 0.130598 0.992079
vt 0.123775 0.992079
vt 0.123177 0.991001
vt 0.027035 0.971057
vt 0.026317 0.972640
vt 0.022765 0.975942
vt 0.019337 0.976656
vt 0.876121 0.964734
vt 0.877546 0.962331
vt 0.877238 0.957606
vt 0.881093 0.955571
vt 0.883401 0.962882
vt 0.878071 0.970371
vt 0.882596 0.970132
vt 0.109803 0.968810
vt 0.109041 0.965218
vt 0.112595 0.964785
vt 0.988923 0.310035
vt 0.985123 0.310346
vt 0.985203 0.306680
vt 0.989424 0.306748
vt 0.173684 0.985888
vt 0.173519 0.980559
vt 0.174736 0.983686
vt 0.991540 0.314737
vt 0.985040 0.313870
vt 0.109536 0.970544
vt 0.114657 0.973000
vt 0.112072 0.977651
vt 0.109338 0.974455
vt 0.109041 0.974143
vt 0.889410 0.961639
vt 0.886285 0.966043
vt 0.884063 0.970276
vt 0.884362 0.955571
vt 0.888137 0.955571
vt 0.581100 0.986952
vt 0.584958 0.987500
vt 0.584876 0.989614
vt 0.980624 0.618940
vt 0.974382 0.621900
vt 0.973346 0.616427
vt 0.980561 0.618389
vt 0.173275 0.978874
vt 0.180663 0.979277
vt 0.180823 0.984937
vt 0.581118 0.990221
vt 0.584788 0.990542
vt 0.584958 0.992001
vt 0.584876 0.995266
vt 0.581140 0.993996
vt 0.116886 0.963207
vt 0.120414 0.964962
vt 0.120294 0.968811
vt 0.120103 0.971712
vt 0.113890 0.964085
vt 0.114869 0.963927
vt 0.974654 0.609734
vt 0.979064 0.608823
vt 0.981143 0.611667
vt 0.981275 0.613492
vt 0.981129 0.624893
vt 0.974995 0.627040
vt 0.981142 0.624493
vt 0.981275 0.624875
vt 0.180128 0.989598
vt 0.179920 0.991249
vt 0.173307 0.989614
vt 0.173275 0.989390
vt 0.992226 0.317629
vt 0.985721 0.317629
vt 0.985116 0.316536
vt 0.120130 0.972548
vt 0.119422 0.974052
vt 0.115892 0.977171
vt 0.112468 0.977827
vt 0.922547 0.002208
vt 0.931851 0.000000
vt 0.930511 0.020826
vt 0.925738 0.027816
vt 0.921565 0.029008
vt 0.933940 0.468638
vt 0.937438 0.468531
vt 0.938751 0.496067
vt 0.933940 0.496209
vt 0.305178 0.906965
vt 0.320387 0.908253
vt 0.321561 0.918872
vt 0.317398 0.934705
vt 0.313976 0.934370
vt 0.307407 0.931251
vt 0.306815 0.923392
vt 0.309468 0.923399
vt 0.306803 0.922617
vt 0.935319 0.026503
vt 0.937073 0.000452
vt 0.937073 0.026911
vt 0.664337 0.950706
vt 0.656414 0.950192
vt 0.659695 0.946958
vt 0.666228 0.963654
vt 0.657922 0.961678
vt 0.656414 0.959370
vt 0.657422 0.954818
vt 0.667297 0.951950
vt 0.669694 0.957740
vt 0.669859 0.962651
vt 0.947249 0.663005
vt 0.942202 0.662475
vt 0.942350 0.646362
vt 0.952271 0.634860
vt 0.952271 0.662977
vt 0.942598 0.468419
vt 0.946316 0.468304
vt 0.946018 0.484313
vt 0.943960 0.484535
vt 0.945901 0.485158
vt 0.946171 0.493094
vt 0.943523 0.495951
vt 0.942270 0.635128
vt 0.970784 0.173234
vt 0.959867 0.173315
vt 0.959442 0.171281
vt 0.959290 0.170780
vt 0.969940 0.169823
vt 0.965922 0.165528
vt 0.970210 0.164470
vt 0.436125 0.982203
vt 0.436125 0.993092
vt 0.431929 0.993051
vt 0.430982 0.982635
vt 0.969936 0.160295
vt 0.959542 0.162597
vt 0.960211 0.158937
vt 0.970784 0.155668
vt 0.603040 0.974369
vt 0.602742 0.975227
vt 0.594346 0.973437
vt 0.593932 0.966370
vt 0.598323 0.965376
vt 0.600908 0.967101
vt 0.600259 0.970318
vt 0.538594 0.973984
vt 0.538594 0.984546
vt 0.528308 0.985696
vt 0.529849 0.975003
vt 0.603122 0.977427
vt 0.593932 0.979696
vt 0.828688 0.969816
vt 0.839158 0.971154
vt 0.838815 0.977454
vt 0.838955 0.982717
vt 0.828777 0.982717
vt 0.959900 0.164902
vt 0.604837 0.971129
vt 0.942862 0.058563
vt 0.948358 0.058427
vt 0.943290 0.080898
vt 0.940900 0.080960
vt 0.977902 0.851865
vt 0.981652 0.843124
vt 0.983753 0.843230
vt 0.983797 0.845605
vt 0.986121 0.847392
vt 0.986121 0.853037
vt 0.985116 0.854190
vt 0.979479 0.854823
vt 0.961816 0.848196
vt 0.960339 0.841885
vt 0.959746 0.826259
vt 0.963345 0.826151
vt 0.963559 0.847964
vt 0.968856 0.111720
vt 0.969665 0.114751
vt 0.968474 0.114428
vt 0.659802 0.925473
vt 0.662453 0.926004
vt 0.664773 0.945688
vt 0.662496 0.946721
vt 0.661002 0.938026
vt 0.968249 0.092943
vt 0.975359 0.092322
vt 0.970578 0.100386
vt 0.969906 0.100605
vt 0.968403 0.099434
vt 0.656414 0.925084
vt 0.660045 0.946716
vt 0.934685 0.061097
vt 0.938653 0.082343
vt 0.934685 0.083496
vt 0.968647 0.826151
vt 0.966723 0.848683
vt 0.964844 0.848877
vt 0.947595 0.074008
vt 0.945137 0.080678
vt 0.669873 0.933016
vt 0.671058 0.944226
vt 0.671122 0.946958
vt 0.947434 0.080649
vt 0.976899 0.850503
vt 0.977660 0.847820
vt 0.977653 0.846041
vt 0.978741 0.843311
vt 0.980229 0.842391
vt 0.996779 0.713408
vt 0.995259 0.715212
vt 0.995773 0.713317
vt 0.307161 0.922771
vt 0.305178 0.921776
vt 0.995259 0.711483
vt 0.975359 0.115589
vt 0.996469 0.838314
vt 0.995259 0.836474
vt 0.996693 0.836474
vt 0.671122 0.932398
vt 0.670768 0.926187
vt 0.968135 0.099783
vt 0.312606 0.888888
vt 0.312871 0.895931
vt 0.311830 0.894383
vt 0.311299 0.888762
vt 0.309114 0.894193
vt 0.275887 0.936764
vt 0.275552 0.933053
vt 0.281742 0.934831
vt 0.281934 0.937217
vt 0.314817 0.897020
vt 0.320210 0.896367
vt 0.315426 0.898397
vt 0.276377 0.930060
vt 0.282267 0.932900
vt 0.937419 0.576283
vt 0.942997 0.572634
vt 0.943509 0.574356
vt 0.934907 0.567719
vt 0.943569 0.569102
vt 0.305538 0.965982
vt 0.310977 0.965736
vt 0.305514 0.966088
vt 0.937251 0.563402
vt 0.943368 0.566852
vt 0.937158 0.560544
vt 0.943356 0.564234
vt 0.279862 0.942783
vt 0.275423 0.940712
vt 0.281672 0.939749
vt 0.282068 0.941655
vt 0.306417 0.890633
vt 0.307070 0.895080
vt 0.268700 0.946466
vt 0.267118 0.943246
vt 0.929072 0.561592
vt 0.928841 0.555244
vt 0.317795 0.964746
vt 0.318047 0.968429
vt 0.307700 0.968429
vt 0.929631 0.566912
vt 0.318504 0.960953
vt 0.318254 0.962426
vt 0.928841 0.573366
vt 0.318209 0.959610
vt 0.305431 0.963902
vt 0.929268 0.579406
vt 0.317828 0.958241
vt 0.267118 0.930493
vt 0.268399 0.925906
vt 0.314547 0.883556
vt 0.318181 0.884586
vt 0.317329 0.952592
vt 0.317461 0.954817
vt 0.305178 0.961676
vt 0.310396 0.957466
vt 0.267713 0.936195
vt 0.309953 0.882100
vt 0.305178 0.884197
vt 0.320734 0.887082
vt 0.323765 0.888501
vt 0.316980 0.891702
vt 0.305262 0.960854
vt 0.324912 0.891298
vt 0.326178 0.893166
vt 0.317620 0.957151
vt 0.996166 0.763821
vt 0.996138 0.764439
vt 0.995296 0.764491
vt 0.995321 0.763954
vt 0.305797 0.968239
vt 0.314015 0.897328
vt 0.312445 0.896645
vt 0.314649 0.898716
vt 0.314235 0.897859
vt 0.315174 0.899178
vt 0.315081 0.901477
vt 0.314445 0.900648
vt 0.314540 0.899327
vt 0.314862 0.903585
vt 0.314820 0.903682
vt 0.314239 0.903677
vt 0.314271 0.903682
vt 0.314244 0.905759
vt 0.313653 0.905013
vt 0.311787 0.906965
vt 0.311666 0.906028
vt 0.309407 0.906150
vt 0.309611 0.905328
vt 0.306730 0.906602
vt 0.307314 0.905716
vt 0.305237 0.905077
vt 0.306123 0.904500
vt 0.305178 0.903235
vt 0.306618 0.901929
vt 0.307079 0.900157
vt 0.307740 0.900258
vt 0.306430 0.897617
vt 0.307163 0.897998
vt 0.307694 0.895895
vt 0.309304 0.895189
vt 0.311578 0.895337
vt 0.308016 0.904874
vt 0.310016 0.904536
vt 0.308347 0.896324
vt 0.307884 0.898155
vt 0.996587 0.625256
vt 0.996218 0.626546
vt 0.995353 0.626528
vt 0.995674 0.625405
vt 0.311805 0.905145
vt 0.313534 0.904262
vt 0.995259 0.895511
vt 0.995988 0.895275
vt 0.995988 0.896959
vt 0.003895 0.996147
vt 0.003150 0.996147
vt 0.003241 0.995266
vt 0.003889 0.995266
vt 0.996095 0.765734
vt 0.996166 0.768695
vt 0.995321 0.768197
vt 0.995259 0.765618
vt 0.314045 0.903099
vt 0.314073 0.903104
vt 0.306979 0.903815
vt 0.996111 0.621783
vt 0.996465 0.623052
vt 0.995568 0.623486
vt 0.995259 0.622382
vt 0.308386 0.900122
vt 0.007432 0.996223
vt 0.006991 0.996134
vt 0.006991 0.995266
vt 0.007375 0.995344
vt 0.996111 0.628277
vt 0.995259 0.628036
vt 0.996192 0.892087
vt 0.996192 0.893572
vt 0.995259 0.893081
vt 0.995259 0.891788
vt 0.307410 0.901577
vt 0.309748 0.895710
vt 0.311728 0.895839
vt 0.312483 0.896977
vt 0.313850 0.897571
vt 0.314041 0.898034
vt 0.314401 0.898780
vt 0.314307 0.899312
vt 0.314224 0.900462
vt 0.963743 0.281651
vt 0.967939 0.281443
vt 0.968556 0.284915
vt 0.963961 0.283485
vt 0.976042 0.856176
vt 0.976042 0.871036
vt 0.973885 0.868196
vt 0.973885 0.855969
vt 0.081381 0.899485
vt 0.089954 0.900001
vt 0.090195 0.913373
vt 0.090335 0.921103
vt 0.087921 0.922339
vt 0.081381 0.922685
vt 0.081632 0.913393
vt 0.973737 0.871955
vt 0.971078 0.870714
vt 0.975270 0.881353
vt 0.972960 0.881058
vt 0.963743 0.273405
vt 0.967939 0.276134
vt 0.976219 0.026529
vt 0.979736 0.022426
vt 0.980280 0.025578
vt 0.980214 0.028833
vt 0.977671 0.028833
vt 0.965901 0.258932
vt 0.970097 0.258724
vt 0.970097 0.271901
vt 0.965901 0.266691
vt 0.969801 0.855390
vt 0.969801 0.867792
vt 0.986933 0.413000
vt 0.992536 0.410867
vt 0.992536 0.417507
vt 0.986933 0.420065
vt 0.963743 0.259139
vt 0.992073 0.420399
vt 0.987793 0.424005
vt 0.977810 0.180663
vt 0.979375 0.177174
vt 0.980597 0.179709
vt 0.981820 0.182244
vt 0.086104 0.926504
vt 0.081912 0.925928
vt 0.982435 0.178249
vt 0.983561 0.181584
vt 0.968253 0.287899
vt 0.964131 0.288328
vt 0.980115 0.175543
vt 0.971754 0.876641
vt 0.983561 0.175063
vt 0.916315 0.700940
vt 0.918510 0.704054
vt 0.917769 0.705950
vt 0.913792 0.703962
vt 0.910315 0.701452
vt 0.910354 0.700457
vt 0.436306 0.926566
vt 0.436328 0.922452
vt 0.451949 0.921446
vt 0.452023 0.924103
vt 0.449787 0.927424
vt 0.436262 0.916064
vt 0.436175 0.912333
vt 0.445550 0.916308
vt -0.000000 0.897577
vt 0.000000 0.894273
vt 0.016361 0.888624
vt 0.016361 0.899289
vt 0.004675 0.900124
vt 0.000971 0.887438
vt 0.016065 0.882091
vt 0.002842 0.879382
vt 0.000997 0.876252
vt 0.015333 0.871203
vt 0.015715 0.874346
vt 0.955903 0.353656
vt 0.949953 0.354393
vt 0.948615 0.351049
vt 0.948615 0.341026
vt 0.957506 0.342064
vt 0.436175 0.919508
vt 0.453603 0.916519
vt 0.995259 0.232516
vt 0.995259 0.225907
vt 0.998136 0.229783
vt 0.912445 0.694544
vt 0.912188 0.692187
vt 0.918782 0.698182
vt 0.912605 0.696150
vt 0.739206 0.986126
vt 0.744027 0.986158
vt 0.742070 0.993284
vt 0.739206 0.993919
vt 0.449775 0.906728
vt 0.450060 0.910107
vt 0.446677 0.907250
vt 0.436381 0.911259
vt 0.436486 0.906982
vt 0.450259 0.913242
vt 0.452126 0.913509
vt 0.920132 0.691471
vt 0.544868 0.984665
vt 0.548054 0.984599
vt 0.548054 0.994437
vt 0.544044 0.994532
vt 0.452446 0.931265
vt 0.451797 0.932870
vt 0.436499 0.932292
vt 0.960253 0.355363
vt 0.960165 0.341980
vt 0.911735 0.688827
vt 0.914581 0.681858
vt 0.917425 0.683919
vt 0.979244 0.211536
vt 0.982280 0.214496
vt 0.979197 0.216801
vt 0.986707 0.214989
vt 0.979056 0.203787
vt 0.984359 0.203639
vt 0.302689 0.884193
vt 0.305063 0.884519
vt 0.302689 0.900984
vt 0.920587 0.679348
vt 0.921615 0.685304
vt 0.916754 0.675847
vt 0.910377 0.678059
vt 0.004699 0.882959
vt 0.910860 0.685254
vt 0.910315 0.681085
vt 0.982388 0.217865
vt 0.979056 0.219286
vt 0.922682 0.701845
vt 0.923822 0.687539
vt 0.920970 0.694990
vt 0.919384 0.688833
vt 0.001344 0.869907
vt 0.015179 0.867094
vt 0.964152 0.634860
vt 0.970229 0.635259
vt 0.970243 0.651882
vt 0.967102 0.656457
vt 0.964152 0.656436
vt 0.751464 0.894884
vt 0.753690 0.894192
vt 0.754187 0.918901
vt 0.751464 0.919881
vt 0.928192 0.264605
vt 0.936333 0.264927
vt 0.936803 0.274612
vt 0.934496 0.289656
vt 0.932759 0.289612
vt 0.929034 0.286912
vt 0.972296 0.657617
vt 0.920062 0.944234
vt 0.924595 0.943581
vt 0.924595 0.968524
vt 0.922534 0.968904
vt 0.919269 0.963847
vt 0.998332 0.333133
vt 0.995259 0.328947
vt 0.999197 0.328947
vt 0.978808 0.055707
vt 0.972753 0.054848
vt 0.971700 0.053046
vt 0.972549 0.049107
vt 0.971919 0.045301
vt 0.977728 0.044965
vt 0.979873 0.045726
vt 0.981500 0.050378
vt 0.981500 0.054507
vt 0.939264 0.290708
vt 0.942764 0.266960
vt 0.942764 0.291723
vt 0.360063 0.969071
vt 0.362449 0.943379
vt 0.364500 0.942494
vt 0.364500 0.964855
vt 0.363571 0.968049
vt 0.358260 0.944433
vt 0.409955 0.904279
vt 0.422434 0.904364
vt 0.429902 0.910432
vt 0.411393 0.910796
vt 0.411566 0.915660
vt 0.430116 0.915441
vt 0.430116 0.920828
vt 0.033246 0.910065
vt 0.039131 0.912010
vt 0.034823 0.918691
vt 0.918909 0.942093
vt 0.918909 0.923813
vt 0.924749 0.925332
vt 0.924749 0.940239
vt 0.530434 0.938981
vt 0.526760 0.933309
vt 0.529502 0.929716
vt 0.531283 0.929115
vt 0.045976 0.933041
vt 0.043532 0.935630
vt 0.041395 0.935567
vt 0.033246 0.928532
vt 0.034948 0.923663
vt 0.041175 0.911945
vt 0.047899 0.934711
vt 0.429113 0.922717
vt 0.413661 0.925263
vt 0.769123 0.949925
vt 0.754257 0.952683
vt 0.754691 0.935417
vt 0.769123 0.932740
vt 0.914836 0.943469
vt 0.912828 0.943581
vt 0.906905 0.937136
vt 0.906905 0.924483
vt 0.045346 0.911452
vt 0.050295 0.916738
vt 0.050390 0.934343
vt 0.427905 0.927241
vt 0.413689 0.927094
vt 0.514609 0.933293
vt 0.531007 0.941015
vt 0.530003 0.945051
vt 0.529654 0.947380
vt 0.516682 0.947380
vt 0.989292 0.554244
vt 0.986062 0.555129
vt 0.986108 0.551759
vt 0.981676 0.542875
vt 0.986009 0.543894
vt 0.985070 0.547678
vt 0.980929 0.547048
vt 0.176824 0.964937
vt 0.173762 0.969401
vt 0.174501 0.965406
vt 0.983109 0.273097
vt 0.978241 0.272214
vt 0.978241 0.267220
vt 0.985322 0.270231
vt 0.184065 0.972613
vt 0.178683 0.970562
vt 0.180551 0.963878
vt 0.183725 0.967730
vt 0.184065 0.968103
vt 0.985490 0.549581
vt 0.539618 0.975508
vt 0.548087 0.974346
vt 0.548210 0.978014
vt 0.539578 0.975873
vt 0.986786 0.266899
vt 0.978530 0.265160
vt 0.978241 0.258724
vt 0.985146 0.260966
vt 0.986511 0.264866
vt 0.980929 0.550459
vt 0.985479 0.550496
vt 0.980929 0.554399
vt 0.177381 0.978874
vt 0.173653 0.977279
vt 0.173469 0.974626
vt 0.173421 0.972525
vt 0.181513 0.977235
vt 0.180264 0.977702
vt 0.179318 0.978052
vt 0.183982 0.974266
vt 0.547069 0.984599
vt 0.541293 0.984599
vt 0.538937 0.982061
vt 0.538712 0.980303
vt 0.540171 0.971478
vt 0.548152 0.970607
vt 0.540074 0.971743
vt 0.180327 0.963592
vt 0.180133 0.963694
vt 0.968055 0.116041
vt 0.972937 0.116041
vt 0.974526 0.115978
vt 0.973892 0.124083
vt 0.973688 0.124164
vt 0.970324 0.124334
vt 0.968055 0.123498
vt 0.986874 0.267978
vt 0.173275 0.971439
vt 0.205152 0.961143
vt 0.204070 0.963531
vt 0.205201 0.968276
vt 0.201510 0.970256
vt 0.197840 0.962885
vt 0.202144 0.955457
vt 0.197444 0.955625
vt 0.098745 0.988996
vt 0.095681 0.989980
vt 0.095734 0.986607
vt 0.091040 0.977887
vt 0.095478 0.978754
vt 0.094734 0.982558
vt 0.090449 0.982077
vt 0.970000 0.748651
vt 0.966946 0.753192
vt 0.967660 0.749191
vt 0.982612 0.808732
vt 0.977865 0.807755
vt 0.977865 0.802669
vt 0.984788 0.805847
vt 0.977239 0.756452
vt 0.971872 0.754339
vt 0.973723 0.747569
vt 0.976899 0.751476
vt 0.977239 0.751854
vt 0.191757 0.964037
vt 0.194277 0.959668
vt 0.195882 0.955457
vt 0.198084 0.970204
vt 0.194128 0.970144
vt 0.095132 0.984449
vt 0.793421 0.975065
vt 0.801735 0.973879
vt 0.801861 0.977628
vt 0.793383 0.975438
vt 0.986232 0.802475
vt 0.978199 0.800571
vt 0.977865 0.794015
vt 0.984599 0.796410
vt 0.985951 0.800402
vt 0.090449 0.985489
vt 0.095115 0.985365
vt 0.090449 0.989430
vt 0.970471 0.763116
vt 0.966752 0.761482
vt 0.966620 0.758621
vt 0.966609 0.756367
vt 0.974620 0.761379
vt 0.973358 0.761898
vt 0.972414 0.762253
vt 0.977143 0.758176
vt 0.800533 0.984306
vt 0.794868 0.984306
vt 0.792591 0.981721
vt 0.792418 0.979936
vt 0.793969 0.970949
vt 0.801823 0.970065
vt 0.793873 0.971219
vt 0.973497 0.747282
vt 0.973305 0.747383
vt 0.952271 0.654745
vt 0.957180 0.654646
vt 0.958785 0.654533
vt 0.958165 0.662510
vt 0.957959 0.662596
vt 0.954563 0.662873
vt 0.952271 0.662118
vt 0.986313 0.803576
vt 0.966461 0.755264
vt 0.905231 0.940732
vt 0.898241 0.937539
vt 0.899083 0.918205
vt 0.902338 0.914517
vt 0.905231 0.916034
vt 0.639218 0.984565
vt 0.635718 0.984809
vt 0.635718 0.960332
vt 0.640247 0.960019
vt 0.936727 0.054494
vt 0.922247 0.058427
vt 0.921565 0.048945
vt 0.926128 0.032727
vt 0.929333 0.031822
vt 0.935613 0.032666
vt 0.935751 0.039655
vt 0.933329 0.040679
vt 0.935779 0.040431
vt 0.893990 0.911628
vt 0.892292 0.936449
vt 0.891684 0.911368
vt 0.936753 0.029008
vt 0.575598 0.970983
vt 0.576511 0.961844
vt 0.578495 0.960185
vt 0.582850 0.961294
vt 0.587051 0.960185
vt 0.587457 0.968903
vt 0.586629 0.972160
vt 0.581505 0.974799
vt 0.576939 0.974979
vt 0.921565 0.032785
vt 0.957779 0.663005
vt 0.953350 0.688503
vt 0.953350 0.663406
vt 0.975300 0.124583
vt 0.975300 0.149432
vt 0.971592 0.150148
vt 0.969869 0.136041
vt 0.972320 0.135429
vt 0.969897 0.135277
vt 0.968799 0.128320
vt 0.971969 0.125213
vt 0.982562 0.371274
vt 0.982562 0.346334
vt 0.986679 0.370969
vt 0.962296 0.678538
vt 0.962280 0.688098
vt 0.278298 0.978259
vt 0.268567 0.975282
vt 0.268092 0.973080
vt 0.268156 0.972364
vt 0.278583 0.973662
vt 0.273661 0.968963
vt 0.277538 0.969008
vt 0.400463 0.989703
vt 0.400615 0.980049
vt 0.405394 0.980213
vt 0.405548 0.989459
vt 0.396737 0.989703
vt 0.398153 0.979895
vt 0.267247 0.964601
vt 0.277176 0.964601
vt 0.985689 0.718967
vt 0.985380 0.719721
vt 0.976191 0.716153
vt 0.975958 0.709210
vt 0.980656 0.709248
vt 0.983369 0.711506
vt 0.982738 0.714435
vt 0.641779 0.986622
vt 0.640568 0.976811
vt 0.650290 0.976937
vt 0.650290 0.987491
vt 0.985581 0.721976
vt 0.975958 0.722024
vt 0.000486 0.969740
vt 0.009497 0.968578
vt 0.009111 0.975477
vt 0.009497 0.981358
vt 0.000000 0.983423
vt 0.267118 0.967466
vt 0.952090 0.112632
vt 0.946130 0.111503
vt 0.950567 0.093101
vt 0.953193 0.093552
vt 0.892942 0.983912
vt 0.897271 0.976159
vt 0.899166 0.976926
vt 0.898919 0.979362
vt 0.899946 0.981824
vt 0.899946 0.987651
vt 0.898958 0.988518
vt 0.894266 0.987448
vt 0.975939 0.826713
vt 0.976899 0.832285
vt 0.976899 0.846125
vt 0.974645 0.846279
vt 0.974589 0.826945
vt 0.002793 0.936414
vt 0.002255 0.933815
vt 0.003355 0.934053
vt 0.010430 0.951847
vt 0.008387 0.952477
vt 0.009221 0.933889
vt 0.011019 0.931647
vt 0.011617 0.940469
vt 0.982585 0.876754
vt 0.976042 0.876470
vt 0.980453 0.869790
vt 0.981058 0.869602
vt 0.982437 0.870825
vt 0.013426 0.951233
vt 0.013426 0.931205
vt 0.957869 0.115509
vt 0.954774 0.093717
vt 0.957850 0.094889
vt 0.968647 0.846349
vt 0.970522 0.826348
vt 0.972654 0.826151
vt 0.946552 0.097759
vt 0.948799 0.092627
vt 0.002115 0.946928
vt 0.946130 0.092322
vt 0.891684 0.982156
vt 0.892646 0.979652
vt 0.892806 0.977831
vt 0.894040 0.975379
vt 0.895440 0.974901
vt 0.996492 0.726789
vt 0.995259 0.728925
vt 0.995755 0.726782
vt 0.995948 0.770679
vt 0.996420 0.772476
vt 0.995259 0.770853
vt 0.996420 0.768695
vt 0.995259 0.724621
vt 0.976042 0.855390
vt 0.981282 0.856826
vt 0.981934 0.859229
vt 0.000735 0.946182
vt 0.000741 0.947683
vt 0.000000 0.953469
vt 0.982534 0.869827
vt 0.745050 0.913083
vt 0.744810 0.904963
vt 0.745678 0.906734
vt 0.746167 0.913544
vt 0.747991 0.907511
vt 0.369316 0.968895
vt 0.369520 0.972595
vt 0.364718 0.970593
vt 0.364604 0.968218
vt 0.743165 0.903452
vt 0.738665 0.904011
vt 0.742662 0.901946
vt 0.933761 0.612076
vt 0.934414 0.614549
vt 0.929267 0.615690
vt 0.928841 0.614104
vt 0.929650 0.617552
vt 0.935876 0.622903
vt 0.928841 0.620623
vt 0.982542 0.361483
vt 0.978787 0.360270
vt 0.982562 0.361386
vt 0.933969 0.627426
vt 0.929053 0.623215
vt 0.933887 0.630224
vt 0.928915 0.625767
vt 0.366237 0.962891
vt 0.369555 0.965316
vt 0.364733 0.965916
vt 0.364528 0.963875
vt 0.750349 0.912714
vt 0.749743 0.907069
vt 0.375026 0.959616
vt 0.376015 0.963221
vt 0.940761 0.630454
vt 0.940606 0.636690
vt 0.974113 0.359305
vt 0.973979 0.355819
vt 0.981157 0.358476
vt 0.940189 0.624313
vt 0.973101 0.363619
vt 0.973438 0.362015
vt 0.941488 0.618738
vt 0.973336 0.364850
vt 0.982509 0.363612
vt 0.941392 0.612622
vt 0.973651 0.366085
vt 0.940402 0.608823
vt 0.743471 0.919425
vt 0.740384 0.917586
vt 0.974025 0.371274
vt 0.974000 0.369088
vt 0.982562 0.365944
vt 0.978924 0.368455
vt 0.375640 0.969852
vt 0.376015 0.975541
vt 0.747369 0.921879
vt 0.751464 0.920823
vt 0.738245 0.914604
vt 0.735679 0.912531
vt 0.741368 0.909446
vt 0.982476 0.366724
vt 0.734736 0.909495
vt 0.733679 0.907352
vt 0.973928 0.366854
vt 0.995259 0.733943
vt 0.995306 0.733328
vt 0.996010 0.733372
vt 0.995969 0.733907
vt 0.982400 0.359293
vt 0.743849 0.903291
vt 0.745179 0.904313
vt 0.743326 0.901769
vt 0.743668 0.902713
vt 0.742884 0.901194
vt 0.742994 0.898950
vt 0.743523 0.899886
vt 0.743426 0.901183
vt 0.743207 0.896894
vt 0.743243 0.896799
vt 0.743733 0.896884
vt 0.743706 0.896869
vt 0.743762 0.894874
vt 0.744254 0.895717
vt 0.745870 0.894192
vt 0.745958 0.895125
vt 0.747888 0.895522
vt 0.747701 0.896268
vt 0.750175 0.895651
vt 0.749664 0.896380
vt 0.751429 0.897497
vt 0.750664 0.897851
vt 0.751464 0.899423
vt 0.750210 0.900308
vt 0.749798 0.902004
vt 0.749234 0.901731
vt 0.750320 0.904679
vt 0.749697 0.904110
vt 0.749219 0.906093
vt 0.747838 0.906447
vt 0.745901 0.905805
vt 0.749069 0.897212
vt 0.747360 0.897115
vt 0.748682 0.905668
vt 0.749098 0.903942
vt 0.995259 0.964727
vt 0.995259 0.963356
vt 0.995938 0.963131
vt 0.995938 0.964325
vt 0.745843 0.896120
vt 0.744359 0.896635
vt 0.000662 0.995266
vt 0.000662 0.996944
vt 0.000184 0.996971
vt 0.000184 0.995510
vt 0.995345 0.734826
vt 0.996043 0.734677
vt 0.995374 0.731994
vt 0.995389 0.728925
vt 0.996082 0.729539
vt 0.996069 0.732211
vt 0.013905 0.995266
vt 0.013928 0.995291
vt 0.013925 0.996113
vt 0.013905 0.996091
vt 0.749940 0.898493
vt 0.995351 0.833813
vt 0.995259 0.832447
vt 0.995964 0.832199
vt 0.996045 0.833388
vt 0.748695 0.901870
vt 0.995389 0.735373
vt 0.996082 0.735153
vt 0.995259 0.963056
vt 0.995259 0.961509
vt 0.995929 0.961784
vt 0.995929 0.963131
vt 0.995259 0.908324
vt 0.995259 0.906950
vt 0.996088 0.907535
vt 0.996088 0.908732
vt 0.749545 0.900632
vt 0.995351 0.830347
vt 0.996045 0.830371
vt 0.747480 0.905976
vt 0.745794 0.905418
vt 0.745165 0.904119
vt 0.744007 0.903229
vt 0.743850 0.902726
vt 0.743552 0.901904
vt 0.743639 0.901393
vt 0.743724 0.900265
vt 0.743883 0.897638
vt 0.743906 0.897651
vt 0.948147 0.745308
vt 0.943342 0.745193
vt 0.943342 0.727880
vt 0.946113 0.723262
vt 0.948690 0.723399
vt 0.364260 0.940476
vt 0.361624 0.941507
vt 0.360942 0.924460
vt 0.364260 0.922966
vt 0.954067 0.524296
vt 0.944034 0.527771
vt 0.944279 0.518725
vt 0.948471 0.503221
vt 0.950654 0.502428
vt 0.954924 0.503352
vt 0.761838 0.982592
vt 0.755463 0.979011
vt 0.762108 0.978572
vt 0.364596 0.920267
vt 0.359889 0.918821
vt 0.359889 0.894754
vt 0.361899 0.895214
vt 0.365507 0.901786
vt 0.805424 0.963243
vt 0.809972 0.964839
vt 0.806963 0.966925
vt 0.754257 0.977753
vt 0.755063 0.974412
vt 0.754257 0.971455
vt 0.760595 0.970097
vt 0.762963 0.970311
vt 0.764879 0.973758
vt 0.765013 0.977099
vt 0.944034 0.503475
vt 0.952000 0.724078
vt 0.812214 0.963243
vt 0.809707 0.982247
vt 0.806774 0.983084
vt 0.371582 0.893419
vt 0.375480 0.870113
vt 0.375480 0.894188
vt 0.955341 0.738022
vt 0.954986 0.746624
vt 0.365972 0.898483
vt 0.377157 0.895109
vt 0.383033 0.900458
vt 0.366843 0.904897
vt 0.365972 0.911716
vt 0.382733 0.906062
vt 0.382467 0.911495
vt 0.711212 0.957054
vt 0.705015 0.952485
vt 0.709780 0.949193
vt 0.156610 0.834287
vt 0.172539 0.839932
vt 0.173275 0.847691
vt 0.160284 0.843087
vt 0.943772 0.178501
vt 0.937436 0.177459
vt 0.937010 0.170952
vt 0.937796 0.168426
vt 0.948606 0.178402
vt 0.945807 0.179410
vt 0.940850 0.164018
vt 0.942054 0.159087
vt 0.947373 0.155668
vt 0.949229 0.156710
vt 0.949229 0.182680
vt 0.381386 0.913899
vt 0.367214 0.921224
vt 0.171317 0.865810
vt 0.157935 0.861067
vt 0.698652 0.966602
vt 0.698652 0.953572
vt 0.702914 0.952574
vt 0.711212 0.966072
vt 0.154354 0.833063
vt 0.156459 0.860321
vt 0.154354 0.856817
vt 0.379561 0.920088
vt 0.366823 0.923875
vt 0.575610 0.959332
vt 0.575598 0.946738
vt 0.581463 0.944084
vt 0.583574 0.943911
vt 0.587879 0.945895
vt 0.590327 0.946766
vt 0.590327 0.960185
vt 0.337947 0.957936
vt 0.338905 0.962283
vt 0.335212 0.962024
vt 0.326565 0.964109
vt 0.326980 0.960538
vt 0.330792 0.962997
vt 0.330862 0.966162
vt 0.936588 0.087754
vt 0.934685 0.083496
vt 0.937159 0.085315
vt 0.969061 0.988367
vt 0.964492 0.989190
vt 0.964492 0.984404
vt 0.971249 0.984670
vt 0.338128 0.956121
vt 0.332607 0.952605
vt 0.334984 0.948612
vt 0.338072 0.952261
vt 0.338405 0.952624
vt 0.958785 0.655054
vt 0.963286 0.654533
vt 0.963533 0.656667
vt 0.971896 0.584502
vt 0.979545 0.585465
vt 0.980499 0.590393
vt 0.971942 0.584977
vt 0.972724 0.980800
vt 0.965085 0.981777
vt 0.964492 0.976260
vt 0.970972 0.976042
vt 0.972387 0.979082
vt 0.958785 0.658663
vt 0.963486 0.657680
vt 0.963987 0.659045
vt 0.963912 0.662652
vt 0.958785 0.662831
vt 0.326919 0.956177
vt 0.326975 0.952931
vt 0.333882 0.962619
vt 0.332868 0.962582
vt 0.979803 0.596421
vt 0.974432 0.594764
vt 0.971860 0.591127
vt 0.971512 0.589278
vt 0.971546 0.579406
vt 0.978909 0.580835
vt 0.971512 0.579724
vt 0.936846 0.091597
vt 0.936630 0.091741
vt 0.936783 0.091376
vt 0.942665 0.085348
vt 0.942586 0.090447
vt 0.942665 0.092159
vt 0.972771 0.981865
vt 0.326889 0.952105
vt 0.327527 0.950763
vt 0.331012 0.948365
vt 0.334557 0.948365
vt 0.302016 0.956915
vt 0.300655 0.959372
vt 0.301413 0.964203
vt 0.297337 0.966283
vt 0.294144 0.958809
vt 0.299366 0.951152
vt 0.294392 0.951396
vt 0.089095 0.961191
vt 0.090179 0.965456
vt 0.086457 0.965206
vt 0.077803 0.967672
vt 0.078132 0.963901
vt 0.082038 0.966187
vt 0.082186 0.969581
vt 0.958812 0.151251
vt 0.956748 0.146887
vt 0.959352 0.148789
vt 0.020510 0.988686
vt 0.015936 0.989346
vt 0.015936 0.984650
vt 0.022736 0.985124
vt 0.089226 0.959463
vt 0.083570 0.956177
vt 0.085841 0.952568
vt 0.089055 0.955909
vt 0.089401 0.956240
vt 0.287621 0.960080
vt 0.290681 0.955576
vt 0.292760 0.951249
vt 0.293728 0.966283
vt 0.289561 0.966283
vt 0.342479 0.985930
vt 0.346950 0.985431
vt 0.347173 0.987574
vt 0.971831 0.668042
vt 0.979474 0.668943
vt 0.980525 0.673814
vt 0.971887 0.668512
vt 0.024244 0.981371
vt 0.016630 0.982078
vt 0.015936 0.976661
vt 0.022424 0.976656
vt 0.023882 0.979679
vt 0.342479 0.989533
vt 0.347121 0.988587
vt 0.347599 0.989963
vt 0.347522 0.993565
vt 0.342479 0.993694
vt 0.077949 0.959656
vt 0.077914 0.956503
vt 0.085136 0.965812
vt 0.084115 0.965773
vt 0.979633 0.679704
vt 0.974253 0.678103
vt 0.971675 0.674536
vt 0.971366 0.672727
vt 0.971394 0.663006
vt 0.978792 0.664377
vt 0.971366 0.663320
vt 0.959086 0.155105
vt 0.958857 0.155241
vt 0.959023 0.154885
vt 0.964703 0.148713
vt 0.964616 0.153807
vt 0.964703 0.155524
vt 0.024280 0.982419
vt 0.077803 0.955748
vt 0.078404 0.954522
vt 0.081839 0.952336
vt 0.085404 0.952341
vt 0.456711 0.937263
vt 0.455040 0.935139
vt 0.456077 0.932870
vt 0.458704 0.934573
vt 0.461282 0.936203
vt 0.461002 0.937359
vt 0.620121 0.973430
vt 0.620593 0.976222
vt 0.610247 0.975409
vt 0.609860 0.973663
vt 0.610882 0.971859
vt 0.883019 0.982262
vt 0.881121 0.983240
vt 0.882955 0.975893
vt 0.987088 0.125625
vt 0.989183 0.126243
vt 0.990767 0.138327
vt 0.984006 0.136330
vt 0.984903 0.128298
vt 0.483279 0.977899
vt 0.487743 0.980812
vt 0.487100 0.992577
vt 0.483279 0.990581
vt 0.972894 0.947300
vt 0.974611 0.949728
vt 0.965761 0.956556
vt 0.964854 0.953610
vt 0.962184 0.913552
vt 0.961486 0.908391
vt 0.963042 0.907663
vt 0.967935 0.908900
vt 0.967935 0.916349
vt 0.997115 0.370449
vt 0.995259 0.369705
vt 0.997115 0.362288
vt 0.885617 0.981629
vt 0.882899 0.970371
vt 0.885929 0.970371
vt 0.459090 0.942591
vt 0.459688 0.940252
vt 0.459101 0.944646
vt 0.454838 0.939625
vt 0.458723 0.948292
vt 0.453655 0.947943
vt 0.453456 0.945436
vt 0.459816 0.956232
vt 0.460039 0.953647
vt 0.461282 0.956240
vt 0.879406 0.983149
vt 0.876191 0.983938
vt 0.876121 0.976949
vt 0.878377 0.974110
vt 0.880526 0.973306
vt 0.880677 0.971982
vt 0.619617 0.968986
vt 0.618934 0.970611
vt 0.608393 0.969396
vt 0.608146 0.966691
vt 0.608203 0.970268
vt 0.974662 0.954286
vt 0.974846 0.957715
vt 0.966724 0.960755
vt 0.965850 0.959142
vt 0.456638 0.953776
vt 0.454628 0.952280
vt 0.984006 0.124583
vt 0.608871 0.963812
vt 0.612632 0.962609
vt 0.620593 0.963744
vt 0.619692 0.966836
vt 0.452587 0.955527
vt 0.452162 0.950549
vt 0.455511 0.957753
vt 0.842904 0.483846
vt 0.845612 0.488078
vt 0.842904 0.495425
vt 0.971515 0.945117
vt 0.964492 0.948513
vt 0.459450 0.950814
vt 0.452280 0.936624
vt 0.453280 0.934234
vt 0.451170 0.948007
vt 0.453301 0.942091
vt 0.997290 0.683806
vt 0.997290 0.687136
vt 0.995259 0.684810
vt 0.974846 0.942889
vt 0.870387 0.929417
vt 0.875988 0.922285
vt 0.876121 0.924776
vt 0.124576 0.760910
vt 0.126818 0.760032
vt 0.130431 0.765470
vt 0.126124 0.767121
vt 0.969658 0.037204
vt 0.965235 0.041736
vt 0.964924 0.031878
vt 0.967760 0.029008
vt 0.876075 0.919074
vt 0.869833 0.914338
vt 0.875913 0.917239
vt 0.122116 0.791771
vt 0.117788 0.790139
vt 0.123314 0.784757
vt 0.126110 0.785793
vt 0.122433 0.782472
vt 0.570193 0.941197
vt 0.561507 0.937273
vt 0.570340 0.935907
vt 0.379308 0.943110
vt 0.378775 0.950263
vt 0.379170 0.943078
vt 0.564196 0.929837
vt 0.570374 0.932560
vt 0.563978 0.925687
vt 0.570244 0.928730
vt 0.375795 0.945989
vt 0.367448 0.949937
vt 0.371517 0.942993
vt 0.376031 0.943351
vt 0.117560 0.766855
vt 0.123191 0.769774
vt 0.097044 0.969316
vt 0.090883 0.969530
vt 0.091186 0.963183
vt 0.095140 0.963021
vt 0.373878 0.959475
vt 0.364528 0.959616
vt 0.109041 0.771932
vt 0.109334 0.762518
vt 0.117383 0.771103
vt 0.379308 0.959355
vt 0.556177 0.938138
vt 0.556177 0.930256
vt 0.990922 0.898063
vt 0.989552 0.898776
vt 0.986696 0.882692
vt 0.556225 0.947682
vt 0.165501 0.944696
vt 0.167757 0.944885
vt 0.167757 0.961437
vt 0.165141 0.961188
vt 0.109708 0.798252
vt 0.109041 0.789494
vt 0.163067 0.944539
vt 0.116339 0.800772
vt 0.862094 0.932987
vt 0.862553 0.927777
vt 0.154354 0.943126
vt 0.157386 0.943519
vt 0.162329 0.961125
vt 0.158309 0.953200
vt 0.971700 0.048666
vt 0.964924 0.055739
vt 0.861713 0.939668
vt 0.869896 0.931142
vt 0.101701 0.977887
vt 0.090449 0.977887
vt 0.116182 0.756284
vt 0.862049 0.922782
vt 0.862205 0.918008
vt 0.869696 0.922047
vt 0.161278 0.960824
vt 0.861841 0.914391
vt 0.861713 0.911368
vt 0.160729 0.944005
vt 0.995259 0.960058
vt 0.996008 0.960567
vt 0.995911 0.961509
vt 0.995259 0.961066
vt 0.986696 0.900276
vt 0.986753 0.890487
vt 0.132526 0.766857
vt 0.135909 0.766969
vt 0.134831 0.767885
vt 0.132165 0.768057
vt 0.137276 0.768424
vt 0.136240 0.769339
vt 0.135334 0.768458
vt 0.137200 0.769602
vt 0.137657 0.772887
vt 0.136499 0.772129
vt 0.136253 0.770252
vt 0.137947 0.775925
vt 0.137930 0.776073
vt 0.137163 0.776355
vt 0.137222 0.776335
vt 0.137587 0.779375
vt 0.136529 0.778693
vt 0.134136 0.782728
vt 0.133753 0.781458
vt 0.130165 0.783288
vt 0.130330 0.781943
vt 0.126848 0.784093
vt 0.124619 0.783267
vt 0.124623 0.779398
vt 0.124725 0.776722
vt 0.125879 0.776320
vt 0.122948 0.773699
vt 0.124299 0.773631
vt 0.124501 0.770377
vt 0.126811 0.768277
vt 0.130417 0.766877
vt 0.127251 0.782813
vt 0.130282 0.780941
vt 0.995439 0.679707
vt 0.995259 0.676681
vt 0.996285 0.676867
vt 0.996442 0.679501
vt 0.131880 0.768852
vt 0.130358 0.767825
vt 0.133262 0.780519
vt 0.135679 0.778112
vt 0.995259 0.653699
vt 0.995365 0.650378
vt 0.996335 0.649985
vt 0.996242 0.652876
vt 0.135427 0.769968
vt 0.134639 0.769201
vt 0.136282 0.776059
vt 0.135653 0.772397
vt 0.136231 0.776076
vt 0.125310 0.782094
vt 0.995439 0.673786
vt 0.996442 0.674347
vt 0.996027 0.851605
vt 0.996027 0.854132
vt 0.995259 0.853197
vt 0.995259 0.850997
vt 0.134201 0.768703
vt 0.995259 0.856802
vt 0.995259 0.854132
vt 0.996116 0.854595
vt 0.996116 0.856919
vt 0.995365 0.657202
vt 0.996335 0.655925
vt 0.127219 0.769044
vt 0.135438 0.770763
vt 0.125314 0.778725
vt 0.126408 0.776046
vt 0.125032 0.773705
vt 0.125207 0.770872
vt 0.999044 0.073156
vt 0.999044 0.078972
vt 0.995368 0.078734
vt 0.995259 0.072933
vt 0.982585 0.871280
vt 0.982585 0.856788
vt 0.985019 0.859323
vt 0.985019 0.871248
vt 0.947785 0.349653
vt 0.938083 0.351990
vt 0.938636 0.337382
vt 0.938955 0.328938
vt 0.941773 0.326762
vt 0.948614 0.323858
vt 0.948360 0.334459
vt 0.984809 0.855390
vt 0.987011 0.855782
vt 0.411679 0.976791
vt 0.409955 0.978243
vt 0.409955 0.967962
vt 0.414056 0.967871
vt 0.969911 0.390487
vt 0.964091 0.388596
vt 0.964091 0.383688
vt 0.969911 0.382864
vt 0.421134 0.977129
vt 0.414522 0.977423
vt 0.416149 0.971972
vt 0.418850 0.968223
vt 0.421414 0.971971
vt 0.966926 0.403832
vt 0.961106 0.404656
vt 0.961106 0.392474
vt 0.966926 0.396659
vt 0.988968 0.870932
vt 0.988968 0.858837
vt 0.616363 0.989446
vt 0.608146 0.988273
vt 0.608146 0.976222
vt 0.616363 0.976624
vt 0.969911 0.403675
vt 0.848195 0.374919
vt 0.850070 0.381091
vt 0.845485 0.382616
vt 0.845485 0.374574
vt 0.769737 0.990532
vt 0.765530 0.994927
vt 0.765530 0.990656
vt 0.765530 0.986385
vt 0.944093 0.321572
vt 0.947927 0.320329
vt 0.410797 0.964514
vt 0.414333 0.964924
vt 0.938083 0.325311
vt 0.939446 0.322152
vt 0.417868 0.965334
vt 0.461284 0.911648
vt 0.456103 0.912802
vt 0.454852 0.910311
vt 0.460411 0.910458
vt 0.969066 0.022370
vt 0.969066 0.010795
vt 0.971361 0.012993
vt 0.971361 0.022518
vt 0.966471 0.792854
vt 0.957477 0.792565
vt 0.957174 0.781413
vt 0.956999 0.774967
vt 0.959526 0.773895
vt 0.966471 0.773119
vt 0.966156 0.781255
vt 0.971812 0.010140
vt 0.975263 0.011250
vt 0.969665 0.002696
vt 0.973125 0.003169
vt 0.461284 0.918419
vt 0.456103 0.917162
vt 0.656256 0.990396
vt 0.651387 0.994091
vt 0.651387 0.989375
vt 0.652243 0.985363
vt 0.655120 0.986637
vt 0.458784 0.930737
vt 0.453603 0.931891
vt 0.453603 0.921071
vt 0.458784 0.924366
vt 0.976219 0.023076
vt 0.976219 0.013415
vt 0.032995 0.992675
vt 0.026576 0.993891
vt 0.026576 0.984731
vt 0.032995 0.982928
vt 0.461284 0.930134
vt 0.530687 0.991492
vt 0.528308 0.985696
vt 0.532098 0.986609
vt 0.533094 0.993194
vt 0.528308 0.994264
vt 0.999935 0.096233
vt 0.999935 0.101106
vt 0.997597 0.099534
vt 0.995259 0.097961
vt 0.961416 0.770390
vt 0.965943 0.770244
vt 0.970150 -0.000000
vt 0.972486 0.000659
vt 0.455011 0.907884
vt 0.459733 0.906728
vt 0.975446 0.003717
vt 0.974821 0.001318
vt 0.974982 0.006748
vt 0.997645 0.630457
vt 0.995259 0.631875
vt 0.995259 0.628277
vt 0.143630 0.980776
vt 0.144496 0.984142
vt 0.141450 0.983862
vt 0.197691 0.984098
vt 0.200923 0.983956
vt 0.201190 0.987312
vt 0.197882 0.987815
vt 0.138922 0.970793
vt 0.135716 0.973357
vt 0.137016 0.970939
vt 0.195113 0.993736
vt 0.191757 0.993953
vt 0.191913 0.990252
vt 0.196594 0.991404
vt 0.143865 0.979136
vt 0.139609 0.975566
vt 0.142184 0.971097
vt 0.144268 0.975076
vt 0.144496 0.975471
vt 0.201228 0.988864
vt 0.679415 0.986397
vt 0.685164 0.986741
vt 0.685189 0.991506
vt 0.679383 0.986860
vt 0.197582 0.988841
vt 0.191757 0.989212
vt 0.192178 0.983955
vt 0.196907 0.984382
vt 0.197559 0.987252
vt 0.197794 0.990891
vt 0.201165 0.989700
vt 0.201553 0.990820
vt 0.201407 0.993877
vt 0.197691 0.994444
vt 0.137874 0.984417
vt 0.134964 0.981867
vt 0.134913 0.978350
vt 0.134974 0.975699
vt 0.140394 0.983741
vt 0.139550 0.983709
vt 0.993650 0.478051
vt 0.993650 0.483671
vt 0.990102 0.482711
vt 0.988961 0.480169
vt 0.988734 0.478596
vt 0.989105 0.474880
vt 0.679827 0.981583
vt 0.685189 0.982719
vt 0.679759 0.981887
vt 0.142046 0.970840
vt 0.141862 0.970825
vt 0.684818 0.978383
vt 0.685092 0.981754
vt 0.679768 0.981456
vt 0.679539 0.979411
vt 0.679999 0.978071
vt 0.197657 0.989565
vt 0.135011 0.974804
vt 0.984385 0.235147
vt 0.988610 0.235417
vt 0.989184 0.250134
vt 0.986769 0.254037
vt 0.984385 0.253915
vt 0.129537 0.890300
vt 0.126862 0.889843
vt 0.126862 0.871393
vt 0.130267 0.872097
vt 0.953339 0.608823
vt 0.962871 0.609475
vt 0.963008 0.616840
vt 0.959621 0.627958
vt 0.957586 0.627811
vt 0.953339 0.625668
vt 0.953627 0.620275
vt 0.955067 0.620169
vt 0.953561 0.619706
vt 0.979934 0.415231
vt 0.975914 0.411138
vt 0.981898 0.410867
vt 0.980267 0.429478
vt 0.975809 0.429050
vt 0.974154 0.410867
vt 0.310702 0.971359
vt 0.305178 0.971284
vt 0.306738 0.968429
vt 0.312020 0.983651
vt 0.306229 0.982198
vt 0.305178 0.980068
vt 0.305880 0.975659
vt 0.312766 0.972394
vt 0.314440 0.977807
vt 0.314552 0.982500
vt 0.965187 0.628082
vt 0.575571 0.889492
vt 0.575571 0.908842
vt 0.571638 0.890586
vt 0.890973 0.971103
vt 0.890973 0.988414
vt 0.888051 0.988254
vt 0.886725 0.978036
vt 0.888721 0.977875
vt 0.886751 0.977497
vt 0.885929 0.972343
vt 0.888567 0.970371
vt 0.338905 0.965836
vt 0.342011 0.948365
vt 0.342011 0.966873
vt 0.980646 0.502427
vt 0.976885 0.521217
vt 0.972821 0.509778
vt 0.972819 0.502427
vt 0.991036 0.382020
vt 0.983564 0.380218
vt 0.983353 0.378544
vt 0.983335 0.377747
vt 0.990947 0.377160
vt 0.988030 0.375016
vt 0.991036 0.374741
vt 0.952130 0.057332
vt 0.951236 0.050365
vt 0.955012 0.050731
vt 0.955977 0.057687
vt 0.948942 0.057687
vt 0.949055 0.050612
vt 0.983607 0.372613
vt 0.991036 0.371274
vt 0.990175 0.601918
vt 0.989926 0.602682
vt 0.982670 0.603211
vt 0.982425 0.597629
vt 0.986165 0.595784
vt 0.988339 0.596557
vt 0.987819 0.599312
vt 0.837665 0.382463
vt 0.830475 0.382759
vt 0.830475 0.374174
vt 0.837895 0.374978
vt 0.990144 0.604346
vt 0.982425 0.608380
vt 0.423880 0.982705
vt 0.430982 0.982203
vt 0.430743 0.987241
vt 0.430877 0.991604
vt 0.423880 0.992662
vt 0.983596 0.375435
vt 0.974773 0.500172
vt 0.970359 0.499595
vt 0.973597 0.484860
vt 0.975543 0.485107
vt 0.980277 0.939319
vt 0.984023 0.932267
vt 0.985891 0.932022
vt 0.985804 0.933765
vt 0.987404 0.934498
vt 0.987404 0.938833
vt 0.986474 0.939855
vt 0.981635 0.941320
vt 0.970314 0.484521
vt 0.970658 0.489017
vt 0.968359 0.499019
vt 0.969641 0.484361
vt 0.982078 0.530028
vt 0.981128 0.528135
vt 0.982465 0.528176
vt 0.988617 0.542875
vt 0.987972 0.542763
vt 0.986286 0.528863
vt 0.986383 0.527822
vt 0.988617 0.534168
vt 0.828656 0.971088
vt 0.824756 0.976186
vt 0.824225 0.976313
vt 0.823007 0.975440
vt 0.871085 0.988612
vt 0.869894 0.989004
vt 0.869894 0.980476
vt 0.871683 0.974175
vt 0.978869 0.499665
vt 0.976664 0.484496
vt 0.978869 0.484282
vt 0.875770 0.989248
vt 0.873342 0.974272
vt 0.874975 0.974918
vt 0.972301 0.484768
vt 0.982785 0.537917
vt 0.988006 0.527771
vt 0.979231 0.938337
vt 0.980028 0.936229
vt 0.980094 0.934907
vt 0.981171 0.932707
vt 0.982519 0.931784
vt 0.995259 0.781063
vt 0.996630 0.779891
vt 0.996160 0.781215
vt 0.995727 0.813572
vt 0.995259 0.812247
vt 0.996401 0.813503
vt 0.995259 0.815089
vt 0.996630 0.782733
vt 0.828656 0.986703
vt 0.824027 0.985788
vt 0.823469 0.983843
vt 0.995259 0.949971
vt 0.995259 0.947974
vt 0.995877 0.948673
vt 0.981846 0.538361
vt 0.981878 0.542709
vt 0.980929 0.537592
vt 0.927840 0.828785
vt 0.928602 0.826151
vt 0.933550 0.828229
vt 0.936534 0.831914
vt 0.212177 0.928357
vt 0.209471 0.927543
vt 0.212177 0.916729
vt 0.923729 0.849411
vt 0.924424 0.846307
vt 0.931907 0.850255
vt 0.985667 0.498067
vt 0.982940 0.499827
vt 0.978869 0.488264
vt 0.984781 0.484282
vt 0.924791 0.843779
vt 0.925679 0.840514
vt 0.935784 0.842578
vt 0.978869 0.502261
vt 0.925982 0.837022
vt 0.926947 0.834079
vt 0.934063 0.834813
vt 0.936228 0.836657
vt 0.935815 0.838405
vt 0.134842 0.991038
vt 0.131800 0.992355
vt 0.130598 0.985831
vt 0.134842 0.981294
vt 0.936740 0.835734
vt 0.638176 0.960019
vt 0.633578 0.959572
vt 0.633531 0.956382
vt 0.638065 0.952486
vt 0.186214 0.835230
vt 0.191473 0.839180
vt 0.191280 0.841816
vt 0.184883 0.838910
vt 0.629227 0.959065
vt 0.628059 0.949500
vt 0.373305 0.975541
vt 0.373437 0.979747
vt 0.365702 0.976710
vt 0.625852 0.958724
vt 0.623363 0.958413
vt 0.623363 0.946290
vt 0.625874 0.946751
vt 0.373153 0.982755
vt 0.373437 0.987918
vt 0.364528 0.987008
vt 0.364603 0.979258
vt 0.923844 0.851368
vt 0.934756 0.849884
vt 0.935484 0.854639
vt 0.993878 0.567727
vt 0.992718 0.578250
vt 0.988895 0.578880
vt 0.988895 0.568587
vt 0.189222 0.833063
vt 0.975317 0.853464
vt 0.968647 0.855374
vt 0.968647 0.846349
vt 0.975520 0.848027
vt 0.178065 0.842633
vt 0.180693 0.839381
vt 0.182193 0.838254
vt 0.938104 0.854275
vt 0.938331 0.855390
vt 0.187193 0.848677
vt 0.184197 0.853029
vt 0.180932 0.849259
vt 0.995259 0.700822
vt 0.997702 0.701642
vt 0.995259 0.703415
vt 0.177126 0.855876
vt 0.183253 0.856529
vt 0.187208 0.861919
vt 0.178151 0.857887
vt 0.628298 0.944624
vt 0.633158 0.948273
vt 0.188051 0.859542
vt 0.191473 0.866116
vt 0.173275 0.848279
vt 0.626581 0.944138
vt 0.635273 0.947090
vt 0.923729 0.854515
vt 0.185494 0.865036
vt 0.179854 0.860406
vt 0.979685 0.631476
vt 0.976330 0.631750
vt 0.974545 0.628873
vt 0.975847 0.627520
vt 0.979685 0.627040
vt 0.442687 0.976837
vt 0.443357 0.976042
vt 0.443770 0.977273
vt 0.445360 0.978210
vt 0.446075 0.978430
vt 0.445862 0.980345
vt 0.444040 0.980797
vt 0.989174 0.693490
vt 0.992883 0.693612
vt 0.992769 0.697848
vt 0.989066 0.697886
vt 0.989871 0.691517
vt 0.994093 0.692492
vt 0.996821 0.708146
vt 0.996974 0.711483
vt 0.995259 0.711483
vt 0.995380 0.710292
vt 0.995380 0.708163
vt 0.994093 0.700860
vt 0.992975 0.702369
vt 0.989624 0.702552
vt 0.440709 0.981413
vt 0.436761 0.979872
vt 0.436175 0.977974
vt 0.436588 0.976462
vt 0.438342 0.976911
vt 0.440257 0.978144
vt 0.439457 0.977163
vt 0.437687 0.976066
vt 0.436688 0.975843
vt 0.437280 0.973903
vt 0.995814 0.491281
vt 0.995259 0.491242
vt 0.995884 0.491113
vt 0.995897 0.486207
vt 0.995883 0.486009
vt 0.997487 0.487077
vt 0.997548 0.491399
vt 0.439669 0.967678
vt 0.441486 0.968935
vt 0.440633 0.969558
vt 0.439173 0.969991
vt 0.439917 0.970367
vt 0.441114 0.970202
vt 0.442099 0.969433
vt 0.446395 0.972435
vt 0.443865 0.975440
vt 0.442601 0.974806
vt 0.442305 0.974932
vt 0.436594 0.972974
vt 0.436175 0.968138
vt 0.933940 0.496209
vt 0.936434 0.496379
vt 0.939380 0.498134
vt 0.940316 0.501043
vt 0.934348 0.501422
vt 0.997032 0.485753
vt 0.995259 0.478931
vt 0.997032 0.478421
vt 0.933940 0.504077
vt 0.940656 0.503703
vt 0.442830 0.968759
vt 0.443322 0.968031
vt 0.446757 0.970837
vt 0.999052 0.290083
vt 0.995259 0.290183
vt 0.996200 0.285957
vt 0.999052 0.285691
vt 0.997224 0.389489
vt 0.997111 0.391168
vt 0.996484 0.395087
vt 0.995259 0.394844
vt 0.995259 0.387835
vt 0.995287 0.387746
vt 0.436717 0.976352
vt 0.438308 0.976787
vt 0.440009 0.977869
vt 0.995518 0.023271
vt 0.996364 0.023005
vt 0.996431 0.023114
vt 0.995259 0.023473
vt 0.997713 0.021584
vt 0.997866 0.021673
vt 0.998242 0.020754
vt 0.998411 0.020781
vt 0.995796 0.491068
vt 0.995743 0.486294
vt 0.995728 0.486087
vt 0.997587 0.019104
vt 0.997680 0.019098
vt 0.995259 0.016224
vt 0.995358 0.015953
vt 0.011289 0.995545
vt 0.011131 0.996103
vt 0.011081 0.996155
vt 0.011081 0.995266
vt 0.996223 0.434276
vt 0.995944 0.433306
vt 0.995974 0.432068
vt 0.998030 0.432068
vt 0.997436 0.434604
vt 0.996318 0.437013
vt 0.997513 0.437064
vt 0.013473 0.995815
vt 0.013466 0.995407
vt 0.013604 0.995266
vt 0.013604 0.995917
vt 0.996060 0.434269
vt 0.995790 0.433326
vt 0.995824 0.432145
vt 0.996630 0.551787
vt 0.996545 0.550281
vt 0.996642 0.550274
vt 0.996727 0.551847
vt 0.996619 0.549188
vt 0.996718 0.549108
vt 0.996139 0.436949
vt 0.995259 0.546702
vt 0.995332 0.546551
vt 0.441584 0.969045
vt 0.440730 0.969641
vt 0.439428 0.970081
vt 0.013126 0.995495
vt 0.013122 0.996001
vt 0.012979 0.995993
vt 0.012979 0.995266
vt 0.995259 0.553537
vt 0.995882 0.552708
vt 0.995927 0.552827
vt 0.995305 0.553689
vt 0.976359 0.633358
vt 0.974577 0.633420
vt 0.973346 0.632650
vt 0.979685 0.633438
vt 0.010044 0.995266
vt 0.010044 0.996136
vt 0.010038 0.996422
vt 0.009831 0.995319
vt 0.979498 0.634428
vt 0.979510 0.633672
vt 0.979685 0.634473
vt 0.996052 0.298817
vt 0.995680 0.300337
vt 0.995510 0.300272
vt 0.995904 0.298688
vt 0.995458 0.302676
vt 0.995259 0.302734
vt 0.995496 0.303777
vt 0.995353 0.303841
vt 0.997131 0.298098
vt 0.997169 0.297865
vt 0.996083 0.304865
vt 0.995950 0.304933
vt 0.997154 0.306458
vt 0.997169 0.306710
vt 0.976406 0.633533
vt 0.974637 0.633604
vt 0.995259 0.850975
vt 0.995888 0.849306
vt 0.996086 0.849226
vt 0.995374 0.850997
vt 0.995259 0.848229
vt 0.995329 0.848045
vt 0.442667 0.974977
vt 0.442485 0.975014
vt 0.436789 0.975858
vt 0.437735 0.976068
vt 0.439447 0.977102
vt 0.995284 0.491130
vt 0.995417 0.487336
vt 0.995259 0.485753
vt 0.995651 0.434163
vt 0.995381 0.433369
vt 0.995259 0.432182
vt 0.995764 0.436952
vt 0.442044 0.969414
vt 0.441113 0.970126
vt 0.439971 0.970326
vt 0.446021 0.978282
vt 0.445302 0.978015
vt 0.443837 0.977111
vt 0.443380 0.975975
vt 0.443770 0.975600
vt 0.444494 0.976793
vt 0.446079 0.977491
vt 0.977608 0.634374
vt 0.976430 0.634229
vt 0.975745 0.886016
vt 0.972670 0.885907
vt 0.970892 0.882631
vt 0.972028 0.881353
vt 0.975548 0.881353
vt 0.883979 0.497597
vt 0.884544 0.496713
vt 0.884874 0.497882
vt 0.886187 0.498583
vt 0.886768 0.498738
vt 0.886597 0.500586
vt 0.885066 0.501336
vt 0.773951 0.994910
vt 0.770625 0.994452
vt 0.770513 0.991532
vt 0.773826 0.991878
vt 0.997787 0.050209
vt 0.998380 0.054337
vt 0.996611 0.054100
vt 0.995259 0.050964
vt 0.836823 0.990501
vt 0.835790 0.987605
vt 0.837410 0.986803
vt 0.837606 0.987924
vt 0.838175 0.989816
vt 0.769737 0.987969
vt 0.770932 0.986385
vt 0.773951 0.986525
vt 0.882081 0.503090
vt 0.878586 0.502849
vt 0.878097 0.501117
vt 0.878503 0.499400
vt 0.880076 0.499218
vt 0.881763 0.499830
vt 0.881072 0.499080
vt 0.879500 0.498598
vt 0.878608 0.498723
vt 0.879192 0.496480
vt 0.999221 0.049890
vt 0.999684 0.049787
vt 0.999224 0.050046
vt 0.999684 0.054838
vt 0.999645 0.055069
vt 0.881133 0.490300
vt 0.882742 0.490937
vt 0.882018 0.491701
vt 0.880755 0.492486
vt 0.881410 0.492623
vt 0.882447 0.492162
vt 0.883286 0.491218
vt 0.887097 0.492726
vt 0.884973 0.496042
vt 0.883853 0.495834
vt 0.883597 0.496027
vt 0.878565 0.495868
vt 0.878097 0.491661
vt 0.733802 0.986943
vt 0.736070 0.986971
vt 0.738616 0.988684
vt 0.739206 0.991920
vt 0.733679 0.992979
vt 0.971552 0.461545
vt 0.971802 0.468106
vt 0.970297 0.468304
vt 0.968359 0.468204
vt 0.968359 0.462524
vt 0.883849 0.490609
vt 0.884222 0.489953
vt 0.887331 0.491354
vt 0.060893 0.986749
vt 0.064112 0.988223
vt 0.062577 0.990590
vt 0.060114 0.989646
vt 0.973739 0.462642
vt 0.973278 0.464358
vt 0.972868 0.468133
vt 0.972394 0.461212
vt 0.878613 0.499269
vt 0.880038 0.499134
vt 0.881542 0.499647
vt 0.995259 0.984352
vt 0.995498 0.983564
vt 0.995620 0.983587
vt 0.995270 0.984638
vt 0.995259 0.982191
vt 0.995411 0.982143
vt 0.012978 0.995291
vt 0.012963 0.996110
vt 0.012829 0.996137
vt 0.012829 0.995266
vt 0.000000 0.999936
vt 0.000026 0.995493
vt 0.000184 0.995463
vt 0.000062 1.000000
vt 0.000000 0.995293
vt 0.000139 0.995266
vt 0.973818 0.462760
vt 0.973359 0.464397
vt 0.973106 0.467963
vt 0.012496 0.995451
vt 0.012360 0.996024
vt 0.012315 0.996097
vt 0.012315 0.995266
vt 0.736245 0.986126
vt 0.737187 0.986632
vt 0.738402 0.987275
vt 0.733724 0.986126
vt 0.013722 0.995680
vt 0.013716 0.995359
vt 0.013845 0.995266
vt 0.013845 0.995777
vt 0.995396 0.817614
vt 0.995764 0.818654
vt 0.995640 0.818637
vt 0.995259 0.817568
vt 0.995898 0.819859
vt 0.995787 0.819904
vt 0.063997 0.992320
vt 0.063107 0.991395
vt 0.063194 0.991307
vt 0.064112 0.992294
vt 0.062530 0.990723
vt 0.995898 0.815190
vt 0.995760 0.815089
vt 0.060128 0.989806
vt 0.882825 0.491023
vt 0.882100 0.491766
vt 0.880971 0.492523
vt 0.063691 0.994832
vt 0.063780 0.994389
vt 0.063896 0.994470
vt 0.063782 0.995069
vt 0.063917 0.993312
vt 0.064027 0.993346
vt 0.972769 0.887606
vt 0.971024 0.886835
vt 0.969801 0.885558
vt 0.975833 0.888077
vt 0.010694 0.995266
vt 0.010694 0.996228
vt 0.010671 0.996500
vt 0.010516 0.995342
vt 0.838199 0.989607
vt 0.838924 0.989250
vt 0.839145 0.989325
vt 0.838425 0.983030
vt 0.837705 0.984196
vt 0.837525 0.984100
vt 0.838327 0.982875
vt 0.837483 0.985941
vt 0.837310 0.985923
vt 0.837536 0.986799
vt 0.839133 0.982879
vt 0.839145 0.982716
vt 0.837721 0.987914
vt 0.995429 0.810491
vt 0.995958 0.812236
vt 0.995772 0.812247
vt 0.995259 0.810493
vt 0.885465 0.497353
vt 0.884882 0.496248
vt 0.885579 0.497192
vt 0.883906 0.495996
vt 0.883748 0.496078
vt 0.995958 0.807745
vt 0.995776 0.807539
vt 0.878690 0.498732
vt 0.879533 0.498615
vt 0.881056 0.499048
vt 0.974180 0.463061
vt 0.974118 0.463274
vt 0.973359 0.467939
vt 0.884091 0.490014
vt 0.883742 0.490633
vt 0.883231 0.491236
vt 0.883410 0.490516
vt 0.883814 0.489847
vt 0.062393 0.990924
vt 0.060076 0.990072
vt 0.882438 0.492114
vt 0.881450 0.492595
vt 0.838830 0.983020
vt 0.838176 0.984542
vt 0.838195 0.986439
vt 0.884553 0.496679
vt 0.991428 0.122568
vt 0.986589 0.122568
vt 0.986873 0.112840
vt 0.989280 0.110248
vt 0.991479 0.110325
vt 0.849858 0.395177
vt 0.848200 0.395329
vt 0.848200 0.383030
vt 0.850251 0.382780
vt 0.720523 0.987990
vt 0.716553 0.987873
vt 0.716323 0.982939
vt 0.717413 0.975276
vt 0.718238 0.975302
vt 0.720113 0.976621
vt 0.984431 0.110612
vt 0.990777 0.826151
vt 0.993882 0.826518
vt 0.993882 0.838797
vt 0.992476 0.838719
vt 0.990231 0.835653
vt 0.988628 0.734023
vt 0.992141 0.734477
vt 0.990291 0.735819
vt 0.946349 0.717218
vt 0.945626 0.722145
vt 0.944514 0.723042
vt 0.942191 0.722452
vt 0.939896 0.723056
vt 0.939896 0.718358
vt 0.940425 0.716602
vt 0.943257 0.715170
vt 0.945726 0.715067
vt 0.714303 0.975248
vt 0.711782 0.987876
vt 0.711782 0.975250
vt 0.993266 0.734023
vt 0.993146 0.746868
vt 0.991356 0.747107
vt 0.671089 0.963654
vt 0.668941 0.975868
vt 0.668214 0.963654
vt 0.922620 0.985835
vt 0.922580 0.991847
vt 0.918373 0.994487
vt 0.918144 0.985835
vt 0.882717 0.984103
vt 0.882717 0.993161
vt 0.879035 0.992569
vt 0.963236 0.224612
vt 0.958443 0.223477
vt 0.961452 0.219660
vt 0.967977 0.493786
vt 0.958835 0.493786
vt 0.960034 0.489964
vt 0.967489 0.489964
vt 0.957787 0.205487
vt 0.962131 0.206769
vt 0.963236 0.210964
vt 0.963029 0.212417
vt 0.954641 0.206342
vt 0.956333 0.205018
vt 0.961596 0.215862
vt 0.957095 0.223040
vt 0.953713 0.204167
vt 0.877745 0.991812
vt 0.876121 0.983938
vt 0.436175 0.981804
vt 0.443871 0.981413
vt 0.443646 0.991392
vt 0.436175 0.991772
vt 0.968317 0.496656
vt 0.968202 0.498071
vt 0.964474 0.502243
vt 0.958146 0.502243
vt 0.954498 0.222127
vt 0.951855 0.216298
vt 0.952181 0.203639
vt 0.538712 0.994287
vt 0.541388 0.984980
vt 0.544044 0.984599
vt 0.544044 0.993767
vt 0.767173 0.982536
vt 0.774261 0.982561
vt 0.774606 0.984697
vt 0.767197 0.986385
vt 0.765640 0.978803
vt 0.765530 0.977470
vt 0.766641 0.974886
vt 0.767122 0.973375
vt 0.774669 0.973375
vt 0.746224 0.982323
vt 0.745879 0.980058
vt 0.748315 0.980287
vt 0.970756 0.181262
vt 0.968278 0.181133
vt 0.967933 0.177894
vt 0.970512 0.177947
vt 0.750821 0.990465
vt 0.753093 0.988341
vt 0.752543 0.990518
vt 0.285096 0.985271
vt 0.287471 0.985142
vt 0.287471 0.988485
vt 0.283955 0.987525
vt 0.746046 0.983557
vt 0.749667 0.986425
vt 0.748193 0.990204
vt 0.746104 0.986887
vt 0.745879 0.986558
vt 0.967901 0.176854
vt 0.995561 0.591602
vt 0.997521 0.595654
vt 0.995259 0.595654
vt 0.995328 0.591578
vt 0.283186 0.989980
vt 0.287155 0.989933
vt 0.287471 0.994174
vt 0.284102 0.993693
vt 0.283364 0.991294
vt 0.970625 0.175798
vt 0.967967 0.176298
vt 0.967762 0.175663
vt 0.967923 0.173550
vt 0.970756 0.173315
vt 0.751340 0.980018
vt 0.753854 0.982089
vt 0.753644 0.984534
vt 0.753429 0.986395
vt 0.749263 0.980134
vt 0.749929 0.980156
vt 0.916103 0.473749
vt 0.915884 0.469488
vt 0.918867 0.469495
vt 0.920216 0.470886
vt 0.920517 0.471980
vt 0.920517 0.474709
vt 0.997132 0.617726
vt 0.997150 0.621783
vt 0.995259 0.621599
vt 0.995259 0.617211
vt 0.997013 0.617661
vt 0.748347 0.990430
vt 0.748479 0.990430
vt 0.995259 0.208877
vt 0.995378 0.205435
vt 0.995387 0.204308
vt 0.999436 0.204258
vt 0.999471 0.204399
vt 0.999471 0.206782
vt 0.998995 0.208445
vt 0.283163 0.989268
vt 0.753496 0.987139
vt 0.979403 0.381546
vt 0.977752 0.380304
vt 0.974470 0.380219
vt 0.973101 0.377162
vt 0.978198 0.375908
vt 0.983335 0.380449
vt 0.983219 0.377007
vt 0.287950 0.982413
vt 0.287621 0.980075
vt 0.290047 0.980335
vt 0.998192 0.031527
vt 0.995784 0.031477
vt 0.995348 0.028240
vt 0.997885 0.028199
vt 0.292617 0.990496
vt 0.294851 0.988445
vt 0.294345 0.990536
vt 0.847484 0.986033
vt 0.849838 0.985868
vt 0.849838 0.989205
vt 0.846344 0.988301
vt 0.287778 0.983648
vt 0.291411 0.986533
vt 0.289998 0.990204
vt 0.287875 0.986924
vt 0.287647 0.986598
vt 0.977402 0.371274
vt 0.980423 0.373937
vt 0.983335 0.375906
vt 0.973137 0.374687
vt 0.973179 0.371828
vt 0.995355 0.027174
vt 0.997198 0.595793
vt 0.997198 0.600260
vt 0.995259 0.599114
vt 0.997009 0.595654
vt 0.845572 0.990764
vt 0.849495 0.990653
vt 0.849838 0.994884
vt 0.846499 0.994457
vt 0.845755 0.992073
vt 0.998028 0.026005
vt 0.995432 0.026603
vt 0.995259 0.025957
vt 0.995451 0.023799
vt 0.998192 0.023473
vt 0.293070 0.980075
vt 0.295594 0.982152
vt 0.295378 0.984647
vt 0.295160 0.986541
vt 0.290998 0.980173
vt 0.291661 0.980206
vt 0.911247 0.473632
vt 0.911035 0.469356
vt 0.914013 0.469396
vt 0.915365 0.470826
vt 0.915665 0.471931
vt 0.915665 0.474678
vt 0.997196 0.607369
vt 0.997201 0.611415
vt 0.995259 0.611249
vt 0.995259 0.606878
vt 0.997073 0.607306
vt 0.290154 0.990425
vt 0.290285 0.990430
vt 0.995259 0.213482
vt 0.995405 0.210042
vt 0.995413 0.208912
vt 0.999414 0.208877
vt 0.999449 0.209018
vt 0.999449 0.211408
vt 0.998975 0.213072
vt 0.845552 0.990054
vt 0.295237 0.987271
vt 0.221261 0.924449
vt 0.227496 0.914313
vt 0.227512 0.917573
vt 0.166330 0.791986
vt 0.164132 0.791584
vt 0.161788 0.784355
vt 0.166130 0.785193
vt 0.180714 0.914635
vt 0.181050 0.920749
vt 0.173590 0.917485
vt 0.173402 0.913567
vt 0.227509 0.911006
vt 0.220964 0.906511
vt 0.227493 0.908373
vt 0.169142 0.762422
vt 0.173473 0.766570
vt 0.169131 0.769108
vt 0.166335 0.766447
vt 0.916376 0.894684
vt 0.910715 0.901481
vt 0.910288 0.898970
vt 0.919299 0.906184
vt 0.910471 0.906418
vt 0.958428 0.404635
vt 0.958326 0.396103
vt 0.958536 0.404592
vt 0.916455 0.913689
vt 0.910360 0.910051
vt 0.916589 0.917819
vt 0.910413 0.913850
vt 0.175930 0.905102
vt 0.181126 0.909651
vt 0.173626 0.910346
vt 0.173275 0.906596
vt 0.173460 0.790087
vt 0.169101 0.784227
vt 0.189538 0.899481
vt 0.191154 0.906429
vt 0.924442 0.914625
vt 0.924749 0.923813
vt 0.957800 0.385616
vt 0.961106 0.382864
vt 0.961106 0.399147
vt 0.924625 0.906052
vt 0.951768 0.389765
vt 0.953901 0.388340
vt 0.924749 0.897168
vt 0.950809 0.390821
vt 0.956101 0.406629
vt 0.924395 0.888303
vt 0.370436 0.520570
vt 0.371904 0.520570
vt 0.371886 0.538029
vt 0.173356 0.756284
vt 0.179993 0.762659
vt 0.212516 0.929726
vt 0.212665 0.925114
vt 0.212219 0.905129
vt 0.212215 0.902214
vt 0.227648 0.907405
vt 0.190543 0.916383
vt 0.191154 0.925789
vt 0.761768 0.992262
vt 0.754257 0.991547
vt 0.754257 0.982592
vt 0.756396 0.983090
vt 0.179993 0.798763
vt 0.173053 0.801056
vt 0.212267 0.919070
vt 0.212264 0.914341
vt 0.220520 0.916337
vt 0.212209 0.909065
vt 0.212217 0.899390
vt 0.212209 0.899144
vt 0.227441 0.903914
vt 0.995259 0.694394
vt 0.995271 0.693485
vt 0.996104 0.693162
vt 0.996093 0.693953
vt 0.960526 0.402706
vt 0.159699 0.781748
vt 0.156308 0.779676
vt 0.157432 0.779389
vt 0.160109 0.780761
vt 0.154950 0.777422
vt 0.156033 0.777113
vt 0.156933 0.778522
vt 0.155072 0.776292
vt 0.154613 0.772719
vt 0.155801 0.774160
vt 0.156030 0.776188
vt 0.154354 0.769499
vt 0.154379 0.769363
vt 0.155208 0.769539
vt 0.155152 0.769526
vt 0.154733 0.766238
vt 0.155824 0.767546
vt 0.158246 0.764875
vt 0.158651 0.766381
vt 0.162238 0.766613
vt 0.162094 0.767878
vt 0.165611 0.767736
vt 0.167841 0.769858
vt 0.169901 0.771889
vt 0.167797 0.773741
vt 0.167632 0.776360
vt 0.166504 0.776105
vt 0.169385 0.780426
vt 0.168063 0.779721
vt 0.167828 0.782872
vt 0.165487 0.783643
vt 0.161853 0.782959
vt 0.998563 -0.000000
vt 0.998563 0.007191
vt 0.995259 0.007184
vt 0.165022 0.768743
vt 0.161960 0.768866
vt 0.166952 0.781920
vt 0.167157 0.779176
vt 0.160232 0.780082
vt 0.161750 0.781996
vt 0.158963 0.767563
vt 0.156501 0.768577
vt 0.995259 0.846104
vt 0.995259 0.844065
vt 0.996296 0.843601
vt 0.996296 0.845377
vt 0.156684 0.776906
vt 0.157467 0.778133
vt 0.995318 0.691539
vt 0.995259 0.687136
vt 0.996093 0.687634
vt 0.996145 0.691467
vt 0.013845 0.995266
vt 0.013881 0.995310
vt 0.013877 0.996464
vt 0.013845 0.996425
vt 0.166963 0.770590
vt 0.164914 0.782591
vt 0.996134 0.786721
vt 0.996134 0.790689
vt 0.995259 0.789704
vt 0.995259 0.786250
vt 0.157902 0.778888
vt 0.995259 0.859023
vt 0.995259 0.856919
vt 0.996309 0.857337
vt 0.996309 0.859168
vt 0.155965 0.770312
vt 0.166925 0.773971
vt 0.995259 0.801432
vt 0.995259 0.798217
vt 0.996344 0.798331
vt 0.996344 0.801130
vt 0.156681 0.776101
vt 0.156482 0.774336
vt 0.155916 0.770301
vt 0.165800 0.776028
vt 0.971289 0.907663
vt 0.971289 0.914339
vt 0.968113 0.916399
vt 0.967935 0.909448
vt 0.956411 0.579153
vt 0.956411 0.565571
vt 0.959471 0.568031
vt 0.959471 0.579206
vt 0.929953 0.527771
vt 0.941660 0.527771
vt 0.941797 0.541210
vt 0.941877 0.548978
vt 0.938560 0.550368
vt 0.928841 0.551725
vt 0.930096 0.541749
vt 0.959801 0.564219
vt 0.963826 0.564409
vt 0.957415 0.556370
vt 0.961101 0.555244
vt 0.969359 0.452916
vt 0.974024 0.456019
vt 0.974024 0.461140
vt 0.969359 0.460870
vt 0.203803 0.970256
vt 0.210358 0.972691
vt 0.206628 0.976910
vt 0.202609 0.979265
vt 0.201553 0.974823
vt 0.972094 0.439291
vt 0.976759 0.439561
vt 0.976759 0.452271
vt 0.972094 0.446774
vt 0.965472 0.578838
vt 0.965472 0.567502
vt 0.145886 0.976287
vt 0.154293 0.977244
vt 0.154293 0.989119
vt 0.145886 0.988924
vt 0.969359 0.439157
vt 0.993104 0.211125
vt 0.991537 0.203639
vt 0.995165 0.203945
vt 0.995165 0.212620
vt 0.623363 0.986201
vt 0.628721 0.988754
vt 0.626042 0.990960
vt 0.623363 0.993165
vt 0.936018 0.554668
vt 0.929155 0.555244
vt 0.206827 0.981185
vt 0.210358 0.982213
vt 0.208284 0.985076
vt 0.205327 0.983633
vt 0.945270 0.230432
vt 0.944253 0.236031
vt 0.941437 0.235730
vt 0.940775 0.230432
vt 0.202371 0.982190
vt 0.963046 0.558487
vt 0.995259 0.461587
vt 0.995759 0.457480
vt 0.998421 0.457425
vt 0.998455 0.461587
vt 0.977810 0.156073
vt 0.977810 0.167482
vt 0.975629 0.165438
vt 0.975629 0.156051
vt 0.958750 0.470678
vt 0.968254 0.468304
vt 0.968321 0.479077
vt 0.968359 0.485305
vt 0.965662 0.487095
vt 0.958750 0.489907
vt 0.958819 0.481883
vt 0.975069 0.168222
vt 0.971514 0.167199
vt 0.977339 0.175537
vt 0.973607 0.175074
vt 0.959137 0.450181
vt 0.963055 0.452569
vt 0.963055 0.456671
vt 0.959137 0.456553
vt 0.967733 0.451374
vt 0.966479 0.455960
vt 0.964991 0.459253
vt 0.960695 0.439188
vt 0.964613 0.439306
vt 0.964613 0.449489
vt 0.960695 0.445184
vt 0.970784 0.155668
vt 0.970784 0.165190
vt 0.969359 0.439595
vt 0.969359 0.449165
vt 0.959137 0.439157
vt 0.996477 0.066697
vt 0.995259 0.060261
vt 0.998163 0.059963
vt 0.998163 0.067850
vt 0.046939 0.988087
vt 0.050200 0.985371
vt 0.050200 0.989014
vt 0.050200 0.992658
vt 0.995259 0.128601
vt 0.995259 0.121430
vt 0.998312 0.123354
vt 0.998045 0.128350
vt 0.976804 0.178190
vt 0.974175 0.177497
vt 0.995259 0.468717
vt 0.998092 0.469672
vt 0.998202 0.472214
vt 0.995259 0.473199
vt 0.970818 0.174418
vt 0.971547 0.176804
vt 0.971587 0.171541
vt 0.980526 0.897366
vt 0.981449 0.899901
vt 0.978246 0.901207
vt 0.994593 0.135036
vt 0.991406 0.135039
vt 0.991065 0.131902
vt 0.994351 0.131457
vt 0.975604 0.889884
vt 0.972223 0.894128
vt 0.973607 0.890891
vt 0.943843 0.502219
vt 0.940656 0.502409
vt 0.940929 0.498227
vt 0.945270 0.499335
vt 0.980773 0.895691
vt 0.976306 0.894387
vt 0.979035 0.888499
vt 0.981210 0.891427
vt 0.981449 0.891707
vt 0.991077 0.130165
vt 0.988280 0.506921
vt 0.993793 0.506003
vt 0.993899 0.509861
vt 0.988257 0.507302
vt 0.698289 0.993934
vt 0.692728 0.993978
vt 0.692380 0.988280
vt 0.696974 0.989153
vt 0.698030 0.992243
vt 0.994464 0.128267
vt 0.991148 0.129289
vt 0.990767 0.128138
vt 0.990938 0.124964
vt 0.994593 0.124583
vt 0.974491 0.903480
vt 0.971438 0.902464
vt 0.971375 0.899313
vt 0.971434 0.896871
vt 0.977141 0.901550
vt 0.976253 0.901960
vt 0.993899 0.514237
vt 0.990117 0.514089
vt 0.988434 0.511801
vt 0.988113 0.510529
vt 0.988580 0.502826
vt 0.993712 0.502427
vt 0.988521 0.503094
vt 0.978891 0.888303
vt 0.978697 0.888393
vt 0.693127 0.983838
vt 0.693343 0.982252
vt 0.698273 0.983425
vt 0.698289 0.983637
vt 0.697854 0.986998
vt 0.940656 0.496267
vt 0.946243 0.496209
vt 0.946307 0.497115
vt 0.971476 0.895951
vt 0.504482 0.950193
vt 0.510004 0.950073
vt 0.509465 0.964344
vt 0.506841 0.968445
vt 0.504482 0.968613
vt 0.959377 0.000842
vt 0.962446 0.000562
vt 0.962841 0.019689
vt 0.958778 0.020054
vt 0.957869 0.096701
vt 0.966783 0.092322
vt 0.968135 0.099308
vt 0.966653 0.111800
vt 0.964597 0.112771
vt 0.960707 0.112835
vt 0.959773 0.107601
vt 0.961418 0.106649
vt 0.959762 0.107050
vt 0.513087 0.968861
vt 0.514089 0.950955
vt 0.514609 0.969302
vt 0.977943 0.597391
vt 0.971512 0.599854
vt 0.973432 0.596421
vt 0.979478 0.606933
vt 0.972736 0.608380
vt 0.971512 0.607103
vt 0.972330 0.603143
vt 0.980345 0.597301
vt 0.982294 0.601005
vt 0.982425 0.604825
vt 0.974444 0.278255
vt 0.970097 0.278435
vt 0.970659 0.266245
vt 0.977429 0.258954
vt 0.978241 0.278309
vt 0.965779 0.000301
vt 0.969066 0.000000
vt 0.968955 0.011123
vt 0.966902 0.011423
vt 0.968850 0.011717
vt 0.969066 0.017216
vt 0.966258 0.019405
vt 0.970097 0.258724
vt 0.967569 0.462734
vt 0.959842 0.461622
vt 0.959523 0.460723
vt 0.959528 0.460133
vt 0.967569 0.459253
vt 0.984950 0.783120
vt 0.992254 0.785596
vt 0.987898 0.787249
vt 0.984984 0.786852
vt 0.789547 0.986583
vt 0.789390 0.994119
vt 0.785379 0.994119
vt 0.785056 0.986905
vt 0.985348 0.789181
vt 0.992420 0.790692
vt 0.992107 0.793629
vt 0.984950 0.793147
vt 0.953020 0.115526
vt 0.953543 0.115816
vt 0.950836 0.124218
vt 0.946130 0.124571
vt 0.946224 0.120223
vt 0.947800 0.117675
vt 0.949852 0.118286
vt 0.966616 0.468029
vt 0.959137 0.468217
vt 0.955004 0.115509
vt 0.955004 0.124532
vt 0.835790 0.992270
vt 0.828688 0.992929
vt 0.828926 0.988136
vt 0.828793 0.984075
vt 0.835790 0.982717
vt 0.992075 0.789761
vt 0.995259 0.591182
vt 0.997136 0.586612
vt 0.997136 0.591578
vt 0.980620 0.960755
vt 0.984774 0.961419
vt 0.981585 0.976118
vt 0.979763 0.975835
vt 0.992852 0.848729
vt 0.987374 0.851591
vt 0.986121 0.850061
vt 0.986955 0.848562
vt 0.986152 0.846261
vt 0.988216 0.842436
vt 0.989254 0.842391
vt 0.992962 0.845679
vt 0.981580 0.517800
vt 0.980646 0.513450
vt 0.980646 0.502638
vt 0.983067 0.502520
vt 0.982898 0.517616
vt 0.187106 0.959867
vt 0.187828 0.961868
vt 0.186793 0.961757
vt 0.481282 0.928044
vt 0.483334 0.927807
vt 0.482597 0.941462
vt 0.480472 0.942768
vt 0.481043 0.936735
vt 0.186863 0.946572
vt 0.191713 0.947035
vt 0.188474 0.951998
vt 0.187988 0.952097
vt 0.186957 0.951104
vt 0.478986 0.928488
vt 0.478986 0.943252
vt 0.975885 0.961073
vt 0.978470 0.976395
vt 0.976046 0.976524
vt 0.988113 0.502427
vt 0.986170 0.518053
vt 0.984376 0.518220
vt 0.984491 0.972023
vt 0.982872 0.976244
vt 0.486972 0.931379
vt 0.486544 0.939169
vt 0.486488 0.941079
vt 0.984690 0.976524
vt 0.992962 0.850520
vt 0.991519 0.851676
vt 0.990878 0.852805
vt 0.989217 0.853778
vt 0.987967 0.853341
vt 0.995259 0.792224
vt 0.996300 0.790689
vt 0.995958 0.792423
vt 0.959716 0.107125
vt 0.957869 0.107340
vt 0.996300 0.794356
vt 0.191713 0.963164
vt 0.996153 0.926590
vt 0.995259 0.925310
vt 0.996153 0.925084
vt 0.487745 0.930697
vt 0.488094 0.926334
vt 0.186496 0.951641
vt 0.929248 0.695818
vt 0.929567 0.691662
vt 0.934851 0.695103
vt 0.938482 0.699922
vt 0.903681 0.959734
vt 0.906758 0.960859
vt 0.903681 0.971350
vt 0.928841 0.721135
vt 0.928988 0.717029
vt 0.937122 0.723262
vt 0.975958 0.714473
vt 0.975867 0.717325
vt 0.964095 0.718396
vt 0.964149 0.712306
vt 0.928884 0.714458
vt 0.929216 0.709526
vt 0.939616 0.713870
vt 0.975601 0.720951
vt 0.928841 0.706772
vt 0.929327 0.701684
vt 0.936532 0.703534
vt 0.939006 0.706362
vt 0.938899 0.708757
vt 0.975958 0.722879
vt 0.968706 0.723189
vt 0.939394 0.703951
vt 0.891684 0.959734
vt 0.896422 0.960243
vt 0.896472 0.963429
vt 0.891801 0.967260
vt 0.012636 0.835828
vt 0.017793 0.837260
vt 0.017622 0.840243
vt 0.011347 0.840412
vt 0.900298 0.960485
vt 0.901624 0.970117
vt 0.133040 0.972473
vt 0.133257 0.975359
vt 0.124415 0.973395
vt 0.940072 0.962197
vt 0.943261 0.961441
vt 0.943999 0.972230
vt 0.939581 0.972818
vt 0.133267 0.977908
vt 0.133579 0.981295
vt 0.123177 0.980372
vt 0.123504 0.975661
vt 0.947594 0.961119
vt 0.950920 0.960486
vt 0.950643 0.967993
vt 0.950920 0.970737
vt 0.964908 0.709210
vt 0.975844 0.711005
vt 0.015522 0.831372
vt 0.133579 0.966668
vt 0.128444 0.967158
vt 0.004682 0.847751
vt 0.007242 0.842964
vt 0.008711 0.841069
vt 0.943544 0.975050
vt 0.941704 0.975542
vt 0.013638 0.849481
vt 0.010728 0.855690
vt 0.007521 0.853405
vt 0.003832 0.862492
vt 0.009833 0.860071
vt 0.013689 0.863324
vt 0.004841 0.864080
vt 0.903681 0.972788
vt 0.901224 0.974901
vt 0.896787 0.971496
vt 0.014509 0.860417
vt 0.017793 0.864498
vt -0.000000 0.855991
vt 0.939529 0.975823
vt 0.894224 0.972443
vt 0.903681 0.960820
vt 0.939896 0.722971
vt 0.011991 0.867094
vt 0.006509 0.865762
vt 0.902841 0.477675
vt 0.899308 0.477871
vt 0.897416 0.475203
vt 0.898784 0.473992
vt 0.902841 0.473672
vt 0.968131 0.879514
vt 0.966945 0.879019
vt 0.967462 0.878330
vt 0.966706 0.876526
vt 0.966175 0.875758
vt 0.967858 0.875547
vt 0.969786 0.877272
vt 0.117713 0.987484
vt 0.113986 0.987775
vt 0.113792 0.983441
vt 0.117500 0.982988
vt 0.974998 0.522314
vt 0.975689 0.527106
vt 0.974126 0.527020
vt 0.972819 0.523474
vt 0.902841 0.481678
vt 0.899329 0.481747
vt 0.899348 0.480192
vt 0.900602 0.480336
vt 0.902841 0.480378
vt 0.112287 0.980215
vt 0.113318 0.978405
vt 0.116665 0.977827
vt 0.112892 0.988791
vt 0.111497 0.988723
vt 0.110960 0.986861
vt 0.111205 0.984649
vt 0.110661 0.985683
vt 0.110709 0.987708
vt 0.110969 0.988763
vt 0.109041 0.988617
vt 0.109041 0.982508
vt 0.976928 0.521484
vt 0.977548 0.521217
vt 0.976889 0.521687
vt 0.977531 0.527256
vt 0.977548 0.527515
vt 0.962607 0.884565
vt 0.962289 0.882467
vt 0.963484 0.883184
vt 0.964948 0.884550
vt 0.964701 0.883721
vt 0.963647 0.882558
vt 0.962243 0.881742
vt 0.961542 0.876775
vt 0.966050 0.878643
vt 0.966449 0.880049
vt 0.966779 0.880318
vt 0.969392 0.886471
vt 0.965629 0.887962
vt 0.987517 0.932827
vt 0.990028 0.933524
vt 0.992844 0.936570
vt 0.993503 0.941072
vt 0.987404 0.940845
vt 0.995382 0.503126
vt 0.995259 0.496046
vt 0.997035 0.496046
vt 0.991555 0.484799
vt 0.994612 0.484282
vt 0.995127 0.490677
vt 0.991555 0.492556
vt 0.960899 0.881157
vt 0.959766 0.880825
vt 0.959742 0.876764
vt 0.339136 0.967427
vt 0.342472 0.969893
vt 0.340959 0.972825
vt 0.338407 0.971188
vt 0.995259 0.172490
vt 0.995590 0.170493
vt 0.996362 0.166108
vt 0.997865 0.165918
vt 0.997865 0.173342
vt 0.997459 0.173790
vt 0.995798 0.823985
vt 0.995609 0.822158
vt 0.995722 0.822128
vt 0.995953 0.824143
vt 0.995824 0.820188
vt 0.995953 0.819904
vt 0.111173 0.984959
vt 0.110787 0.985700
vt 0.110880 0.987652
vt 0.111107 0.988652
vt 0.995507 0.939618
vt 0.995473 0.944479
vt 0.995259 0.944561
vt 0.995417 0.939566
vt 0.995507 0.944689
vt 0.995314 0.944761
vt 0.112768 0.989201
vt 0.112709 0.989265
vt 0.116498 0.989224
vt 0.116630 0.989454
vt 0.011511 0.995440
vt 0.011342 0.996027
vt 0.011289 0.996089
vt 0.011289 0.995266
vt 0.959742 0.881420
vt 0.960980 0.881803
vt 0.959808 0.882636
vt 0.987404 0.931784
vt 0.990193 0.932516
vt 0.013271 0.995439
vt 0.013279 0.995838
vt 0.013126 0.995897
vt 0.013126 0.995266
vt 0.959851 0.881340
vt 0.961049 0.881710
vt 0.962292 0.882345
vt 0.342350 0.975499
vt 0.341464 0.974059
vt 0.341557 0.973947
vt 0.342472 0.975477
vt 0.340905 0.973007
vt 0.007572 0.995365
vt 0.007561 0.998214
vt 0.007432 0.998178
vt 0.007432 0.995266
vt 0.338416 0.971417
vt 0.963462 0.883067
vt 0.964803 0.884274
vt 0.341942 0.979022
vt 0.342031 0.978432
vt 0.342150 0.978560
vt 0.342039 0.979357
vt 0.342208 0.976928
vt 0.342320 0.976993
vt 0.969694 0.885578
vt 0.899339 0.479328
vt 0.897290 0.478693
vt 0.895904 0.477636
vt 0.902841 0.479445
vt 0.011693 0.995266
vt 0.011693 0.996076
vt 0.011663 0.996253
vt 0.011511 0.995434
vt 0.902633 0.480293
vt 0.902642 0.479596
vt 0.895857 0.478086
vt 0.896707 0.479043
vt 0.896513 0.479163
vt 0.895648 0.478127
vt 0.898460 0.479830
vt 0.898357 0.479977
vt 0.899404 0.480079
vt 0.010885 0.996039
vt 0.010885 0.995266
vt 0.011081 0.995329
vt 0.011066 0.996245
vt 0.900646 0.480230
vt 0.996239 0.719132
vt 0.995876 0.721793
vt 0.995747 0.721767
vt 0.996128 0.719108
vt 0.995456 0.723465
vt 0.995259 0.723552
vt 0.996239 0.724441
vt 0.996189 0.724621
vt 0.966513 0.879945
vt 0.966683 0.880119
vt 0.899376 0.479436
vt 0.995423 0.823908
vt 0.995259 0.822817
vt 0.995465 0.820845
vt 0.995259 0.807357
vt 0.995261 0.807105
vt 0.995284 0.801620
vt 0.995806 0.801432
vt 0.995775 0.805621
vt 0.995806 0.807539
vt 0.959888 0.880969
vt 0.960953 0.881279
vt 0.962245 0.881802
vt 0.340773 0.973251
vt 0.338368 0.971768
vt 0.963560 0.882577
vt 0.964599 0.883675
vt 0.966085 0.875845
vt 0.966573 0.876626
vt 0.967247 0.878298
vt 0.966835 0.879010
vt 0.966213 0.878702
vt 0.966398 0.877709
vt 0.965419 0.875963
vt 0.963316 0.848877
vt 0.963534 0.852053
vt 0.961226 0.853761
vt 0.960140 0.852533
vt 0.959746 0.848877
vt 0.629792 0.978955
vt 0.629173 0.978150
vt 0.630029 0.977628
vt 0.630585 0.975680
vt 0.630698 0.974789
vt 0.632074 0.975060
vt 0.632538 0.977251
vt 0.999219 0.034663
vt 0.995867 0.035351
vt 0.995259 0.032327
vt 0.998579 0.031527
vt 0.999420 0.037150
vt 0.995259 0.036950
vt 0.999673 0.146862
vt 0.996525 0.147081
vt 0.996483 0.145704
vt 0.997615 0.145764
vt 0.999624 0.145704
vt 0.999485 0.150514
vt 0.996033 0.150622
vt 0.995259 0.148277
vt 0.633333 0.980995
vt 0.632635 0.985493
vt 0.631326 0.986201
vt 0.630185 0.985792
vt 0.630317 0.983822
vt 0.631006 0.981626
vt 0.630378 0.982565
vt 0.629778 0.984574
vt 0.629725 0.985700
vt 0.628250 0.985113
vt 0.996670 0.560367
vt 0.997121 0.560243
vt 0.996614 0.560541
vt 0.996930 0.565409
vt 0.996971 0.565623
vt 0.995565 0.564984
vt 0.995259 0.560755
vt 0.623666 0.982139
vt 0.624378 0.980070
vt 0.624891 0.981088
vt 0.625332 0.982792
vt 0.625526 0.981940
vt 0.625300 0.980543
vt 0.624670 0.979373
vt 0.626369 0.974492
vt 0.628704 0.977541
vt 0.628381 0.978978
vt 0.628497 0.979326
vt 0.627669 0.985865
vt 0.624317 0.986201
vt 0.260407 0.986336
vt 0.262705 0.986630
vt 0.265308 0.988723
vt 0.265943 0.992308
vt 0.260345 0.993007
vt 0.978659 0.787118
vt 0.980194 0.793507
vt 0.978659 0.793996
vt 0.995259 0.345592
vt 0.997584 0.345569
vt 0.997466 0.351254
vt 0.995259 0.352384
vt 0.455059 0.988314
vt 0.455144 0.993482
vt 0.453941 0.992774
vt 0.453103 0.992355
vt 0.453984 0.988200
vt 0.450447 0.987287
vt 0.450447 0.991904
vt 0.980786 0.787823
vt 0.980670 0.789592
vt 0.981089 0.793359
vt 0.979448 0.786631
vt 0.630096 0.985638
vt 0.630236 0.983850
vt 0.630836 0.981908
vt 0.983721 0.787041
vt 0.982885 0.786988
vt 0.982878 0.786865
vt 0.984010 0.786964
vt 0.981446 0.787555
vt 0.981359 0.787418
vt 0.980897 0.787922
vt 0.996699 0.560574
vt 0.997085 0.565324
vt 0.997121 0.565537
vt 0.980756 0.789616
vt 0.981293 0.793148
vt 0.012829 0.995411
vt 0.012660 0.995862
vt 0.012610 0.995915
vt 0.012610 0.995266
vt 0.262897 0.985373
vt 0.263873 0.985809
vt 0.265117 0.986542
vt 0.260345 0.985076
vt 0.013710 0.995429
vt 0.013716 0.995839
vt 0.013604 0.995915
vt 0.013604 0.995266
vt 0.623477 0.978277
vt 0.624026 0.978983
vt 0.623931 0.979050
vt 0.623363 0.978321
vt 0.624448 0.979954
vt 0.455042 0.993537
vt 0.453883 0.992898
vt 0.453099 0.992507
vt 0.010315 0.995344
vt 0.010309 0.997893
vt 0.010226 0.997870
vt 0.010226 0.995266
vt 0.450511 0.992063
vt 0.624943 0.980970
vt 0.625376 0.982488
vt 0.008362 0.997081
vt 0.008409 0.996455
vt 0.008536 0.996530
vt 0.008475 0.997397
vt 0.008362 0.995266
vt 0.008481 0.995272
vt 0.964827 0.852024
vt 0.964983 0.853971
vt 0.964420 0.855271
vt 0.964894 0.848877
vt 0.012496 0.996463
vt 0.012497 0.995282
vt 0.012610 0.995266
vt 0.012610 0.996523
vt 0.010885 0.995266
vt 0.010882 0.996107
vt 0.010885 0.996369
vt 0.010694 0.995361
vt 0.965697 0.849070
vt 0.965091 0.849064
vt 0.965726 0.848877
vt 0.010315 0.996266
vt 0.010315 0.995266
vt 0.010516 0.995334
vt 0.010452 0.996397
vt 0.995259 0.663711
vt 0.995963 0.661386
vt 0.996087 0.661400
vt 0.995304 0.663868
vt 0.996248 0.660212
vt 0.996342 0.660200
vt 0.010055 0.996410
vt 0.010044 0.995266
vt 0.010226 0.995271
vt 0.010226 0.996612
vt 0.995884 0.659127
vt 0.995977 0.659104
vt 0.995259 0.657439
vt 0.995279 0.657202
vt 0.964976 0.851999
vt 0.965141 0.853936
vt 0.629640 0.976730
vt 0.628832 0.977639
vt 0.629539 0.976586
vt 0.628500 0.978895
vt 0.628543 0.979108
vt 0.629730 0.985573
vt 0.629780 0.984505
vt 0.630340 0.982565
vt 0.981257 0.788158
vt 0.981237 0.788379
vt 0.981463 0.793088
vt 0.455096 0.994104
vt 0.453943 0.993351
vt 0.453015 0.992886
vt 0.450531 0.992473
vt 0.624665 0.979428
vt 0.625250 0.980534
vt 0.625496 0.981866
vt 0.630601 0.974845
vt 0.630456 0.975736
vt 0.629912 0.977534
vt 0.629130 0.978108
vt 0.630034 0.974771
vt 0.965650 0.850854
vt 0.965533 0.851971
vt 0.985667 0.484282
vt 0.988571 0.485014
vt 0.988168 0.495104
vt 0.986836 0.497510
vt 0.985667 0.497158
vt 0.303241 0.919163
vt 0.305063 0.919158
vt 0.305063 0.931694
vt 0.302761 0.931743
vt 0.985066 0.141905
vt 0.991229 0.140842
vt 0.990947 0.145536
vt 0.988181 0.153303
vt 0.986850 0.153558
vt 0.984237 0.152748
vt 0.990462 0.498150
vt 0.991320 0.485225
vt 0.991555 0.498191
vt 0.993281 0.823838
vt 0.990128 0.823471
vt 0.991996 0.822146
vt 0.948028 0.715067
vt 0.951803 0.715469
vt 0.952459 0.716777
vt 0.951928 0.719763
vt 0.952320 0.722590
vt 0.948698 0.723075
vt 0.947361 0.722590
vt 0.946349 0.719172
vt 0.946349 0.716074
vt 0.991229 0.153627
vt 0.950481 0.989845
vt 0.953619 0.975823
vt 0.953463 0.989225
vt 0.988665 0.823812
vt 0.988665 0.810903
vt 0.990627 0.810730
vt 0.754236 0.765298
vt 0.752234 0.778149
vt 0.752234 0.765211
vt 0.947702 0.982314
vt 0.947702 0.977073
vt 0.695355 0.982196
vt 0.688933 0.982252
vt 0.685673 0.978102
vt 0.695232 0.978794
vt 0.695624 0.974540
vt 0.686042 0.975072
vt 0.686551 0.972441
vt 0.697680 0.965273
vt 0.692576 0.967248
vt 0.695758 0.962282
vt 0.979056 0.221700
vt 0.970542 0.219601
vt 0.970191 0.215190
vt 0.977135 0.216902
vt 0.691929 0.950891
vt 0.696534 0.949610
vt 0.697680 0.953093
vt 0.697449 0.954665
vt 0.688605 0.953249
vt 0.690393 0.951201
vt 0.695921 0.958656
vt 0.691155 0.967501
vt 0.687646 0.951494
vt 0.687249 0.971300
vt 0.695456 0.969481
vt 0.971904 0.203639
vt 0.979056 0.205402
vt 0.967762 0.174295
vt 0.967762 0.183564
vt 0.964887 0.183815
vt 0.963471 0.183651
vt 0.959290 0.179731
vt 0.959290 0.173315
vt 0.688426 0.967808
vt 0.685673 0.963401
vt 0.686036 0.951669
vt 0.688313 0.967842
vt 0.695624 0.967808
vt 0.934143 0.977098
vt 0.934143 0.984767
vt 0.930436 0.987535
vt 0.929098 0.988056
vt 0.926314 0.987715
vt 0.924749 0.987671
vt 0.924773 0.979493
vt 0.983245 0.402985
vt 0.982756 0.400659
vt 0.985056 0.399536
vt 0.089994 0.987678
vt 0.087429 0.987745
vt 0.087739 0.985586
vt 0.090351 0.985697
vt 0.988004 0.408507
vt 0.990026 0.405160
vt 0.989609 0.407507
vt 0.090126 0.990169
vt 0.086349 0.989603
vt 0.983153 0.404366
vt 0.986715 0.405225
vt 0.985522 0.409713
vt 0.983386 0.407624
vt 0.983158 0.407427
vt 0.995259 0.219698
vt 0.997914 0.220121
vt 0.998070 0.221707
vt 0.994577 0.686684
vt 0.990550 0.686717
vt 0.989987 0.683866
vt 0.994546 0.686406
vt 0.085673 0.991598
vt 0.090029 0.991796
vt 0.090351 0.994407
vt 0.086686 0.994009
vt 0.085870 0.992442
vt 0.995259 0.222108
vt 0.998044 0.222396
vt 0.998348 0.223497
vt 0.998305 0.225907
vt 0.995259 0.224893
vt 0.987868 0.397487
vt 0.990342 0.398151
vt 0.990314 0.400931
vt 0.990240 0.403066
vt 0.985928 0.398792
vt 0.986555 0.398447
vt 0.990476 0.679704
vt 0.993311 0.680276
vt 0.994670 0.682330
vt 0.994830 0.683523
vt 0.994815 0.689707
vt 0.990914 0.689489
vt 0.994830 0.689514
vt 0.985677 0.409842
vt 0.985802 0.409776
vt 0.999488 0.179859
vt 0.999392 0.183317
vt 0.999383 0.184472
vt 0.995294 0.184672
vt 0.995259 0.184529
vt 0.995259 0.182088
vt 0.995737 0.180375
vt 0.085598 0.991005
vt 0.990342 0.403757
vt 0.660107 0.978617
vt 0.661659 0.979072
vt 0.664741 0.977557
vt 0.666027 0.979991
vt 0.661239 0.983753
vt 0.656414 0.981650
vt 0.656523 0.985088
vt 0.376491 0.984628
vt 0.376015 0.982222
vt 0.378294 0.981161
vt 0.046433 0.987524
vt 0.043899 0.987535
vt 0.044335 0.985371
vt 0.046939 0.985532
vt 0.381266 0.990070
vt 0.383250 0.986850
vt 0.382865 0.989071
vt 0.046620 0.989987
vt 0.042846 0.989353
vt 0.376404 0.986000
vt 0.379950 0.986899
vt 0.378805 0.991213
vt 0.376661 0.989170
vt 0.376432 0.988976
vt 0.661987 0.988069
vt 0.659149 0.986840
vt 0.656414 0.986263
vt 0.665993 0.982522
vt 0.665954 0.985445
vt 0.995259 0.213482
vt 0.997934 0.214015
vt 0.998082 0.215578
vt 0.639960 0.991836
vt 0.635976 0.991785
vt 0.635375 0.988936
vt 0.639926 0.991558
vt 0.042199 0.991313
vt 0.046483 0.991610
vt 0.046939 0.994179
vt 0.043307 0.993706
vt 0.042432 0.992148
vt 0.995259 0.215836
vt 0.998054 0.216250
vt 0.998352 0.217345
vt 0.998308 0.219698
vt 0.995259 0.218556
vt 0.381087 0.979155
vt 0.383553 0.979839
vt 0.383521 0.982663
vt 0.383445 0.984824
vt 0.379163 0.980416
vt 0.379784 0.980091
vt 0.635947 0.984809
vt 0.638758 0.985436
vt 0.640106 0.987507
vt 0.640247 0.988697
vt 0.640235 0.994848
vt 0.636357 0.994550
vt 0.640247 0.994657
vt 0.378961 0.991336
vt 0.379084 0.991277
vt 0.999485 0.184672
vt 0.999365 0.188113
vt 0.999356 0.189265
vt 0.995294 0.189488
vt 0.995259 0.189345
vt 0.995259 0.186910
vt 0.995737 0.185200
vt 0.042120 0.990724
vt 0.383553 0.985495
s 1
usemtl jupiter_Final
f 1/1 2/2 3/3 4/4 5/5 6/6
f 7/7 8/8 9/9 10/10 11/11
f 12/12 14/13 15/14 16/15 17/16
f 9/17 1/18 6/19 10/20
f 2/21 13/22 18/23 19/24 3/25
f 14/13 8/26 20/27 15/14
f 20/28 8/29 21/30
f 21/31 8/8 7/7
f 17/32 16/33 18/23
f 13/22 12/34 17/32 18/23
f 10/35 6/36 22/37
f 22/37 6/36 5/38
f 22/37 11/39 10/35
f 4/40 3/25 19/24
f 18/41 16/42 15/43 20/44 21/45 7/46 11/39 22/37 5/38 4/47 19/48
s 0
f 23/49 40/50 54/51
f 23/52 54/53 92/54
f 24/55 47/56 102/57
f 25/58 69/59 112/60
f 26/61 80/62 122/63
f 27/64 87/65 132/66
f 23/52 92/54 103/67
f 24/55 102/57 113/68
f 25/58 112/60 123/69
f 26/61 122/63 133/70
f 27/64 132/66 93/71
f 28/72 144/73 176/74
f 29/75 151/76 184/77
f 30/78 158/79 188/80
f 31/81 165/82 192/83
f 32/84 172/85 177/86
f 179/87 195/88 180/89
f 178/90 198/91 179/87
f 180/89 195/88 193/92
f 195/88 196/93 193/92
f 193/92 196/93 194/94
f 196/93 197/95 194/94
f 194/94 197/95 189/96
f 197/95 190/97 189/96
f 179/87 198/91 195/88
f 198/91 199/98 195/88
f 195/88 199/98 196/93
f 199/98 200/99 196/93
f 196/93 200/99 197/95
f 200/99 201/100 197/95
f 197/95 201/100 190/97
f 201/100 191/101 190/97
f 177/86 172/85 202/102
f 172/85 171/103 202/102
f 202/102 171/103 203/104
f 171/103 170/105 203/104
f 203/104 170/105 204/106
f 170/105 169/107 204/106
f 204/106 169/107 205/108
f 169/107 168/109 205/108
f 205/108 168/109 206/110
f 168/109 167/111 206/110
f 206/110 167/111 207/112
f 167/111 166/113 207/112
f 207/112 166/113 192/114
f 166/113 31/115 192/114
f 190/97 210/116 189/96
f 191/101 213/117 190/97
f 189/96 210/116 208/118
f 210/116 211/119 208/118
f 208/118 211/119 209/120
f 211/119 212/121 209/120
f 209/120 212/121 185/122
f 212/121 186/123 185/122
f 190/97 213/117 210/116
f 213/117 214/124 210/116
f 210/116 214/124 211/119
f 214/124 215/125 211/119
f 211/119 215/125 212/121
f 215/125 216/126 212/121
f 212/121 216/126 186/123
f 216/126 187/127 186/123
f 192/83 165/82 217/128
f 165/82 164/129 217/128
f 217/128 164/129 218/130
f 164/129 163/131 218/130
f 218/130 163/131 219/132
f 163/131 162/133 219/132
f 219/132 162/133 220/134
f 162/133 161/135 220/134
f 220/134 161/135 221/136
f 161/135 160/137 221/136
f 221/136 160/137 222/138
f 160/137 159/139 222/138
f 222/138 159/139 188/80
f 159/139 30/78 188/80
f 186/123 225/140 185/122
f 187/127 228/141 186/123
f 185/122 225/140 223/142
f 225/140 226/143 223/142
f 223/142 226/143 224/144
f 226/143 227/145 224/144
f 224/144 227/145 181/146
f 227/145 182/147 181/146
f 186/123 228/141 225/140
f 228/141 229/148 225/140
f 225/140 229/148 226/143
f 229/148 230/149 226/143
f 226/143 230/149 227/145
f 230/149 231/150 227/145
f 227/145 231/150 182/147
f 231/150 183/151 182/147
f 188/80 158/79 232/152
f 158/79 157/153 232/152
f 232/152 157/153 233/154
f 157/153 156/155 233/154
f 233/156 156/157 234/158
f 156/159 155/160 234/161
f 234/162 155/163 235/164
f 155/160 154/165 235/166
f 235/167 154/168 236/169
f 154/165 153/170 236/171
f 236/172 153/173 237/174
f 153/173 152/175 237/174
f 237/174 152/175 184/77
f 152/175 29/75 184/77
f 182/147 240/176 181/146
f 183/151 243/177 182/147
f 181/146 240/176 238/178
f 240/176 241/179 238/178
f 238/178 241/179 239/180
f 241/179 242/181 239/180
f 239/180 242/181 173/182
f 242/181 174/183 173/182
f 182/147 243/177 240/176
f 243/177 244/184 240/176
f 240/176 244/184 241/179
f 244/184 245/185 241/179
f 241/179 245/185 242/181
f 245/185 246/186 242/181
f 242/181 246/186 174/183
f 246/186 175/187 174/183
f 184/77 151/76 247/188
f 151/76 150/189 247/188
f 247/188 150/189 248/190
f 150/189 149/191 248/190
f 248/190 149/191 249/192
f 149/191 148/193 249/192
f 249/192 148/193 250/194
f 148/195 147/196 250/197
f 250/197 147/196 251/198
f 147/196 146/199 251/198
f 251/198 146/199 252/200
f 146/199 145/201 252/200
f 252/200 145/201 176/74
f 145/201 28/72 176/74
f 174/183 255/202 173/182
f 175/187 258/203 174/183
f 173/182 255/202 253/204
f 255/202 256/205 253/204
f 253/204 256/205 254/206
f 256/205 257/207 254/206
f 254/206 257/207 180/89
f 257/207 179/87 180/89
f 174/183 258/203 255/202
f 258/203 259/208 255/202
f 255/202 259/208 256/205
f 259/208 260/209 256/205
f 256/205 260/209 257/207
f 260/209 261/210 257/207
f 257/207 261/210 179/87
f 261/210 178/90 179/87
f 176/74 144/73 262/211
f 144/73 143/212 262/211
f 262/211 143/212 263/213
f 143/212 142/214 263/213
f 263/215 142/216 264/217
f 142/216 141/218 264/217
f 264/217 141/218 265/219
f 141/218 140/220 265/219
f 265/219 140/220 266/221
f 140/220 139/222 266/221
f 266/221 139/222 267/223
f 139/224 138/225 267/226
f 267/226 138/225 177/86
f 138/225 32/84 177/86
f 97/227 172/85 32/84
f 95/228 270/229 96/230
f 94/231 272/232 95/233
f 97/227 268/234 172/85
f 268/234 171/103 172/85
f 268/234 269/235 171/103
f 269/235 170/105 171/103
f 269/235 271/236 170/105
f 271/236 169/107 170/105
f 95/228 272/237 270/229
f 272/237 273/238 270/229
f 271/236 274/239 169/107
f 274/239 168/109 169/107
f 94/231 275/240 272/232
f 275/240 276/241 272/232
f 272/237 276/242 273/238
f 276/242 277/243 273/238
f 274/239 278/244 168/109
f 278/244 167/111 168/109
f 275/240 279/245 276/241
f 279/245 280/246 276/241
f 276/242 280/247 277/243
f 280/247 281/248 277/243
f 278/244 282/249 167/111
f 282/249 166/113 167/111
f 279/245 131/250 280/246
f 131/250 130/251 280/246
f 280/247 130/252 281/248
f 130/252 129/253 281/248
f 282/249 128/254 166/113
f 128/254 31/115 166/113
f 137/255 165/82 31/81
f 135/256 285/257 136/258
f 134/259 287/260 135/261
f 137/255 283/262 165/82
f 283/262 164/129 165/82
f 283/262 284/263 164/129
f 284/263 163/131 164/129
f 284/263 286/264 163/131
f 286/264 162/133 163/131
f 135/256 287/265 285/257
f 287/265 288/266 285/257
f 286/264 289/267 162/133
f 289/267 161/135 162/133
f 134/259 290/268 287/260
f 290/268 291/269 287/260
f 287/265 291/270 288/266
f 291/270 292/271 288/266
f 289/267 293/272 161/135
f 293/272 160/137 161/135
f 290/268 294/273 291/269
f 294/273 295/274 291/269
f 291/270 295/275 292/271
f 295/275 296/276 292/271
f 293/272 297/277 160/137
f 297/277 159/139 160/137
f 294/273 121/278 295/274
f 121/278 120/279 295/274
f 295/275 120/280 296/276
f 120/280 119/281 296/276
f 297/277 118/282 159/139
f 118/282 30/78 159/139
f 127/283 158/79 30/78
f 125/284 300/285 126/286
f 124/287 302/288 125/289
f 127/283 298/290 158/79
f 298/290 157/153 158/79
f 298/290 299/291 157/153
f 299/291 156/155 157/153
f 299/292 301/293 156/159
f 301/293 155/160 156/159
f 125/294 302/295 300/296
f 302/295 303/297 300/296
f 301/293 304/298 155/160
f 304/298 154/165 155/160
f 124/287 305/299 302/288
f 305/299 306/300 302/288
f 302/295 306/301 303/297
f 306/301 307/302 303/297
f 304/298 308/303 154/165
f 308/303 153/170 154/165
f 305/299 309/304 306/300
f 309/304 310/305 306/300
f 306/301 310/306 307/302
f 310/306 311/307 307/302
f 308/303 312/308 153/170
f 312/308 152/309 153/170
f 309/304 111/310 310/305
f 111/310 110/311 310/305
f 310/306 110/312 311/307
f 110/312 109/313 311/307
f 312/308 108/314 152/309
f 108/314 29/315 152/309
f 117/316 151/317 29/315
f 115/318 315/319 116/320
f 114/321 317/322 115/323
f 117/316 313/324 151/317
f 313/325 150/189 151/76
f 313/326 314/327 150/328
f 314/327 149/329 150/328
f 314/327 316/330 149/329
f 316/330 148/195 149/329
f 115/318 317/331 315/319
f 317/331 318/332 315/319
f 316/330 319/333 148/195
f 319/333 147/196 148/195
f 114/321 320/334 317/322
f 320/334 321/335 317/322
f 317/331 321/336 318/332
f 321/336 322/337 318/332
f 319/333 323/338 147/196
f 323/338 146/199 147/196
f 320/334 324/339 321/335
f 324/339 325/340 321/335
f 321/336 325/341 322/337
f 325/341 326/342 322/337
f 323/338 327/343 146/199
f 327/343 145/201 146/199
f 324/339 101/344 325/340
f 101/344 100/345 325/340
f 325/341 100/346 326/342
f 100/346 99/347 326/342
f 327/343 98/348 145/201
f 98/348 28/72 145/201
f 107/349 144/73 28/72
f 105/350 330/351 106/352
f 104/353 332/354 105/355
f 107/349 328/356 144/73
f 328/356 143/212 144/73
f 328/356 329/357 143/212
f 329/357 142/214 143/212
f 329/357 331/358 142/214
f 331/358 141/359 142/214
f 105/350 332/360 330/351
f 332/360 333/361 330/351
f 331/358 334/362 141/359
f 334/363 140/220 141/218
f 104/353 335/364 332/354
f 335/364 336/365 332/354
f 332/360 336/366 333/361
f 336/366 337/367 333/361
f 334/368 338/369 140/370
f 338/369 139/224 140/370
f 335/364 339/371 336/365
f 339/371 340/372 336/365
f 336/366 340/373 337/367
f 340/374 341/375 337/376
f 338/369 342/377 139/224
f 342/377 138/225 139/224
f 339/378 91/379 340/380
f 91/379 90/381 340/380
f 340/374 90/382 341/375
f 90/382 89/383 341/375
f 342/377 88/384 138/225
f 88/384 32/84 138/225
f 128/385 137/255 31/81
f 130/252 345/386 129/253
f 131/250 348/387 130/251
f 129/253 345/386 343/388
f 345/386 346/389 343/388
f 343/390 346/391 344/392
f 346/391 347/393 344/392
f 344/392 347/393 136/258
f 347/393 135/256 136/258
f 130/251 348/387 345/394
f 348/387 349/395 345/394
f 345/394 349/395 346/396
f 349/397 350/398 346/399
f 346/399 350/398 347/400
f 350/398 351/401 347/400
f 347/400 351/401 135/261
f 351/401 134/259 135/261
f 123/402 112/403 555/404 568/405
f 404/406 96/407 535/408 868/409
f 355/410 356/411 812/412 811/413
f 354/414 355/410 811/413 810/415
f 435/416 438/417 909/418 906/419
f 268/420 97/421 537/422 705/423
f 290/424 134/425 582/426 732/427
f 312/428 308/429 753/430 758/431
f 480/432 483/433 964/434 961/435
f 353/436 354/414 810/415 809/437
f 97/421 88/438 526/439 537/422
f 352/440 353/436 809/437 808/441
f 289/442 286/443 728/444 731/445
f 253/446 254/447 688/448 689/449
f 132/450 352/440 808/441 579/451
f 173/452 253/446 689/449 588/453
f 357/454 133/455 580/456 807/457
f 436/458 434/459 905/460 908/461
f 206/462 207/463 627/464 632/465
f 59/466 447/467 921/468 516/469
f 307/470 311/471 756/472 751/473
f 132/66 87/65 352/474
f 87/65 86/475 352/474
f 352/474 86/475 353/476
f 86/475 85/477 353/476
f 353/476 85/477 354/478
f 85/479 84/480 354/414
f 354/414 84/480 355/410
f 84/480 83/481 355/410
f 355/482 83/483 356/484
f 83/483 82/485 356/484
f 356/484 82/485 357/486
f 82/485 81/487 357/486
f 357/486 81/487 133/70
f 81/487 26/61 133/70
f 118/282 127/283 30/78
f 481/488 479/489 960/490 963/491
f 254/447 180/492 595/493 688/448
f 120/280 360/494 119/281
f 121/278 363/495 120/279
f 205/496 206/462 632/465 631/497
f 204/498 205/496 631/497 630/499
f 285/500 288/501 729/502 726/503
f 98/504 327/505 776/506 538/507
f 203/508 204/498 630/499 629/509
f 71/510 435/416 906/419 523/511
f 202/512 203/508 629/509 628/513
f 446/514 60/515 518/516 919/517
f 119/281 360/494 358/518
f 360/494 361/519 358/518
f 358/518 361/519 359/520
f 361/519 362/521 359/520
f 359/520 362/521 126/286
f 362/521 125/284 126/286
f 120/279 363/495 360/522
f 363/495 364/523 360/522
f 360/522 364/523 361/524
f 364/523 365/525 361/524
f 361/524 365/525 362/526
f 365/525 366/527 362/526
f 362/526 366/527 125/528
f 366/527 124/529 125/528
f 309/530 305/531 750/532 755/533
f 34/534 480/432 961/435 501/535
f 177/536 202/512 628/513 592/537
f 434/459 433/538 903/539 905/460
f 207/463 192/540 614/541 627/464
f 286/443 284/542 725/543 728/444
f 326/544 99/545 540/546 774/547
f 479/489 478/548 958/549 960/490
f 351/550 350/551 801/552 798/553
f 350/551 349/554 800/555 801/552
f 62/556 444/557 918/558 519/559
f 308/429 304/560 749/561 753/430
f 349/554 348/562 799/563 800/555
f 348/562 131/564 577/565 799/563
f 433/538 70/566 521/567 903/539
f 136/568 285/500 726/503 583/569
f 101/570 324/571 773/572 541/573
f 478/548 33/574 499/575 958/549
f 134/425 351/550 798/553 582/426
f 284/542 283/576 723/577 725/543
f 303/578 307/470 751/473 747/579
f 201/100 200/99 621/580 618/581
f 122/63 80/62 367/582
f 80/62 79/583 367/582
f 367/582 79/583 368/584
f 79/583 78/585 368/584
f 368/584 78/585 369/586
f 78/585 77/587 369/586
f 369/586 77/587 370/588
f 77/587 76/589 370/588
f 370/588 76/589 371/590
f 76/591 75/592 371/593
f 371/593 75/592 372/594
f 75/592 74/595 372/594
f 372/594 74/595 123/69
f 74/595 25/58 123/69
f 108/314 117/316 29/315
f 371/596 372/597 825/598 830/599
f 200/99 199/98 620/600 621/580
f 110/312 375/601 109/313
f 111/310 378/602 110/311
f 447/467 443/603 916/604 921/468
f 113/605 102/606 543/607 556/608
f 370/609 371/596 830/599 829/610
f 199/98 198/91 619/611 620/600
f 343/612 344/613 796/614 797/615
f 369/616 370/609 829/610 828/617
f 198/91 178/90 594/618 619/611
f 283/576 137/619 585/620 723/577
f 109/313 375/601 373/621
f 375/601 376/622 373/621
f 373/621 376/622 374/623
f 376/622 377/624 374/623
f 374/623 377/624 116/625
f 377/626 115/318 116/320
f 110/311 378/602 375/627
f 378/602 379/628 375/627
f 375/627 379/628 376/629
f 379/628 380/630 376/629
f 376/629 380/630 377/631
f 380/630 381/632 377/631
f 377/633 381/634 115/323
f 381/634 114/321 115/323
f 305/531 124/635 570/636 750/532
f 327/505 323/637 771/638 776/506
f 129/639 343/612 797/615 576/640
f 368/641 369/616 828/617 827/642
f 191/101 201/100 618/581 612/643
f 344/613 136/568 583/569 796/614
f 367/644 368/641 827/642 826/645
f 442/646 446/514 919/517 914/647
f 304/560 301/648 746/649 749/561
f 122/650 367/644 826/645 567/651
f 372/597 123/402 568/405 825/598
f 221/652 222/653 645/654 650/655
f 33/574 462/656 939/657 499/575
f 322/658 326/544 774/547 769/659
f 137/619 128/660 574/661 585/620
f 441/662 440/663 912/664 913/665
f 444/666 441/667 913/668 918/669
f 220/670 221/652 650/655 649/671
f 193/672 194/673 616/674 617/675
f 219/676 220/670 649/671 648/677
f 300/678 303/578 747/579 744/679
f 88/438 342/680 794/681 526/439
f 112/60 69/59 382/682
f 69/59 68/683 382/682
f 382/682 68/683 383/684
f 68/683 67/685 383/684
f 383/684 67/685 384/686
f 67/685 66/687 384/686
f 384/686 66/687 385/688
f 66/687 65/689 385/688
f 385/688 65/689 386/690
f 65/689 64/691 386/690
f 386/692 64/693 387/694
f 64/693 63/695 387/694
f 387/694 63/695 113/68
f 63/695 24/55 113/68
f 98/348 107/349 28/72
f 180/696 193/672 617/675 595/697
f 218/698 219/676 648/677 647/699
f 100/346 390/700 99/347
f 101/344 393/701 100/345
f 194/673 189/702 611/703 616/674
f 217/704 218/698 647/699 646/705
f 461/706 34/707 501/708 937/709
f 324/571 320/710 768/711 773/572
f 192/540 217/704 646/705 614/541
f 443/603 439/712 911/713 916/604
f 222/653 188/714 608/715 645/654
f 301/648 299/716 743/717 746/649
f 99/347 390/700 388/718
f 390/700 391/719 388/718
f 388/718 391/719 389/720
f 391/719 392/721 389/720
f 389/720 392/721 106/352
f 392/721 105/350 106/352
f 100/345 393/701 390/722
f 393/701 394/723 390/722
f 390/722 394/723 391/724
f 394/723 395/725 391/724
f 391/724 395/725 392/726
f 395/725 396/727 392/726
f 392/726 396/727 105/355
f 396/727 104/353 105/355
f 341/728 89/729 528/730 792/731
f 366/732 365/733 819/734 816/735
f 365/733 364/736 818/737 819/734
f 36/738 459/739 936/740 502/741
f 323/637 319/742 767/743 771/638
f 364/736 363/744 817/745 818/737
f 363/744 121/746 565/747 817/745
f 126/748 300/678 744/679 571/749
f 91/750 339/751 791/752 529/753
f 124/635 366/732 816/735 570/636
f 299/716 298/754 741/755 743/717
f 318/756 322/658 769/659 765/757
f 216/758 215/759 639/760 636/761
f 386/762 387/763 843/764 848/765
f 215/759 214/766 638/767 639/760
f 462/656 458/768 934/769 939/657
f 103/770 92/771 531/772 544/773
f 385/774 386/762 848/765 847/775
f 214/766 213/776 637/777 638/767
f 358/778 359/779 814/780 815/781
f 384/782 385/774 847/775 846/783
f 213/776 191/784 612/785 637/777
f 102/57 47/56 397/786
f 47/56 46/787 397/786
f 397/786 46/787 398/788
f 46/787 45/789 398/788
f 398/788 45/789 399/790
f 45/789 44/791 399/790
f 399/790 44/791 400/792
f 44/791 43/793 400/792
f 400/792 43/793 401/794
f 43/793 42/795 401/794
f 401/794 42/795 402/796
f 42/795 41/797 402/796
f 402/796 41/797 103/67
f 41/797 23/52 103/67
f 88/384 97/227 32/84
f 298/754 127/798 573/799 741/755
f 320/710 114/800 558/801 768/711
f 90/382 405/802 89/383
f 91/379 408/803 90/381
f 342/680 338/804 789/805 794/681
f 119/806 358/778 815/781 564/807
f 383/808 384/782 846/783 845/809
f 187/810 216/758 636/761 606/811
f 359/779 126/748 571/749 814/780
f 382/812 383/808 845/809 844/813
f 457/814 461/706 937/709 932/815
f 319/742 316/816 764/817 767/743
f 89/383 405/802 403/818
f 405/802 406/819 403/818
f 403/818 406/819 404/820
f 406/819 407/821 404/820
f 404/820 407/821 96/230
f 407/821 95/228 96/230
f 90/381 408/803 405/822
f 408/803 409/823 405/822
f 405/822 409/823 406/824
f 409/823 410/825 406/824
f 406/824 410/825 407/826
f 410/825 411/827 407/826
f 407/826 411/827 95/233
f 411/827 94/231 95/233
f 112/403 382/812 844/813 555/404
f 70/566 432/828 902/829 521/567
f 387/763 113/605 556/608 843/764
f 236/830 237/831 663/832 668/833
f 337/834 341/728 792/731 787/835
f 127/798 118/836 562/837 573/799
f 235/838 236/830 668/833 667/839
f 208/840 209/841 634/842 635/843
f 459/739 455/844 931/845 936/740
f 234/846 235/838 667/839 666/847
f 315/848 318/756 765/757 762/849
f 189/850 208/840 635/843 611/851
f 233/852 234/846 666/847 665/853
f 477/854 37/855 506/856 957/857
f 431/858 71/859 523/860 900/861
f 209/841 185/862 605/863 634/842
f 232/864 233/852 665/853 664/865
f 339/751 335/866 786/867 791/752
f 188/714 232/864 664/865 608/715
f 128/660 282/868 722/869 574/661
f 458/768 454/870 930/871 934/769
f 237/831 184/872 602/873 663/832
f 92/874 54/875 412/876
f 54/875 53/877 412/876
f 412/876 53/877 413/878
f 53/877 52/879 413/878
f 413/878 52/879 414/880
f 52/879 51/881 414/880
f 414/880 51/881 415/882
f 51/881 50/883 415/882
f 415/882 50/883 416/884
f 50/883 49/885 416/884
f 416/884 49/885 417/886
f 49/885 48/887 417/886
f 417/886 48/887 93/71
f 48/887 27/64 93/71
f 58/888 87/65 27/64
f 316/816 314/889 761/890 764/817
f 381/891 380/892 837/893 834/894
f 56/895 420/896 57/897
f 55/898 422/899 56/895
f 39/900 475/901 956/902 507/903
f 73/904 429/905 899/906 524/907
f 58/888 418/908 87/65
f 418/908 86/475 87/65
f 380/892 379/909 836/910 837/893
f 338/804 334/911 785/912 789/805
f 418/913 419/914 86/915
f 419/914 85/479 86/915
f 379/909 378/916 835/917 836/910
f 281/918 129/639 576/640 720/919
f 378/916 111/920 553/921 835/917
f 453/922 457/814 932/815 928/923
f 419/914 421/924 85/479
f 421/924 84/480 85/479
f 56/895 422/899 420/896
f 422/899 423/925 420/896
f 116/926 315/848 762/849 559/927
f 114/800 381/891 834/894 558/801
f 474/928 40/929 509/930 954/931
f 314/889 313/932 759/933 761/890
f 421/924 424/934 84/480
f 424/934 83/481 84/480
f 55/898 425/935 422/899
f 425/935 426/936 422/899
f 422/899 426/936 423/925
f 426/936 427/937 423/925
f 333/938 337/834 787/835 783/939
f 231/940 230/941 657/942 654/943
f 432/828 428/944 897/945 902/829
f 131/564 279/946 719/947 577/565
f 424/934 428/948 83/481
f 428/949 82/485 83/483
f 401/950 402/951 861/952 866/953
f 455/844 62/954 519/955 931/845
f 425/935 429/956 426/936
f 429/956 430/957 426/936
f 426/936 430/957 427/937
f 430/957 431/958 427/937
f 230/941 229/959 656/960 657/942
f 400/961 401/950 866/953 865/962
f 229/959 228/963 655/964 656/960
f 473/965 477/854 957/857 949/966
f 428/949 432/967 82/485
f 432/967 81/487 82/485
f 373/968 374/969 832/970 833/971
f 399/972 400/961 865/962 864/973
f 454/870 451/974 927/975 930/871
f 228/963 187/976 606/977 655/964
f 429/956 73/978 430/957
f 73/978 72/979 430/957
f 430/957 72/979 431/958
f 72/979 71/510 431/958
f 313/932 117/980 561/981 759/933
f 335/866 104/982 546/983 786/867
f 109/984 373/968 833/971 552/985
f 398/986 399/972 864/973 863/987
f 432/967 70/988 81/487
f 70/988 26/61 81/487
f 70/988 80/62 26/61
f 183/989 231/940 654/943 600/990
f 427/991 431/858 900/861 895/992
f 72/979 435/416 71/510
f 73/978 437/993 72/979
f 93/994 132/450 579/451 532/995
f 374/969 116/926 559/927 832/970
f 70/988 433/996 80/62
f 433/996 79/583 80/62
f 397/997 398/986 863/987 862/998
f 334/911 331/999 782/1000 785/912
f 433/996 434/1001 79/583
f 434/1001 78/585 79/583
f 102/606 397/997 862/998 543/607
f 475/901 471/1002 952/1003 956/902
f 282/868 278/1004 717/1005 722/869
f 402/951 103/770 544/773 861/952
f 434/1001 436/1006 78/585
f 436/1006 77/587 78/585
f 72/979 437/993 435/416
f 437/993 438/417 435/416
f 450/1007 453/922 928/923 925/1008
f 251/1009 252/1010 681/1011 686/1012
f 40/929 492/1013 975/1014 509/930
f 117/980 108/1015 550/1016 561/981
f 436/1006 439/1017 77/587
f 439/1017 76/589 77/587
f 73/978 440/1018 437/993
f 440/1018 441/1019 437/993
f 437/993 441/1019 438/417
f 441/1019 442/646 438/417
f 250/1020 251/1009 686/1012 685/1021
f 429/905 425/1022 894/1023 899/906
f 223/1024 224/1025 652/1026 653/1027
f 249/1028 250/1020 685/1021 684/1029
f 439/1017 443/1030 76/589
f 443/1031 75/592 76/591
f 330/1032 333/938 783/939 780/1033
f 185/1034 223/1024 653/1027 605/1035
f 470/1036 474/928 954/931 950/1037
f 444/1038 445/1039 441/1019
f 441/1019 445/1039 442/646
f 445/1039 446/514 442/646
f 248/1040 249/1028 684/1029 683/1041
f 277/1042 281/918 720/919 715/1043
f 451/974 449/1044 924/1045 927/975
f 224/1025 181/1046 599/1047 652/1026
f 443/1031 447/1048 75/592
f 447/1048 74/595 75/592
f 247/1049 248/1040 683/1041 682/1050
f 491/1051 39/1052 507/1053 973/1054
f 55/1055 473/965 949/966 512/1056
f 184/872 247/1049 682/1050 602/873
f 444/1038 62/1057 445/1039
f 62/1057 61/1058 445/1039
f 445/1039 61/1058 446/514
f 61/1058 60/515 446/514
f 428/944 424/1059 893/1060 897/945
f 118/836 297/1061 740/1062 562/837
f 331/999 329/1063 779/1064 782/1000
f 252/1010 176/1065 591/1066 681/1011
f 447/1048 59/1067 74/595
f 59/1067 25/58 74/595
f 59/1067 69/59 25/58
f 396/1068 395/1069 855/1070 852/1071
f 279/946 275/1072 714/1073 719/947
f 61/1058 450/1074 60/515
f 62/1057 452/1075 61/1058
f 395/1069 394/1076 854/1077 855/1070
f 60/1078 450/1007 925/1008 518/1079
f 59/1067 448/1080 69/59
f 448/1080 68/683 69/59
f 37/1081 489/1082 972/1083 506/1084
f 394/1076 393/1085 853/1086 854/1077
f 448/1080 449/1087 68/683
f 449/1087 67/685 68/683
f 471/1002 468/1088 948/1089 952/1003
f 423/1090 427/991 895/992 891/1091
f 296/1092 119/806 564/807 738/1093
f 393/1085 101/570 541/573 853/1086
f 449/1087 451/1094 67/685
f 451/1094 66/687 67/685
f 61/1058 452/1075 450/1074
f 452/1075 453/1095 450/1074
f 449/1044 448/1096 922/1097 924/1045
f 106/1098 330/1032 780/1033 547/1099
f 104/982 396/1068 852/1071 546/983
f 278/1004 274/1100 713/1101 717/1005
f 451/1094 454/1102 66/687
f 454/1102 65/689 66/687
f 62/1057 455/1103 452/1075
f 455/1103 456/1104 452/1075
f 452/1075 456/1104 453/1095
f 456/1104 457/1105 453/1095
f 329/1063 328/1106 777/1107 779/1064
f 467/1108 470/1036 950/1037 946/1109
f 246/186 245/185 675/1110 672/1111
f 425/1022 55/1112 512/1113 894/1023
f 454/1102 458/1114 65/689
f 458/1114 64/691 65/689
f 121/746 294/1115 737/1116 565/747
f 448/1096 59/466 516/469 922/1097
f 455/1103 459/1117 456/1104
f 459/1117 460/1118 456/1104
f 456/1104 460/1118 457/1105
f 460/1118 461/1119 457/1105
f 416/1120 417/1121 879/1122 884/1123
f 245/185 244/184 674/1124 675/1110
f 492/1013 488/1125 970/1126 975/1014
f 415/1127 416/1120 884/1123 883/1128
f 458/1129 462/1130 64/693
f 462/1130 63/695 64/693
f 244/184 243/177 673/1131 674/1124
f 424/1059 421/1132 890/1133 893/1060
f 273/1134 277/1042 715/1043 711/1135
f 388/1136 389/1137 850/1138 851/1139
f 459/1117 36/1140 460/1118
f 36/1140 35/1141 460/1118
f 460/1118 35/1141 461/1119
f 35/1141 34/1142 461/1119
f 414/1143 415/1127 883/1128 882/1144
f 243/177 183/151 600/1145 673/1131
f 328/1106 107/1146 549/1147 777/1107
f 99/545 388/1136 851/1139 540/546
f 462/1130 33/1148 63/695
f 33/1148 24/55 63/695
f 48/887 58/888 27/64
f 49/885 463/1149 48/887
f 50/883 464/1150 49/885
f 51/881 465/1151 50/883
f 52/879 467/1152 51/881
f 53/1153 470/1154 52/1155
f 54/51 474/1156 53/1153
f 48/887 463/1149 58/888
f 413/1157 414/1143 882/1144 881/1158
f 49/885 464/1150 463/1149
f 468/1088 466/1159 945/1160 948/1089
f 175/187 246/186 672/1111 589/1161
f 133/455 122/650 567/651 580/456
f 50/883 465/1151 464/1150
f 389/1137 106/1098 547/1099 850/1138
f 412/1162 413/1157 881/1158 880/1163
f 487/1164 491/1051 973/1054 968/1165
f 92/771 412/1162 880/1163 531/772
f 466/1166 56/895 57/897
f 51/1167 467/1168 465/1169
f 420/1170 423/1090 891/1091 888/1171
f 275/1072 94/1172 534/1173 714/1073
f 297/1061 293/1174 735/1175 740/1062
f 417/1121 93/994 532/995 879/1122
f 468/1176 469/1177 466/1166
f 466/1166 469/1177 56/895
f 469/1177 55/898 56/895
f 52/1155 470/1154 467/1178
f 266/1179 267/1180 699/1181 704/1182
f 107/1146 98/504 538/507 549/1147
f 465/1183 467/1108 946/1109 943/1184
f 265/1185 266/1179 704/1182 703/1186
f 471/1187 472/1188 468/1176
f 468/1176 472/1188 469/1177
f 472/1188 473/1189 469/1177
f 469/1177 473/1189 55/898
f 274/1100 271/1190 710/1191 713/1101
f 53/1153 474/1156 470/1154
f 238/1192 239/1193 670/1194 671/1195
f 489/1082 485/1196 967/1197 972/1083
f 264/1198 265/1185 703/1186 702/1199
f 466/1159 57/1200 513/1201 945/1160
f 475/1202 476/1203 471/1187
f 471/1187 476/1203 472/1188
f 476/1203 477/1204 472/1188
f 472/1188 477/1204 473/1189
f 181/1205 238/1192 671/1195 599/1206
f 421/1132 419/1207 887/1208 890/1133
f 263/1209 264/1198 702/1199 701/1210
f 54/51 40/50 474/1156
f 292/1211 296/1092 738/1093 733/1212
f 239/1193 173/452 588/453 670/1194
f 262/1213 263/1209 701/1210 700/1214
f 176/1065 262/1213 700/1214 591/1066
f 39/1215 38/1216 475/1202
f 475/1202 38/1216 476/1203
f 38/1216 37/1217 476/1203
f 476/1203 37/1217 477/1204
f 270/1218 273/1134 711/1135 708/1219
f 108/1015 312/428 758/431 550/1016
f 488/1125 484/1220 966/1221 970/1126
f 267/1180 177/536 592/537 699/1181
f 411/1222 410/1223 873/1224 870/1225
f 33/1148 47/56 24/55
f 464/1226 465/1183 943/1184 942/1227
f 57/1228 420/1170 888/1171 513/1229
f 35/1141 480/1230 34/1142
f 36/1140 482/1231 35/1141
f 294/1115 290/424 732/427 737/1116
f 410/1223 409/1232 872/1233 873/1224
f 33/1148 478/1234 47/56
f 478/1234 46/787 47/56
f 409/1232 408/1235 871/1236 872/1233
f 419/1207 418/1237 885/1238 887/1208
f 478/1234 479/1239 46/787
f 479/1239 45/789 46/787
f 438/417 442/646 914/647 909/418
f 271/1190 269/1240 707/1241 710/1191
f 311/471 109/984 552/985 756/472
f 408/1235 91/750 529/753 871/1236
f 479/1239 481/1242 45/789
f 481/1242 44/791 45/789
f 35/1141 482/1231 480/1230
f 482/1231 483/1243 480/1230
f 483/433 487/1164 968/1165 964/434
f 94/1172 411/1222 870/1225 534/1173
f 463/1244 464/1226 942/1227 940/1245
f 293/1174 289/442 731/445 735/1175
f 481/1242 484/1246 44/791
f 484/1246 43/793 44/791
f 36/1140 485/1247 482/1231
f 485/1247 486/1248 482/1231
f 482/1231 486/1248 483/1243
f 486/1248 487/1249 483/1243
f 58/1250 463/1244 940/1245 515/1251
f 418/1237 58/1250 515/1251 885/1238
f 261/1252 260/1253 693/1254 690/1255
f 440/663 73/904 524/907 912/664
f 484/1246 488/1256 43/793
f 488/1256 42/795 43/793
f 96/407 270/1218 708/1219 535/408
f 111/920 309/530 755/533 553/921
f 485/1247 489/1257 486/1248
f 489/1257 490/1258 486/1248
f 486/1248 490/1258 487/1249
f 490/1258 491/1259 487/1249
f 485/1196 36/1260 502/1261 967/1197
f 260/1253 259/1262 692/1263 693/1254
f 259/1262 258/1264 691/1265 692/1263
f 439/712 436/458 908/461 911/713
f 488/1256 492/1266 42/795
f 492/1266 41/797 42/795
f 269/1240 268/420 705/423 707/1241
f 288/501 292/1211 733/1212 729/502
f 403/1267 404/406 868/409 869/1268
f 484/1220 481/488 963/491 966/1221
f 489/1257 37/1217 490/1258
f 37/1217 38/1216 490/1258
f 490/1258 38/1216 491/1259
f 38/1216 39/1215 491/1259
f 258/1264 175/1269 589/1270 691/1265
f 89/729 403/1267 869/1268 528/730
f 178/1271 261/1252 690/1255 594/1272
f 356/411 357/454 807/457 812/412
f 492/1273 40/1274 41/1275
f 40/1276 23/52 41/797
f 494/1277 504/1278 493/1279
f 494/1277 493/1279 495/1280
f 494/1277 495/1280 496/1281
f 494/1277 496/1281 510/1282
f 497/1283 609/1284 498/1285
f 596/1286 615/1287 497/1283
f 595/1288 617/1289 596/1286
f 593/1290 623/1291 594/618
f 592/1292 628/1293 593/1294
f 497/1283 615/1287 609/1284
f 615/1287 610/1295 609/1284
f 596/1286 617/1289 615/1287
f 617/1289 616/1296 615/1287
f 615/1287 616/1296 610/1295
f 616/1296 611/1297 610/1295
f 594/618 623/1291 619/611
f 623/1291 624/1298 619/611
f 619/611 624/1298 620/600
f 624/1298 625/1299 620/600
f 620/600 625/1299 621/580
f 625/1299 626/1300 621/580
f 621/580 626/1300 618/581
f 626/1300 622/1301 618/581
f 618/581 622/1301 612/643
f 622/1301 613/1302 612/643
f 593/1290 628/1303 623/1291
f 628/1303 629/1304 623/1291
f 623/1291 629/1304 624/1298
f 629/1304 630/1305 624/1298
f 624/1298 630/1305 625/1299
f 630/1305 631/1306 625/1299
f 625/1299 631/1306 626/1300
f 631/1306 632/1307 626/1300
f 626/1300 632/1307 622/1301
f 632/1307 627/1308 622/1301
f 622/1301 627/1308 613/1302
f 627/1308 614/1309 613/1302
f 609/1284 603/1310 498/1285
f 610/1295 633/1311 609/1284
f 611/1297 635/1312 610/1295
f 613/1302 641/1313 612/643
f 614/1309 646/1314 613/1302
f 609/1284 633/1311 603/1310
f 633/1311 604/1315 603/1310
f 610/1295 635/1312 633/1311
f 635/1312 634/1316 633/1311
f 633/1311 634/1316 604/1315
f 634/1316 605/1317 604/1315
f 612/643 641/1313 637/1318
f 641/1313 642/1319 637/1318
f 637/1318 642/1319 638/1320
f 642/1319 643/1321 638/1320
f 638/1320 643/1321 639/1322
f 643/1321 644/1323 639/1322
f 639/1322 644/1323 636/1324
f 644/1323 640/1325 636/1324
f 636/1324 640/1325 606/1326
f 640/1325 607/1327 606/1326
f 613/1302 646/1314 641/1313
f 646/1314 647/1328 641/1313
f 641/1313 647/1328 642/1319
f 647/1329 648/1330 642/1331
f 642/1319 648/1332 643/1321
f 648/1333 649/1334 643/1335
f 643/1335 649/1334 644/1336
f 649/1334 650/1337 644/1336
f 644/1336 650/1337 640/1338
f 650/1337 645/1339 640/1338
f 640/1338 645/1339 607/1340
f 645/1339 608/1341 607/1340
f 603/1310 597/1342 498/1285
f 604/1315 651/1343 603/1310
f 605/1317 653/1344 604/1315
f 607/1327 659/1345 606/1326
f 608/1341 664/1346 607/1340
f 603/1310 651/1343 597/1342
f 651/1343 598/1347 597/1342
f 604/1315 653/1344 651/1343
f 653/1344 652/1348 651/1343
f 651/1343 652/1348 598/1347
f 652/1348 599/1349 598/1347
f 606/1326 659/1345 655/1350
f 659/1345 660/1351 655/1350
f 655/1350 660/1351 656/1352
f 660/1351 661/1353 656/1352
f 656/1352 661/1353 657/1354
f 661/1353 662/1355 657/1354
f 657/1354 662/1355 654/1356
f 662/1355 658/1357 654/1356
f 654/1356 658/1357 600/1145
f 658/1357 601/1358 600/1145
f 607/1340 664/1346 659/1359
f 664/1346 665/1360 659/1359
f 659/1345 665/1361 660/1351
f 665/1361 666/1362 660/1351
f 660/1351 666/1362 661/1353
f 666/1362 667/1363 661/1353
f 661/1353 667/1363 662/1355
f 667/1363 668/1364 662/1355
f 662/1355 668/1364 658/1357
f 668/1364 663/1365 658/1357
f 658/1357 663/1365 601/1358
f 663/1365 602/1366 601/1358
f 597/1342 586/1367 498/1285
f 598/1347 669/1368 597/1342
f 599/1349 671/1369 598/1347
f 601/1358 677/1370 600/1145
f 602/1366 682/1371 601/1358
f 597/1342 669/1368 586/1367
f 669/1368 587/1372 586/1367
f 598/1347 671/1369 669/1368
f 671/1369 670/1373 669/1368
f 669/1368 670/1373 587/1372
f 670/1373 588/1374 587/1372
f 600/1145 677/1370 673/1131
f 677/1370 678/1375 673/1131
f 673/1131 678/1375 674/1124
f 678/1375 679/1376 674/1124
f 674/1124 679/1376 675/1110
f 679/1376 680/1377 675/1110
f 675/1110 680/1377 672/1111
f 680/1377 676/1378 672/1111
f 672/1111 676/1378 589/1161
f 676/1378 590/1379 589/1161
f 601/1358 682/1371 677/1370
f 682/1371 683/1380 677/1370
f 677/1370 683/1380 678/1375
f 683/1380 684/1381 678/1375
f 678/1375 684/1381 679/1376
f 684/1381 685/1382 679/1376
f 679/1376 685/1382 680/1377
f 685/1382 686/1383 680/1377
f 680/1377 686/1383 676/1378
f 686/1383 681/1384 676/1378
f 676/1378 681/1384 590/1379
f 681/1385 591/1386 590/1387
f 586/1367 497/1283 498/1285
f 587/1372 687/1388 586/1367
f 588/1374 689/1389 587/1372
f 590/1379 695/1390 589/1161
f 591/1386 700/1391 590/1387
f 586/1367 687/1388 497/1283
f 687/1388 596/1286 497/1283
f 587/1372 689/1389 687/1388
f 689/1389 688/1392 687/1388
f 687/1388 688/1392 596/1286
f 688/1392 595/1288 596/1286
f 589/1161 695/1390 691/1393
f 695/1390 696/1394 691/1393
f 691/1393 696/1394 692/1395
f 696/1394 697/1396 692/1395
f 692/1395 697/1396 693/1397
f 697/1396 698/1398 693/1397
f 693/1397 698/1398 690/1399
f 698/1398 694/1400 690/1399
f 690/1399 694/1400 594/618
f 694/1400 593/1290 594/618
f 590/1379 700/1401 695/1390
f 700/1401 701/1402 695/1390
f 695/1390 701/1402 696/1394
f 701/1402 702/1403 696/1394
f 696/1394 702/1403 697/1396
f 702/1403 703/1404 697/1396
f 697/1396 703/1404 698/1398
f 703/1404 704/1405 698/1398
f 698/1398 704/1405 694/1400
f 704/1405 699/1406 694/1400
f 694/1400 699/1406 593/1290
f 699/1406 592/1407 593/1290
f 536/1408 705/1409 537/1410
f 535/1411 706/1412 536/1408
f 533/1413 714/1414 534/1415
f 532/1416 718/1417 533/1413
f 536/1408 706/1412 705/1409
f 706/1412 707/1418 705/1409
f 535/1411 708/1419 706/1412
f 708/1419 709/1420 706/1412
f 706/1412 709/1420 707/1418
f 709/1420 710/1421 707/1418
f 708/1419 711/1422 709/1420
f 711/1422 712/1423 709/1420
f 709/1420 712/1423 710/1421
f 712/1423 713/1424 710/1421
f 711/1422 715/1425 712/1423
f 715/1425 716/1426 712/1423
f 712/1423 716/1426 713/1424
f 716/1426 717/1427 713/1424
f 533/1413 718/1417 714/1414
f 718/1417 719/1428 714/1414
f 715/1425 720/1429 716/1426
f 720/1429 721/1430 716/1426
f 716/1426 721/1430 717/1427
f 721/1430 722/1431 717/1427
f 532/1416 579/1432 718/1417
f 579/1432 578/1433 718/1417
f 718/1417 578/1433 719/1428
f 578/1433 577/1434 719/1428
f 720/1429 576/1435 721/1430
f 576/1435 575/1436 721/1430
f 721/1430 575/1436 722/1431
f 575/1436 574/1437 722/1431
f 584/1438 723/1439 585/1440
f 583/1441 724/1442 584/1438
f 581/1443 732/1444 582/1445
f 580/1446 736/1447 581/1443
f 584/1438 724/1442 723/1439
f 724/1442 725/1448 723/1439
f 583/1441 726/1449 724/1442
f 726/1449 727/1450 724/1442
f 724/1442 727/1450 725/1448
f 727/1450 728/1451 725/1448
f 726/1449 729/1452 727/1450
f 729/1452 730/1453 727/1450
f 727/1450 730/1453 728/1451
f 730/1453 731/1454 728/1451
f 729/1452 733/1455 730/1453
f 733/1455 734/1456 730/1453
f 730/1453 734/1456 731/1454
f 734/1456 735/1457 731/1454
f 581/1443 736/1447 732/1444
f 736/1447 737/1458 732/1444
f 733/1455 738/1459 734/1456
f 738/1459 739/1460 734/1456
f 734/1456 739/1460 735/1457
f 739/1460 740/1461 735/1457
f 580/1446 567/1462 736/1447
f 567/1462 566/1463 736/1447
f 736/1447 566/1463 737/1458
f 566/1463 565/1464 737/1458
f 738/1459 564/1465 739/1460
f 564/1465 563/1466 739/1460
f 739/1460 563/1466 740/1461
f 563/1466 562/1467 740/1461
f 572/1468 741/1469 573/1470
f 571/1471 742/1472 572/1468
f 569/1473 750/1474 570/1475
f 568/1476 754/1477 569/1473
f 572/1468 742/1472 741/1469
f 742/1472 743/1478 741/1469
f 571/1471 744/1479 742/1472
f 744/1480 745/1481 742/1482
f 742/1472 745/1483 743/1478
f 745/1481 746/1484 743/1485
f 744/1480 747/1486 745/1481
f 747/1486 748/1487 745/1481
f 745/1481 748/1487 746/1484
f 748/1487 749/1488 746/1484
f 747/1486 751/1489 748/1487
f 751/1489 752/1490 748/1487
f 748/1487 752/1490 749/1488
f 752/1490 753/1491 749/1488
f 569/1473 754/1477 750/1474
f 754/1477 755/1492 750/1474
f 751/1489 756/1493 752/1490
f 756/1493 757/1494 752/1490
f 752/1490 757/1494 753/1491
f 757/1494 758/1495 753/1491
f 568/1476 555/1496 754/1477
f 555/1496 554/1497 754/1477
f 754/1477 554/1497 755/1492
f 554/1497 553/1498 755/1492
f 756/1493 552/1499 757/1494
f 552/1499 551/1500 757/1494
f 757/1494 551/1500 758/1495
f 551/1500 550/1501 758/1495
f 560/1502 759/1503 561/1504
f 559/1505 760/1506 560/1507
f 557/1508 768/1509 558/1510
f 556/1511 772/1512 557/1508
f 560/1507 760/1506 759/1513
f 760/1506 761/1514 759/1513
f 559/1505 762/1515 760/1506
f 762/1515 763/1516 760/1506
f 760/1506 763/1516 761/1514
f 763/1516 764/1517 761/1514
f 762/1515 765/1518 763/1516
f 765/1518 766/1519 763/1516
f 763/1516 766/1519 764/1517
f 766/1519 767/1520 764/1517
f 765/1518 769/1521 766/1519
f 769/1521 770/1522 766/1519
f 766/1519 770/1522 767/1520
f 770/1522 771/1523 767/1520
f 557/1508 772/1512 768/1509
f 772/1512 773/1524 768/1509
f 769/1521 774/1525 770/1522
f 774/1525 775/1526 770/1522
f 770/1522 775/1526 771/1523
f 775/1526 776/1527 771/1523
f 556/1511 543/1528 772/1512
f 543/1528 542/1529 772/1512
f 772/1512 542/1529 773/1524
f 542/1529 541/1530 773/1524
f 774/1525 540/1531 775/1526
f 540/1531 539/1532 775/1526
f 775/1526 539/1532 776/1527
f 539/1532 538/1533 776/1527
f 548/1534 777/1535 549/1536
f 547/1537 778/1538 548/1534
f 545/1539 786/1540 546/1541
f 544/1542 790/1543 545/1539
f 548/1534 778/1538 777/1535
f 778/1538 779/1544 777/1535
f 547/1537 780/1545 778/1538
f 780/1545 781/1546 778/1538
f 778/1538 781/1546 779/1544
f 781/1546 782/1547 779/1544
f 780/1545 783/1548 781/1546
f 783/1548 784/1549 781/1546
f 781/1546 784/1549 782/1547
f 784/1549 785/1550 782/1547
f 783/1548 787/1551 784/1549
f 787/1551 788/1552 784/1549
f 784/1549 788/1552 785/1550
f 788/1553 789/1554 785/1555
f 545/1539 790/1543 786/1540
f 790/1543 791/1556 786/1540
f 787/1557 792/1558 788/1553
f 792/1558 793/1559 788/1553
f 788/1553 793/1559 789/1554
f 793/1559 794/1560 789/1554
f 544/1542 531/1561 790/1543
f 531/1561 530/1562 790/1543
f 790/1543 530/1562 791/1556
f 530/1563 529/1564 791/1565
f 792/1558 528/1566 793/1559
f 528/1566 527/1567 793/1559
f 793/1559 527/1567 794/1560
f 527/1567 526/1568 794/1560
f 575/1436 795/1569 574/1437
f 576/1435 797/1570 575/1436
f 578/1433 803/1571 577/1434
f 579/1432 808/1572 578/1433
f 574/1573 795/1574 585/1440
f 795/1574 584/1438 585/1440
f 575/1436 797/1570 795/1569
f 797/1575 796/1576 795/1574
f 795/1574 796/1576 584/1438
f 796/1576 583/1441 584/1438
f 577/1434 803/1571 799/1577
f 803/1571 804/1578 799/1577
f 799/1577 804/1578 800/1579
f 804/1578 805/1580 800/1579
f 800/1581 805/1582 801/1583
f 805/1582 806/1584 801/1583
f 801/1583 806/1584 798/1585
f 806/1584 802/1586 798/1585
f 798/1585 802/1586 582/1445
f 802/1586 581/1443 582/1445
f 578/1433 808/1572 803/1571
f 808/1572 809/1587 803/1571
f 803/1571 809/1587 804/1578
f 809/1587 810/1588 804/1578
f 804/1578 810/1588 805/1580
f 810/1588 811/1589 805/1580
f 805/1582 811/1590 806/1584
f 811/1590 812/1591 806/1584
f 806/1584 812/1591 802/1586
f 812/1591 807/1592 802/1586
f 802/1586 807/1592 581/1443
f 807/1592 580/1446 581/1443
f 563/1466 813/1593 562/1467
f 564/1465 815/1594 563/1466
f 566/1463 821/1595 565/1464
f 567/1462 826/1596 566/1463
f 562/1467 813/1593 573/1470
f 813/1593 572/1468 573/1470
f 563/1466 815/1594 813/1593
f 815/1594 814/1597 813/1593
f 813/1593 814/1597 572/1468
f 814/1597 571/1471 572/1468
f 565/1464 821/1595 817/1598
f 821/1595 822/1599 817/1598
f 817/1598 822/1599 818/1600
f 822/1599 823/1601 818/1600
f 818/1600 823/1601 819/1602
f 823/1601 824/1603 819/1602
f 819/1602 824/1603 816/1604
f 824/1603 820/1605 816/1604
f 816/1606 820/1607 570/1475
f 820/1607 569/1473 570/1475
f 566/1463 826/1596 821/1595
f 826/1596 827/1608 821/1595
f 821/1595 827/1608 822/1599
f 827/1608 828/1609 822/1599
f 822/1599 828/1609 823/1601
f 828/1609 829/1610 823/1601
f 823/1601 829/1610 824/1603
f 829/1610 830/1611 824/1603
f 824/1603 830/1611 820/1605
f 830/1612 825/1613 820/1607
f 820/1607 825/1613 569/1473
f 825/1613 568/1476 569/1473
f 551/1500 831/1614 550/1501
f 552/1499 833/1615 551/1500
f 554/1497 839/1616 553/1498
f 555/1496 844/1617 554/1497
f 550/1501 831/1614 561/1504
f 831/1614 560/1502 561/1504
f 551/1500 833/1615 831/1614
f 833/1615 832/1618 831/1614
f 831/1614 832/1618 560/1502
f 832/1618 559/1619 560/1502
f 553/1498 839/1616 835/1620
f 839/1616 840/1621 835/1620
f 835/1620 840/1621 836/1622
f 840/1621 841/1623 836/1622
f 836/1622 841/1623 837/1624
f 841/1623 842/1625 837/1624
f 837/1624 842/1625 834/1626
f 842/1625 838/1627 834/1626
f 834/1628 838/1629 558/1510
f 838/1629 557/1508 558/1510
f 554/1497 844/1617 839/1616
f 844/1617 845/1630 839/1616
f 839/1616 845/1630 840/1621
f 845/1630 846/1631 840/1621
f 840/1621 846/1631 841/1623
f 846/1631 847/1632 841/1623
f 841/1623 847/1632 842/1625
f 847/1632 848/1633 842/1625
f 842/1625 848/1633 838/1627
f 848/1634 843/1635 838/1629
f 838/1629 843/1635 557/1508
f 843/1635 556/1511 557/1508
f 539/1532 849/1636 538/1533
f 540/1531 851/1637 539/1532
f 542/1529 857/1638 541/1530
f 543/1528 862/1639 542/1529
f 538/1533 849/1636 549/1536
f 849/1636 548/1534 549/1536
f 539/1532 851/1637 849/1636
f 851/1637 850/1640 849/1636
f 849/1636 850/1640 548/1534
f 850/1640 547/1537 548/1534
f 541/1530 857/1638 853/1641
f 857/1638 858/1642 853/1641
f 853/1641 858/1642 854/1643
f 858/1642 859/1644 854/1643
f 854/1643 859/1644 855/1645
f 859/1644 860/1646 855/1645
f 855/1645 860/1646 852/1647
f 860/1646 856/1648 852/1647
f 852/1647 856/1648 546/1541
f 856/1648 545/1539 546/1541
f 542/1529 862/1639 857/1638
f 862/1639 863/1649 857/1638
f 857/1638 863/1649 858/1642
f 863/1649 864/1650 858/1642
f 858/1642 864/1650 859/1644
f 864/1650 865/1651 859/1644
f 859/1644 865/1651 860/1646
f 865/1651 866/1652 860/1646
f 860/1646 866/1652 856/1648
f 866/1652 861/1653 856/1648
f 856/1648 861/1653 545/1539
f 861/1653 544/1542 545/1539
f 527/1567 867/1654 526/1568
f 528/1566 869/1655 527/1567
f 530/1563 875/1656 529/1564
f 531/1657 880/1658 530/1563
f 526/1568 867/1654 537/1410
f 867/1654 536/1408 537/1410
f 527/1567 869/1655 867/1654
f 869/1655 868/1659 867/1654
f 867/1654 868/1659 536/1408
f 868/1659 535/1411 536/1408
f 529/1564 875/1656 871/1660
f 875/1656 876/1661 871/1660
f 871/1660 876/1661 872/1662
f 876/1661 877/1663 872/1662
f 872/1662 877/1663 873/1664
f 877/1663 878/1665 873/1664
f 873/1664 878/1665 870/1666
f 878/1665 874/1667 870/1666
f 870/1666 874/1667 534/1415
f 874/1667 533/1413 534/1415
f 530/1563 880/1658 875/1656
f 880/1658 881/1668 875/1656
f 875/1656 881/1668 876/1661
f 881/1668 882/1669 876/1661
f 876/1661 882/1669 877/1663
f 882/1669 883/1670 877/1663
f 877/1663 883/1670 878/1665
f 883/1670 884/1671 878/1665
f 878/1665 884/1671 874/1667
f 884/1671 879/1672 874/1667
f 874/1667 879/1672 533/1413
f 879/1672 532/1416 533/1413
f 514/1673 885/1674 515/1675
f 513/1676 886/1677 514/1673
f 511/1678 894/1679 512/1680
f 510/1282 898/1681 511/1678
f 514/1673 886/1677 885/1674
f 886/1677 887/1682 885/1674
f 513/1676 888/1683 886/1677
f 888/1683 889/1684 886/1677
f 886/1677 889/1684 887/1682
f 889/1684 890/1685 887/1682
f 888/1683 891/1686 889/1684
f 891/1686 892/1687 889/1684
f 889/1684 892/1687 890/1685
f 892/1687 893/1688 890/1685
f 891/1686 895/1689 892/1687
f 895/1689 896/1690 892/1687
f 892/1687 896/1690 893/1688
f 896/1690 897/1691 893/1688
f 511/1678 898/1681 894/1679
f 898/1681 899/1692 894/1679
f 895/1689 900/1693 896/1690
f 900/1693 901/1694 896/1690
f 896/1690 901/1694 897/1691
f 901/1694 902/1695 897/1691
f 510/1282 496/1281 898/1681
f 496/1281 525/1696 898/1681
f 898/1681 525/1696 899/1692
f 525/1696 524/1697 899/1692
f 900/1693 523/511 901/1694
f 523/511 522/1698 901/1694
f 901/1694 522/1698 902/1695
f 522/1699 521/1700 902/1701
f 522/1699 903/1702 521/1700
f 523/511 904/1703 522/1698
f 525/1696 912/1704 524/1697
f 496/1281 917/1705 525/1696
f 522/1699 904/1706 903/1702
f 904/1706 905/1707 903/1702
f 523/511 906/419 904/1703
f 906/419 907/1708 904/1703
f 904/1706 907/1709 905/1707
f 907/1709 908/1710 905/1707
f 906/419 909/418 907/1708
f 909/418 910/1711 907/1708
f 907/1708 910/1711 908/1712
f 910/1713 911/1714 908/1715
f 909/418 914/647 910/1711
f 914/647 915/1716 910/1711
f 910/1711 915/1716 911/1717
f 915/1718 916/1719 911/1720
f 525/1696 917/1705 912/1704
f 917/1705 918/1721 912/1704
f 912/1704 918/1721 913/1722
f 914/647 919/517 915/1716
f 919/517 920/1723 915/1716
f 915/1718 920/1724 916/1719
f 920/1724 921/1725 916/1719
f 496/1281 495/1280 917/1705
f 495/1280 520/1726 917/1705
f 917/1705 520/1726 918/1721
f 520/1726 519/1727 918/1721
f 919/517 518/516 920/1723
f 518/1728 517/1729 920/1724
f 920/1724 517/1729 921/1725
f 517/1729 516/1730 921/1725
f 517/1729 922/1731 516/1730
f 518/1728 923/1732 517/1729
f 520/1726 931/1733 519/1727
f 495/1280 935/1734 520/1726
f 517/1729 923/1732 922/1731
f 923/1732 924/1735 922/1731
f 518/516 925/1736 923/1737
f 925/1736 926/1738 923/1737
f 923/1732 926/1739 924/1735
f 926/1739 927/1740 924/1735
f 925/1736 928/1741 926/1738
f 928/1741 929/1742 926/1738
f 926/1739 929/1743 927/1740
f 929/1743 930/1744 927/1740
f 928/1741 932/1745 929/1742
f 932/1745 933/1746 929/1742
f 929/1742 933/1746 930/1747
f 933/1746 934/1748 930/1747
f 520/1726 935/1734 931/1733
f 935/1734 936/1749 931/1733
f 932/1745 937/1750 933/1746
f 937/1750 938/1751 933/1746
f 933/1746 938/1751 934/1748
f 938/1751 939/1752 934/1748
f 495/1280 493/1279 935/1734
f 493/1279 503/1753 935/1734
f 935/1734 503/1753 936/1749
f 503/1753 502/1754 936/1749
f 937/1750 501/1755 938/1751
f 501/1755 500/1756 938/1751
f 938/1751 500/1756 939/1752
f 500/1757 499/1758 939/1759
f 940/1760 514/1761 515/1762
f 942/1763 941/1764 940/1765
f 940/1765 941/1764 514/1673
f 941/1764 513/1676 514/1673
f 943/1766 944/1767 942/1763
f 942/1763 944/1767 941/1764
f 944/1767 945/1768 941/1764
f 941/1764 945/1768 513/1676
f 946/1769 947/1770 943/1766
f 943/1766 947/1770 944/1767
f 947/1770 948/1771 944/1767
f 944/1767 948/1771 945/1768
f 950/1772 951/1773 946/1769
f 946/1769 951/1773 947/1770
f 951/1773 952/1774 947/1770
f 947/1770 952/1774 948/1771
f 949/1775 511/1678 512/1680
f 954/1776 955/1777 950/1772
f 950/1772 955/1777 951/1773
f 955/1777 956/1778 951/1773
f 951/1773 956/1778 952/1774
f 957/1779 953/1780 949/1775
f 949/1775 953/1780 511/1678
f 953/1780 510/1282 511/1678
f 509/1781 508/1782 954/1776
f 954/1776 508/1782 955/1777
f 508/1782 507/1783 955/1777
f 955/1777 507/1783 956/1778
f 506/1784 505/1785 957/1779
f 957/1779 505/1785 953/1780
f 505/1785 504/1278 953/1780
f 953/1780 504/1278 510/1282
f 504/1278 494/1277 510/1282
f 500/1757 958/1786 499/1758
f 501/1755 959/1787 500/1756
f 503/1753 967/1788 502/1754
f 493/1279 971/1789 503/1753
f 500/1757 959/1790 958/1786
f 959/1790 960/1791 958/1786
f 501/1755 961/1792 959/1787
f 961/1792 962/1793 959/1787
f 959/1790 962/1794 960/1791
f 962/1794 963/1795 960/1791
f 961/1792 964/1796 962/1793
f 964/1796 965/1797 962/1793
f 962/1793 965/1797 963/1798
f 965/1797 966/1799 963/1798
f 964/1796 968/1800 965/1797
f 968/1800 969/1801 965/1797
f 965/1797 969/1801 966/1799
f 969/1801 970/1802 966/1799
f 503/1753 971/1789 967/1788
f 971/1789 972/1803 967/1788
f 968/1800 973/1804 969/1801
f 973/1804 974/1805 969/1801
f 969/1801 974/1805 970/1802
f 974/1805 975/1806 970/1802
f 493/1279 504/1278 971/1789
f 504/1278 505/1785 971/1789
f 971/1789 505/1785 972/1803
f 505/1785 506/1784 972/1803
f 973/1804 507/1783 974/1805
f 507/1783 508/1782 974/1805
f 974/1805 508/1782 975/1806
f 508/1782 509/1781 975/1806
f 1170/1807 1020/1808 1019/1809 1169/1810
f 1174/1811 1034/1812 1033/1813 1173/1814
f 1176/1815 1021/1816 1020/1808 1170/1807
f 1178/1817 1035/1818 1034/1812 1174/1811
f 1180/1819 1022/1820 1021/1816 1176/1815
f 1184/1821 1009/1822 1008/1823 1183/1824
f 1186/1825 1036/1826 1035/1818 1178/1817
f 1188/1827 1023/1828 1022/1820 1180/1819
f 1190/1829 1010/1830 1009/1822 1184/1821
f 1192/1831 1037/1832 1036/1826 1186/1825
f 1194/1833 1024/1834 1023/1828 1188/1827
f 1196/1835 1011/1836 1010/1830 1190/1829
f 1198/1837 1038/1838 1037/1832 1192/1831
f 1200/1839 1025/1840 1024/1834 1194/1833
f 1202/1841 1012/1842 1011/1836 1196/1835
f 1204/1843 1039/1844 1038/1838 1198/1837
f 1206/1845 1026/1846 1025/1840 1200/1839
f 1208/1847 1013/1848 1012/1842 1202/1841
f 1183/1824 1008/1823 1039/1844 1204/1843
f 1210/1849 1027/1850 1026/1846 1206/1845
f 1212/1851 1014/1852 1013/1848 1208/1847
f 1214/1853 1028/1854 1027/1850 1210/1849
f 1216/1855 1015/1856 1014/1852 1212/1851
f 1218/1857 1029/1858 1028/1854 1214/1853
f 1220/1859 1016/1860 1015/1856 1216/1855
f 1222/1861 1030/1862 1029/1858 1218/1857
f 1224/1863 1017/1864 1016/1860 1220/1859
f 1226/1865 1031/1866 1030/1862 1222/1861
f 1228/1867 1018/1868 1017/1864 1224/1863
f 1230/1869 1032/1870 1031/1866 1226/1865
f 1169/1810 1019/1809 1018/1868 1228/1867
f 1173/1814 1033/1813 1032/1870 1230/1869
f 1106/1871 1105/1872 1083/1873 1084/1874
f 1110/1875 1109/1876 1097/1877 1098/1878
f 1112/1879 1106/1871 1084/1874 1085/1880
f 1114/1881 1110/1875 1098/1878 1099/1882
f 1116/1883 1112/1879 1085/1880 1086/1884
f 1120/1885 1119/1886 1072/1887 1073/1888
f 1122/1889 1114/1881 1099/1882 1100/1890
f 1124/1891 1116/1883 1086/1884 1087/1892
f 1126/1893 1120/1885 1073/1888 1074/1894
f 1128/1895 1122/1889 1100/1890 1101/1896
f 1130/1897 1124/1891 1087/1892 1088/1898
f 1132/1899 1126/1893 1074/1894 1075/1900
f 1134/1901 1128/1895 1101/1896 1102/1902
f 1136/1903 1130/1897 1088/1898 1089/1904
f 1138/1905 1132/1899 1075/1900 1076/1906
f 1140/1907 1134/1901 1102/1902 1103/1908
f 1142/1909 1136/1903 1089/1904 1090/1910
f 1144/1911 1138/1905 1076/1906 1077/1912
f 1119/1886 1140/1907 1103/1908 1072/1887
f 1146/1913 1142/1909 1090/1910 1091/1914
f 1148/1915 1144/1911 1077/1912 1078/1916
f 1150/1917 1146/1913 1091/1914 1092/1918
f 1152/1919 1148/1915 1078/1916 1079/1920
f 1154/1921 1150/1917 1092/1918 1093/1922
f 1156/1923 1152/1919 1079/1920 1080/1924
f 1158/1925 1154/1921 1093/1922 1094/1926
f 1160/1927 1156/1923 1080/1924 1081/1928
f 1162/1929 1158/1925 1094/1926 1095/1930
f 1164/1931 1160/1927 1081/1928 1082/1932
f 1166/1933 1162/1929 1095/1930 1096/1934
f 1105/1872 1164/1931 1082/1932 1083/1873
f 1109/1876 1166/1933 1096/1934 1097/1877
f 1031/1935 1032/1936 1096/1937 1095/1938
f 1006/1939 1005/1940 1069/1941 1070/1942
f 980/1943 979/1944 1043/1945 1044/1946
f 1032/1936 1033/1947 1097/1948 1096/1937
f 1007/1949 1006/1939 1070/1942 1071/1950
f 981/1951 980/1943 1044/1946 1045/1952
f 1033/1947 1034/1953 1098/1954 1097/1948
f 976/1955 1007/1949 1071/1950 1040/1956
f 982/1957 981/1958 1045/1959 1046/1960
f 1034/1953 1035/1961 1099/1962 1098/1954
f 1008/1963 1009/1964 1073/1965 1072/1966
f 983/1967 982/1957 1046/1960 1047/1968
f 1035/1961 1036/1969 1100/1970 1099/1962
f 1009/1964 1010/1971 1074/1972 1073/1965
f 984/1973 983/1967 1047/1968 1048/1974
f 1036/1969 1037/1975 1101/1976 1100/1970
f 1010/1971 1011/1977 1075/1978 1074/1972
f 985/1979 984/1973 1048/1974 1049/1980
f 1037/1975 1038/1981 1102/1982 1101/1976
f 1011/1977 1012/1983 1076/1984 1075/1978
f 986/1985 985/1979 1049/1980 1050/1986
f 1038/1987 1039/1988 1103/1989 1102/1990
f 1012/1983 1013/1991 1077/1992 1076/1984
f 987/1993 986/1985 1050/1986 1051/1994
f 1039/1988 1008/1995 1072/1996 1103/1989
f 1013/1991 1014/1997 1078/1998 1077/1992
f 988/1999 987/1993 1051/1994 1052/2000
f 1014/1997 1015/2001 1079/2002 1078/1998
f 989/2003 988/1999 1052/2000 1053/2004
f 1015/2005 1016/2006 1080/2007 1079/2008
f 990/2009 989/2003 1053/2004 1054/2010
f 1016/2006 1017/2011 1081/2012 1080/2007
f 991/2013 990/2014 1054/2015 1055/2016
f 1017/2011 1018/2017 1082/2018 1081/2012
f 992/2019 991/2013 1055/2016 1056/2020
f 1018/2017 1019/2021 1083/2022 1082/2018
f 993/2023 992/2019 1056/2020 1057/2024
f 1019/2021 1020/2025 1084/2026 1083/2022
f 994/2027 993/2023 1057/2024 1058/2028
f 1020/2029 1021/2030 1085/2031 1084/2032
f 995/2033 994/2027 1058/2028 1059/2034
f 1021/2030 1022/2035 1086/2036 1085/2031
f 996/2037 995/2033 1059/2034 1060/2038
f 1022/2035 1023/2039 1087/2040 1086/2036
f 997/2041 996/2037 1060/2038 1061/2042
f 1023/2039 1024/2043 1088/2044 1087/2040
f 998/2045 997/2041 1061/2042 1062/2046
f 1024/2043 1025/2047 1089/2048 1088/2044
f 999/2049 998/2045 1062/2046 1063/2050
f 1025/2047 1026/2051 1090/2052 1089/2048
f 1000/2053 999/2054 1063/2055 1064/2056
f 1026/2051 1027/2057 1091/2058 1090/2052
f 1001/2059 1000/2053 1064/2056 1065/2060
f 1027/2057 1028/2061 1092/2062 1091/2058
f 1002/2063 1001/2059 1065/2060 1066/2064
f 1028/2061 1029/2065 1093/2066 1092/2062
f 1003/2067 1002/2063 1066/2064 1067/2068
f 977/2069 976/2070 1040/2071 1041/2072
f 1029/2073 1030/2074 1094/2075 1093/2076
f 1004/2077 1003/2067 1067/2068 1068/2078
f 978/2079 977/2069 1041/2072 1042/2080
f 1030/2074 1031/1935 1095/1938 1094/2075
f 1005/1940 1004/2081 1068/2082 1069/1941
f 979/1944 978/2079 1042/2080 1043/1945
f 1065/2083 1064/2084 1167/2085 1108/2086
f 1108/2086 1167/2085 1166/1933 1109/1876
f 1051/2087 1050/2088 1165/2089 1104/2090
f 1104/2090 1165/2089 1164/1931 1105/1872
f 1064/2084 1063/2091 1163/2092 1167/2085
f 1167/2085 1163/2092 1162/1929 1166/1933
f 1050/2088 1049/2093 1161/2094 1165/2089
f 1165/2089 1161/2094 1160/1927 1164/1931
f 1063/2091 1062/2095 1159/2096 1163/2092
f 1163/2092 1159/2096 1158/1925 1162/1929
f 1049/2093 1048/2097 1157/2098 1161/2094
f 1161/2094 1157/2098 1156/1923 1160/1927
f 1062/2095 1061/2099 1155/2100 1159/2096
f 1159/2096 1155/2100 1154/1921 1158/1925
f 1048/2097 1047/2101 1153/2102 1157/2098
f 1157/2098 1153/2102 1152/1919 1156/1923
f 1061/2099 1060/2103 1151/2104 1155/2100
f 1155/2100 1151/2104 1150/1917 1154/1921
f 1047/2101 1046/2105 1149/2106 1153/2102
f 1153/2102 1149/2106 1148/1915 1152/1919
f 1060/2103 1059/2107 1147/2108 1151/2104
f 1151/2104 1147/2108 1146/1913 1150/1917
f 1046/2105 1045/2109 1145/2110 1149/2106
f 1149/2106 1145/2110 1144/1911 1148/1915
f 1059/2107 1058/2111 1143/2112 1147/2108
f 1147/2108 1143/2112 1142/1909 1146/1913
f 1040/2113 1071/2114 1141/2115 1118/2116
f 1118/2116 1141/2115 1140/1907 1119/1886
f 1045/2109 1044/2117 1139/2118 1145/2110
f 1145/2110 1139/2118 1138/1905 1144/1911
f 1058/2111 1057/2119 1137/2120 1143/2112
f 1143/2112 1137/2120 1136/1903 1142/1909
f 1071/2114 1070/2121 1135/2122 1141/2115
f 1141/2115 1135/2122 1134/1901 1140/1907
f 1044/2117 1043/2123 1133/2124 1139/2118
f 1139/2118 1133/2124 1132/1899 1138/1905
f 1057/2119 1056/2125 1131/2126 1137/2120
f 1137/2120 1131/2126 1130/1897 1136/1903
f 1070/2121 1069/2127 1129/2128 1135/2122
f 1135/2122 1129/2128 1128/1895 1134/1901
f 1043/2123 1042/2129 1127/2130 1133/2124
f 1133/2124 1127/2130 1126/1893 1132/1899
f 1056/2125 1055/2131 1125/2132 1131/2126
f 1131/2126 1125/2132 1124/1891 1130/1897
f 1069/2127 1068/2133 1123/2134 1129/2128
f 1129/2128 1123/2134 1122/1889 1128/1895
f 1042/2129 1041/2135 1121/2136 1127/2130
f 1127/2130 1121/2136 1120/1885 1126/1893
f 1055/2131 1054/2137 1117/2138 1125/2132
f 1125/2132 1117/2138 1116/1883 1124/1891
f 1068/2133 1067/2139 1115/2140 1123/2134
f 1123/2134 1115/2140 1114/1881 1122/1889
f 1041/2135 1040/2113 1118/2116 1121/2136
f 1121/2136 1118/2116 1119/1886 1120/1885
f 1054/2137 1053/2141 1113/2142 1117/2138
f 1117/2138 1113/2142 1112/1879 1116/1883
f 1067/2139 1066/2143 1111/2144 1115/2140
f 1115/2140 1111/2144 1110/1875 1114/1881
f 1053/2141 1052/2145 1107/2146 1113/2142
f 1113/2142 1107/2146 1106/1871 1112/1879
f 1066/2143 1065/2083 1108/2086 1111/2144
f 1111/2144 1108/2086 1109/1876 1110/1875
f 1052/2145 1051/2087 1104/2090 1107/2146
f 1107/2146 1104/2090 1105/1872 1106/1871
f 1001/2147 1172/2148 1231/2149 1000/2150
f 1172/2148 1173/1814 1230/1869 1231/2149
f 987/2151 1168/2152 1229/2153 986/2154
f 1168/2152 1169/1810 1228/1867 1229/2153
f 1000/2150 1231/2149 1227/2155 999/2156
f 1231/2149 1230/1869 1226/1865 1227/2155
f 986/2154 1229/2153 1225/2157 985/2158
f 1229/2153 1228/1867 1224/1863 1225/2157
f 999/2156 1227/2155 1223/2159 998/2160
f 1227/2155 1226/1865 1222/1861 1223/2159
f 985/2158 1225/2157 1221/2161 984/2162
f 1225/2157 1224/1863 1220/1859 1221/2161
f 998/2160 1223/2159 1219/2163 997/2164
f 1223/2159 1222/1861 1218/1857 1219/2163
f 984/2162 1221/2161 1217/2165 983/2166
f 1221/2161 1220/1859 1216/1855 1217/2165
f 997/2164 1219/2163 1215/2167 996/2168
f 1219/2163 1218/1857 1214/1853 1215/2167
f 983/2166 1217/2165 1213/2169 982/2170
f 1217/2165 1216/1855 1212/1851 1213/2169
f 996/2168 1215/2167 1211/2171 995/2172
f 1215/2167 1214/1853 1210/1849 1211/2171
f 982/2170 1213/2169 1209/2173 981/2174
f 1213/2169 1212/1851 1208/1847 1209/2173
f 995/2172 1211/2171 1207/2175 994/2176
f 1211/2171 1210/1849 1206/1845 1207/2175
f 976/2177 1182/2178 1205/2179 1007/2180
f 1182/2178 1183/1824 1204/1843 1205/2179
f 981/2174 1209/2173 1203/2181 980/2182
f 1209/2173 1208/1847 1202/1841 1203/2181
f 994/2176 1207/2175 1201/2183 993/2184
f 1207/2175 1206/1845 1200/1839 1201/2183
f 1007/2180 1205/2179 1199/2185 1006/2186
f 1205/2179 1204/1843 1198/1837 1199/2185
f 980/2182 1203/2181 1197/2187 979/2188
f 1203/2181 1202/1841 1196/1835 1197/2187
f 993/2184 1201/2183 1195/2189 992/2190
f 1201/2183 1200/1839 1194/1833 1195/2189
f 1006/2186 1199/2185 1193/2191 1005/2192
f 1199/2185 1198/1837 1192/1831 1193/2191
f 979/2188 1197/2187 1191/2193 978/2194
f 1197/2187 1196/1835 1190/1829 1191/2193
f 992/2190 1195/2189 1189/2195 991/2196
f 1195/2189 1194/1833 1188/1827 1189/2195
f 1005/2192 1193/2191 1187/2197 1004/2198
f 1193/2191 1192/1831 1186/1825 1187/2197
f 978/2194 1191/2193 1185/2199 977/2200
f 1191/2193 1190/1829 1184/1821 1185/2199
f 991/2196 1189/2195 1181/2201 990/2202
f 1189/2195 1188/1827 1180/1819 1181/2201
f 1004/2198 1187/2197 1179/2203 1003/2204
f 1187/2197 1186/1825 1178/1817 1179/2203
f 977/2200 1185/2199 1182/2178 976/2177
f 1185/2199 1184/1821 1183/1824 1182/2178
f 990/2202 1181/2201 1177/2205 989/2206
f 1181/2201 1180/1819 1176/1815 1177/2205
f 1003/2204 1179/2203 1175/2207 1002/2208
f 1179/2203 1178/1817 1174/1811 1175/2207
f 989/2206 1177/2205 1171/2209 988/2210
f 1177/2205 1176/1815 1170/1807 1171/2209
f 1002/2208 1175/2207 1172/2148 1001/2147
f 1175/2207 1174/1811 1173/1814 1172/2148
f 988/2210 1171/2209 1168/2152 987/2151
f 1171/2209 1170/1807 1169/1810 1168/2152
s 1
f 1236/2211 1248/2212 1249/2213 1250/2214 1245/2215
f 1251/2216 1252/2217 1253/2218 1254/2219 1255/2220 1256/2221 1257/2222
f 1238/2223 1258/2224 1259/2225 1232/2226
f 1237/2227 1260/2228 1258/2224 1238/2223
f 1233/2229 1256/2221 1255/2220 1261/2230 1234/2231
f 1232/2226 1259/2225 1257/2232 1256/2233 1233/2234
f 1257/2232 1259/2225 1258/2224 1260/2228 1262/2235 1263/2236 1264/2237 1265/2238 1266/2239 1267/2240 1268/2241 1251/2242
f 1239/2243 1243/2244 1269/2245 1270/2246 1262/2247 1260/2248 1237/2249
f 1271/2250 1272/2251 1273/2252 1274/2253 1275/2254 1276/2255 1277/2256 1249/2257 1278/2258 1279/2259 1280/2260 1281/2261 1282/2262
f 1244/2263 1283/2264 1271/2265 1282/2266 1240/2267
f 1281/2268 1242/2269 1241/2270
f 1241/2271 1240/2272 1282/2273 1281/2274
f 1249/2275 1277/2276 1284/2277 1285/2278 1250/2279
f 1245/2280 1250/2279 1285/2278 1246/2281
f 1267/2282 1286/2283 1243/2284 1242/2285 1281/2286 1268/2287
f 1287/2288 1288/2289 1263/2290 1262/2291
f 1288/2289 1289/2292 1264/2293 1263/2290
f 1289/2294 1290/2295 1265/2238 1264/2237
f 1290/2295 1291/2296 1266/2239 1265/2238
f 1291/2296 1292/2297 1267/2240 1266/2239
f 1293/2298 1294/2299 1270/2246 1269/2245
f 1294/2299 1287/2300 1262/2247 1270/2246
f 1292/2297 1295/2301 1286/2302 1267/2240
f 1295/2301 1296/2303 1243/2304 1286/2302
f 1296/2305 1293/2306 1269/2307 1243/2308
f 1297/2309 1298/2310 1272/2311 1271/2265 1283/2264
f 1247/2312 1297/2309 1283/2264 1244/2263
f 1299/2313 1300/2314 1247/2315 1246/2316
f 1301/2317 1302/2318 1298/2319 1297/2320
f 1302/2318 1303/2321 1272/2251 1298/2319
f 1304/2322 1305/2323 1284/2277 1277/2276
f 1305/2323 1306/2324 1285/2278 1284/2277
f 1300/2325 1301/2326 1297/2309 1247/2312
f 1306/2324 1299/2327 1246/2281 1285/2278
f 1303/2321 1307/2328 1273/2252 1272/2251
f 1307/2328 1308/2329 1274/2253 1273/2252
f 1308/2330 1309/2331 1275/2332 1274/2333
f 1309/2331 1310/2334 1276/2335 1275/2332
f 1281/2261 1280/2260 1252/2336 1251/2337 1268/2338
f 1311/2339 1312/2340 1278/2341 1249/2213 1248/2212
f 1235/2342 1311/2339 1248/2212 1236/2211
f 1310/2343 1304/2344 1277/2345 1276/2346
f 1313/2347 1314/2348 1310/2349 1304/2350
f 1315/2351 1316/2352 1235/2342 1234/2231
f 1317/2353 1318/2354 1253/2218 1252/2217
f 1318/2355 1319/2356 1254/2357 1253/2358
f 1319/2356 1320/2359 1255/2360 1254/2357
f 1321/2361 1317/2362 1252/2363 1280/2364
f 1320/2359 1322/2365 1261/2366 1255/2360
f 1322/2365 1315/2367 1234/2368 1261/2366
f 1323/2369 1324/2370 1312/2340 1311/2339
f 1324/2371 1325/2372 1278/2373 1312/2374
f 1325/2372 1326/2375 1279/2376 1278/2373
f 1326/2377 1321/2378 1280/2260 1279/2259
f 1316/2352 1323/2369 1311/2339 1235/2342
f 1292/2379 1291/2380 1290/2381 1289/2292 1288/2289 1287/2288
f 1287/2300 1294/2299 1293/2298 1296/2382 1295/2383 1292/2384
f 1306/2324 1305/2323 1304/2322 1303/2385 1302/2386 1301/2326
f 1299/2327 1306/2324 1301/2326 1300/2325
f 1304/2387 1310/2388 1309/2389 1308/2329 1307/2328 1303/2321
f 1320/2390 1319/2391 1318/2354 1317/2353 1325/2392 1324/2370 1323/2369
f 1315/2351 1322/2393 1320/2390 1323/2369 1316/2352
f 1321/2378 1326/2377 1325/2394 1317/2395
f 1331/2396 1343/2397 1344/2398 1345/2399 1340/2400
f 1346/2401 1347/2402 1348/2403 1349/2404 1350/2405 1351/2406 1352/2407
f 1333/2408 1353/2409 1354/2410 1327/2411
f 1332/2412 1355/2413 1353/2409 1333/2408
f 1328/2414 1351/2415 1350/2416 1356/2417 1329/2418
f 1327/2419 1354/2420 1352/2421 1351/2415 1328/2414
f 1352/2407 1354/2422 1353/2423 1355/2424 1357/2425 1358/2426 1359/2427 1360/2428 1361/2429 1362/2430 1363/2431 1346/2401
f 1334/2432 1338/2433 1364/2434 1365/2435 1357/2436 1355/2437 1332/2438
f 1366/2439 1367/2440 1368/2441 1369/2442 1370/2443 1371/2444 1372/2445 1344/2446 1373/2447 1374/2448 1375/2449 1376/2450 1377/2451
f 1339/2452 1378/2453 1366/2454 1377/2455 1335/2456
f 1376/2457 1337/2458 1336/2459
f 1336/2460 1335/2461 1377/2462 1376/2463
f 1344/2464 1372/2465 1379/2466 1380/2467 1345/2468
f 1340/2469 1345/2468 1380/2467 1341/2470
f 1362/2471 1381/2472 1338/2473 1337/2474 1376/2475 1363/2476
f 1382/2477 1383/2478 1358/2479 1357/2480
f 1383/2478 1384/2481 1359/2482 1358/2479
f 1384/2483 1385/2484 1360/2485 1359/2486
f 1385/2484 1386/2487 1361/2488 1360/2485
f 1386/2487 1387/2489 1362/2490 1361/2488
f 1388/2491 1389/2492 1365/2435 1364/2434
f 1389/2492 1382/2493 1357/2436 1365/2435
f 1387/2489 1390/2494 1381/2495 1362/2490
f 1390/2494 1391/2496 1338/2497 1381/2495
f 1391/2498 1388/2491 1364/2434 1338/2433
f 1392/2499 1393/2500 1367/2501 1366/2454 1378/2453
f 1342/2502 1392/2499 1378/2453 1339/2452
f 1394/2503 1395/2504 1342/2502 1341/2470
f 1396/2505 1397/2506 1393/2500 1392/2499
f 1397/2506 1398/2507 1367/2501 1393/2500
f 1399/2508 1400/2509 1379/2510 1372/2511
f 1400/2512 1401/2513 1380/2467 1379/2466
f 1395/2504 1396/2505 1392/2499 1342/2502
f 1401/2514 1394/2515 1341/2516 1380/2517
f 1398/2518 1402/2519 1368/2441 1367/2440
f 1402/2519 1403/2520 1369/2442 1368/2441
f 1403/2521 1404/2522 1370/2523 1369/2524
f 1404/2522 1405/2525 1371/2526 1370/2523
f 1376/2450 1375/2449 1347/2402 1346/2401 1363/2431
f 1406/2527 1407/2528 1373/2447 1344/2446 1343/2529
f 1330/2530 1406/2531 1343/2397 1331/2396
f 1405/2532 1399/2508 1372/2511 1371/2533
f 1408/2534 1409/2535 1405/2536 1399/2537
f 1410/2538 1411/2539 1330/2540 1329/2541
f 1412/2542 1413/2543 1348/2544 1347/2545
f 1413/2543 1414/2546 1349/2547 1348/2544
f 1414/2546 1415/2548 1350/2549 1349/2547
f 1416/2550 1412/2542 1347/2545 1375/2551
f 1415/2548 1417/2552 1356/2553 1350/2549
f 1417/2552 1410/2538 1329/2541 1356/2553
f 1418/2554 1419/2555 1407/2528 1406/2527
f 1419/2555 1420/2556 1373/2447 1407/2528
f 1420/2556 1421/2557 1374/2448 1373/2447
f 1421/2557 1416/2558 1375/2449 1374/2448
f 1411/2559 1418/2560 1406/2531 1330/2530
f 1387/2561 1386/2562 1385/2563 1384/2564 1383/2565 1382/2566
f 1382/2493 1389/2492 1388/2491 1391/2498 1390/2567 1387/2568
f 1401/2513 1400/2512 1399/2569 1398/2507 1397/2506 1396/2505
f 1394/2503 1401/2513 1396/2505 1395/2504
f 1399/2570 1405/2571 1404/2572 1403/2520 1402/2519 1398/2518
f 1415/2573 1414/2574 1413/2575 1412/2576 1420/2556 1419/2555 1418/2554
f 1410/2577 1417/2578 1415/2579 1418/2560 1411/2559
f 1416/2558 1421/2557 1420/2556 1412/2576
f 1422/2580 1423/2581 1424/2582 1425/2583 1426/2584
f 1427/2585 1428/2586 1429/2587
f 1439/2588 1440/2589 1441/2590 1442/2591
f 1443/2592 1444/2593 1445/2594 1446/2595 1447/2596
f 1448/2597 1449/2598 1450/2599 1424/2582 1423/2581 1429/2587
f 1451/2600 1452/2601 1453/2602 1434/2603 1433/2604
f 1445/2605 1444/2606 1454/2607 1455/2608 1456/2609 1457/2610
f 1422/2611 1426/2612 1458/2613 1438/2614 1437/2615
f 1429/2587 1423/2581 1439/2588 1459/2616 1427/2585
f 1460/2617 1455/2608 1454/2607 1461/2618 1462/2619
f 1463/2620 1464/2621 1449/2598 1448/2597 1465/2622
f 1447/2623 1446/2624 1464/2621 1463/2620
f 1450/2599 1457/2610 1456/2609 1425/2583 1424/2582
f 1443/2592 1447/2596 1463/2625 1465/2626 1466/2627 1432/2628
f 1440/2629 1422/2611 1437/2615 1436/2630
f 1439/2588 1442/2591 1467/2631 1459/2616
f 1432/2628 1466/2627 1468/2632 1451/2600 1433/2604
f 1469/2633 1443/2592 1432/2628 1431/2634
f 1468/2632 1452/2601 1451/2600
f 1461/2635 1469/2633 1462/2636
f 1461/2635 1444/2593 1443/2592 1469/2633
f 1461/2618 1454/2607 1444/2606
f 1453/2602 1428/2637 1470/2638
f 1448/2597 1468/2639 1466/2640 1465/2622
f 1448/2641 1429/2642 1452/2601 1468/2632
f 1453/2602 1452/2601 1429/2642 1428/2637
f 1471/2643 1441/2644 1440/2645 1436/2646 1435/2647
f 1464/2621 1457/2610 1450/2599 1449/2598
f 1445/2605 1457/2610 1464/2621 1446/2624
f 1458/2648 1456/2649 1455/2650
f 1439/2588 1423/2581 1422/2580 1440/2589
f 1459/2616 1467/2631 1472/2651 1470/2652 1428/2586 1427/2585
f 1458/2653 1426/2584 1425/2583 1456/2609
f 1473/2654 1460/2655 1462/2656 1469/2657 1431/2658 1430/2659
f 1455/2660 1460/2655 1473/2654 1458/2661
f 1458/2661 1473/2654 1430/2659 1438/2662
f 1467/2631 1471/2663 1472/2651
f 1441/2590 1471/2663 1467/2631 1442/2591
f 1453/2602 1470/2638 1472/2664 1471/2665 1435/2666 1434/2603
f 1478/2667 1490/2668 1491/2669 1492/2670 1487/2671
f 1493/2672 1494/2673 1495/2674 1496/2675 1497/2676 1498/2677 1499/2678
f 1480/2679 1500/2680 1501/2681 1474/2682
f 1479/2683 1502/2684 1500/2685 1480/2686
f 1475/2687 1498/2688 1497/2689 1503/2690 1476/2691
f 1474/2692 1501/2693 1499/2694 1498/2688 1475/2687
f 1499/2695 1501/2681 1500/2680 1502/2696 1504/2697 1505/2698 1506/2699 1507/2700 1508/2701 1509/2702 1510/2703 1493/2704
f 1481/2705 1485/2706 1511/2707 1512/2708 1504/2709 1502/2684 1479/2683
f 1513/2710 1514/2711 1515/2712 1516/2713 1517/2714 1518/2715 1519/2716 1491/2717 1520/2718 1521/2719 1522/2720 1523/2721 1524/2722
f 1486/2723 1525/2724 1513/2725 1524/2726 1482/2727
f 1523/2728 1484/2729 1483/2730
f 1483/2731 1482/2732 1524/2733 1523/2734
f 1491/2735 1519/2736 1526/2737 1527/2738 1492/2739
f 1487/2740 1492/2739 1527/2738 1488/2741
f 1509/2742 1528/2743 1485/2744 1484/2745 1523/2746 1510/2747
f 1529/2748 1530/2749 1505/2750 1504/2751
f 1530/2749 1531/2752 1506/2753 1505/2750
f 1531/2754 1532/2755 1507/2700 1506/2699
f 1532/2755 1533/2756 1508/2701 1507/2700
f 1533/2756 1534/2757 1509/2702 1508/2701
f 1535/2758 1536/2759 1512/2708 1511/2707
f 1536/2759 1529/2760 1504/2709 1512/2708
f 1534/2757 1537/2761 1528/2762 1509/2702
f 1537/2761 1538/2763 1485/2764 1528/2762
f 1538/2765 1535/2758 1511/2707 1485/2706
f 1539/2766 1540/2767 1514/2768 1513/2725 1525/2724
f 1489/2769 1539/2766 1525/2724 1486/2723
f 1541/2770 1542/2771 1489/2769 1488/2741
f 1543/2772 1544/2773 1540/2767 1539/2766
f 1544/2773 1545/2774 1514/2768 1540/2767
f 1546/2775 1547/2776 1526/2737 1519/2736
f 1547/2776 1548/2777 1527/2738 1526/2737
f 1542/2771 1543/2772 1539/2766 1489/2769
f 1548/2778 1541/2779 1488/2780 1527/2781
f 1545/2782 1549/2783 1515/2712 1514/2711
f 1549/2783 1550/2784 1516/2713 1515/2712
f 1550/2785 1551/2786 1517/2787 1516/2788
f 1551/2786 1552/2789 1518/2790 1517/2787
f 1523/2721 1522/2720 1494/2673 1493/2672 1510/2791
f 1553/2792 1554/2793 1520/2794 1491/2669 1490/2668
f 1477/2795 1553/2792 1490/2668 1478/2667
f 1552/2796 1546/2797 1519/2798 1518/2799
f 1555/2800 1556/2801 1552/2802 1546/2803
f 1557/2804 1558/2805 1477/2795 1476/2806
f 1559/2807 1560/2808 1495/2809 1494/2810
f 1560/2811 1561/2812 1496/2813 1495/2814
f 1561/2812 1562/2815 1497/2816 1496/2813
f 1563/2817 1559/2818 1494/2819 1522/2820
f 1562/2815 1564/2821 1503/2822 1497/2816
f 1564/2821 1557/2823 1476/2824 1503/2822
f 1565/2825 1566/2826 1554/2793 1553/2792
f 1566/2827 1567/2828 1520/2718 1554/2829
f 1567/2830 1568/2831 1521/2832 1520/2833
f 1568/2834 1563/2835 1522/2720 1521/2719
f 1558/2805 1565/2825 1553/2792 1477/2795
f 1534/2757 1533/2756 1532/2755 1531/2754 1530/2836 1529/2837
f 1529/2760 1536/2759 1535/2758 1538/2765 1537/2838 1534/2839
f 1548/2777 1547/2776 1546/2775 1545/2774 1544/2773 1543/2772
f 1541/2770 1548/2777 1543/2772 1542/2771
f 1546/2840 1552/2841 1551/2842 1550/2784 1549/2783 1545/2782
f 1562/2843 1561/2844 1560/2845 1559/2846 1567/2828 1566/2827 1565/2847
f 1557/2804 1564/2848 1562/2849 1565/2825 1558/2805
f 1563/2835 1568/2834 1567/2828 1559/2846
f 1575/2850 1576/2851 1577/2852
f 1571/2853 1578/2854 1579/2855 1572/2856
f 1580/2857 1581/2858 1582/2859
f 1578/2860 1571/2861 1570/2862 1583/2863
f 1584/2864 1585/2865 1586/2866 1587/2867 1588/2868
f 1572/2856 1579/2855 1594/2869
f 1587/2870 1590/2871 1589/2872 1588/2873
f 1595/2874 1569/2875 1573/2876 1582/2877 1581/2878
f 1592/2879 1596/2880 1577/2881 1576/2882 1593/2883
f 1594/2869 1596/2880 1592/2879 1572/2856
f 1585/2865 1579/2884 1578/2885 1583/2886 1597/2887
f 1577/2852 1596/2888 1594/2889 1579/2884 1585/2865 1584/2864 1575/2850
f 1589/2890 1593/2891 1576/2892 1575/2893 1584/2894 1588/2895
f 1598/2896 1591/2897 1590/2871 1587/2870 1586/2898
f 1598/2896 1586/2898 1599/2899
f 1573/2900 1574/2901 1591/2897 1598/2896 1599/2899 1580/2902 1582/2903
f 1583/2863 1570/2862 1569/2875 1595/2874 1597/2904
f 1586/2866 1585/2865 1597/2887 1595/2905 1581/2858 1580/2857 1599/2906
f 1602/2907 1611/2908 1612/2909 1613/2910 1610/2911
f 1614/2912 1612/2909 1611/2908 1615/2913 1616/2914
f 1604/2915 1617/2916 1618/2917 1600/2918
f 1603/2919 1619/2920 1617/2916 1604/2915
f 1601/2921 1615/2913 1611/2908 1602/2907
f 1600/2922 1618/2923 1616/2914 1615/2913 1601/2921
f 1616/2924 1618/2925 1617/2926 1619/2927 1620/2928 1614/2929
f 1605/2930 1608/2931 1621/2932 1620/2933 1619/2934 1603/2935
f 1622/2936 1612/2937 1614/2929 1620/2928 1621/2938 1623/2939
f 1609/2940 1624/2941 1622/2942 1623/2943 1606/2944
f 1621/2945 1608/2946 1607/2947
f 1607/2948 1606/2944 1623/2943 1621/2949
f 1612/2950 1622/2951 1624/2952 1613/2953
f 1610/2954 1613/2953 1624/2952 1609/2955
f 1625/2956 1636/2957 1637/2958 1626/2959
f 1638/2960 1639/2961 1640/2962 1641/2963
f 1642/2964 1643/2965 1644/2966
f 1634/2967 1645/2968 1646/2969 1635/2970
f 1628/2971 1638/2972 1641/2973 1647/2974 1629/2975
f 1631/2976 1644/2977 1643/2978 1648/2979 1632/2980
f 1629/2975 1647/2974 1630/2981
f 1630/2981 1647/2974 1642/2982 1644/2983 1631/2984
f 1626/2959 1637/2958 1639/2961 1627/2985
f 1627/2985 1639/2961 1638/2960 1628/2986
f 1640/2962 1639/2961 1637/2958
f 1649/2987 1650/2988 1651/2989
f 1652/2990 1640/2991 1637/2992
f 1632/2980 1648/2979 1633/2993
f 1633/2993 1648/2979 1645/2994 1634/2995
f 1636/2996 1625/2997 1635/2970
f 1647/2998 1641/2999 1640/2991 1652/2990 1650/2988 1649/2987 1646/2969
f 1637/2992 1636/2996 1651/2989 1650/2988 1652/2990
f 1635/2970 1646/2969 1649/2987 1651/2989 1636/2996
f 1647/3000 1646/3001 1645/3002 1648/3003 1643/2965 1642/2964
f 1653/3004 1654/3005 1655/3006 1656/3007 1657/3008 1658/3009 1659/3010 1660/3011
f 1660/3011 1661/3012 1662/3013 1653/3004
f 1663/3014 1664/3015 1665/3016 1666/3017
f 1657/3018 1667/3019 1668/3020 1658/3021
f 1666/3017 1665/3016 1672/3022 1671/3023
f 1654/3005 1653/3004 1662/3013 1673/3024
f 1665/3016 1673/3025 1662/3026 1661/3027 1672/3022
f 1664/3028 1674/3029 1656/3030 1655/3031
f 1672/3032 1661/3033 1660/3034 1659/3035
f 1671/3036 1672/3032 1659/3035 1658/3021 1668/3020
f 1667/3019 1657/3018 1656/3030 1674/3029 1669/3037
f 1665/3016 1664/3015 1655/3038 1654/3039 1673/3025
f 1670/3040 1674/3029 1664/3028 1663/3041
f 1669/3042 1674/3043 1670/3044
f 1698/3045 1699/3046 1700/3047
f 1702/3048 1698/3049 1700/3050 1703/3051
f 1704/3052 1705/3053 1706/3054 1707/3055
f 1708/3056 1709/3057 1710/3058
f 1705/3059 1711/3060 1712/3061 1706/3062
f 1711/3060 1715/3063 1712/3061
f 1715/3063 1716/3064 1717/3065
f 1718/3066 1719/3067 1720/3068
f 1716/3064 1721/3069 1722/3070 1717/3065
f 1721/3069 1723/3071 1724/3072 1722/3070
f 1725/3073 1726/3074 1727/3075 1728/3076
f 1723/3071 1702/3048 1703/3051 1724/3072
f 1726/3074 1704/3052 1707/3055 1727/3075
f 1684/3077 1683/3078 1726/3074 1725/3073
f 1677/3079 1676/3080 1723/3071 1721/3069
f 1685/3081 1684/3082 1725/3083 1719/3067
f 1678/3084 1677/3079 1721/3069 1716/3064
f 1687/3085 1686/3086 1718/3066
f 1679/3087 1678/3084 1716/3064 1715/3063
f 1688/3088 1687/3085 1718/3066 1714/3089
f 1680/3090 1679/3087 1715/3063 1711/3060
f 1689/3091 1688/3088 1714/3089
f 1681/3092 1680/3090 1711/3060 1705/3059
f 1697/3093 1696/3094 1699/3046 1698/3045
f 1692/3095 1691/3096 1713/3097 1709/3057
f 1682/3098 1681/3099 1705/3053 1704/3052
f 1675/3100 1697/3101 1698/3102 1702/3103
f 1683/3078 1682/3098 1704/3052 1726/3074
f 1676/3080 1675/3104 1702/3048 1723/3071
f 1695/3105 1694/3106 1708/3056 1701/3107
f 1709/3057 1713/3097 1710/3058
f 1708/3056 1693/3108 1692/3095 1709/3057
f 1713/3097 1690/3109 1689/3091 1714/3089
f 1713/3097 1691/3096 1690/3109
f 1729/3110 1730/3111 1731/3112 1732/3113
f 1699/3046 1696/3094 1695/3105 1701/3107
f 1719/3067 1725/3083 1728/3114 1720/3068
f 1718/3066 1686/3086 1685/3081 1719/3067
f 1699/3046 1708/3056 1733/3115 1734/3116
f 1708/3056 1710/3058 1729/3117 1735/3118
f 1713/3097 1714/3089 1736/3119 1730/3120
f 1718/3066 1720/3068 1737/3121 1738/3122
f 1720/3068 1728/3114 1739/3123 1737/3121
f 1728/3114 1727/3124 1740/3125 1739/3123
f 1727/3126 1707/3127 1741/3128 1740/3129
f 1707/3130 1706/3131 1742/3132 1741/3133
f 1706/3062 1712/3061 1743/3134 1742/3135
f 1712/3061 1715/3063 1744/3136 1743/3134
f 1715/3063 1717/3065 1745/3137 1744/3136
f 1717/3065 1722/3070 1746/3138 1745/3137
f 1722/3070 1724/3072 1747/3139 1746/3138
f 1724/3072 1703/3051 1748/3140 1747/3139
f 1703/3051 1700/3050 1749/3141 1748/3140
f 1700/3047 1699/3046 1734/3116 1749/3142
f 1714/3089 1718/3066 1738/3122 1736/3119
f 1708/3056 1735/3118 1733/3115
f 1710/3058 1713/3097 1730/3120 1729/3117
f 1701/3107 1708/3056 1699/3046
f 1741/3143 1742/3144 1750/3145 1751/3146
f 1746/3147 1747/3148 1752/3149 1753/3150
f 1749/3151 1734/3152 1754/3153 1755/3154
f 1739/3155 1740/3156 1756/3157 1757/3158
f 1744/3159 1745/3160 1758/3161 1759/3162
f 1735/3163 1729/3110 1732/3113 1760/3164
f 1736/3165 1738/3166 1761/3167 1762/3168
f 1738/3166 1737/3169 1763/3170 1761/3167
f 1742/3171 1743/3172 1764/3173 1750/3174
f 1747/3175 1748/3176 1765/3177 1752/3178
f 1740/3179 1741/3180 1751/3181 1756/3182
f 1745/3160 1746/3147 1753/3150 1758/3161
f 1733/3183 1735/3163 1760/3164 1766/3184
f 1734/3185 1733/3186 1766/3187 1754/3188
f 1737/3169 1739/3155 1757/3158 1763/3170
f 1743/3172 1744/3159 1759/3162 1764/3173
f 1748/3176 1749/3189 1755/3190 1765/3177
f 1730/3111 1736/3165 1762/3168 1731/3112
f 1694/3106 1693/3108 1708/3056
f 1765/3191 1755/3154 1754/3153 1766/3184 1760/3164 1732/3113 1731/3112 1762/3168 1761/3167 1763/3170 1757/3158 1756/3157 1751/3146 1750/3145 1764/3192 1759/3193 1758/3194 1753/3195 1752/3196
f 1778/3197 1779/3198 1780/3199 1781/3200 1782/3201 1783/3202
f 1773/3203 1772/3204 1784/3205 1785/3206 1786/3207
f 1770/3208 1787/3209 1788/3210
f 1789/3211 1790/3212 1767/3213 1776/3214 1791/3215
f 1790/3212 1792/3216 1768/3217 1767/3213
f 1793/3218 1794/3219 1795/3220 1769/3221
f 1800/3222 1801/3223 1802/3224 1798/3225 1797/3226
f 1772/3204 1771/3227 1784/3205
f 1771/3227 1770/3208 1788/3210 1803/3228 1784/3205
f 1785/3229 1778/3197 1786/3230
f 1785/3229 1784/3231 1804/3232 1779/3198 1778/3197
f 1778/3233 1783/3234 1786/3235
f 1784/3231 1803/3236 1805/3237 1806/3238
f 1801/3239 1807/3240 1802/3241
f 1799/3242 1798/3243 1802/3241 1807/3240 1808/3244
f 1807/3240 1809/3245 1808/3244
f 1787/3209 1799/3242 1808/3244 1809/3245 1803/3228 1788/3210
f 1784/3231 1806/3238 1804/3232
f 1774/3246 1777/3247 1782/3248 1781/3249
f 1783/3250 1782/3251 1777/3252 1773/3203 1786/3207
f 1810/3253 1800/3254 1797/3255 1796/3256
f 1803/3257 1811/3258 1812/3259
f 1791/3260 1780/3261 1789/3262
f 1781/3263 1780/3261 1791/3260 1776/3264 1775/3265
f 1775/3266 1774/3267 1781/3268
f 1810/3253 1794/3219 1812/3269
f 1800/3222 1811/3258 1801/3223
f 1792/3270 1813/3271 1768/3272
f 1813/3273 1793/3218 1769/3221 1768/3217
f 1811/3258 1803/3257 1809/3274 1807/3275 1801/3223
f 1779/3198 1790/3276 1789/3277 1780/3199
f 1804/3278 1790/3279 1779/3280
f 1806/3281 1793/3218 1792/3216 1790/3212 1804/3282
f 1811/3258 1800/3222 1810/3283 1812/3259
f 1805/3237 1803/3236 1812/3284
f 1805/3285 1793/3218 1806/3281
f 1794/3219 1810/3253 1796/3256 1795/3220
f 1794/3219 1793/3218 1805/3285 1812/3269
f 1793/3218 1813/3273 1792/3216
f 1814/3286 1815/3287 1816/3288 1817/3289
f 1818/3290 1819/3291 1820/3292
f 1826/3293 1825/3294 1839/3295
f 1835/3296 1834/3297 1840/3298 1841/3299
f 1824/3300 1823/3301 1842/3302
f 1834/3303 1833/3304 1840/3305
f 1822/3306 1821/3307 1843/3308 1844/3309 1845/3310
f 1833/3311 1832/3312 1846/3313 1840/3298
f 1821/3314 1814/3315 1817/3316 1847/3317 1843/3318
f 1832/3319 1831/3320 1848/3321 1846/3322
f 1817/3323 1849/3324 1850/3325 1847/3326
f 1831/3320 1830/3327 1851/3328 1848/3321
f 1838/3329 1837/3330 1849/3331
f 1829/3332 1828/3333 1852/3334 1853/3335
f 1836/3336 1818/3290 1820/3292 1850/3337
f 1827/3338 1826/3293 1839/3295 1854/3339 1852/3334
f 1820/3292 1819/3291 1835/3296 1841/3299
f 1850/3337 1837/3330 1836/3336
f 1849/3331 1837/3330 1850/3337
f 1849/3331 1817/3340 1816/3341
f 1815/3342 1838/3329 1849/3331 1816/3341
f 1847/3326 1850/3325 1842/3343 1845/3344 1844/3345
f 1852/3346 1854/3347 1855/3348 1856/3349
f 1842/3343 1820/3350 1841/3351 1857/3352
f 1842/3343 1850/3325 1820/3350
f 1842/3353 1823/3354 1822/3355 1845/3356
f 1844/3309 1843/3308 1847/3357
f 1855/3348 1858/3358 1859/3359 1856/3349
f 1848/3321 1851/3328 1853/3360 1860/3361 1861/3362
f 1840/3298 1846/3313 1859/3363
f 1841/3299 1840/3298 1859/3363 1858/3364
f 1854/3347 1857/3352 1858/3358 1855/3348
f 1853/3365 1852/3346 1856/3349 1860/3366
f 1846/3322 1848/3321 1861/3362 1859/3367
f 1851/3328 1830/3327 1829/3368 1853/3360
f 1839/3295 1825/3294 1824/3369 1842/3370 1854/3339
f 1852/3334 1828/3333 1827/3338
f 1858/3358 1857/3352 1841/3351
f 1857/3352 1854/3347 1842/3343
f 1856/3349 1859/3359 1861/3371 1860/3366
f 1862/3372 1863/3373 1864/3374 1865/3375
f 1869/3376 1870/3377 1871/3378 1872/3379
f 1869/3380 1868/3381 1873/3382 1862/3383 1865/3384 1874/3385 1870/3386
f 1870/3387 1875/3388 1876/3389 1871/3390
f 1875/3388 1870/3387 1874/3391 1877/3392
f 1873/3393 1878/3394 1863/3395 1862/3396
f 1878/3397 1876/3389 1879/3398 1864/3399 1863/3400
f 1880/3401 1867/3402 1881/3403 1882/3404
f 1866/3405 1872/3406 1871/3407 1883/3408
f 1867/3409 1866/3405 1883/3408 1881/3410
f 1878/3394 1873/3393 1882/3404 1881/3403
f 1873/3393 1868/3411 1880/3401 1882/3404
f 1876/3412 1878/3413 1881/3414 1883/3415
f 1871/3416 1876/3417 1883/3418
f 1884/3419 1885/3420 1886/3421 1887/3422
f 1874/3385 1865/3384 1884/3423 1887/3424
f 1877/3392 1874/3391 1887/3425 1886/3426
f 1865/3384 1864/3427 1885/3428 1884/3423
f 1864/3399 1877/3392 1886/3426 1885/3429
f 1876/3389 1875/3388 1877/3392 1879/3398
f 1879/3398 1877/3392 1864/3399
f 1888/3430 1889/3431 1890/3432 1891/3433 1892/3434
f 1893/3435 1894/3436 1895/3437 1896/3438 1897/3439
f 1898/3440 1899/3441 1900/3442 1901/3443 1902/3444
f 1889/3445 1905/3446 1908/3447 1909/3448
f 1894/3449 1907/3450 1910/3451 1911/3452 1895/3453
f 1912/3454 1895/3455 1911/3456 1913/3457 1892/3458 1891/3459 1914/3460 1909/3461 1908/3462 1915/3463 1902/3464 1901/3465 1916/3466
f 1905/3467 1904/3468 1915/3469 1908/3470
f 1916/3471 1901/3443 1900/3442
f 1899/3472 1893/3435 1897/3439 1912/3473 1916/3474 1900/3475
f 1915/3476 1903/3477 1898/3478 1902/3479
f 1903/3480 1915/3469 1904/3468
f 1911/3452 1917/3481 1913/3482
f 1913/3482 1917/3481 1906/3483 1888/3484 1892/3485
f 1917/3481 1910/3451 1907/3450 1906/3483
f 1917/3481 1911/3452 1910/3451
f 1891/3433 1890/3432 1914/3486
f 1890/3487 1889/3488 1909/3489 1914/3490
f 1897/3439 1896/3438 1895/3437 1912/3473
f 1919/3491 1918/3492 1925/3493 1926/3494 1927/3495
f 1924/3496 1923/3497 1928/3498 1929/3499
f 1921/3500 1920/3501 1930/3502 1931/3503 1932/3504 1933/3505
f 1925/3506 1934/3507 1926/3508
f 1918/3509 1924/3510 1929/3511 1934/3507 1925/3506
f 1932/3504 1935/3512 1933/3505
f 1926/3513 1934/3514 1929/3515 1928/3516 1935/3517 1932/3518 1931/3519 1936/3520 1927/3521
f 1936/3522 1931/3503 1930/3502
f 1936/3523 1919/3491 1927/3495
f 1928/3524 1922/3525 1921/3526 1933/3527 1935/3528
f 1922/3529 1928/3530 1923/3531
f 1919/3491 1936/3523 1930/3532 1920/3533
f 1937/3534 1938/3535 1939/3536 1940/3537
f 1941/3538 1942/3539 1943/3540
f 1938/3541 1949/3542 1939/3543
f 1950/3544 1945/3545 1944/3546 1951/3547
f 1952/3548 1953/3549 1954/3550 1943/3551
f 1955/3552 1956/3553 1952/3548 1943/3551 1942/3554 1939/3543 1949/3542 1957/3555
f 1958/3556 1956/3557 1955/3558
f 1943/3540 1954/3559 1946/3560 1941/3538
f 1948/3561 1959/3562 1951/3547 1944/3546
f 1945/3563 1950/3564 1957/3565 1949/3566 1938/3567 1937/3568
f 1957/3569 1950/3544 1951/3547 1959/3562 1958/3570 1955/3571
f 1940/3537 1939/3536 1942/3539 1941/3538
f 1953/3572 1947/3573 1946/3560 1954/3559
f 1947/3574 1953/3575 1952/3576 1956/3557 1958/3556 1959/3577 1948/3578
f 1966/3579 1967/3580 1968/3581
f 1962/3582 1969/3583 1970/3584 1963/3585
f 1971/3586 1972/3587 1973/3588
f 1969/3583 1962/3582 1961/3589 1974/3590
f 1975/3591 1976/3592 1977/3593 1978/3594 1979/3595
f 1963/3596 1970/3597 1985/3598
f 1978/3599 1981/3600 1980/3601 1979/3602
f 1986/3603 1960/3604 1964/3605 1973/3606 1972/3607
f 1983/3608 1987/3609 1968/3581 1967/3580 1984/3610
f 1985/3598 1987/3609 1983/3608 1963/3596
f 1976/3611 1970/3612 1969/3613 1974/3614 1988/3615
f 1968/3616 1987/3617 1985/3618 1970/3619 1976/3592 1975/3591 1966/3620
f 1980/3601 1984/3621 1967/3622 1966/3623 1975/3624 1979/3602
f 1989/3625 1982/3626 1981/3600 1978/3599 1977/3627
f 1989/3625 1977/3627 1990/3628
f 1964/3605 1965/3629 1982/3630 1989/3631 1990/3632 1971/3633 1973/3606
f 1974/3590 1961/3589 1960/3634 1986/3635 1988/3636
f 1977/3593 1976/3592 1988/3637 1986/3638 1972/3587 1971/3586 1990/3639
f 1991/3640 1992/3641 1993/3642 1994/3643 1995/3644
f 1996/3645 1991/3640 1995/3644 1997/3646
f 1998/3647 1999/3648 2000/3649
f 1993/3650 2001/3651 2002/3652 1994/3653
f 2003/3654 2004/3655 2005/3656
f 2001/3651 1993/3650 1992/3657 2006/3658
f 2007/3659 2008/3660 2009/3661 2010/3662 2011/3663
f 1997/3646 1995/3644 2012/3664 2013/3665 2014/3666
f 1995/3644 1994/3643 2015/3667 2016/3668 2012/3664
f 1994/3669 2002/3670 2017/3671
f 2010/3672 2013/3673 2012/3674 2011/3675
f 2018/3676 1991/3677 1996/3678 2005/3679 2004/3680
f 2015/3681 2019/3682 2000/3649 1999/3648 2016/3683
f 2017/3671 2019/3682 2015/3681 1994/3669
f 2008/3660 2002/3684 2001/3685 2006/3686 2020/3687
f 2000/3688 2019/3689 2017/3690 2002/3684 2008/3660 2007/3659 1998/3691
f 2012/3674 2016/3692 1999/3693 1998/3694 2007/3695 2011/3675
f 2021/3696 2014/3697 2013/3673 2010/3672 2009/3698
f 2021/3696 2009/3698 2022/3699
f 1996/3678 1997/3700 2014/3701 2021/3702 2022/3703 2003/3704 2005/3679
f 2006/3658 1992/3657 1991/3705 2018/3706 2020/3707
f 2009/3661 2008/3660 2020/3687 2018/3708 2004/3655 2003/3654 2022/3709
f 2024/3710 2023/3711 2030/3712 2031/3713 2032/3714
f 2029/3715 2028/3716 2033/3717 2034/3718
f 2026/3719 2025/3720 2035/3721 2036/3722 2037/3723 2038/3724 2039/3725 2040/3726 2041/3727
f 2030/3712 2042/3728 2031/3713
f 2023/3729 2029/3715 2034/3718 2042/3730 2030/3731
f 2037/3732 2043/3733 2038/3734
f 2031/3735 2042/3736 2034/3737 2033/3738 2043/3733 2037/3732 2036/3739 2044/3740 2032/3741
f 2044/3740 2036/3739 2035/3742
f 2044/3743 2024/3744 2032/3745
f 2033/3746 2027/3747 2026/3748 2041/3749 2045/3750 2039/3751 2038/3752 2043/3753
f 2027/3754 2033/3717 2028/3716
f 2024/3744 2044/3743 2035/3755 2025/3756
f 2046/3757 2053/3758 2054/3759 2055/3760 2047/3761
f 2047/3762 2055/3763 2056/3764 2048/3765
f 2050/3766 2057/3767 2058/3768 2051/3769
f 2049/3770 2059/3771 2057/3772 2050/3773
f 2048/3765 2056/3764 2059/3771 2049/3770
f 2055/3760 2054/3759 2060/3774 2058/3775 2057/3776 2059/3777 2061/3778
f 2052/3779 2062/3780 2053/3781 2046/3782
f 2060/3774 2054/3759 2053/3758 2062/3783
f 2051/3784 2058/3785 2060/3786 2062/3780 2052/3779
f 2056/3764 2055/3763 2061/3787
f 2059/3777 2056/3788 2061/3778
f 2063/3789 2070/3790 2071/3791 2072/3792
f 2073/3793 2074/3794 2075/3795 2076/3796 2077/3797 2078/3798 2079/3799 2080/3800
f 2081/3801 2082/3802 2070/3803 2069/3804 2083/3805
f 2084/3806 2079/3807 2078/3808
f 2067/3809 2066/3810 2077/3811 2076/3812 2085/3813
f 2065/3814 2064/3815 2086/3816 2087/3817 2088/3818
f 2068/3819 2067/3809 2085/3813 2075/3820
f 2064/3821 2063/3789 2072/3792 2073/3822 2080/3823
f 2069/3824 2068/3825 2075/3826 2074/3827 2083/3828
f 2071/3791 2070/3790 2082/3829 2089/3830
f 2077/3811 2066/3810 2090/3831 2084/3832 2078/3833
f 2075/3820 2085/3813 2076/3812
f 2081/3801 2089/3834 2082/3802
f 2072/3835 2071/3836 2089/3837 2081/3838 2083/3839 2074/3794 2073/3793
f 2041/3840 2040/3841 2091/3842
f 2091/3843 2040/3726 2039/3725
f 2039/3725 2045/3844 2091/3843
f 2091/3842 2045/3845 2041/3840
f 2087/3817 2086/3816 2064/3815 2080/3846 2079/3807 2084/3806
f 2087/3847 2090/3848 2088/3849
f 2088/3850 2090/3831 2066/3810 2065/3851
f 2084/3806 2090/3852 2087/3817
f 2115/3853 2116/3854 2117/3855
f 2119/3856 2115/3857 2117/3858 2120/3859
f 2121/3860 2122/3861 2123/3862 2124/3863
f 2125/3864 2126/3865 2127/3866
f 2122/3861 2128/3867 2129/3868 2123/3862
f 2128/3869 2132/3870 2129/3871
f 2132/3870 2133/3872 2134/3873
f 2135/3874 2136/3875 2137/3876
f 2133/3872 2138/3877 2139/3878 2134/3873
f 2138/3877 2140/3879 2141/3880 2139/3878
f 2142/3881 2143/3882 2144/3883 2145/3884
f 2140/3879 2119/3856 2120/3859 2141/3880
f 2143/3882 2121/3860 2124/3863 2144/3883
f 2101/3885 2100/3886 2143/3882 2142/3881
f 2094/3887 2093/3888 2140/3879 2138/3877
f 2102/3889 2101/3885 2142/3881 2136/3875
f 2095/3890 2094/3887 2138/3877 2133/3872
f 2104/3891 2103/3892 2135/3893
f 2096/3894 2095/3890 2133/3872 2132/3870
f 2105/3895 2104/3896 2135/3874 2131/3897
f 2097/3898 2096/3894 2132/3870 2128/3869
f 2106/3899 2105/3895 2131/3897
f 2098/3900 2097/3901 2128/3867 2122/3861
f 2114/3902 2113/3903 2116/3854 2115/3853
f 2109/3904 2108/3905 2130/3906 2126/3907
f 2099/3908 2098/3900 2122/3861 2121/3860
f 2092/3909 2114/3902 2115/3853 2119/3910
f 2100/3886 2099/3908 2121/3860 2143/3882
f 2093/3888 2092/3911 2119/3856 2140/3879
f 2112/3912 2111/3913 2125/3864 2118/3914
f 2126/3907 2130/3906 2127/3915
f 2125/3864 2110/3916 2109/3917 2126/3865
f 2130/3906 2107/3918 2106/3899 2131/3897
f 2130/3906 2108/3905 2107/3918
f 2146/3919 2147/3920 2148/3921 2149/3922
f 2116/3854 2113/3903 2112/3912 2118/3914
f 2136/3875 2142/3881 2145/3884 2137/3876
f 2135/3893 2103/3892 2102/3923 2136/3924
f 2116/3925 2125/3926 2150/3927 2151/3928
f 2125/3926 2127/3929 2146/3919 2152/3930
f 2130/3931 2131/3932 2153/3933 2147/3920
f 2135/3874 2137/3876 2154/3934 2155/3935
f 2137/3876 2145/3884 2156/3936 2154/3934
f 2145/3937 2144/3938 2157/3939 2156/3940
f 2144/3938 2124/3941 2158/3942 2157/3939
f 2124/3941 2123/3943 2159/3944 2158/3942
f 2123/3943 2129/3871 2160/3945 2159/3944
f 2129/3871 2132/3870 2161/3946 2160/3945
f 2132/3870 2134/3873 2162/3947 2161/3946
f 2134/3873 2139/3878 2163/3948 2162/3947
f 2139/3878 2141/3880 2164/3949 2163/3948
f 2141/3880 2120/3859 2165/3950 2164/3949
f 2120/3859 2117/3858 2166/3951 2165/3950
f 2117/3858 2116/3925 2151/3928 2166/3951
f 2131/3897 2135/3874 2155/3935 2153/3952
f 2125/3926 2152/3930 2150/3927
f 2127/3929 2130/3931 2147/3920 2146/3919
f 2118/3914 2125/3864 2116/3854
f 2158/3942 2159/3944 2167/3953 2168/3954
f 2163/3955 2164/3956 2169/3957 2170/3958
f 2166/3951 2151/3928 2171/3959 2172/3960
f 2156/3940 2157/3939 2173/3961 2174/3962
f 2161/3963 2162/3964 2175/3965 2176/3966
f 2152/3930 2146/3919 2149/3922 2177/3967
f 2153/3933 2155/3968 2178/3969 2179/3970
f 2155/3968 2154/3971 2180/3972 2178/3969
f 2159/3973 2160/3974 2181/3975 2167/3976
f 2164/3956 2165/3977 2182/3978 2169/3957
f 2157/3939 2158/3942 2168/3954 2173/3961
f 2162/3979 2163/3980 2170/3981 2175/3982
f 2150/3927 2152/3930 2177/3967 2183/3983
f 2151/3984 2150/3985 2183/3986 2171/3987
f 2154/3971 2156/3940 2174/3962 2180/3972
f 2160/3988 2161/3963 2176/3966 2181/3989
f 2165/3977 2166/3990 2172/3991 2182/3978
f 2147/3920 2153/3933 2179/3970 2148/3921
f 2111/3913 2110/3916 2125/3864
f 2182/3992 2172/3960 2171/3959 2183/3983 2177/3967 2149/3922 2148/3921 2179/3970 2178/3969 2180/3972 2174/3962 2173/3961 2168/3954 2167/3953 2181/3993 2176/3994 2175/3995 2170/3996 2169/3997
f 2207/3998 2208/3999 2209/4000
f 2211/4001 2207/4002 2209/4003 2212/4004
f 2213/4005 2214/4006 2215/4007 2216/4008
f 2217/4009 2218/4010 2219/4011
f 2214/4012 2220/4013 2221/4014 2215/4015
f 2220/4013 2224/4016 2221/4014
f 2224/4016 2225/4017 2226/4018
f 2227/4019 2228/4020 2229/4021
f 2225/4017 2230/4022 2231/4023 2226/4018
f 2230/4022 2232/4024 2233/4025 2231/4023
f 2234/4026 2235/4027 2236/4028 2237/4029
f 2232/4024 2211/4030 2212/4031 2233/4025
f 2235/4032 2213/4005 2216/4008 2236/4033
f 2193/4034 2192/4035 2235/4027 2234/4026
f 2186/4036 2185/4037 2232/4024 2230/4022
f 2194/4038 2193/4039 2234/4040 2228/4020
f 2187/4041 2186/4036 2230/4022 2225/4017
f 2196/4042 2195/4043 2227/4019
f 2188/4044 2187/4041 2225/4017 2224/4016
f 2197/4045 2196/4042 2227/4019 2223/4046
f 2189/4047 2188/4044 2224/4016 2220/4013
f 2198/4048 2197/4045 2223/4046
f 2190/4049 2189/4047 2220/4013 2214/4012
f 2206/4050 2205/4051 2208/3999 2207/3998
f 2201/4052 2200/4053 2222/4054 2218/4055
f 2191/4056 2190/4057 2214/4006 2213/4005
f 2184/4058 2206/4050 2207/3998 2211/4059
f 2192/4060 2191/4056 2213/4005 2235/4032
f 2185/4037 2184/4061 2211/4030 2232/4024
f 2204/4062 2203/4063 2217/4064 2210/4065
f 2218/4055 2222/4054 2219/4066
f 2217/4009 2202/4067 2201/4068 2218/4010
f 2222/4054 2199/4069 2198/4048 2223/4046
f 2222/4054 2200/4053 2199/4069
f 2238/4070 2239/4071 2240/4072 2241/4073
f 2208/4074 2205/4075 2204/4076 2210/4077
f 2228/4020 2234/4040 2237/4078 2229/4021
f 2227/4019 2195/4043 2194/4038 2228/4020
f 2208/4074 2217/4009 2242/4079 2243/4080
f 2217/4009 2219/4011 2238/4081 2244/4082
f 2222/4083 2223/4084 2245/4085 2239/4086
f 2227/4087 2229/4088 2246/4089 2247/4090
f 2229/4088 2237/4029 2248/4091 2246/4089
f 2237/4029 2236/4028 2249/4092 2248/4091
f 2236/4028 2216/4093 2250/4094 2249/4092
f 2216/4093 2215/4095 2251/4096 2250/4094
f 2215/4095 2221/4097 2252/4098 2251/4096
f 2221/4097 2224/4099 2253/4100 2252/4098
f 2224/4099 2226/4101 2254/4102 2253/4100
f 2226/4101 2231/4103 2255/4104 2254/4102
f 2231/4103 2233/4105 2256/4106 2255/4104
f 2233/4105 2212/4004 2257/4107 2256/4106
f 2212/4004 2209/4003 2258/4108 2257/4107
f 2209/4003 2208/4074 2243/4080 2258/4108
f 2223/4084 2227/4087 2247/4090 2245/4085
f 2217/4009 2244/4082 2242/4079
f 2219/4011 2222/4083 2239/4086 2238/4081
f 2210/4077 2217/4009 2208/4074
f 2250/4094 2251/4096 2259/4109 2260/4110
f 2255/4104 2256/4106 2261/4111 2262/4112
f 2258/4113 2243/4114 2263/4115 2264/4116
f 2248/4117 2249/4118 2265/4119 2266/4120
f 2253/4121 2254/4122 2267/4123 2268/4124
f 2244/4125 2238/4070 2241/4073 2269/4126
f 2245/4127 2247/4128 2270/4129 2271/4130
f 2247/4131 2246/4132 2272/4133 2270/4134
f 2251/4096 2252/4098 2273/4135 2259/4109
f 2256/4106 2257/4107 2274/4136 2261/4111
f 2249/4092 2250/4094 2260/4110 2265/4137
f 2254/4102 2255/4104 2262/4112 2267/4138
f 2242/4139 2244/4125 2269/4126 2275/4140
f 2243/4141 2242/4142 2275/4143 2263/4144
f 2246/4145 2248/4117 2266/4120 2272/4146
f 2252/4098 2253/4100 2268/4147 2273/4135
f 2257/4107 2258/4108 2264/4148 2274/4136
f 2239/4071 2245/4127 2271/4130 2240/4072
f 2203/4149 2202/4067 2217/4009
f 2274/4136 2264/4148 2263/4150 2275/4151 2269/4152 2241/4153 2240/4154 2271/4155 2270/4156 2272/4157 2266/4158 2265/4137 2260/4110 2259/4109 2273/4135 2268/4147 2267/4138 2262/4112 2261/4111
f 2276/4159 2277/4160 2278/4161 2279/4162
f 2283/4163 2284/4164 2285/4165 2286/4166
f 2283/4167 2282/4168 2287/4169 2276/4170 2279/4171 2288/4172 2284/4173
f 2284/4164 2289/4174 2290/4175 2285/4165
f 2289/4174 2284/4164 2288/4176 2291/4177
f 2287/4178 2292/4179 2277/4160 2276/4159
f 2292/4180 2290/4181 2293/4182 2278/4183 2277/4184
f 2294/4185 2281/4186 2295/4187 2296/4188
f 2280/4189 2286/4166 2285/4165 2297/4190
f 2281/4191 2280/4192 2297/4193 2295/4194
f 2292/4179 2287/4178 2296/4188 2295/4187
f 2287/4178 2282/4195 2294/4185 2296/4188
f 2290/4196 2292/4197 2295/4198 2297/4199
f 2285/4200 2290/4196 2297/4199
f 2298/4201 2299/4202 2300/4203 2301/4204
f 2288/4172 2279/4171 2298/4205 2301/4206
f 2291/4207 2288/4208 2301/4209 2300/4210
f 2279/4162 2278/4161 2299/4211 2298/4212
f 2278/4183 2291/4207 2300/4210 2299/4213
f 2290/4175 2289/4174 2291/4177 2293/4214
f 2293/4182 2291/4207 2278/4183
f 2313/4215 2314/4216 2315/4217 2316/4218 2317/4219 2318/4220
f 2308/4221 2307/4222 2319/4223 2320/4224 2321/4225
f 2305/4226 2322/4227 2323/4228
f 2324/4229 2325/4230 2302/4231 2311/4232 2326/4233
f 2325/4230 2327/4234 2303/4235 2302/4231
f 2328/4236 2329/4237 2330/4238 2304/4239
f 2335/4240 2336/4241 2337/4242 2333/4243 2332/4244
f 2307/4222 2306/4245 2319/4223
f 2306/4245 2305/4226 2323/4228 2338/4246 2319/4223
f 2320/4247 2313/4215 2321/4248
f 2320/4247 2319/4249 2339/4250 2314/4216 2313/4215
f 2313/4251 2318/4252 2321/4253
f 2319/4249 2338/4254 2340/4255 2341/4256
f 2336/4257 2342/4258 2337/4259
f 2334/4260 2333/4261 2337/4259 2342/4258 2343/4262
f 2342/4258 2344/4263 2343/4262
f 2322/4227 2334/4260 2343/4262 2344/4263 2338/4246 2323/4228
f 2319/4249 2341/4256 2339/4250
f 2309/4264 2312/4265 2317/4266 2316/4267
f 2318/4268 2317/4269 2312/4270 2308/4221 2321/4225
f 2345/4271 2335/4240 2332/4244 2331/4272
f 2338/4254 2346/4273 2347/4274
f 2326/4275 2315/4217 2324/4276
f 2316/4277 2315/4278 2326/4279 2311/4280 2310/4281
f 2310/4282 2309/4283 2316/4284
f 2345/4285 2329/4286 2347/4287
f 2335/4240 2346/4288 2336/4241
f 2327/4234 2348/4289 2303/4235
f 2348/4289 2328/4236 2304/4239 2303/4235
f 2346/4273 2338/4254 2344/4290 2342/4291 2336/4292
f 2314/4216 2325/4293 2324/4276 2315/4217
f 2339/4250 2325/4293 2314/4216
f 2341/4256 2328/4294 2327/4295 2325/4293 2339/4250
f 2346/4288 2335/4240 2345/4271 2347/4296
f 2340/4255 2338/4254 2347/4274
f 2340/4297 2328/4236 2341/4298
f 2329/4237 2345/4299 2331/4300 2330/4238
f 2329/4237 2328/4236 2340/4297 2347/4301
f 2328/4236 2348/4289 2327/4234
f 2350/4302 2349/4303 2356/4304 2357/4305 2358/4306
f 2355/4307 2354/4308 2359/4309 2360/4310
f 2352/4311 2351/4312 2361/4313 2362/4314 2363/4315 2364/4316
f 2356/4304 2365/4317 2357/4305
f 2349/4318 2355/4307 2360/4310 2365/4319 2356/4320
f 2363/4321 2366/4322 2364/4323
f 2357/4324 2365/4325 2360/4326 2359/4327 2366/4322 2363/4321 2362/4328 2367/4329 2358/4330
f 2367/4331 2362/4314 2361/4313
f 2367/4331 2350/4332 2358/4333
f 2359/4309 2353/4334 2352/4335 2364/4336 2366/4337
f 2353/4334 2359/4309 2354/4308
f 2350/4332 2367/4331 2361/4313 2351/4312
f 2368/4338 2369/4339 2370/4340 2371/4341
f 2372/4342 2373/4343 2374/4344
f 2369/4345 2380/4346 2370/4347
f 2381/4348 2376/4349 2375/4350 2382/4351
f 2383/4352 2384/4353 2385/4354 2374/4355
f 2386/4356 2387/4357 2383/4358 2374/4359 2373/4360 2370/4347 2380/4346 2388/4361
f 2389/4362 2387/4363 2386/4364
f 2374/4344 2385/4365 2377/4366 2372/4342
f 2379/4367 2390/4368 2382/4351 2375/4350
f 2376/4369 2381/4370 2388/4361 2380/4346 2369/4345 2368/4371
f 2388/4372 2381/4348 2382/4351 2390/4368 2389/4362 2386/4364
f 2371/4341 2370/4340 2373/4343 2372/4342
f 2384/4373 2378/4374 2377/4366 2385/4365
f 2378/4375 2384/4353 2383/4352 2387/4376 2389/4377 2390/4378 2379/4379
f 2397/4380 2398/4381 2399/4382
f 2393/4383 2400/4384 2401/4385 2394/4386
f 2402/4387 2403/4388 2404/4389
f 2400/4390 2393/4391 2392/4392 2405/4393
f 2406/4394 2407/4395 2408/4396 2409/4397 2410/4398
f 2394/4386 2401/4385 2416/4399
f 2409/4400 2412/4401 2411/4402 2410/4403
f 2417/4404 2391/4405 2395/4406 2404/4407 2403/4408
f 2414/4409 2418/4410 2399/4382 2398/4381 2415/4411
f 2416/4399 2418/4410 2414/4409 2394/4386
f 2407/4412 2401/4385 2400/4384 2405/4413 2419/4414
f 2399/4382 2418/4410 2416/4399 2401/4385 2407/4412 2406/4415 2397/4380
f 2411/4402 2415/4416 2398/4417 2397/4418 2406/4419 2410/4403
f 2420/4420 2413/4421 2412/4401 2409/4400 2408/4422
f 2420/4423 2408/4396 2421/4424
f 2395/4425 2396/4426 2413/4427 2420/4423 2421/4424 2402/4387 2404/4389
f 2405/4393 2392/4392 2391/4405 2417/4404 2419/4428
f 2408/4396 2407/4395 2419/4429 2417/4430 2403/4388 2402/4387 2421/4424
f 2422/4431 2423/4432 2424/4433 2425/4434 2426/4435
f 2427/4436 2422/4431 2426/4435 2428/4437
f 2429/4438 2430/4439 2431/4440
f 2424/4441 2432/4442 2433/4443 2425/4444
f 2434/4445 2435/4446 2436/4447
f 2432/4448 2424/4449 2423/4450 2437/4451
f 2438/4452 2439/4453 2440/4454 2441/4455 2442/4456
f 2428/4437 2426/4435 2443/4457 2444/4458 2445/4459
f 2426/4435 2425/4434 2446/4460 2447/4461 2443/4457
f 2425/4444 2433/4443 2448/4462
f 2441/4463 2444/4464 2443/4465 2442/4466
f 2449/4467 2422/4468 2427/4469 2436/4470 2435/4471
f 2446/4472 2450/4473 2431/4440 2430/4439 2447/4474
f 2448/4462 2450/4473 2446/4472 2425/4444
f 2439/4475 2433/4443 2432/4442 2437/4476 2451/4477
f 2431/4440 2450/4473 2448/4462 2433/4443 2439/4475 2438/4478 2429/4438
f 2443/4465 2447/4479 2430/4480 2429/4481 2438/4482 2442/4466
f 2452/4483 2445/4484 2444/4464 2441/4463 2440/4485
f 2452/4486 2440/4454 2453/4487
f 2427/4488 2428/4489 2445/4490 2452/4486 2453/4487 2434/4445 2436/4447
f 2437/4451 2423/4450 2422/4468 2449/4467 2451/4491
f 2440/4454 2439/4453 2451/4492 2449/4493 2435/4446 2434/4445 2453/4487
f 2455/4494 2454/4495 2461/4496 2462/4497 2463/4498
f 2460/4499 2459/4500 2464/4501 2465/4502
f 2457/4503 2456/4504 2466/4505 2467/4506 2468/4507 2469/4508 2470/4509 2471/4510 2472/4511
f 2461/4496 2473/4512 2462/4497
f 2454/4495 2460/4513 2465/4514 2473/4512 2461/4496
f 2468/4507 2474/4515 2469/4508
f 2462/4516 2473/4517 2465/4518 2464/4519 2474/4520 2468/4521 2467/4522 2475/4523 2463/4524
f 2475/4525 2467/4506 2466/4505
f 2475/4526 2455/4527 2463/4528
f 2464/4529 2458/4530 2457/4531 2472/4532 2476/4533 2470/4534 2469/4535 2474/4536
f 2458/4537 2464/4538 2459/4539
f 2455/4540 2475/4541 2466/4542 2456/4543
f 2477/4544 2484/4545 2485/4546 2486/4547 2478/4548
f 2478/4548 2486/4547 2487/4549 2479/4550
f 2481/4551 2488/4552 2489/4553 2482/4554
f 2480/4555 2490/4556 2488/4552 2481/4551
f 2479/4550 2487/4549 2490/4557 2480/4558
f 2486/4559 2485/4560 2491/4561 2489/4562 2488/4563 2490/4564 2492/4565
f 2483/4566 2493/4567 2484/4568 2477/4569
f 2491/4561 2485/4560 2484/4568 2493/4567
f 2482/4570 2489/4571 2491/4572 2493/4573 2483/4574
f 2487/4549 2486/4547 2492/4575
f 2490/4557 2487/4549 2492/4575
f 2494/4576 2501/4577 2502/4578 2503/4579
f 2504/4580 2505/4581 2506/4582 2507/4583 2508/4584 2509/4585 2510/4586 2511/4587
f 2512/4588 2513/4589 2501/4590 2500/4591 2514/4592
f 2515/4593 2510/4594 2509/4595
f 2498/4596 2497/4597 2508/4598 2507/4599 2516/4600
f 2496/4601 2495/4602 2517/4603 2518/4604 2519/4605
f 2499/4606 2498/4596 2516/4600 2506/4607
f 2495/4608 2494/4576 2503/4579 2504/4609 2511/4610
f 2500/4591 2499/4611 2506/4612 2505/4613 2514/4592
f 2502/4578 2501/4577 2513/4614 2520/4615
f 2508/4598 2497/4597 2521/4616 2515/4593 2509/4595
f 2506/4607 2516/4600 2507/4599
f 2512/4617 2520/4615 2513/4614
f 2503/4618 2502/4619 2520/4620 2512/4588 2514/4592 2505/4613 2504/4621
f 2472/4532 2471/4622 2522/4623
f 2522/4624 2471/4625 2470/4626
f 2470/4627 2476/4628 2522/4629
f 2522/4623 2476/4533 2472/4532
f 2518/4604 2517/4603 2495/4602 2511/4587 2510/4586 2515/4630
f 2518/4631 2521/4616 2519/4632
f 2519/4632 2521/4616 2497/4597 2496/4633
f 2515/4593 2521/4616 2518/4631
f 2546/4634 2547/4635 2548/4636
f 2550/4637 2546/4634 2548/4636 2551/4638
f 2552/4639 2553/4640 2554/4641 2555/4642
f 2556/4643 2557/4644 2558/4645
f 2553/4640 2559/4646 2560/4647 2554/4641
f 2559/4648 2563/4649 2560/4650
f 2563/4649 2564/4651 2565/4652
f 2566/4653 2567/4654 2568/4655
f 2564/4651 2569/4656 2570/4657 2565/4652
f 2569/4656 2571/4658 2572/4659 2570/4657
f 2573/4660 2574/4661 2575/4662 2576/4663
f 2571/4664 2550/4637 2551/4638 2572/4665
f 2574/4661 2552/4639 2555/4642 2575/4662
f 2532/4666 2531/4667 2574/4661 2573/4660
f 2525/4668 2524/4669 2571/4658 2569/4656
f 2533/4670 2532/4671 2573/4672 2567/4654
f 2526/4673 2525/4668 2569/4656 2564/4651
f 2535/4674 2534/4675 2566/4653
f 2527/4676 2526/4673 2564/4651 2563/4649
f 2536/4677 2535/4674 2566/4653 2562/4678
f 2528/4679 2527/4676 2563/4649 2559/4648
f 2537/4680 2536/4677 2562/4678
f 2529/4681 2528/4682 2559/4646 2553/4640
f 2545/4683 2544/4684 2547/4635 2546/4634
f 2540/4685 2539/4686 2561/4687 2557/4688
f 2530/4689 2529/4681 2553/4640 2552/4639
f 2523/4690 2545/4683 2546/4634 2550/4637
f 2531/4667 2530/4689 2552/4639 2574/4661
f 2524/4691 2523/4690 2550/4637 2571/4664
f 2543/4692 2542/4693 2556/4694 2549/4695
f 2557/4688 2561/4687 2558/4696
f 2556/4643 2541/4697 2540/4698 2557/4644
f 2561/4687 2538/4699 2537/4680 2562/4678
f 2561/4687 2539/4686 2538/4699
f 2577/4700 2578/4701 2579/4702 2580/4703
f 2547/4635 2544/4684 2543/4692 2549/4695
f 2567/4654 2573/4672 2576/4704 2568/4655
f 2566/4653 2534/4675 2533/4670 2567/4654
f 2547/4635 2556/4694 2581/4705 2582/4706
f 2556/4707 2558/4708 2577/4709 2583/4710
f 2561/4711 2562/4712 2584/4713 2578/4714
f 2566/4715 2568/4716 2585/4717 2586/4718
f 2568/4716 2576/4663 2587/4719 2585/4717
f 2576/4663 2575/4662 2588/4720 2587/4719
f 2575/4662 2555/4642 2589/4721 2588/4720
f 2555/4642 2554/4641 2590/4722 2589/4721
f 2554/4641 2560/4647 2591/4723 2590/4722
f 2560/4647 2563/4724 2592/4725 2591/4723
f 2563/4724 2565/4726 2593/4727 2592/4725
f 2565/4726 2570/4728 2594/4729 2593/4727
f 2570/4728 2572/4730 2595/4731 2594/4729
f 2572/4730 2551/4732 2596/4733 2595/4731
f 2551/4638 2548/4636 2597/4734 2596/4735
f 2548/4636 2547/4635 2582/4706 2597/4734
f 2562/4712 2566/4715 2586/4718 2584/4713
f 2556/4707 2583/4710 2581/4736
f 2558/4708 2561/4711 2578/4714 2577/4709
f 2549/4695 2556/4694 2547/4635
f 2589/4737 2590/4738 2598/4739 2599/4740
f 2594/4741 2595/4742 2600/4743 2601/4744
f 2597/4745 2582/4746 2602/4747 2603/4748
f 2587/4749 2588/4750 2604/4751 2605/4752
f 2592/4725 2593/4727 2606/4753 2607/4754
f 2583/4755 2577/4700 2580/4703 2608/4756
f 2584/4757 2586/4758 2609/4759 2610/4760
f 2586/4761 2585/4762 2611/4763 2609/4764
f 2590/4738 2591/4765 2612/4766 2598/4739
f 2595/4731 2596/4733 2613/4767 2600/4768
f 2588/4750 2589/4737 2599/4740 2604/4751
f 2593/4769 2594/4741 2601/4744 2606/4770
f 2581/4771 2583/4755 2608/4756 2614/4772
f 2582/4773 2581/4736 2614/4774 2602/4775
f 2585/4776 2587/4777 2605/4778 2611/4779
f 2591/4780 2592/4781 2607/4782 2612/4783
f 2596/4733 2597/4784 2603/4785 2613/4767
f 2578/4701 2584/4757 2610/4760 2579/4702
f 2542/4786 2541/4787 2556/4788
f 2613/4767 2603/4785 2602/4775 2614/4774 2608/4789 2580/4790 2579/4791 2610/4792 2609/4793 2611/4794 2605/4795 2604/4796 2599/4797 2598/4798 2612/4799 2607/4754 2606/4753 2601/4800 2600/4768
f 2616/3499 2615/4801 2622/4802 2623/4803 2624/4804
f 2621/4805 2620/4806 2625/4807 2626/4808
f 2618/4809 2617/4810 2627/4811 2628/4812 2629/4813 2630/4814
f 2622/4815 2631/4816 2623/4817
f 2615/4818 2621/4819 2626/4820 2631/4816 2622/4815
f 2629/4821 2632/4822 2630/4823
f 2623/4824 2631/4825 2626/4826 2625/4827 2632/4822 2629/4821 2628/4828 2633/4829 2624/4830
f 2633/4831 2628/4812 2627/4811
f 2633/4832 2616/4833 2624/4834
f 2625/4835 2619/4836 2618/4837 2630/4838 2632/4839
f 2619/4840 2625/4841 2620/4842
f 2616/4843 2633/4844 2627/4845 2617/4846
f 2634/4847 2635/4848 2636/4849 2637/4850
f 2638/4851 2639/4852 2640/4853
f 2635/4854 2646/4855 2636/4856
f 2647/4857 2642/4858 2641/4859 2648/4860
f 2649/4861 2650/4862 2651/4863 2640/4864
f 2652/4865 2653/4866 2649/4867 2640/4868 2639/4869 2636/4856 2646/4855 2654/4870
f 2655/4871 2653/4866 2652/4865
f 2640/4853 2651/4872 2643/4873 2638/4851
f 2645/4874 2656/4875 2648/4860 2641/4859
f 2642/4876 2647/4877 2654/4878 2646/4879 2635/4880 2634/4881
f 2654/4870 2647/4882 2648/4883 2656/4884 2655/4871 2652/4865
f 2637/4850 2636/4849 2639/4852 2638/4851
f 2650/4885 2644/4886 2643/4873 2651/4872
f 2644/4887 2650/4862 2649/4861 2653/4888 2655/4889 2656/4890 2645/4891
f 2663/4892 2664/4893 2665/4894
f 2659/4895 2666/4896 2667/4897 2660/4898
f 2668/4899 2669/4900 2670/4901
f 2666/4902 2659/4903 2658/4904 2671/4905
f 2672/4906 2673/4907 2674/4908 2675/4909 2676/4910
f 2660/4898 2667/4897 2682/4911
f 2675/4912 2678/4913 2677/4914 2676/4915
f 2683/4916 2657/4917 2661/4918 2670/4919 2669/4920
f 2680/4921 2684/4922 2665/4894 2664/4893 2681/4923
f 2682/4911 2684/4922 2680/4921 2660/4898
f 2673/4907 2667/4924 2666/4925 2671/4926 2685/4927
f 2665/4928 2684/4929 2682/4930 2667/4924 2673/4907 2672/4906 2663/4931
f 2677/4914 2681/4932 2664/4933 2663/4934 2672/4935 2676/4915
f 2686/4936 2679/4937 2678/4913 2675/4912 2674/4938
f 2686/4939 2674/4908 2687/4940
f 2661/4941 2662/4942 2679/4943 2686/4944 2687/4945 2668/4946 2670/4947
f 2671/4905 2658/4904 2657/4917 2683/4916 2685/4948
f 2674/4908 2673/4907 2685/4927 2683/4949 2669/4900 2668/4899 2687/4940
f 2688/4950 2689/4951 2690/4952 2691/4953 2692/4954
f 2693/4955 2688/4950 2692/4954 2694/4956
f 2695/4957 2696/4958 2697/4959
f 2690/4960 2698/4961 2699/4962 2691/4963
f 2700/4964 2701/4965 2702/4966
f 2698/4967 2690/4968 2689/4969 2703/4970
f 2704/4971 2705/4972 2706/4973 2707/4974 2708/4975
f 2694/4956 2692/4954 2709/4976 2710/4977 2711/4978
f 2692/4954 2691/4953 2712/4979 2713/4980 2709/4976
f 2691/4963 2699/4962 2714/4981
f 2707/4982 2710/4983 2709/4984 2708/4985
f 2715/4986 2688/4987 2693/4988 2702/4989 2701/4990
f 2712/4991 2716/4992 2697/4959 2696/4958 2713/4993
f 2714/4981 2716/4992 2712/4991 2691/4963
f 2705/4972 2699/4994 2698/4995 2703/4996 2717/4997
f 2697/4998 2716/4999 2714/5000 2699/4994 2705/4972 2704/4971 2695/5001
f 2709/4984 2713/5002 2696/5003 2695/5004 2704/5005 2708/4985
f 2718/5006 2711/5007 2710/4983 2707/4982 2706/5008
f 2718/5009 2706/4973 2719/5010
f 2693/5011 2694/5012 2711/5013 2718/5014 2719/5015 2700/5016 2702/5017
f 2703/4970 2689/4969 2688/4987 2715/4986 2717/5018
f 2706/4973 2705/4972 2717/4997 2715/5019 2701/4965 2700/4964 2719/5010
f 2731/5020 2732/5021 2733/5022 2734/5023 2735/5024 2736/5025
f 2726/5026 2725/5027 2737/5028 2738/5029 2739/5030
f 2723/5031 2740/5032 2741/5033
f 2742/5034 2743/5035 2720/5036 2729/5037 2744/5038
f 2743/5039 2745/5040 2721/5041 2720/5042
f 2746/5043 2747/5044 2748/5045 2722/5046
f 2753/5047 2754/5048 2755/5049 2751/5050 2750/5051
f 2725/5052 2724/5053 2737/5054
f 2724/5055 2723/5056 2741/5057 2756/5058 2737/5059
f 2738/5060 2731/5020 2739/5061
f 2738/5060 2737/5062 2757/5063 2732/5021 2731/5020
f 2731/5020 2736/5025 2739/5061
f 2737/5062 2756/5064 2758/5065 2759/5066
f 2754/5067 2760/5068 2755/5069
f 2752/5070 2751/5071 2755/5072 2760/5073 2761/5074
f 2760/5073 2762/5075 2761/5074
f 2740/5076 2752/5070 2761/5074 2762/5075 2756/5058 2741/5057
f 2737/5062 2759/5066 2757/5063
f 2727/5077 2730/5078 2735/5079 2734/5080
f 2736/5081 2735/5082 2730/5083 2726/5084 2739/5085
f 2763/5086 2753/5087 2750/5088 2749/5089
f 2756/5064 2764/5090 2765/5091
f 2744/5092 2733/5022 2742/5093
f 2734/5080 2733/5094 2744/5095 2729/5096 2728/5097
f 2728/5097 2727/5077 2734/5080
f 2763/5098 2747/5099 2765/5091
f 2753/5100 2764/5090 2754/5101
f 2745/5102 2766/5103 2721/5104
f 2766/5105 2746/5043 2722/5046 2721/5106
f 2764/5090 2756/5064 2762/5107 2760/5108 2754/5101
f 2732/5021 2743/5109 2742/5093 2733/5022
f 2757/5063 2743/5109 2732/5021
f 2759/5066 2746/5110 2745/5111 2743/5109 2757/5063
f 2764/5090 2753/5100 2763/5098 2765/5091
f 2758/5065 2756/5064 2765/5091
f 2758/5065 2746/5110 2759/5066
f 2747/5044 2763/5086 2749/5089 2748/5045
f 2747/5099 2746/5110 2758/5065 2765/5091
f 2746/5110 2766/5112 2745/5111
f 2768/5113 2767/5114 2774/5115 2775/5116 2776/5117
f 2773/5118 2772/5119 2777/5120 2778/5121
f 2770/5122 2769/5123 2779/5124 2780/5125 2781/5126 2782/5127 2783/5128 2784/5129 2785/5130
f 2774/5115 2786/5131 2775/5116
f 2767/5132 2773/5118 2778/5121 2786/5133 2774/5134
f 2781/5135 2787/5136 2782/5137
f 2775/5116 2786/5131 2778/5138 2777/5139 2787/5140 2781/5141 2780/5142 2788/5143 2776/5117
f 2788/5144 2780/5125 2779/5124
f 2788/5144 2768/5145 2776/5146
f 2777/5120 2771/5147 2770/5148 2785/5149 2789/5150 2783/5151 2782/5152 2787/5153
f 2771/5147 2777/5120 2772/5119
f 2768/5145 2788/5144 2779/5124 2769/5123
f 2790/5154 2797/5155 2798/5156 2799/5157 2791/5158
f 2791/5158 2799/5157 2800/5159 2792/5160
f 2794/5161 2801/5162 2802/5163 2795/5164
f 2793/5165 2803/5166 2801/5162 2794/5161
f 2792/5160 2800/5159 2803/5167 2793/5168
f 2799/5169 2798/5170 2804/5171 2802/5172 2801/5173 2803/5174 2805/5175
f 2796/5176 2806/5177 2797/5178 2790/5179
f 2804/5171 2798/5170 2797/5178 2806/5177
f 2795/5180 2802/5181 2804/5182 2806/5183 2796/5184
f 2800/5159 2799/5157 2805/5185
f 2803/5167 2800/5159 2805/5185
f 2807/5186 2814/5187 2815/5188 2816/5189
f 2817/5190 2818/5191 2819/5192 2820/5193 2821/5194 2822/5195 2823/5196 2824/5197
f 2825/5198 2826/5199 2814/5187 2813/5200 2827/5201
f 2828/5202 2823/5203 2822/5204
f 2811/5205 2810/5206 2821/5207 2820/5208 2829/5209
f 2809/5210 2808/5211 2830/5212 2831/5213 2832/5214
f 2812/5215 2811/5216 2829/5217 2819/5218
f 2808/5219 2807/5220 2816/5221 2817/5190 2824/5197
f 2813/5222 2812/5223 2819/5224 2818/5225 2827/5226
f 2815/5188 2814/5187 2826/5199 2833/5227
f 2821/5207 2810/5206 2834/5228 2828/5202 2822/5204
f 2819/5229 2829/5209 2820/5208
f 2825/5198 2833/5227 2826/5199
f 2816/5221 2815/5230 2833/5231 2825/5232 2827/5233 2818/5191 2817/5190
f 2785/5234 2784/5235 2835/5236
f 2835/5237 2784/5238 2783/5239
f 2783/5239 2789/5240 2835/5237
f 2835/5236 2789/5241 2785/5234
f 2831/5242 2830/5243 2808/5244 2824/5245 2823/5203 2828/5202
f 2831/5242 2834/5228 2832/5246
f 2832/5246 2834/5228 2810/5206 2809/5247
f 2828/5202 2834/5228 2831/5242
f 2836/5248 2837/5249 2838/5250 2839/5251
f 2843/5252 2844/5253 2845/5254 2846/5255
f 2843/5256 2842/5257 2847/5258 2836/5248 2839/5251 2848/5259 2844/5260
f 2844/5253 2849/5261 2850/5262 2845/5254
f 2849/5263 2844/5264 2848/5265 2851/5266
f 2847/5267 2852/5268 2837/5269 2836/5270
f 2852/5271 2850/5272 2853/5273 2838/5274 2837/5275
f 2854/5276 2841/5277 2855/5278 2856/5279
f 2840/5280 2846/5255 2845/5254 2857/5281
f 2841/5282 2840/5283 2857/5284 2855/5285
f 2852/5268 2847/5267 2856/5279 2855/5278
f 2847/5267 2842/5286 2854/5276 2856/5279
f 2850/5272 2852/5271 2855/5285 2857/5284
f 2845/5287 2850/5272 2857/5284
f 2858/5288 2859/5289 2860/5290 2861/5291
f 2848/5259 2839/5251 2858/5288 2861/5291
f 2851/5292 2848/5293 2861/5294 2860/5295
f 2839/5251 2838/5250 2859/5289 2858/5288
f 2838/5274 2851/5292 2860/5295 2859/5296
f 2850/5272 2849/5297 2851/5292 2853/5273
f 2853/5273 2851/5292 2838/5274
f 2862/5298 2863/5299 2864/5300 2865/5301
f 2869/5302 2870/5303 2871/5304 2872/5305
f 2869/5306 2868/5307 2873/5308 2862/5309 2865/5310 2874/5311 2870/5312
f 2870/5313 2875/5314 2876/5315 2871/5316
f 2875/5314 2870/5313 2874/5317 2877/5318
f 2873/5319 2878/5320 2863/5321 2862/5322
f 2878/5323 2876/5324 2879/5325 2864/5326 2863/5327
f 2880/5328 2867/5329 2881/5330 2882/5331
f 2866/5332 2872/5305 2871/5304 2883/5333
f 2867/5334 2866/5335 2883/5336 2881/5337
f 2878/5338 2873/5339 2882/5340 2881/5341
f 2873/5342 2868/5343 2880/5328 2882/5331
f 2876/5324 2878/5323 2881/5337 2883/5336
f 2871/5316 2876/5315 2883/5344
f 2884/5345 2885/5346 2886/5347 2887/5348
f 2874/5311 2865/5310 2884/5349 2887/5350
f 2877/5318 2874/5317 2887/5351 2886/5352
f 2865/5301 2864/5300 2885/5346 2884/5345
f 2864/5326 2877/5353 2886/5354 2885/5355
f 2876/5315 2875/5314 2877/5318 2879/5356
f 2879/5325 2877/5353 2864/5326
f 2894/5357 2895/5358 2896/5359
f 2890/5360 2897/5361 2898/5362 2891/5363
f 2899/5364 2900/5365 2901/5366
f 2897/5367 2890/5368 2889/5369 2902/5370
f 2903/5371 2904/5372 2905/5373 2906/5374 2907/5375
f 2891/5376 2898/5377 2913/5378
f 2906/5379 2909/5380 2908/5381 2907/5382
f 2914/5383 2888/5384 2892/5385 2901/5386 2900/5387
f 2911/5388 2915/5389 2896/5359 2895/5358 2912/5390
f 2913/5391 2915/5389 2911/5388 2891/5392
f 2904/5393 2898/5394 2897/5395 2902/5396 2916/5397
f 2896/5359 2915/5389 2913/5391 2898/5394 2904/5393 2903/5398 2894/5357
f 2908/5399 2912/5400 2895/5401 2894/5402 2903/5403 2907/5404
f 2917/5405 2910/5406 2909/5380 2906/5379 2905/5407
f 2917/5408 2905/5373 2918/5409
f 2892/5410 2893/5411 2910/5412 2917/5408 2918/5409 2899/5364 2901/5366
f 2902/5370 2889/5369 2888/5384 2914/5383 2916/5413
f 2905/5373 2904/5372 2916/5414 2914/5415 2900/5365 2899/5364 2918/5409
f 2919/5416 2920/5417 2921/5418 2922/5419 2923/5420
f 2924/5421 2925/5422 2926/5423
f 2936/5424 2937/5425 2938/5426 2939/5427
f 2940/5428 2941/5429 2942/5430 2943/5431 2944/5432
f 2945/5433 2946/5434 2947/5435 2921/5418 2920/5417 2926/5423
f 2948/5436 2949/5437 2950/5438 2931/5439 2930/5440
f 2942/5430 2941/5429 2951/5441 2952/5442 2953/5443 2954/5444
f 2919/5445 2923/5446 2955/5447 2935/5448 2934/5449
f 2926/5423 2920/5417 2936/5450 2956/5451 2924/5421
f 2957/5452 2952/5442 2951/5441 2958/5453 2959/5454
f 2960/5455 2961/5456 2946/5434 2945/5433 2962/5457
f 2944/5432 2943/5431 2961/5456 2960/5455
f 2947/5435 2954/5444 2953/5443 2922/5419 2921/5418
f 2940/5428 2944/5432 2960/5455 2962/5457 2963/5458 2929/5459
f 2937/5460 2919/5445 2934/5449 2933/5461
f 2936/5450 2939/5462 2964/5463 2956/5451
f 2929/5459 2963/5458 2965/5464 2948/5436 2930/5440
f 2966/5465 2940/5428 2929/5459 2928/5466
f 2965/5464 2949/5437 2948/5436
f 2958/5453 2966/5465 2959/5454
f 2958/5453 2941/5429 2940/5428 2966/5465
f 2958/5453 2951/5441 2941/5429
f 2950/5438 2925/5422 2967/5467
f 2945/5433 2965/5464 2963/5458 2962/5457
f 2945/5433 2926/5423 2949/5437 2965/5464
f 2950/5438 2949/5437 2926/5423 2925/5422
f 2968/5468 2938/5426 2937/5425 2933/5469 2932/5470
f 2961/5456 2954/5444 2947/5435 2946/5434
f 2942/5430 2954/5444 2961/5456 2943/5431
f 2955/5471 2953/5472 2952/5473
f 2936/5474 2920/5475 2919/5476 2937/5477
f 2956/5451 2964/5463 2969/5478 2967/5467 2925/5422 2924/5421
f 2955/5471 2923/5479 2922/5480 2953/5472
f 2970/5481 2957/5482 2959/5483 2966/5484 2928/5485 2927/5486
f 2952/5473 2957/5482 2970/5481 2955/5471
f 2955/5471 2970/5481 2927/5486 2935/5487
f 2964/5463 2968/5488 2969/5478
f 2938/5426 2968/5468 2964/5489 2939/5427
f 2950/5438 2967/5467 2969/5478 2968/5488 2932/5490 2931/5439
f 2973/5491 2982/5492 2983/5493 2984/5494 2981/5495
f 2985/5496 2983/5493 2982/5492 2986/5497 2987/5498
f 2975/5499 2988/5500 2989/5501 2971/5502
f 2974/5503 2990/5504 2988/5500 2975/5499
f 2972/5505 2986/5497 2982/5492 2973/5491
f 2971/5506 2989/5507 2987/5508 2986/5509 2972/5510
f 2987/5511 2989/5501 2988/5500 2990/5504 2991/5512 2985/5513
f 2976/5514 2979/5515 2992/5516 2991/5517 2990/5518 2974/5519
f 2993/5520 2983/5493 2985/5496 2991/5521 2992/5522 2994/5523
f 2980/5524 2995/5525 2993/5526 2994/5527 2977/5528
f 2992/5529 2979/5530 2978/5531
f 2978/5531 2977/5532 2994/5533 2992/5529
f 2983/5534 2993/5526 2995/5525 2984/5535
f 2981/5536 2984/5535 2995/5525 2980/5524
f 2997/5537 2996/5538 3003/5539 3004/5540 3005/5541
f 3002/5542 3001/5543 3006/5544 3007/5545
f 2999/5546 2998/5547 3008/5548 3009/5549 3010/5550 3011/5551 3012/5552 3013/5553 3014/5554
f 3003/5539 3015/5555 3004/5540
f 2996/5556 3002/5557 3007/5558 3015/5559 3003/5560
f 3010/5550 3016/5561 3011/5551
f 3004/5562 3015/5563 3007/5564 3006/5565 3016/5561 3010/5550 3009/5549 3017/5566 3005/5567
f 3017/5566 3009/5549 3008/5548
f 3017/5568 2997/5569 3005/5570
f 3006/5544 3000/5571 2999/5572 3014/5573 3018/5574 3012/5575 3011/5576 3016/5577
f 3000/5571 3006/5544 3001/5543
f 2997/5569 3017/5568 3008/5578 2998/5579
f 3019/5580 3026/5581 3027/5582 3028/5583 3020/5584
f 3020/5584 3028/5583 3029/5585 3021/5586
f 3023/5587 3030/5588 3031/5589 3024/5590
f 3022/5591 3032/5592 3030/5593 3023/5594
f 3021/5586 3029/5585 3032/5595 3022/5596
f 3028/5583 3027/5582 3033/5597 3031/5598 3030/5599 3032/5595 3034/5600
f 3025/5601 3035/5602 3026/5603 3019/5604
f 3033/5597 3027/5582 3026/5581 3035/5605
f 3024/5606 3031/5607 3033/5608 3035/5609 3025/5610
f 3029/5585 3028/5583 3034/5600
f 3032/5595 3029/5585 3034/5600
f 3036/5611 3043/5612 3044/5613 3045/5614
f 3046/5615 3047/5616 3048/5617 3049/5618 3050/5619 3051/5620 3052/5621 3053/5622
f 3054/5623 3055/5624 3043/5625 3042/5626 3056/5627
f 3057/5628 3052/5629 3051/5630
f 3040/5631 3039/5632 3050/5619 3049/5618 3058/5633
f 3038/5634 3037/5635 3059/5636 3060/5637 3061/5638
f 3041/5639 3040/5631 3058/5633 3048/5617
f 3037/5640 3036/5641 3045/5642 3046/5643 3053/5644
f 3042/5626 3041/5645 3048/5646 3047/5647 3056/5627
f 3044/5613 3043/5612 3055/5648 3062/5649
f 3050/5619 3039/5632 3063/5650 3057/5651 3051/5620
f 3048/5617 3058/5633 3049/5618
f 3054/5623 3062/5652 3055/5624
f 3045/5653 3044/5654 3062/5652 3054/5623 3056/5627 3047/5647 3046/5655
f 3014/5554 3013/5553 3064/5656
f 3064/5657 3013/5658 3012/5659
f 3012/5659 3018/5660 3064/5657
f 3064/5656 3018/5661 3014/5554
f 3060/5662 3059/5663 3037/5664 3053/5665 3052/5629 3057/5628
f 3060/5666 3063/5650 3061/5667
f 3061/5667 3063/5650 3039/5632 3038/5668
f 3057/5628 3063/5669 3060/5662
f 3069/5670 3081/5671 3082/5672 3083/5673 3078/5674
f 3084/5675 3085/5676 3086/5677 3087/5678 3088/5679 3089/5680 3090/5681
f 3071/5682 3091/5683 3092/5684 3065/5685
f 3070/5686 3093/5687 3091/5688 3071/5689
f 3066/5690 3089/5691 3088/5692 3094/5693 3067/5694
f 3065/5685 3092/5684 3090/5695 3089/5696 3066/5697
f 3090/5695 3092/5684 3091/5683 3093/5698 3095/5699 3096/5700 3097/5701 3098/5702 3099/5703 3100/5704 3101/5705 3084/5706
f 3072/5707 3076/5708 3102/5709 3103/5710 3095/5711 3093/5687 3070/5686
f 3104/5712 3105/5713 3106/5714 3107/5715 3108/5716 3109/5717 3110/5718 3082/5719 3111/5720 3112/5721 3113/5722 3114/5723 3115/5724
f 3077/5725 3116/5726 3104/5727 3115/5728 3073/5729
f 3114/5730 3075/5731 3074/5732
f 3074/5733 3073/5734 3115/5735 3114/5736
f 3082/5719 3110/5718 3117/5737 3118/5738 3083/5739
f 3078/5740 3083/5741 3118/5742 3079/5743
f 3100/5744 3119/5745 3076/5746 3075/5747 3114/5748 3101/5749
f 3120/5750 3121/5751 3096/5752 3095/5711
f 3121/5753 3122/5754 3097/5755 3096/5756
f 3122/5757 3123/5758 3098/5702 3097/5701
f 3123/5758 3124/5759 3099/5703 3098/5702
f 3124/5759 3125/5760 3100/5704 3099/5703
f 3126/5761 3127/5762 3103/5710 3102/5709
f 3127/5762 3120/5750 3095/5711 3103/5710
f 3125/5760 3128/5763 3119/5764 3100/5704
f 3128/5763 3129/5765 3076/5766 3119/5764
f 3129/5767 3126/5761 3102/5709 3076/5708
f 3130/5768 3131/5769 3105/5713 3104/5712 3116/5770
f 3080/5771 3130/5772 3116/5726 3077/5725
f 3132/5773 3133/5774 3080/5775 3079/5776
f 3134/5777 3135/5778 3131/5769 3130/5768
f 3135/5778 3136/5779 3105/5713 3131/5769
f 3137/5780 3138/5781 3117/5782 3110/5783
f 3138/5781 3139/5784 3118/5785 3117/5782
f 3133/5774 3134/5777 3130/5768 3080/5775
f 3139/5786 3132/5787 3079/5743 3118/5742
f 3136/5779 3140/5788 3106/5714 3105/5713
f 3140/5789 3141/5790 3107/5791 3106/5792
f 3141/5793 3142/5794 3108/5795 3107/5796
f 3142/5797 3143/5798 3109/5799 3108/5800
f 3114/5723 3113/5722 3085/5676 3084/5675 3101/5801
f 3144/5802 3145/5803 3111/5720 3082/5719 3081/5804
f 3068/5805 3144/5806 3081/5671 3069/5670
f 3143/5798 3137/5780 3110/5783 3109/5799
f 3146/5807 3147/5808 3143/5809 3137/5810
f 3148/5811 3149/5812 3068/5813 3067/5814
f 3150/5815 3151/5816 3086/5677 3085/5676
f 3151/5816 3152/5817 3087/5678 3086/5677
f 3152/5817 3153/5818 3088/5679 3087/5678
f 3154/5819 3150/5815 3085/5676 3113/5722
f 3153/5818 3155/5820 3094/5821 3088/5679
f 3155/5820 3148/5811 3067/5814 3094/5821
f 3156/5822 3157/5823 3145/5824 3144/5825
f 3157/5823 3158/5826 3111/5827 3145/5824
f 3158/5826 3159/5828 3112/5829 3111/5827
f 3159/5828 3154/5830 3113/5831 3112/5829
f 3149/5832 3156/5833 3144/5806 3068/5805
f 3125/5760 3124/5759 3123/5758 3122/5757 3121/5834 3120/5835
f 3120/5750 3127/5762 3126/5761 3129/5767 3128/5836 3125/5837
f 3139/5838 3138/5839 3137/5840 3136/5779 3135/5778 3134/5777
f 3132/5787 3139/5786 3134/5841 3133/5842
f 3137/5840 3143/5843 3142/5844 3141/5845 3140/5788 3136/5779
f 3153/5818 3152/5817 3151/5816 3150/5815 3158/5846 3157/5847 3156/5848
f 3148/5849 3155/5850 3153/5851 3156/5833 3149/5832
f 3154/5819 3159/5852 3158/5846 3150/5815
f 3171/5853 3172/5854 3173/5855 3174/5856 3175/5857 3176/5858
f 3166/5859 3165/5860 3177/5861 3178/5862 3179/5863
f 3163/5864 3180/5865 3181/5866
f 3182/5867 3183/5868 3160/5869 3169/5870 3184/5871
f 3183/5872 3185/5873 3161/5874 3160/5875
f 3186/5876 3187/5877 3188/5878 3162/5879
f 3193/5880 3194/5881 3195/5882 3191/5883 3190/5884
f 3165/5885 3164/5886 3177/5887
f 3164/5888 3163/5889 3181/5890 3196/5891 3177/5892
f 3178/5862 3171/5853 3179/5863
f 3178/5862 3177/5861 3197/5893 3172/5854 3171/5853
f 3171/5894 3176/5895 3179/5896
f 3177/5861 3196/5897 3198/5898 3199/5899
f 3194/5900 3200/5901 3195/5902
f 3192/5903 3191/5904 3195/5902 3200/5901 3201/5905
f 3200/5901 3202/5906 3201/5905
f 3180/5907 3192/5908 3201/5909 3202/5910 3196/5891 3181/5890
f 3177/5861 3199/5899 3197/5893
f 3167/5911 3170/5912 3175/5913 3174/5914
f 3176/5915 3175/5916 3170/5917 3166/5918 3179/5919
f 3203/5920 3193/5921 3190/5922 3189/5923
f 3196/5924 3204/5925 3205/5926
f 3184/5871 3173/4502 3182/5867
f 3174/5914 3173/5927 3184/5928 3169/5929 3168/5930
f 3168/5930 3167/5911 3174/5914
f 3203/5920 3187/5877 3205/5926
f 3193/5921 3204/5925 3194/5931
f 3185/5932 3206/5933 3161/5934
f 3206/5935 3186/5876 3162/5879 3161/5874
f 3204/5936 3196/5937 3202/5906 3200/5901 3194/5900
f 3172/5938 3183/5872 3182/5939 3173/5940
f 3197/5941 3183/5872 3172/5938
f 3199/5942 3186/5876 3185/5873 3183/5872 3197/5941
f 3204/5925 3193/5921 3203/5920 3205/5926
f 3198/5943 3196/5924 3205/5926
f 3198/5943 3186/5876 3199/5942
f 3187/5877 3203/5920 3189/5923 3188/5878
f 3187/5877 3186/5876 3198/5943 3205/5926
f 3186/5876 3206/5935 3185/5873
f 3208/5944 3207/5945 3214/5946 3215/5947 3216/5948
f 3213/5949 3212/5950 3217/5951 3218/5952
f 3210/5953 3209/5954 3219/5955 3220/5956 3221/5957 3222/5958
f 3214/5959 3223/5960 3215/5961
f 3207/5962 3213/5963 3218/5964 3223/5965 3214/5966
f 3221/5967 3224/5968 3222/5969
f 3215/5970 3223/5971 3218/5972 3217/5973 3224/5968 3221/5967 3220/5974 3225/5975 3216/5976
f 3225/5975 3220/5974 3219/5977
f 3225/5978 3208/5944 3216/5948
f 3217/5979 3211/5980 3210/5981 3222/5982 3224/5983
f 3211/5984 3217/5985 3212/5986
f 3208/5944 3225/5978 3219/5987 3209/5988
f 3226/5989 3227/5990 3228/5991 3229/5992
f 3230/5993 3231/5994 3232/5995
f 3227/5996 3238/5997 3228/5998
f 3239/5999 3234/6000 3233/6001 3240/6002
f 3241/6003 3242/6004 3243/6005 3232/6006
f 3244/6007 3245/6008 3241/6009 3232/6010 3231/6011 3228/6012 3238/6013 3246/6014
f 3247/6015 3245/6008 3244/6007
f 3232/5995 3243/6016 3235/6017 3230/5993
f 3237/6018 3248/6019 3240/6020 3233/6021
f 3234/6022 3239/6023 3246/6024 3238/5997 3227/5996 3226/6025
f 3246/6014 3239/6026 3240/6020 3248/6019 3247/6015 3244/6007
f 3229/5992 3228/5991 3231/6027 3230/6028
f 3242/6004 3236/6029 3235/6030 3243/6005
f 3236/6031 3242/6032 3241/6033 3245/6034 3247/6035 3248/6036 3237/6037
f 3255/6038 3256/6039 3257/6040
f 3251/6041 3258/6042 3259/6043 3252/6044
f 3260/6045 3261/6046 3262/6047
f 3258/6048 3251/6049 3250/6050 3263/6051
f 3264/6052 3265/6053 3266/6054 3267/6055 3268/6056
f 3252/6057 3259/6058 3274/6059
f 3267/6060 3270/6061 3269/6062 3268/6063
f 3275/6064 3249/6065 3253/6066 3262/6047 3261/6046
f 3272/6067 3276/6068 3257/6069 3256/6070 3273/6071
f 3274/6059 3276/6068 3272/6067 3252/6057
f 3265/6053 3259/6072 3258/6073 3263/6074 3277/6075
f 3257/6040 3276/6076 3274/6077 3259/6072 3265/6053 3264/6052 3255/6038
f 3269/6078 3273/6079 3256/6039 3255/6038 3264/6052 3268/6056
f 3278/6080 3271/6081 3270/6061 3267/6060 3266/6082
f 3278/6083 3266/6054 3279/6084
f 3253/6066 3254/6085 3271/6086 3278/6087 3279/6088 3260/6045 3262/6047
f 3263/6089 3250/6090 3249/6091 3275/6092 3277/6093
f 3266/6054 3265/6053 3277/6075 3275/6094 3261/6095 3260/6096 3279/6084
f 3280/6097 3281/6098 3282/6099 3283/6100 3284/6101
f 3285/6102 3280/6097 3284/6101 3286/6103
f 3287/6104 3288/6105 3289/6106
f 3282/6107 3290/6108 3291/6109 3283/6110
f 3292/6111 3293/6112 3294/6113
f 3290/6114 3282/6099 3281/6098 3295/6115
f 3296/6116 3297/6117 3298/6118 3299/6119 3300/6120
f 3286/6103 3284/6101 3301/6121 3302/6122 3303/6123
f 3284/6101 3283/6100 3304/6124 3305/6125 3301/6121
f 3283/6126 3291/6127 3306/6128
f 3299/6129 3302/6130 3301/6131 3300/6132
f 3307/6133 3280/6134 3285/6135 3294/6113 3293/6112
f 3304/6136 3308/6137 3289/6138 3288/6139 3305/6140
f 3306/6128 3308/6137 3304/6136 3283/6126
f 3297/6117 3291/6141 3290/6142 3295/6143 3309/6144
f 3289/6106 3308/6145 3306/6146 3291/6141 3297/6117 3296/6116 3287/6104
f 3301/6147 3305/6148 3288/6105 3287/6104 3296/6116 3300/6120
f 3310/6149 3303/6150 3302/6130 3299/6129 3298/6151
f 3310/6152 3298/6118 3311/6153
f 3285/6135 3286/6154 3303/6155 3310/6156 3311/6157 3292/6111 3294/6113
f 3295/6158 3281/6159 3280/6160 3307/6161 3309/6162
f 3298/6118 3297/6117 3309/6144 3307/6163 3293/6164 3292/6165 3311/6153
f 3318/6166 3319/6167 3320/6168
f 3314/6169 3321/6170 3322/6171 3315/6172
f 3323/6173 3324/6174 3325/6175
f 3321/6176 3314/6177 3313/6178 3326/6179
f 3327/6180 3328/6181 3329/6182 3330/6183 3331/6184
f 3315/6185 3322/6186 3337/6187
f 3330/6188 3333/6189 3332/6190 3331/6191
f 3338/6192 3312/6193 3316/6194 3325/6195 3324/6196
f 3335/6197 3339/6198 3320/6199 3319/6200 3336/6201
f 3337/6202 3339/6203 3335/6204 3315/6205
f 3328/6206 3322/6207 3321/6208 3326/6209 3340/6210
f 3320/6168 3339/6203 3337/6202 3322/6207 3328/6206 3327/6211 3318/6166
f 3332/6212 3336/6213 3319/6214 3318/6215 3327/6216 3331/6217
f 3341/6218 3334/6219 3333/6189 3330/6188 3329/6220
f 3341/6221 3329/6182 3342/6222
f 3316/6223 3317/6224 3334/6225 3341/6221 3342/6222 3323/6173 3325/6175
f 3326/6179 3313/6178 3312/6193 3338/6192 3340/6226
f 3329/6182 3328/6181 3340/6227 3338/6228 3324/6174 3323/6173 3342/6222
f 3343/6229 3344/6230 3345/6231 3346/6232 3347/6233 3348/6234
f 3349/6235 3350/6236 3351/6237 3352/6238 3353/6239
f 3354/6240 3356/6241 3357/6242 3358/6243 3359/6244
f 3351/6237 3343/6245 3348/6246 3352/6238
f 3344/6247 3355/6248 3360/6249 3361/6250 3345/6251
f 3356/6241 3350/6252 3362/6253 3357/6242
f 3362/6254 3350/6255 3363/6256
f 3363/6257 3350/6252 3349/6258
f 3359/6244 3358/6243 3360/6259
f 3355/6248 3354/6260 3359/6261 3360/6249
f 3352/6238 3348/6246 3364/6262
f 3364/6263 3348/6264 3347/6265
f 3364/6266 3353/6267 3352/6268
f 3346/6269 3345/6251 3361/6250
f 3360/6259 3358/6243 3357/6242 3362/6253 3363/6257 3349/6258 3353/6270 3364/6271 3347/6272 3346/6273 3361/6274
f 3365/6275 3366/6276 3367/6277 3368/6278
f 3369/6279 3370/6280 3371/6281
f 3377/6282 3376/6283 3390/6284
f 3386/6285 3385/6286 3391/6287 3392/6288
f 3375/6289 3374/6290 3393/6291
f 3385/6286 3384/6292 3391/6287
f 3373/6293 3372/6294 3394/6295 3395/6296 3396/6297
f 3384/6298 3383/6299 3397/6300 3391/6301
f 3372/6302 3365/6303 3368/6304 3398/6305 3394/6306
f 3383/6307 3382/6308 3399/6309 3397/6310
f 3368/6311 3400/6312 3401/6313 3398/6314
f 3382/6308 3381/6315 3402/6316 3399/6309
f 3389/6317 3388/6318 3400/6312
f 3380/6319 3379/6320 3403/6321 3404/6322
f 3387/6323 3369/6324 3371/6325 3401/6313
f 3378/6326 3377/6327 3390/6328 3405/6329 3403/6321
f 3371/6325 3370/6330 3386/6331 3392/6332
f 3401/6313 3388/6318 3387/6323
f 3400/6312 3388/6318 3401/6313
f 3400/6333 3368/6278 3367/6277
f 3366/6276 3389/6334 3400/6333 3367/6277
f 3398/6314 3401/6313 3393/6335 3396/6336 3395/6337
f 3403/6321 3405/6329 3406/6338 3407/6339
f 3393/6335 3371/6325 3392/6332 3408/6340
f 3393/6335 3401/6313 3371/6325
f 3393/6341 3374/6342 3373/6343 3396/6344
f 3395/6296 3394/6295 3398/6345
f 3406/6346 3409/6347 3410/6348 3407/6349
f 3399/6309 3402/6316 3404/6350 3411/6351 3412/6352
f 3391/6301 3397/6300 3410/6348
f 3392/6332 3391/6301 3410/6348 3409/6347
f 3405/6353 3408/6340 3409/6347 3406/6346
f 3404/6322 3403/6321 3407/6339 3411/6354
f 3397/6310 3399/6309 3412/6352 3410/6355
f 3402/6316 3381/6315 3380/6356 3404/6350
f 3390/6357 3376/6358 3375/6359 3393/6360 3405/6361
f 3403/6321 3379/6320 3378/6326
f 3409/6347 3408/6340 3392/6332
f 3408/6340 3405/6353 3393/6335
f 3407/6349 3410/6348 3412/6362 3411/6363
f 3414/6364 3413/6365 3420/6366 3421/6367 3422/6368
f 3419/6369 3418/6370 3423/6371 3424/6372
f 3416/6373 3415/6374 3425/6375 3426/6376 3427/6377 3428/6378
f 3420/6366 3429/6379 3421/6367
f 3413/6380 3419/6381 3424/6382 3429/6383 3420/6384
f 3427/6377 3430/6385 3428/6378
f 3421/6386 3429/6387 3424/6388 3423/6389 3430/6385 3427/6377 3426/6376 3431/6390 3422/6391
f 3431/6390 3426/6376 3425/6375
f 3431/6392 3414/6393 3422/6394
f 3423/6395 3417/6396 3416/6397 3428/6398 3430/6399
f 3417/6400 3423/6401 3418/6402
f 3414/6393 3431/6392 3425/6403 3415/6404
f 3432/6405 3433/6406 3434/6407 3435/6408
f 3436/6409 3437/6410 3438/6411
f 3433/6406 3444/6412 3434/6407
f 3445/6413 3440/6414 3439/6415 3446/6416
f 3447/6417 3448/6418 3449/6419 3438/6420
f 3450/6421 3451/6422 3447/6423 3438/6424 3437/6425 3434/6426 3444/6427 3452/6428
f 3453/6429 3451/6422 3450/6421
f 3438/6430 3449/6431 3441/6432 3436/6433
f 3443/6434 3454/6435 3446/6416 3439/6415
f 3440/6436 3445/6437 3452/6438 3444/6439 3433/6440 3432/6441
f 3452/6428 3445/6413 3446/6416 3454/6435 3453/6429 3450/6421
f 3435/6408 3434/6407 3437/6410 3436/6409
f 3448/6418 3442/6442 3441/6443 3449/6419
f 3442/6442 3448/6418 3447/6417 3451/6444 3453/6445 3454/6446 3443/6447
f 3461/6448 3462/6449 3463/6450
f 3457/6451 3464/6452 3465/6453 3458/6454
f 3466/6455 3467/6456 3468/6457
f 3464/6458 3457/6459 3456/6460 3469/6461
f 3470/6462 3471/6463 3472/6464 3473/6465 3474/6466
f 3458/6454 3465/6453 3480/6467
f 3473/6465 3476/6468 3475/6469 3474/6466
f 3481/6470 3455/6471 3459/6472 3468/6457 3467/6456
f 3478/6473 3482/6474 3463/6450 3462/6449 3479/6475
f 3480/6467 3482/6474 3478/6473 3458/6454
f 3471/6476 3465/6453 3464/6452 3469/6477 3483/6478
f 3463/6450 3482/6474 3480/6467 3465/6453 3471/6476 3470/6479 3461/6448
f 3475/6469 3479/6480 3462/6481 3461/6482 3470/6462 3474/6466
f 3484/6483 3477/6484 3476/6468 3473/6465 3472/6464
f 3484/6483 3472/6464 3485/6485
f 3459/6486 3460/6487 3477/6488 3484/6489 3485/6490 3466/6491 3468/6492
f 3469/6461 3456/6460 3455/6471 3481/6470 3483/6493
f 3472/6464 3471/6463 3483/6494 3481/6495 3467/6496 3466/6497 3485/6485
f 3486/6498 3487/6499 3488/6500 3489/6501 3490/6502
f 3491/6503 3486/6498 3490/6502 3492/6504
f 3493/6505 3494/6506 3495/6507
f 3488/6508 3496/6509 3497/6510 3489/6511
f 3498/6512 3499/6513 3500/6514
f 3496/6515 3488/6516 3487/6517 3501/6518
f 3502/6519 3503/6520 3504/6521 3505/6522 3506/6523
f 3492/6504 3490/6502 3507/6524 3508/6525 3509/6526
f 3490/6502 3489/6501 3510/6527 3511/6528 3507/6524
f 3489/6511 3497/6510 3512/6529
f 3505/6522 3508/6530 3507/6531 3506/6523
f 3513/6532 3486/6533 3491/6534 3500/6514 3499/6513
f 3510/6535 3514/6536 3495/6507 3494/6506 3511/6537
f 3512/6529 3514/6536 3510/6535 3489/6511
f 3503/6538 3497/6510 3496/6509 3501/6539 3515/6540
f 3495/6507 3514/6536 3512/6529 3497/6510 3503/6538 3502/6541 3493/6505
f 3507/6531 3511/6542 3494/6543 3493/6544 3502/6519 3506/6523
f 3516/6545 3509/6546 3508/6530 3505/6522 3504/6521
f 3516/6545 3504/6521 3517/6547
f 3491/6548 3492/6549 3509/6550 3516/6551 3517/6552 3498/6553 3500/6554
f 3501/6518 3487/6517 3486/6533 3513/6532 3515/6555
f 3504/6521 3503/6520 3515/6556 3513/6557 3499/6558 3498/6559 3517/6547
f 3520/6560 3529/6561 3530/6562 3531/6563 3528/6564
f 3532/6565 3530/6562 3529/6561 3533/6566 3534/6567
f 3522/6568 3535/6569 3536/6570 3518/6571
f 3521/6572 3537/6573 3535/6574 3522/6575
f 3519/6576 3533/6566 3529/6561 3520/6560
f 3518/6571 3536/6570 3534/6577 3533/6578 3519/6579
f 3534/6577 3536/6570 3535/6569 3537/6580 3538/6581 3532/6582
f 3523/6583 3526/6584 3539/6585 3538/6586 3537/6573 3521/6572
f 3540/6587 3530/6588 3532/6589 3538/6590 3539/6591 3541/6592
f 3527/6593 3542/6594 3540/6587 3541/6592 3524/6595
f 3539/6585 3526/6584 3525/6596
f 3525/6596 3524/6597 3541/6598 3539/6585
f 3530/6588 3540/6587 3542/6594 3531/6599
f 3528/6600 3531/6599 3542/6594 3527/6593
f 3544/6601 3543/6602 3550/6603 3551/6604 3552/6605
f 3549/6606 3548/6607 3553/6608 3554/6609
f 3546/6610 3545/6611 3555/6612 3556/6613 3557/6614 3558/6615 3559/6616 3560/6617 3561/6618
f 3550/6619 3562/6620 3551/6621
f 3543/6622 3549/6623 3554/6624 3562/6620 3550/6619
f 3557/6625 3563/6626 3558/6627
f 3551/6628 3562/6629 3554/6630 3553/6631 3563/6632 3557/6633 3556/6634 3564/6635 3552/6636
f 3564/6637 3556/6613 3555/6612
f 3564/6637 3544/6638 3552/6639
f 3553/6640 3547/6641 3546/6642 3561/6643 3565/6644 3559/6645 3558/6646 3563/6647
f 3547/6648 3553/6649 3548/6650
f 3544/6638 3564/6637 3555/6612 3545/6611
f 3566/6651 3573/6652 3574/6653 3575/6654 3567/6655
f 3567/6656 3575/6657 3576/6658 3568/6659
f 3570/6660 3577/6661 3578/6662 3571/6663
f 3569/6664 3579/6665 3577/6666 3570/6667
f 3568/6668 3576/6669 3579/6670 3569/6671
f 3575/6672 3574/6673 3580/6674 3578/6675 3577/6676 3579/6677 3581/6678
f 3572/6679 3582/6680 3573/6681 3566/6682
f 3580/6683 3574/6684 3573/6685 3582/6686
f 3571/6687 3578/6688 3580/6689 3582/6690 3572/6691
f 3576/6658 3575/6657 3581/6692
f 3579/6670 3576/6669 3581/6693
f 3583/6694 3590/6695 3591/6696 3592/6697
f 3593/6698 3594/6699 3595/6700 3596/6701 3597/6702 3598/6703 3599/6704 3600/6705
f 3601/6706 3602/6707 3590/6695 3589/6708 3603/6709
f 3604/6710 3599/6711 3598/6712
f 3587/6713 3586/6714 3597/6702 3596/6701 3605/6715
f 3585/6716 3584/6717 3606/6718 3607/6719 3608/6720
f 3588/6721 3587/6713 3605/6715 3595/6700
f 3584/6722 3583/6723 3592/6724 3593/6725 3600/6726
f 3589/6727 3588/6721 3595/6700 3594/6699 3603/6728
f 3591/6696 3590/6695 3602/6707 3609/6729
f 3597/6730 3586/6731 3610/6732 3604/6710 3598/6712
f 3595/6700 3605/6715 3596/6701
f 3601/6706 3609/6729 3602/6707
f 3592/6733 3591/6734 3609/6735 3601/6736 3603/6737 3594/6738 3593/6739
f 3561/6740 3560/6741 3611/6742
f 3611/6743 3560/6744 3559/6645
f 3559/6645 3565/6644 3611/6743
f 3611/6742 3565/6745 3561/6740
f 3607/6719 3606/6718 3584/6717 3600/6746 3599/6711 3604/6710
f 3607/6747 3610/6748 3608/6749
f 3608/6720 3610/6732 3586/6731 3585/6716
f 3604/6710 3610/6732 3607/6719
f 3613/6750 3612/6751 3619/6752 3620/6753 3621/6754
f 3618/6755 3617/6756 3622/6757 3623/6758
f 3615/6759 3614/6760 3624/6761 3625/6762 3626/6763 3627/6764
f 3619/6752 3628/6765 3620/6753
f 3612/6766 3618/6767 3623/6768 3628/6769 3619/6770
f 3626/6763 3629/6771 3627/6764
f 3620/6772 3628/6769 3623/6768 3622/6773 3629/6774 3626/6775 3625/6776 3630/6777 3621/6778
f 3630/6779 3625/6780 3624/6781
f 3630/6782 3613/6783 3621/6784
f 3622/6757 3616/6785 3615/6786 3627/6787 3629/6788
f 3616/6785 3622/6757 3617/6756
f 3613/6789 3630/6790 3624/6791 3614/6792
f 3631/6793 3632/6794 3633/6795 3634/6796
f 3635/6797 3636/6798 3637/6799
f 3632/6794 3643/6800 3633/6795
f 3644/6801 3639/6802 3638/6803 3645/6804
f 3646/6805 3647/6806 3648/6807 3637/6808
f 3649/6809 3650/6810 3646/6805 3637/6808 3636/6811 3633/6795 3643/6800 3651/6812
f 3652/6813 3650/6814 3649/6815
f 3637/6799 3648/6816 3640/6817 3635/6797
f 3642/6818 3653/6819 3645/6820 3638/6821
f 3639/6802 3644/6801 3651/6822 3643/6823 3632/6824 3631/6825
f 3651/6826 3644/6827 3645/6828 3653/6829 3652/6813 3649/6815
f 3634/6796 3633/6795 3636/6811 3635/6830
f 3647/6831 3641/6832 3640/6833 3648/6834
f 3641/6832 3647/6831 3646/6835 3650/6836 3652/6837 3653/6838 3642/6839
f 3660/6840 3661/6841 3662/6842
f 3656/6843 3663/6844 3664/6845 3657/6846
f 3665/6847 3666/6848 3667/6849
f 3663/6850 3656/6851 3655/6852 3668/6853
f 3669/6854 3670/6855 3671/6856 3672/6857 3673/6858
f 3657/6846 3664/6845 3679/6859
f 3672/6860 3675/6861 3674/6862 3673/6863
f 3680/6864 3654/6865 3658/6866 3667/6849 3666/6848
f 3677/6867 3681/6868 3662/6869 3661/6870 3678/6871
f 3679/6859 3681/6868 3677/6867 3657/6846
f 3670/6872 3664/6873 3663/6874 3668/6875 3682/6876
f 3662/6877 3681/6878 3679/6879 3664/6880 3670/6855 3669/6854 3660/6881
f 3674/6882 3678/6883 3661/6841 3660/6840 3669/6884 3673/6885
f 3683/6886 3676/6887 3675/6861 3672/6860 3671/6888
f 3683/6889 3671/6856 3684/6890
f 3658/6891 3659/6892 3676/6887 3683/6886 3684/6893 3665/6894 3667/6895
f 3668/6853 3655/6852 3654/6865 3680/6864 3682/6896
f 3671/6856 3670/6855 3682/6896 3680/6864 3666/6848 3665/6847 3684/6890
f 3685/6897 3686/6898 3687/6899 3688/6900 3689/6901
f 3690/6902 3685/6897 3689/6901 3691/6903
f 3692/6904 3693/6905 3694/6906
f 3687/6907 3695/6908 3696/6909 3688/6910
f 3697/6911 3698/6912 3699/6913
f 3695/6914 3687/6915 3686/6916 3700/6917
f 3701/6918 3702/6919 3703/6920 3704/6921 3705/6922
f 3691/6903 3689/6901 3706/6923 3707/6924 3708/6925
f 3689/6901 3688/6900 3709/6926 3710/6927 3706/6923
f 3688/6910 3696/6909 3711/6928
f 3704/6929 3707/6930 3706/6931 3705/6932
f 3712/6933 3685/6934 3690/6935 3699/6913 3698/6912
f 3709/6936 3713/6937 3694/6938 3693/6939 3710/6940
f 3711/6928 3713/6937 3709/6936 3688/6910
f 3702/6941 3696/6942 3695/6943 3700/6944 3714/6945
f 3694/6946 3713/6947 3711/6948 3696/6949 3702/6919 3701/6918 3692/6950
f 3706/6951 3710/6952 3693/6905 3692/6904 3701/6953 3705/6954
f 3715/6955 3708/6956 3707/6930 3704/6929 3703/6957
f 3715/6955 3703/6957 3716/6958
f 3690/6959 3691/6960 3708/6956 3715/6955 3716/6958 3697/6961 3699/6962
f 3700/6917 3686/6916 3685/6934 3712/6933 3714/6963
f 3703/6920 3702/6919 3714/6963 3712/6933 3698/6912 3697/6911 3716/6964
f 3723/6965 3724/6966 3725/6967
f 3719/6968 3726/6969 3727/6970 3720/6971
f 3728/6972 3729/6973 3730/6974
f 3726/6975 3719/6976 3718/6977 3731/6978
f 3732/6979 3733/6980 3734/6981 3735/6982 3736/6983
f 3720/6984 3727/6985 3742/6986
f 3735/6987 3738/6988 3737/6989 3736/6990
f 3743/6991 3717/6992 3721/6993 3730/6974 3729/6973
f 3740/6994 3744/6995 3725/6967 3724/6966 3741/6996
f 3742/6997 3744/6995 3740/6994 3720/6971
f 3733/6980 3727/6970 3726/6969 3731/6998 3745/6999
f 3725/6967 3744/6995 3742/6997 3727/6970 3733/6980 3732/6979 3723/6965
f 3737/7000 3741/7001 3724/7002 3723/7003 3732/7004 3736/7005
f 3746/7006 3739/7007 3738/6988 3735/6987 3734/7008
f 3746/7006 3734/7008 3747/7009
f 3721/6993 3722/7010 3739/7011 3746/7012 3747/7013 3728/6972 3730/6974
f 3731/7014 3718/7015 3717/7016 3743/7017 3745/7018
f 3734/6981 3733/6980 3745/6999 3743/7019 3729/7020 3728/7021 3747/7022
f 3748/7023 3749/7024 3750/7025 3751/7026
f 3755/7027 3756/7028 3757/7029 3758/7030
f 3755/7031 3754/7032 3759/7033 3748/7034 3751/7035 3760/7036 3756/7037
f 3756/7038 3761/7039 3762/7040 3757/7041
f 3761/7042 3756/7043 3760/7044 3763/7045
f 3759/7046 3764/7047 3749/7024 3748/7023
f 3764/7048 3762/7049 3765/7050 3750/7051 3749/7052
f 3766/7053 3753/7054 3767/7055 3768/7056
f 3752/7057 3758/7030 3757/7029 3769/7058
f 3753/7059 3752/7060 3769/7061 3767/7062
f 3764/7047 3759/7046 3768/7056 3767/7055
f 3759/7046 3754/7063 3766/7053 3768/7056
f 3762/7040 3764/7064 3767/7065 3769/7066
f 3757/7041 3762/7040 3769/7066
f 3770/7067 3771/7068 3772/7069 3773/7070
f 3760/7071 3751/7072 3770/7073 3773/7074
f 3763/7075 3760/7076 3773/7070 3772/7069
f 3751/7026 3750/7025 3771/7077 3770/7078
f 3750/7079 3763/7075 3772/7069 3771/7068
f 3762/7040 3761/7039 3763/7075 3765/7080
f 3765/7080 3763/7075 3750/7079
f 3774/7081 3775/7082 3776/7083 3777/7084
f 3781/7085 3782/7086 3783/7087 3784/7088
f 3781/7089 3780/7090 3785/7091 3774/7092 3777/7093 3786/7094 3782/7095
f 3782/7086 3787/7096 3788/7097 3783/7087
f 3787/7098 3782/7099 3786/7100 3789/7101
f 3785/7102 3790/7103 3775/7104 3774/7105
f 3790/7106 3788/7107 3791/7108 3776/7109 3775/7110
f 3792/7111 3779/7112 3793/7113 3794/7114
f 3778/7115 3784/7088 3783/7087 3795/7116
f 3779/7117 3778/7118 3795/7119 3793/7120
f 3790/7103 3785/7102 3794/7114 3793/7113
f 3785/7102 3780/7121 3792/7111 3794/7114
f 3788/7107 3790/7106 3793/7120 3795/7119
f 3783/7087 3788/7097 3795/7116
f 3796/7122 3797/7123 3798/7124 3799/7125
f 3786/7094 3777/7093 3796/7126 3799/7127
f 3789/7101 3786/7100 3799/7128 3798/7129
f 3777/7084 3776/7083 3797/7130 3796/7131
f 3776/7132 3789/7101 3798/7129 3797/7133
f 3788/7134 3787/7098 3789/7101 3791/7135
f 3791/7135 3789/7101 3776/7132
f 3806/7136 3807/7137 3808/7138
f 3802/7139 3809/7140 3810/7141 3803/7142
f 3811/7143 3812/7144 3813/7145
f 3809/7146 3802/7147 3801/7148 3814/7149
f 3815/7150 3816/7151 3817/7152 3818/7153 3819/7154
f 3803/7155 3810/7156 3825/7157
f 3818/7158 3821/7159 3820/7160 3819/7161
f 3826/7162 3800/7163 3804/7164 3813/7165 3812/7166
f 3823/7167 3827/7168 3808/7138 3807/7137 3824/7169
f 3825/7170 3827/7168 3823/7167 3803/7142
f 3816/7171 3810/7141 3809/7140 3814/7172 3828/7173
f 3808/7138 3827/7168 3825/7170 3810/7141 3816/7171 3815/7174 3806/7136
f 3820/7175 3824/7176 3807/7177 3806/7178 3815/7179 3819/7180
f 3829/7181 3822/7182 3821/7159 3818/7158 3817/7183
f 3829/7184 3817/7152 3830/7185
f 3804/7186 3805/7187 3822/7188 3829/7184 3830/7185 3811/7143 3813/7145
f 3814/7149 3801/7148 3800/7163 3826/7162 3828/7189
f 3817/7152 3816/7151 3828/7190 3826/7191 3812/7144 3811/7143 3830/7185
f 3831/7192 3832/7193 3833/7194 3834/7195 3835/7196
f 3836/7197 3837/7198 3838/7199
f 3848/7200 3849/7201 3850/7202 3851/7203
f 3852/7204 3853/7205 3854/7206 3855/7207 3856/7208
f 3857/7209 3858/7210 3859/7211 3833/7194 3832/7193 3838/7199
f 3860/7212 3861/7213 3862/7214 3843/7215 3842/7216
f 3854/7217 3853/7218 3863/7219 3864/7220 3865/7221 3866/7222
f 3831/7223 3835/7224 3867/7225 3847/7226 3846/7227
f 3838/7199 3832/7193 3848/7200 3868/7228 3836/7197
f 3869/7229 3864/7220 3863/7219 3870/7230 3871/7231
f 3872/7232 3873/7233 3858/7210 3857/7209 3874/7234
f 3856/7235 3855/7236 3873/7233 3872/7232
f 3859/7211 3866/7222 3865/7221 3834/7195 3833/7194
f 3852/7237 3856/7238 3872/7239 3874/7240 3875/7241 3841/7242
f 3849/7243 3831/7223 3846/7227 3845/7244
f 3848/7200 3851/7203 3876/7245 3868/7228
f 3841/7242 3875/7241 3877/7246 3860/7212 3842/7216
f 3878/7247 3852/7204 3841/7248 3840/7249
f 3877/7246 3861/7213 3860/7212
f 3870/7250 3878/7247 3871/7251
f 3870/7250 3853/7205 3852/7204 3878/7247
f 3870/7252 3863/7253 3853/7254
f 3862/7214 3837/7255 3879/7256
f 3857/7257 3877/7246 3875/7241 3874/7240
f 3857/7257 3838/7258 3861/7213 3877/7246
f 3862/7214 3861/7213 3838/7258 3837/7255
f 3880/7259 3850/7260 3849/7261 3845/7262 3844/7263
f 3873/7233 3866/7222 3859/7211 3858/7210
f 3854/7217 3866/7222 3873/7233 3855/7236
f 3867/7264 3865/7221 3864/7220
f 3848/7200 3832/7193 3831/7192 3849/7201
f 3868/7228 3876/7245 3881/7265 3879/7266 3837/7198 3836/7197
f 3867/7264 3835/7196 3834/7195 3865/7221
f 3882/7267 3869/7268 3871/7251 3878/7247 3840/7249 3839/7269
f 3864/7220 3869/7229 3882/7270 3867/7264
f 3867/7225 3882/7271 3839/7272 3847/7226
f 3876/7273 3880/7274 3881/7275
f 3850/7260 3880/7259 3876/7276 3851/7277
f 3862/7214 3879/7256 3881/7275 3880/7274 3844/7278 3843/7215
f 3885/7279 3894/7280 3895/7281 3896/7282 3893/7283
f 3897/7284 3895/7281 3894/7280 3898/7285 3899/7286
f 3887/7287 3900/7288 3901/7289 3883/7290
f 3886/7291 3902/7292 3900/7293 3887/7294
f 3884/7295 3898/7285 3894/7280 3885/7279
f 3883/7296 3901/7297 3899/7286 3898/7285 3884/7295
f 3899/7286 3901/7297 3900/7298 3902/7299 3903/7300 3897/7284
f 3888/7301 3891/7302 3904/7303 3903/7304 3902/7305 3886/7306
f 3905/7307 3895/7308 3897/7309 3903/7304 3904/7303 3906/7310
f 3892/7311 3907/7312 3905/7313 3906/7314 3889/7315
f 3904/7316 3891/7317 3890/7318
f 3890/7319 3889/7320 3906/7310 3904/7303
f 3895/7321 3905/7313 3907/7312 3896/7322
f 3893/7323 3896/7322 3907/7312 3892/7311
f 3931/7324 3932/7325 3933/7326
f 3935/7327 3931/7324 3933/7326 3936/7328
f 3937/7329 3938/7330 3939/7331 3940/7332
f 3941/7333 3942/7334 3943/7335
f 3938/7336 3944/7337 3945/7338 3939/7339
f 3944/7337 3948/7340 3945/7338
f 3948/7340 3949/7341 3950/7342
f 3951/7343 3952/7344 3953/7345
f 3949/7341 3954/7346 3955/7347 3950/7342
f 3954/7346 3956/7348 3957/7349 3955/7347
f 3958/7350 3959/7351 3960/7352 3961/7353
f 3956/7348 3935/7354 3936/7355 3957/7349
f 3959/7351 3937/7329 3940/7332 3960/7352
f 3917/7356 3916/7357 3959/7351 3958/7350
f 3910/7358 3909/7359 3956/7348 3954/7346
f 3918/7360 3917/7356 3958/7350 3952/7344
f 3911/7361 3910/7358 3954/7346 3949/7341
f 3920/7362 3919/7363 3951/7364
f 3912/7365 3911/7361 3949/7341 3948/7340
f 3921/7366 3920/7367 3951/7368 3947/7369
f 3913/7370 3912/7365 3948/7340 3944/7337
f 3922/7371 3921/7366 3947/7369
f 3914/7372 3913/7370 3944/7337 3938/7336
f 3930/7373 3929/7374 3932/7325 3931/7324
f 3925/7375 3924/7376 3946/7377 3942/7378
f 3915/7379 3914/7380 3938/7330 3937/7329
f 3908/7381 3930/7373 3931/7324 3935/7327
f 3916/7357 3915/7379 3937/7329 3959/7351
f 3909/7359 3908/7382 3935/7354 3956/7348
f 3928/7383 3927/7384 3941/7333 3934/7385
f 3942/7378 3946/7377 3943/7386
f 3941/7333 3926/7387 3925/7388 3942/7334
f 3946/7377 3923/7389 3922/7371 3947/7369
f 3946/7377 3924/7376 3923/7389
f 3962/7390 3963/7391 3964/7392 3965/7393
f 3932/7325 3929/7374 3928/7383 3934/7385
f 3952/7344 3958/7350 3961/7353 3953/7345
f 3951/7364 3919/7363 3918/7394 3952/7395
f 3932/7396 3941/7397 3966/7398 3967/7399
f 3941/7397 3943/7400 3962/7390 3968/7401
f 3946/7402 3947/7403 3969/7404 3963/7391
f 3951/7343 3953/7345 3970/7405 3971/7406
f 3953/7407 3961/7408 3972/7409 3970/7410
f 3961/7408 3960/7411 3973/7412 3972/7409
f 3960/7411 3940/7413 3974/7414 3973/7412
f 3940/7413 3939/7339 3975/7415 3974/7414
f 3939/7339 3945/7338 3976/7416 3975/7415
f 3945/7338 3948/7340 3977/7417 3976/7416
f 3948/7340 3950/7342 3978/7418 3977/7417
f 3950/7342 3955/7347 3979/7419 3978/7418
f 3955/7347 3957/7349 3980/7420 3979/7419
f 3957/7349 3936/7355 3981/7421 3980/7420
f 3936/7355 3933/7422 3982/7423 3981/7421
f 3933/7422 3932/7396 3967/7399 3982/7423
f 3947/7424 3951/7425 3971/7426 3969/7427
f 3941/7397 3968/7401 3966/7398
f 3943/7400 3946/7402 3963/7391 3962/7390
f 3934/7385 3941/7333 3932/7325
f 3974/7414 3975/7415 3983/7428 3984/7429
f 3979/7430 3980/7431 3985/7432 3986/7433
f 3982/7423 3967/7399 3987/7434 3988/7435
f 3972/7409 3973/7412 3989/7436 3990/7437
f 3977/7438 3978/7439 3991/7440 3992/7441
f 3968/7401 3962/7390 3965/7393 3993/7442
f 3969/7404 3971/7443 3994/7444 3995/7445
f 3971/7446 3970/7447 3996/7448 3994/7449
f 3975/7450 3976/7451 3997/7452 3983/7453
f 3980/7431 3981/7454 3998/7455 3985/7432
f 3973/7456 3974/7457 3984/7458 3989/7459
f 3978/7460 3979/7461 3986/7462 3991/7463
f 3966/7398 3968/7401 3993/7442 3999/7464
f 3967/7465 3966/7466 3999/7467 3987/7468
f 3970/7410 3972/7409 3990/7437 3996/7469
f 3976/7470 3977/7438 3992/7441 3997/7471
f 3981/7454 3982/7472 3988/7473 3998/7455
f 3963/7391 3969/7404 3995/7445 3964/7392
f 3927/7384 3926/7387 3941/7333
f 3998/7474 3988/7435 3987/7434 3999/7464 3993/7442 3965/7393 3964/7392 3995/7445 3994/7444 3996/7469 3990/7437 3989/7436 3984/7429 3983/7428 3997/7475 3992/7476 3991/7477 3986/7478 3985/7479
f 4000/7480 4001/7481 4002/7482 4003/7483 4004/7484 4005/7485
f 4006/7486 4007/7487 4008/7488 4009/7489 4010/7490
f 4011/7491 4013/7492 4014/7493 4015/7494 4016/7495
f 4008/7488 4000/7496 4005/7497 4009/7489
f 4001/7481 4012/7498 4017/7499 4018/7500 4002/7482
f 4013/7501 4007/7502 4019/7503 4014/7504
f 4019/7503 4007/7502 4020/7505
f 4020/7506 4007/7507 4006/7508
f 4016/7509 4015/7510 4017/7511
f 4012/7498 4011/7512 4016/7513 4017/7499
f 4009/7489 4005/7497 4021/7514
f 4021/7515 4005/7516 4004/7517
f 4021/7515 4010/7518 4009/7519
f 4003/7483 4002/7482 4018/7500
f 4017/7520 4015/7521 4014/7522 4019/7523 4020/7524 4006/7525 4010/7518 4021/7515 4004/7517 4003/7526 4018/7527
f 4022/7528 4023/7529 4024/7530 4025/7531
f 4026/7532 4027/7533 4028/7534
f 4034/7535 4033/7536 4047/7537
f 4043/7538 4042/7539 4048/7540 4049/7541
f 4032/7542 4031/7543 4050/7544
f 4042/7545 4041/7546 4048/7547
f 4030/7548 4029/7549 4051/7550 4052/7551 4053/7552
f 4041/7553 4040/7554 4054/7555 4048/7540
f 4029/7556 4022/7557 4025/7558 4055/7559 4051/7560
f 4040/7561 4039/7562 4056/7563 4054/7564
f 4025/7558 4057/7565 4058/7566 4055/7559
f 4039/7562 4038/7567 4059/7568 4056/7563
f 4046/7569 4045/7570 4057/7571
f 4037/7572 4036/7573 4060/7574 4061/7575
f 4044/7576 4026/7532 4028/7534 4058/7577
f 4035/7578 4034/7579 4047/7580 4062/7581 4060/7582
f 4028/7534 4027/7533 4043/7538 4049/7541
f 4058/7577 4045/7570 4044/7576
f 4057/7571 4045/7570 4058/7577
f 4057/7571 4025/7583 4024/7584
f 4023/7585 4046/7569 4057/7571 4024/7584
f 4055/7559 4058/7566 4050/7586 4053/7587 4052/7588
f 4060/7589 4062/7590 4063/7591 4064/7592
f 4050/7586 4028/7593 4049/7594 4065/7595
f 4050/7586 4058/7566 4028/7593
f 4050/7596 4031/7597 4030/7598 4053/7599
f 4052/7551 4051/7550 4055/7600
f 4063/7591 4066/7601 4067/7602 4064/7592
f 4056/7563 4059/7568 4061/7575 4068/7603 4069/7604
f 4048/7540 4054/7555 4067/7605
f 4049/7541 4048/7540 4067/7605 4066/7606
f 4062/7590 4065/7595 4066/7601 4063/7591
f 4061/7607 4060/7589 4064/7592 4068/7608
f 4054/7564 4056/7563 4069/7604 4067/7609
f 4059/7568 4038/7567 4037/7572 4061/7575
f 4047/7610 4033/7611 4032/7612 4050/7613 4062/7614
f 4060/7615 4036/7616 4035/7617
f 4066/7601 4065/7595 4049/7594
f 4065/7595 4062/7590 4050/7586
f 4064/7618 4067/7619 4069/7620 4068/7621
f 4071/7622 4070/7623 4077/7624 4078/7625 4079/7626
f 4076/7627 4075/7628 4080/7629 4081/7630
f 4073/7631 4072/7632 4082/7633 4083/7634 4084/7635 4085/7636 4086/7637 4087/7638 4088/7639
f 4077/7640 4089/7641 4078/7642
f 4070/7643 4076/7644 4081/7645 4089/7646 4077/7647
f 4084/7648 4090/7649 4085/7650
f 4078/7642 4089/7641 4081/7651 4080/7652 4090/7653 4084/7654 4083/7655 4091/7656 4079/7657
f 4091/7658 4083/7659 4082/7660
f 4091/7661 4071/7622 4079/7626
f 4080/7662 4074/7663 4073/7664 4088/7665 4092/7666 4086/7667 4085/7668 4090/7669
f 4074/7670 4080/7671 4075/7672
f 4071/7622 4091/7661 4082/7673 4072/7674
f 4093/7675 4100/7676 4101/7677 4102/7678 4094/7679
f 4094/7680 4102/7681 4103/7682 4095/7683
f 4097/7684 4104/7685 4105/7686 4098/7687
f 4096/7688 4106/7689 4104/7685 4097/7684
f 4095/7683 4103/7682 4106/7690 4096/7691
f 4102/7692 4101/7693 4107/7694 4105/7695 4104/7696 4106/7697 4108/7698
f 4099/7699 4109/7700 4100/7701 4093/7702
f 4107/7694 4101/7693 4100/7703 4109/7704
f 4098/7705 4105/7695 4107/7694 4109/7704 4099/7706
f 4103/7707 4102/7708 4108/7709
f 4106/7710 4103/7711 4108/7712
f 4110/7713 4117/7714 4118/7715 4119/7716
f 4120/7717 4121/7718 4122/7719 4123/7720 4124/7721 4125/7722 4126/7723 4127/7724
f 4128/7725 4129/7726 4117/7727 4116/7728 4130/7729
f 4131/7730 4126/7723 4125/7722
f 4114/7731 4113/7732 4124/7733 4123/7734 4132/7735
f 4112/7736 4111/7737 4133/7738 4134/7739 4135/7740
f 4115/7741 4114/7731 4132/7735 4122/7742
f 4111/7737 4110/7743 4119/7744 4120/7745 4127/7746
f 4116/7728 4115/7741 4122/7742 4121/7747 4130/7729
f 4118/7715 4117/7714 4129/7748 4136/7749
f 4124/7750 4113/7751 4137/7752 4131/7753 4125/7754
f 4122/7719 4132/7755 4123/7720
f 4128/7756 4136/7749 4129/7748
f 4119/7716 4118/7715 4136/7749 4128/7756 4130/7757 4121/7758 4120/7759
f 4088/7760 4087/7761 4138/7762
f 4138/7763 4087/7638 4086/7637
f 4086/7637 4092/7764 4138/7763
f 4138/7765 4092/7766 4088/7767
f 4134/7739 4133/7738 4111/7737 4127/7746 4126/7768 4131/7769
f 4134/7770 4137/7771 4135/7772
f 4135/7773 4137/7752 4113/7751 4112/7774
f 4131/7775 4137/7771 4134/7770
f 4143/7776 4155/7777 4156/7778 4157/7779 4152/7780
f 4158/7781 4159/7782 4160/7783 4161/7784 4162/7785 4163/7786 4164/7787
f 4145/7788 4165/7789 4166/7790 4139/7791
f 4144/7792 4167/7793 4165/7794 4145/7795
f 4140/7796 4163/7786 4162/7785 4168/7797 4141/7798
f 4139/7799 4166/7800 4164/7787 4163/7786 4140/7796
f 4164/7801 4166/7802 4165/7794 4167/7793 4169/7803 4170/7804 4171/7805 4172/7806 4173/7807 4174/7808 4175/7809 4158/7810
f 4146/7811 4150/7812 4176/7813 4177/7814 4169/7803 4167/7793 4144/7792
f 4178/7815 4179/7816 4180/7817 4181/7818 4182/7819 4183/7820 4184/7821 4156/7822 4185/7823 4186/7824 4187/7825 4188/7826 4189/7827
f 4151/7828 4190/7829 4178/7830 4189/7831 4147/7832
f 4188/7833 4149/7834 4148/7835
f 4148/7835 4147/7836 4189/7837 4188/7833
f 4156/7822 4184/7821 4191/7838 4192/7839 4157/7840
f 4152/7841 4157/7840 4192/7839 4153/7842
f 4174/7808 4193/7843 4150/7812 4149/7834 4188/7833 4175/7809
f 4194/7844 4195/7845 4170/7846 4169/7847
f 4195/7845 4196/7848 4171/7849 4170/7846
f 4196/7850 4197/7851 4172/7806 4171/7805
f 4197/7852 4198/7853 4173/7854 4172/7855
f 4198/7856 4199/7857 4174/7858 4173/7859
f 4200/7860 4201/7861 4177/7862 4176/7863
f 4201/7861 4194/7844 4169/7847 4177/7862
f 4199/7864 4202/7865 4193/7866 4174/7867
f 4202/7868 4203/7869 4150/7812 4193/7843
f 4203/7870 4200/7860 4176/7863 4150/7871
f 4204/7872 4205/7873 4179/7816 4178/7815 4190/7874
f 4154/7875 4204/7872 4190/7874 4151/7876
f 4206/7877 4207/7878 4154/7875 4153/7842
f 4208/7879 4209/7880 4205/7873 4204/7872
f 4209/7880 4210/7881 4179/7816 4205/7873
f 4211/7882 4212/7883 4191/7838 4184/7821
f 4212/7883 4213/7884 4192/7839 4191/7838
f 4207/7885 4208/7886 4204/7887 4154/7888
f 4213/7889 4206/7890 4153/7891 4192/7892
f 4210/7893 4214/7894 4180/7895 4179/7896
f 4214/7894 4215/7897 4181/7898 4180/7895
f 4215/7899 4216/7900 4182/7819 4181/7818
f 4216/7900 4217/7901 4183/7820 4182/7819
f 4188/7826 4187/7825 4159/7902 4158/7903 4175/7904
f 4218/7905 4219/7906 4185/7907 4156/7778 4155/7777
f 4142/7908 4218/7905 4155/7777 4143/7776
f 4217/7901 4211/7882 4184/7821 4183/7820
f 4220/7909 4221/7910 4217/7911 4211/7912
f 4222/7913 4223/7914 4142/7908 4141/7915
f 4224/7916 4225/7917 4160/7918 4159/7919
f 4225/7920 4226/7921 4161/7922 4160/7923
f 4226/7921 4227/7924 4162/7925 4161/7922
f 4228/7926 4224/7927 4159/7902 4187/7825
f 4227/7928 4229/7929 4168/7930 4162/7931
f 4229/7929 4222/7932 4141/7933 4168/7930
f 4230/7934 4231/7935 4219/7906 4218/7905
f 4231/7935 4232/7936 4185/7907 4219/7906
f 4232/7937 4233/7938 4186/7939 4185/7940
f 4233/7941 4228/7942 4187/7943 4186/7944
f 4223/7914 4230/7934 4218/7905 4142/7908
f 4199/7945 4198/7946 4197/7851 4196/7850 4195/7947 4194/7948
f 4194/7948 4201/7949 4200/7950 4203/7869 4202/7868 4199/7945
f 4213/7884 4212/7883 4211/7882 4210/7881 4209/7880 4208/7879
f 4206/7877 4213/7884 4208/7879 4207/7878
f 4211/7882 4217/7901 4216/7900 4215/7899 4214/7951 4210/7881
f 4227/7952 4226/7953 4225/7954 4224/7955 4232/7936 4231/7935 4230/7934
f 4222/7932 4229/7929 4227/7928 4230/7956 4223/7957
f 4228/7926 4233/7958 4232/7959 4224/7927
f 4245/7960 4246/7961 4247/7962 4248/7963 4249/7964 4250/7965
f 4240/7966 4239/7967 4251/7968 4252/7969 4253/7970
f 4237/7971 4254/7972 4255/7973
f 4256/7974 4257/7975 4234/7976 4243/7977 4258/7978
f 4257/7975 4259/7979 4235/7980 4234/7976
f 4260/7981 4261/7982 4262/7983 4236/7984
f 4267/7985 4268/7986 4269/7987 4265/7988 4264/7989
f 4239/7967 4238/7990 4251/7968
f 4238/7990 4237/7971 4255/7973 4270/7991 4251/7968
f 4252/7992 4245/7960 4253/7993
f 4252/7992 4251/7994 4271/7995 4246/7961 4245/7960
f 4245/7996 4250/7997 4253/7998
f 4251/7994 4270/7999 4272/8000 4273/8001
f 4268/8002 4274/8003 4269/8004
f 4266/8005 4265/8006 4269/8004 4274/8003 4275/8007
f 4274/8003 4276/8008 4275/8007
f 4254/8009 4266/8010 4275/8011 4276/8012 4270/8013 4255/8014
f 4251/7994 4273/8001 4271/7995
f 4241/8015 4244/8016 4249/8017 4248/8018
f 4250/8019 4249/8020 4244/8021 4240/7966 4253/7970
f 4277/8022 4267/8023 4264/8024 4263/8025
f 4270/8026 4278/8027 4279/8028
f 4258/7978 4247/8029 4256/7974
f 4248/7963 4247/7962 4258/8030 4243/8031 4242/8032
f 4242/8033 4241/8015 4248/8018
f 4277/8022 4261/7982 4279/8028
f 4267/8023 4278/8027 4268/8034
f 4259/7979 4280/8035 4235/7980
f 4280/8036 4260/8037 4236/8038 4235/8039
f 4278/8040 4270/8041 4276/8008 4274/8003 4268/8002
f 4246/7961 4257/8042 4256/8043 4247/7962
f 4271/8044 4257/8045 4246/8046
f 4273/8047 4260/7981 4259/8048 4257/8045 4271/8044
f 4278/8027 4267/8023 4277/8022 4279/8028
f 4272/8000 4270/7999 4279/8049
f 4272/8050 4260/7981 4273/8047
f 4261/8051 4277/8052 4263/8053 4262/8054
f 4261/7982 4260/7981 4272/8050 4279/8028
f 4260/8055 4280/8035 4259/7979
f 4304/8056 4305/8057 4306/8058
f 4308/8059 4304/8056 4306/8058 4309/8060
f 4310/8061 4311/8062 4312/8063 4313/8064
f 4314/8065 4315/8066 4316/8067
f 4311/8062 4317/8068 4318/8069 4312/8063
f 4317/8070 4321/8071 4318/8072
f 4321/8071 4322/8073 4323/8074
f 4324/8075 4325/8076 4326/8077
f 4322/8073 4327/8078 4328/8079 4323/8074
f 4327/8078 4329/8080 4330/8081 4328/8079
f 4331/8082 4332/8083 4333/8084 4334/8085
f 4329/8080 4308/8086 4309/8087 4330/8081
f 4332/8088 4310/8061 4313/8064 4333/8089
f 4290/8090 4289/8091 4332/8083 4331/8082
f 4283/8092 4282/8093 4329/8080 4327/8078
f 4291/8094 4290/8090 4331/8082 4325/8076
f 4284/8095 4283/8092 4327/8078 4322/8073
f 4293/8096 4292/8097 4324/8075
f 4285/8098 4284/8095 4322/8073 4321/8071
f 4294/8099 4293/8096 4324/8075 4320/8100
f 4286/8101 4285/8098 4321/8071 4317/8070
f 4295/8102 4294/8099 4320/8100
f 4287/8103 4286/8101 4317/8070 4311/8104
f 4303/8105 4302/8106 4305/8057 4304/8056
f 4298/8107 4297/8108 4319/8109 4315/8066
f 4288/8110 4287/8111 4311/8062 4310/8061
f 4281/8112 4303/8105 4304/8056 4308/8059
f 4289/8113 4288/8110 4310/8061 4332/8088
f 4282/8093 4281/8114 4308/8086 4329/8080
f 4301/8115 4300/8116 4314/8117 4307/8118
f 4315/8066 4319/8109 4316/8067
f 4314/8065 4299/8119 4298/8107 4315/8066
f 4319/8109 4296/8120 4295/8102 4320/8100
f 4319/8109 4297/8108 4296/8120
f 4335/8121 4336/8122 4337/8123 4338/8124
f 4305/8057 4302/8106 4301/8115 4307/8118
f 4325/8076 4331/8082 4334/8085 4326/8077
f 4324/8075 4292/8097 4291/8094 4325/8076
f 4305/8125 4314/8065 4339/8126 4340/8127
f 4314/8065 4316/8067 4335/8128 4341/8129
f 4319/8109 4320/8100 4342/8130 4336/8131
f 4324/8075 4326/8077 4343/8132 4344/8133
f 4326/8077 4334/8085 4345/8134 4343/8132
f 4334/8085 4333/8084 4346/8135 4345/8134
f 4333/8084 4313/8136 4347/8137 4346/8135
f 4313/8136 4312/8138 4348/8139 4347/8137
f 4312/8140 4318/8072 4349/8141 4348/8142
f 4318/8072 4321/8071 4350/8143 4349/8141
f 4321/8071 4323/8074 4351/8144 4350/8143
f 4323/8074 4328/8079 4352/8145 4351/8144
f 4328/8079 4330/8081 4353/8146 4352/8145
f 4330/8081 4309/8087 4354/8147 4353/8146
f 4309/8148 4306/8149 4355/8150 4354/8151
f 4306/8149 4305/8125 4340/8127 4355/8150
f 4320/8100 4324/8075 4344/8133 4342/8130
f 4314/8065 4341/8129 4339/8126
f 4316/8067 4319/8109 4336/8131 4335/8128
f 4307/8118 4314/8117 4305/8057
f 4347/8152 4348/8153 4356/8154 4357/8155
f 4352/8156 4353/8157 4358/8158 4359/8159
f 4355/8160 4340/8161 4360/8162 4361/8163
f 4345/8164 4346/8165 4362/8166 4363/8167
f 4350/8168 4351/8169 4364/8170 4365/8171
f 4341/8172 4335/8121 4338/8124 4366/8173
f 4342/8174 4344/8175 4367/8176 4368/8177
f 4344/8178 4343/8179 4369/8180 4367/8181
f 4348/8182 4349/8183 4370/8184 4356/8185
f 4353/8157 4354/8186 4371/8187 4358/8158
f 4346/8188 4347/8189 4357/8190 4362/8191
f 4351/8169 4352/8156 4359/8159 4364/8170
f 4339/8192 4341/8172 4366/8173 4372/8193
f 4340/8194 4339/8195 4372/8196 4360/8197
f 4343/8198 4345/8164 4363/8167 4369/8199
f 4349/8183 4350/8168 4365/8171 4370/8184
f 4354/8200 4355/8201 4361/8202 4371/8203
f 4336/8122 4342/8174 4368/8177 4337/8123
f 4300/8204 4299/8119 4314/8065
f 4371/8187 4361/8205 4360/8206 4372/8207 4366/8208 4338/8209 4337/8210 4368/8211 4367/8212 4369/8213 4363/8214 4362/8215 4357/8216 4356/8185 4370/8184 4365/8171 4364/8170 4359/8159 4358/8158
f 4374/8217 4373/8218 4380/8219 4381/8220 4382/8221
f 4379/8222 4378/8223 4383/8224 4384/8225
f 4376/8226 4375/8227 4385/8228 4386/8229 4387/8230 4388/8231
f 4380/8232 4389/8233 4381/8234
f 4373/8235 4379/8236 4384/8237 4389/8233 4380/8232
f 4387/8238 4390/8239 4388/8240
f 4381/8234 4389/8233 4384/8237 4383/8241 4390/8242 4387/8243 4386/8244 4391/8245 4382/8246
f 4391/8247 4386/8248 4385/8249
f 4391/8250 4374/8251 4382/8252
f 4383/8224 4377/8253 4376/8254 4388/8255 4390/8256
f 4377/8253 4383/8224 4378/8223
f 4374/8257 4391/8258 4385/8259 4375/8260
f 4392/8261 4393/8262 4394/8263 4395/8264
f 4396/8265 4397/8266 4398/8267
f 4393/8262 4404/8268 4394/8263
f 4405/8269 4400/8270 4399/8271 4406/8272
f 4407/8273 4408/8274 4409/8275 4398/8276
f 4410/8277 4411/8278 4407/8273 4398/8276 4397/8279 4394/8263 4404/8268 4412/8280
f 4413/8281 4411/8282 4410/8283
f 4398/8267 4409/8284 4401/8285 4396/8265
f 4403/8286 4414/8287 4406/8288 4399/8289
f 4400/8290 4405/8291 4412/8292 4404/8293 4393/8294 4392/8295
f 4412/8296 4405/8297 4406/8288 4414/8287 4413/8281 4410/8283
f 4395/8264 4394/8263 4397/8279 4396/8298
f 4408/8274 4402/8299 4401/8300 4409/8275
f 4402/8301 4408/8302 4407/8303 4411/8304 4413/8305 4414/8306 4403/8307
f 4421/8308 4422/8309 4423/8310
f 4417/8311 4424/8312 4425/8313 4418/8314
f 4426/8315 4427/8316 4428/8317
f 4424/8318 4417/8319 4416/8320 4429/8321
f 4430/8322 4431/8323 4432/8324 4433/8325 4434/8326
f 4418/8314 4425/8313 4440/8327
f 4433/8328 4436/8329 4435/8330 4434/8331
f 4441/8332 4415/8333 4419/8334 4428/8335 4427/8336
f 4438/8337 4442/8338 4423/8339 4422/8340 4439/8341
f 4440/8327 4442/8338 4438/8337 4418/8314
f 4431/8342 4425/8343 4424/8318 4429/8321 4443/8344
f 4423/8310 4442/8345 4440/8346 4425/8343 4431/8342 4430/8347 4421/8308
f 4435/8348 4439/8349 4422/8350 4421/8351 4430/8322 4434/8326
f 4444/8352 4437/8353 4436/8329 4433/8328 4432/8354
f 4444/8355 4432/8356 4445/8357
f 4419/8358 4420/8359 4437/8360 4444/8355 4445/8357 4426/8361 4428/8362
f 4429/8321 4416/8320 4415/8363 4441/8364 4443/8344
f 4432/8365 4431/8342 4443/8344 4441/8364 4427/8316 4426/8315 4445/8366
f 4446/8367 4447/8368 4448/8369 4449/8370 4450/8371
f 4451/8372 4446/8367 4450/8371 4452/8373
f 4453/8374 4454/8375 4455/8376
f 4448/8377 4456/8378 4457/8379 4449/8380
f 4458/8381 4459/8382 4460/8383
f 4456/8384 4448/8385 4447/8386 4461/8387
f 4462/8388 4463/8389 4464/8390 4465/8391 4466/8392
f 4452/8373 4450/8371 4467/8393 4468/8394 4469/8395
f 4450/8371 4449/8370 4470/8396 4471/8397 4467/8393
f 4449/8380 4457/8379 4472/8398
f 4465/8399 4468/8394 4467/8393 4466/8400
f 4473/8401 4446/8402 4451/8403 4460/8404 4459/8405
f 4470/8406 4474/8407 4455/8408 4454/8409 4471/8410
f 4472/8398 4474/8407 4470/8406 4449/8380
f 4463/8411 4457/8412 4456/8384 4461/8387 4475/8413
f 4455/8376 4474/8414 4472/8415 4457/8412 4463/8411 4462/8416 4453/8374
f 4467/8417 4471/8418 4454/8419 4453/8420 4462/8388 4466/8392
f 4476/8421 4469/8395 4468/8394 4465/8399 4464/8422
f 4476/8423 4464/8424 4477/8425
f 4451/8426 4452/8427 4469/8428 4476/8423 4477/8425 4458/8381 4460/8383
f 4461/8387 4447/8386 4446/8429 4473/8430 4475/8413
f 4464/8390 4463/8389 4475/8431 4473/8432 4459/8433 4458/8434 4477/8435
f 4480/8436 4489/8437 4490/8438 4491/8439 4488/8440
f 4492/8441 4490/8442 4489/8443 4493/8444 4494/8445
f 4482/8446 4495/8447 4496/8448 4478/8449
f 4481/8450 4497/8451 4495/8452 4482/8453
f 4479/8454 4493/8455 4489/8437 4480/8436
f 4478/8449 4496/8448 4494/8445 4493/8444 4479/8456
f 4494/8445 4496/8448 4495/8447 4497/8457 4498/8458 4492/8441
f 4483/8459 4486/8460 4499/8461 4498/8462 4497/8451 4481/8450
f 4500/8463 4490/8464 4492/8465 4498/8466 4499/8467 4501/8468
f 4487/8469 4502/8470 4500/8471 4501/8472 4484/8473
f 4499/8461 4486/8460 4485/8474
f 4485/8475 4484/8476 4501/8477 4499/8478
f 4490/8464 4500/8463 4502/8479 4491/8480
f 4488/8481 4491/8480 4502/8479 4487/8482
f 4507/8483 4519/8484 4520/8485 4521/8486 4516/8487
f 4522/8488 4523/8489 4524/8490 4525/8491 4526/8492 4527/8493 4528/8494
f 4509/8495 4529/8496 4530/8497 4503/8498
f 4508/8499 4531/8500 4529/8496 4509/8495
f 4504/8501 4527/8493 4526/8492 4532/8502 4505/8503
f 4503/8498 4530/8497 4528/8504 4527/8505 4504/8506
f 4528/8504 4530/8497 4529/8496 4531/8500 4533/8507 4534/8508 4535/8509 4536/8510 4537/8511 4538/8512 4539/8513 4522/8514
f 4510/8515 4514/8516 4540/8517 4541/8518 4533/8519 4531/8520 4508/8521
f 4542/8522 4543/8523 4544/8524 4545/8525 4546/8526 4547/8527 4548/8528 4520/8485 4549/8529 4550/8530 4551/8531 4552/8532 4553/8533
f 4515/8534 4554/8535 4542/8536 4553/8537 4511/8538
f 4552/8539 4513/8540 4512/8541
f 4512/8542 4511/8538 4553/8537 4552/8543
f 4520/8544 4548/8545 4555/8546 4556/8547 4521/8548
f 4516/8549 4521/8548 4556/8547 4517/8550
f 4538/8551 4557/8552 4514/8553 4513/8554 4552/8555 4539/8556
f 4558/8557 4559/8558 4534/8559 4533/8519
f 4559/8560 4560/8561 4535/8562 4534/8563
f 4560/8564 4561/8565 4536/8510 4535/8509
f 4561/8565 4562/8566 4537/8511 4536/8510
f 4562/8566 4563/8567 4538/8512 4537/8511
f 4564/8568 4565/8569 4541/8518 4540/8517
f 4565/8569 4558/8557 4533/8519 4541/8518
f 4563/8567 4566/8570 4557/8571 4538/8512
f 4566/8570 4567/8572 4514/8573 4557/8571
f 4567/8574 4564/8568 4540/8517 4514/8516
f 4568/8575 4569/8576 4543/8577 4542/8578 4554/8579
f 4518/8580 4568/8575 4554/8579 4515/8581
f 4570/8582 4571/8583 4518/8584 4517/8585
f 4572/8586 4573/8587 4569/8588 4568/8589
f 4573/8587 4574/8590 4543/8523 4569/8588
f 4575/8591 4576/8592 4555/8593 4548/8594
f 4576/8592 4577/8595 4556/8596 4555/8593
f 4571/8597 4572/8598 4568/8575 4518/8580
f 4577/8595 4570/8599 4517/8600 4556/8596
f 4574/8590 4578/8601 4544/8524 4543/8523
f 4578/8601 4579/8602 4545/8525 4544/8524
f 4579/8603 4580/8604 4546/8605 4545/8606
f 4580/8607 4581/8608 4547/8609 4546/8610
f 4552/8532 4551/8531 4523/8489 4522/8488 4539/8611
f 4582/8612 4583/8613 4549/8529 4520/8485 4519/8484
f 4506/8614 4582/8612 4519/8484 4507/8483
f 4581/8608 4575/8591 4548/8594 4547/8609
f 4584/8615 4585/8616 4581/8617 4575/8618
f 4586/8619 4587/8620 4506/8614 4505/8503
f 4588/8621 4589/8622 4524/8490 4523/8489
f 4589/8623 4590/8624 4525/8625 4524/8626
f 4590/8624 4591/8627 4526/8628 4525/8625
f 4592/8629 4588/8630 4523/8631 4551/8632
f 4591/8627 4593/8633 4532/8634 4526/8628
f 4593/8633 4586/8635 4505/8636 4532/8634
f 4594/8637 4595/8638 4583/8613 4582/8612
f 4595/8639 4596/8640 4549/8641 4583/8642
f 4596/8640 4597/8643 4550/8644 4549/8641
f 4597/8645 4592/8646 4551/8531 4550/8530
f 4587/8620 4594/8637 4582/8612 4506/8614
f 4563/8567 4562/8566 4561/8565 4560/8564 4559/8647 4558/8648
f 4558/8557 4565/8569 4564/8568 4567/8574 4566/8649 4563/8650
f 4577/8651 4576/8652 4575/8653 4574/8654 4573/8655 4572/8598
f 4570/8656 4577/8651 4572/8598 4571/8597
f 4575/8618 4581/8617 4580/8657 4579/8602 4578/8601 4574/8590
f 4591/8658 4590/8659 4589/8622 4588/8621 4596/8660 4595/8638 4594/8637
f 4586/8619 4593/8661 4591/8658 4594/8637 4587/8620
f 4592/8646 4597/8645 4596/8660 4588/8621
f 4602/8662 4614/8663 4615/8664 4616/8665 4611/8666
f 4617/8667 4618/8668 4619/8669 4620/8670 4621/8671 4622/8672 4623/8673
f 4604/8674 4624/8675 4625/8676 4598/8677
f 4603/8678 4626/8679 4624/8675 4604/8674
f 4599/8680 4622/8681 4621/8682 4627/8683 4600/8684
f 4598/8677 4625/8676 4623/8685 4622/8686 4599/8687
f 4623/8673 4625/8688 4624/8689 4626/8690 4628/8691 4629/8692 4630/8693 4631/8694 4632/8695 4633/8696 4634/8697 4617/8667
f 4605/8698 4609/8699 4635/8700 4636/8701 4628/8702 4626/8703 4603/8704
f 4637/8705 4638/8706 4639/8707 4640/8708 4641/8709 4642/8710 4643/8711 4615/8712 4644/8713 4645/8714 4646/8715 4647/8716 4648/8717
f 4610/8718 4649/8719 4637/8720 4648/8721 4606/8722
f 4647/8723 4608/8724 4607/8725
f 4607/8726 4606/8727 4648/8728 4647/8729
f 4615/8730 4643/8731 4650/8732 4651/8733 4616/8734
f 4611/8735 4616/8734 4651/8733 4612/8736
f 4633/8737 4652/8738 4609/8739 4608/8740 4647/8741 4634/8742
f 4653/8743 4654/8744 4629/8745 4628/8702
f 4654/8746 4655/8747 4630/8748 4629/8749
f 4655/8750 4656/8751 4631/8752 4630/8753
f 4656/8751 4657/8754 4632/8755 4631/8752
f 4657/8754 4658/8756 4633/8757 4632/8755
f 4659/8758 4660/8759 4636/8701 4635/8700
f 4660/8759 4653/8743 4628/8702 4636/8701
f 4658/8756 4661/8760 4652/8761 4633/8757
f 4661/8760 4662/8762 4609/8763 4652/8761
f 4662/8764 4659/8758 4635/8700 4609/8699
f 4663/8765 4664/8766 4638/8767 4637/8768 4649/8769
f 4613/8770 4663/8765 4649/8769 4610/8771
f 4665/8772 4666/8773 4613/8770 4612/8774
f 4667/8775 4668/8776 4664/8766 4663/8765
f 4668/8776 4669/8777 4638/8767 4664/8766
f 4670/8778 4671/8779 4650/8780 4643/8781
f 4671/8779 4672/8782 4651/8783 4650/8780
f 4666/8773 4667/8775 4663/8765 4613/8770
f 4672/8784 4665/8785 4612/8786 4651/8787
f 4669/8788 4673/8789 4639/8707 4638/8706
f 4673/8789 4674/8790 4640/8708 4639/8707
f 4674/8791 4675/8792 4641/8793 4640/8794
f 4675/8792 4676/8795 4642/8796 4641/8793
f 4647/8741 4646/8797 4618/8798 4617/8799 4634/8742
f 4677/8800 4678/8801 4644/8713 4615/8712 4614/8802
f 4601/8803 4677/8804 4614/8663 4602/8662
f 4676/8805 4670/8778 4643/8781 4642/8806
f 4679/8807 4680/8808 4676/8809 4670/8810
f 4681/8811 4682/8812 4601/8813 4600/8814
f 4683/8815 4684/8816 4619/8817 4618/8818
f 4684/8816 4685/8819 4620/8820 4619/8817
f 4685/8819 4686/8821 4621/8822 4620/8820
f 4687/8823 4683/8815 4618/8818 4646/8824
f 4686/8821 4688/8825 4627/8826 4621/8822
f 4688/8825 4681/8827 4600/8828 4627/8826
f 4689/8829 4690/8830 4678/8801 4677/8800
f 4690/8830 4691/8831 4644/8713 4678/8801
f 4691/8831 4692/8832 4645/8714 4644/8713
f 4692/8832 4687/8833 4646/8715 4645/8714
f 4682/8812 4689/8829 4677/8800 4601/8813
f 4658/8834 4657/8835 4656/8836 4655/8837 4654/8838 4653/8839
f 4653/8743 4660/8759 4659/8758 4662/8764 4661/8840 4658/8841
f 4672/8842 4671/8843 4670/8844 4669/8777 4668/8776 4667/8775
f 4665/8772 4672/8842 4667/8775 4666/8773
f 4670/8810 4676/8809 4675/8845 4674/8790 4673/8789 4669/8788
f 4686/8846 4685/8847 4684/8848 4683/8849 4691/8831 4690/8830 4689/8829
f 4681/8827 4688/8825 4686/8821 4689/8850 4682/8851
f 4687/8833 4692/8832 4691/8831 4683/8849
f 4693/8852 4694/8853 4695/8854 4696/8855 4697/8856
f 4698/8857 4699/8858 4700/8859
f 4710/8860 4711/8861 4712/8862 4713/8863
f 4714/8864 4715/8865 4716/8866 4717/8867 4718/8868
f 4719/8869 4720/8870 4721/8871 4695/8854 4694/8853 4700/8859
f 4722/8872 4723/8873 4724/8874 4705/8875 4704/8876
f 4716/8877 4715/8878 4725/8879 4726/8880 4727/8881 4728/8882
f 4693/8883 4697/8884 4729/8885 4709/8886 4708/8887
f 4700/8859 4694/8853 4710/8860 4730/8888 4698/8857
f 4731/8889 4726/8880 4725/8879 4732/8890 4733/8891
f 4734/8892 4735/8893 4720/8870 4719/8869 4736/8894
f 4718/8895 4717/8896 4735/8893 4734/8892
f 4721/8871 4728/8882 4727/8881 4696/8855 4695/8854
f 4714/8864 4718/8868 4734/8897 4736/8898 4737/8899 4703/8900
f 4711/8901 4693/8883 4708/8887 4707/8902
f 4710/8903 4713/8904 4738/8905 4730/8906
f 4703/8900 4737/8899 4739/8907 4722/8872 4704/8876
f 4740/8908 4714/8864 4703/8900 4702/8909
f 4739/8907 4723/8873 4722/8872
f 4732/8910 4740/8908 4733/8911
f 4732/8910 4715/8865 4714/8864 4740/8908
f 4732/8890 4725/8879 4715/8878
f 4724/8874 4699/8912 4741/8913
f 4719/8869 4739/8914 4737/8915 4736/8894
f 4719/8916 4700/8917 4723/8873 4739/8907
f 4724/8874 4723/8873 4700/8917 4699/8912
f 4742/8918 4712/8919 4711/8920 4707/8921 4706/8922
f 4735/8893 4728/8882 4721/8871 4720/8870
f 4716/8877 4728/8882 4735/8893 4717/8896
f 4729/8923 4727/8924 4726/8925
f 4710/8860 4694/8853 4693/8852 4711/8861
f 4730/8888 4738/8926 4743/8927 4741/8928 4699/8858 4698/8857
f 4729/8929 4697/8856 4696/8855 4727/8881
f 4744/8930 4731/8931 4733/8932 4740/8933 4702/8934 4701/8935
f 4726/8936 4731/8931 4744/8930 4729/8937
f 4729/8937 4744/8930 4701/8935 4709/8938
f 4738/8905 4742/8918 4743/8939
f 4712/8919 4742/8918 4738/8905 4713/8904
f 4724/8874 4741/8913 4743/8940 4742/8941 4706/8942 4705/8875
f 4749/8943 4761/8944 4762/8945 4763/8946 4758/8947
f 4764/8948 4765/8949 4766/8950 4767/8951 4768/8952 4769/8953 4770/8954
f 4751/8955 4771/8956 4772/8957 4745/8958
f 4750/8959 4773/8960 4771/8961 4751/8962
f 4746/8963 4769/8953 4768/8952 4774/8964 4747/8965
f 4745/8966 4772/8967 4770/8954 4769/8953 4746/8963
f 4770/8968 4772/8957 4771/8956 4773/8969 4775/8970 4776/8971 4777/8972 4778/8973 4779/8974 4780/8975 4781/8976 4764/8977
f 4752/8978 4756/8979 4782/8980 4783/8981 4775/8982 4773/8960 4750/8959
f 4784/8983 4785/8984 4786/8985 4787/8986 4788/8987 4789/8988 4790/8989 4762/8990 4791/8991 4792/8992 4793/8993 4794/8994 4795/8995
f 4757/8996 4796/8997 4784/8998 4795/8999 4753/9000
f 4794/9001 4755/9002 4754/9003
f 4754/9004 4753/9000 4795/8999 4794/9005
f 4762/8990 4790/8989 4797/9006 4798/9007 4763/9008
f 4758/9009 4763/9008 4798/9007 4759/9010
f 4780/9011 4799/9012 4756/9013 4755/9014 4794/9015 4781/9016
f 4800/9017 4801/9018 4776/9019 4775/9020
f 4801/9018 4802/9021 4777/9022 4776/9019
f 4802/9023 4803/9024 4778/8973 4777/8972
f 4803/9024 4804/9025 4779/8974 4778/8973
f 4804/9025 4805/9026 4780/8975 4779/8974
f 4806/9027 4807/9028 4783/8981 4782/8980
f 4807/9028 4800/9029 4775/8982 4783/8981
f 4805/9026 4808/9030 4799/9031 4780/8975
f 4808/9030 4809/9032 4756/9033 4799/9031
f 4809/9034 4806/9027 4782/8980 4756/8979
f 4810/9035 4811/9036 4785/8984 4784/8983 4796/9037
f 4760/9038 4810/9035 4796/9037 4757/9039
f 4812/9040 4813/9041 4760/9038 4759/9010
f 4814/9042 4815/9043 4811/9036 4810/9035
f 4815/9043 4816/9044 4785/8984 4811/9036
f 4817/9045 4818/9046 4797/9047 4790/9048
f 4818/9046 4819/9049 4798/9050 4797/9047
f 4813/9051 4814/9052 4810/9053 4760/9054
f 4819/9049 4812/9055 4759/9056 4798/9050
f 4816/9044 4820/9057 4786/8985 4785/8984
f 4820/9058 4821/9059 4787/9060 4786/9061
f 4821/9062 4822/9063 4788/8987 4787/8986
f 4822/9064 4823/9065 4789/9066 4788/9067
f 4794/8994 4793/8993 4765/9068 4764/9069 4781/9070
f 4824/9071 4825/9072 4791/9073 4762/8945 4761/8944
f 4748/9074 4824/9071 4761/8944 4749/8943
f 4823/9065 4817/9045 4790/9048 4789/9066
f 4826/9075 4827/9076 4823/9077 4817/9078
f 4828/9079 4829/9080 4748/9074 4747/8965
f 4830/9081 4831/9082 4766/8950 4765/8949
f 4831/9083 4832/9084 4767/9085 4766/9086
f 4832/9084 4833/9087 4768/9088 4767/9085
f 4834/9089 4830/9090 4765/9068 4793/8993
f 4833/9087 4835/9091 4774/9092 4768/9088
f 4835/9091 4828/9093 4747/9094 4774/9092
f 4836/9095 4837/9096 4825/9072 4824/9071
f 4837/9097 4838/9098 4791/9099 4825/9100
f 4838/9098 4839/9101 4792/9102 4791/9099
f 4839/9103 4834/9104 4793/9105 4792/9106
f 4829/9080 4836/9095 4824/9071 4748/9074
f 4805/9026 4804/9025 4803/9024 4802/9023 4801/9107 4800/9108
f 4800/9029 4807/9028 4806/9027 4809/9034 4808/9109 4805/9110
f 4819/9111 4818/9112 4817/9113 4816/9044 4815/9043 4814/9042
f 4812/9040 4819/9111 4814/9042 4813/9041
f 4817/9113 4823/9114 4822/9063 4821/9062 4820/9057 4816/9044
f 4833/9115 4832/9116 4831/9082 4830/9081 4838/9117 4837/9096 4836/9095
f 4828/9079 4835/9118 4833/9115 4836/9095 4829/9080
f 4834/9089 4839/9119 4838/9120 4830/9090
f 4846/9121 4847/9122 4848/9123
f 4842/9124 4849/9125 4850/9126 4843/9127
f 4851/9128 4852/9129 4853/9130
f 4849/9131 4842/9132 4841/9133 4854/9134
f 4855/9135 4856/9136 4857/9137 4858/9138 4859/9139
f 4843/9127 4850/9126 4865/9140
f 4858/9141 4861/9142 4860/9143 4859/9144
f 4866/9145 4840/9146 4844/9147 4853/9148 4852/9149
f 4863/9150 4867/9151 4848/9152 4847/9153 4864/9154
f 4865/9140 4867/9151 4863/9150 4843/9127
f 4856/9136 4850/9155 4849/9156 4854/9157 4868/9158
f 4848/9123 4867/9159 4865/9160 4850/9155 4856/9136 4855/9135 4846/9121
f 4860/9161 4864/9162 4847/9163 4846/9164 4855/9165 4859/9166
f 4869/9167 4862/9168 4861/9142 4858/9141 4857/9169
f 4869/9170 4857/9137 4870/9171
f 4844/9172 4845/9173 4862/9168 4869/9167 4870/9174 4851/9175 4853/9176
f 4854/9134 4841/9133 4840/9146 4866/9145 4868/9177
f 4857/9137 4856/9136 4868/9158 4866/9178 4852/9129 4851/9128 4870/9171
f 4873/9179 4882/9180 4883/9181 4884/9182 4881/9183
f 4885/9184 4883/9181 4882/9180 4886/9185 4887/9186
f 4875/9187 4888/9188 4889/9189 4871/9190
f 4874/9191 4890/9192 4888/9193 4875/9194
f 4872/9195 4886/9185 4882/9180 4873/9179
f 4871/9196 4889/9197 4887/9186 4886/9185 4872/9195
f 4887/9198 4889/9199 4888/9200 4890/9201 4891/9202 4885/9203
f 4876/9204 4879/9205 4892/9206 4891/9207 4890/9192 4874/9191
f 4893/9208 4883/9209 4885/9210 4891/9211 4892/9212 4894/9213
f 4880/9214 4895/9215 4893/9216 4894/9217 4877/9218
f 4892/9219 4879/9220 4878/9221
f 4878/9222 4877/9218 4894/9217 4892/9223
f 4883/9209 4893/9208 4895/9224 4884/9225
f 4881/9226 4884/9227 4895/9228 4880/9229
f 4896/9230 4907/9231 4908/9232 4897/9233
f 4909/9234 4910/9235 4911/9236 4912/9237
f 4913/9238 4914/9239 4915/9240
f 4905/9241 4916/9242 4917/9243 4906/9244
f 4899/9245 4909/9246 4912/9247 4918/9248 4900/9249
f 4902/9250 4915/9251 4914/9252 4919/9253 4903/9254
f 4900/9249 4918/9248 4901/9255
f 4901/9255 4918/9248 4913/9238 4915/9240 4902/9256
f 4897/9233 4908/9232 4910/9235 4898/9257
f 4898/9257 4910/9235 4909/9234 4899/9258
f 4911/9236 4910/9235 4908/9232
f 4920/9259 4921/9260 4922/9261
f 4923/9262 4911/9263 4908/9264
f 4903/9254 4919/9253 4904/9265
f 4904/9265 4919/9253 4916/9266 4905/9267
f 4907/9268 4896/9269 4906/9244
f 4918/9270 4912/9271 4911/9263 4923/9262 4921/9260 4920/9259 4917/9272
f 4908/9264 4907/9273 4922/9261 4921/9260 4923/9262
f 4906/9244 4917/9243 4920/9274 4922/9275 4907/9268
f 4918/9270 4917/9272 4916/9276 4919/9277 4914/9278 4913/9279
f 4924/9280 4925/9281 4926/9282 4927/9283 4928/9284 4929/9285 4930/9286 4931/9287
f 4931/9288 4932/9289 4933/9290 4924/9291
f 4934/9292 4935/9293 4936/9294 4937/9295
f 4928/9284 4938/9296 4939/9297 4929/9285
f 4937/9298 4936/9299 4943/9300 4942/9301
f 4925/9302 4924/9291 4933/9290 4944/9303
f 4936/9299 4944/9304 4933/9305 4932/9306 4943/9300
f 4935/9307 4945/9308 4927/9283 4926/9282
f 4943/9309 4932/9310 4931/9287 4930/9286
f 4942/9311 4943/9309 4930/9286 4929/9285 4939/9297
f 4938/9296 4928/9284 4927/9283 4945/9308 4940/9312
f 4936/9294 4935/9293 4926/9313 4925/9314 4944/9315
f 4941/9316 4945/9317 4935/9318 4934/9319
f 4940/9320 4945/9317 4941/9316
f 4957/9321 4958/9322 4959/9323 4960/9324 4961/9325 4962/9326
f 4952/9327 4951/9328 4963/9329 4964/9330 4965/9331
f 4949/9332 4966/9333 4967/9334
f 4968/9335 4969/9336 4946/9337 4955/9338 4970/9339
f 4969/9336 4971/9340 4947/9341 4946/9337
f 4972/9342 4973/9343 4974/9344 4948/9345
f 4979/9346 4980/9347 4981/9348 4977/9349 4976/9350
f 4951/9328 4950/9351 4963/9329
f 4950/9351 4949/9332 4967/9334 4982/9352 4963/9329
f 4964/9330 4957/9353 4965/9331
f 4964/9354 4963/9355 4983/9356 4958/9322 4957/9321
f 4957/9321 4962/9326 4965/9357
f 4963/9358 4982/9359 4984/9360 4985/9361
f 4980/9362 4986/9363 4981/9364
f 4978/9365 4977/9366 4981/9364 4986/9363 4987/9367
f 4986/9363 4988/9368 4987/9367
f 4966/9333 4978/9365 4987/9367 4988/9368 4982/9352 4967/9334
f 4963/9355 4985/9369 4983/9356
f 4953/9370 4956/9371 4961/9372 4960/9373
f 4962/9374 4961/9375 4956/9376 4952/9327 4965/9331
f 4989/9377 4979/9378 4976/9379 4975/9380
f 4982/9381 4990/9382 4991/9383
f 4970/9384 4959/9385 4968/9386
f 4960/9387 4959/9385 4970/9384 4955/9388 4954/9389
f 4954/9390 4953/9391 4960/9392
f 4989/9377 4973/9343 4991/9393
f 4979/9346 4990/9382 4980/9347
f 4971/9394 4992/9395 4947/9396
f 4992/9397 4972/9342 4948/9345 4947/9341
f 4990/9382 4982/9381 4988/9398 4986/9399 4980/9347
f 4958/9400 4969/9401 4968/9386 4959/9385
f 4983/9356 4969/9402 4958/9322
f 4985/9403 4972/9342 4971/9340 4969/9336 4983/9404
f 4990/9382 4979/9346 4989/9405 4991/9383
f 4984/9406 4982/9381 4991/9383
f 4984/9407 4972/9342 4985/9403
f 4973/9343 4989/9377 4975/9380 4974/9344
f 4973/9343 4972/9342 4984/9407 4991/9393
f 4972/9342 4992/9397 4971/9340
f 4993/9408 4994/9409 4995/9410 4996/9411
f 4997/9412 4998/9413 4999/9414
f 5005/9415 5004/9416 5018/9417
f 5014/9418 5013/9419 5019/9420 5020/9421
f 5003/9422 5002/9423 5021/9424
f 5013/9419 5012/9425 5019/9420
f 5001/9426 5000/9427 5022/9428 5023/9429 5024/9430
f 5012/9425 5011/9431 5025/9432 5019/9420
f 5000/9433 4993/9434 4996/9435 5026/9436 5022/9437
f 5011/9438 5010/9439 5027/9440 5025/9441
f 4996/9411 5028/9442 5029/9443 5026/9444
f 5010/9445 5009/9446 5030/9447 5027/9448
f 5017/9449 5016/9450 5028/9451
f 5008/9452 5007/9453 5031/9454 5032/9455
f 5015/9456 4997/9457 4999/9458 5029/9459
f 5006/9460 5005/9461 5018/9462 5033/9463 5031/9454
f 4999/9464 4998/9465 5014/9418 5020/9421
f 5029/9459 5016/9450 5015/9456
f 5028/9451 5016/9450 5029/9459
f 5028/9442 4996/9411 4995/9410
f 4994/9466 5017/9449 5028/9451 4995/9467
f 5026/9444 5029/9443 5021/9468 5024/9430 5023/9429
f 5031/9469 5033/9470 5034/9471 5035/9472
f 5021/9468 4999/9473 5020/9474 5036/9475
f 5021/9468 5029/9443 4999/9473
f 5021/9476 5002/9477 5001/9478 5024/9479
f 5023/9429 5022/9428 5026/9444
f 5034/9471 5037/9480 5038/9481 5035/9472
f 5027/9440 5030/9482 5032/9483 5039/9484 5040/9485
f 5019/9420 5025/9432 5038/9486
f 5020/9421 5019/9420 5038/9486 5037/9487
f 5033/9488 5036/9475 5037/9489 5034/9490
f 5032/9491 5031/9469 5035/9472 5039/9492
f 5025/9441 5027/9440 5040/9485 5038/9493
f 5030/9482 5009/9494 5008/9495 5032/9483
f 5018/9462 5004/9496 5003/9497 5021/9498 5033/9463
f 5031/9454 5007/9453 5006/9460
f 5037/9489 5036/9475 5020/9474
f 5036/9475 5033/9488 5021/9468
f 5035/9472 5038/9481 5040/9499 5039/9492
f 5041/9500 5042/9501 5043/9502 5044/9503 5045/9504 5046/9505
f 5047/9506 5048/9507 5049/9508 5050/9509 5051/9510
f 5052/9511 5054/9512 5055/9513 5056/9514 5057/9515
f 5049/9508 5041/9516 5046/9517 5050/9509
f 5042/9518 5053/9519 5058/9520 5059/9521 5043/9522
f 5054/9512 5048/9523 5060/9524 5055/9513
f 5060/9525 5048/9526 5061/9527
f 5061/9528 5048/9529 5047/9530
f 5057/9531 5056/9532 5058/9533
f 5053/9519 5052/9534 5057/9535 5058/9520
f 5050/9509 5046/9517 5062/9536
f 5062/9537 5046/9538 5045/9539
f 5062/9536 5051/9510 5050/9509
f 5044/9503 5043/9502 5059/9540
f 5058/9533 5056/9532 5055/9541 5060/9542 5061/9543 5047/9544 5051/9545 5062/9537 5045/9539 5044/9546 5059/9547
f 5063/9548 5064/9549 5065/9550 5066/9551
f 5070/9552 5071/9553 5072/9554 5073/9555
f 5070/9556 5069/9557 5074/9558 5063/9559 5066/9560 5075/9561 5071/9562
f 5071/9563 5076/9564 5077/9565 5072/9566
f 5076/9564 5071/9563 5075/9567 5078/9568
f 5074/9569 5079/9570 5064/9571 5063/9572
f 5079/9573 5077/9565 5080/9574 5065/9575 5064/9576
f 5081/9577 5068/9578 5082/9579 5083/9580
f 5067/9581 5073/9582 5072/9583 5084/9584
f 5068/9585 5067/9581 5084/9584 5082/9586
f 5079/9570 5074/9569 5083/9580 5082/9579
f 5074/9569 5069/9587 5081/9577 5083/9580
f 5077/9588 5079/9589 5082/9590 5084/9591
f 5072/9592 5077/9593 5084/9594
f 5085/9595 5086/9596 5087/9597 5088/9598
f 5075/9561 5066/9560 5085/9599 5088/9600
f 5078/9568 5075/9567 5088/9601 5087/9602
f 5066/9551 5065/9550 5086/9596 5085/9595
f 5065/9575 5078/9568 5087/9602 5086/9603
f 5077/9565 5076/9564 5078/9568 5080/9574
f 5080/9574 5078/9568 5065/9575
f 5089/9604 5090/9605 5091/9606 5092/9607 5093/9608
f 5094/9609 5095/9610 5096/9611 5097/9612 5098/9613
f 5099/9614 5100/9615 5101/9616 5102/9617 5103/9618
f 5090/9619 5106/9620 5109/9621 5110/9622
f 5095/9623 5108/9624 5111/9625 5112/9626 5096/9627
f 5113/9628 5096/9629 5112/9630 5114/9631 5093/9632 5092/9633 5115/9634 5110/9635 5109/9636 5116/9637 5103/9638 5102/9639 5117/9640
f 5106/9641 5105/9642 5116/9643 5109/9644
f 5117/9645 5102/9617 5101/9616
f 5100/9646 5094/9609 5098/9613 5113/9647 5117/9648 5101/9649
f 5116/9650 5104/9651 5099/9652 5103/9653
f 5104/9654 5116/9643 5105/9642
f 5112/9626 5118/9655 5114/9656
f 5114/9656 5118/9655 5107/9657 5089/9604 5093/9608
f 5118/9655 5111/9625 5108/9624 5107/9657
f 5118/9655 5112/9626 5111/9625
f 5092/9658 5091/9659 5115/9660
f 5091/9606 5090/9605 5110/9661 5115/9662
f 5098/9613 5097/9612 5096/9611 5113/9647
f 5120/9663 5119/9664 5126/9665 5127/9666 5128/9667
f 5125/9668 5124/9669 5129/9670 5130/6659
f 5122/9671 5121/9672 5131/9673 5132/9674 5133/9675 5134/9676
f 5126/9665 5135/9677 5127/9666
f 5119/9664 5125/9678 5130/9679 5135/9677 5126/9665
f 5133/9675 5136/9680 5134/9676
f 5127/9681 5135/9682 5130/9683 5129/9684 5136/9685 5133/9686 5132/9687 5137/9688 5128/9689
f 5137/9690 5132/9674 5131/9673
f 5137/9691 5120/9692 5128/3563
f 5129/9693 5123/9694 5122/9695 5134/9696 5136/9697
f 5123/9698 5129/9699 5124/9700
f 5120/9692 5137/9691 5131/9701 5121/9702
f 5138/9703 5139/9704 5140/9705 5141/9706
f 5142/9707 5143/9708 5144/9709
f 5139/9710 5150/9711 5140/9712
f 5151/9713 5146/9714 5145/9715 5152/9716
f 5153/9717 5154/9718 5155/9719 5144/9720
f 5156/9721 5157/9722 5153/9717 5144/9720 5143/9723 5140/9724 5150/9725 5158/9726
f 5159/9727 5157/9722 5156/9721
f 5144/9709 5155/9728 5147/9729 5142/9707
f 5149/9730 5160/9731 5152/9716 5145/9715
f 5146/9732 5151/9733 5158/9734 5150/9711 5139/9710 5138/9735
f 5158/9736 5151/9713 5152/9716 5160/9731 5159/9737 5156/9738
f 5141/9706 5140/9705 5143/9708 5142/9707
f 5154/9739 5148/9740 5147/9729 5155/9728
f 5148/9741 5154/9742 5153/9743 5157/9744 5159/9745 5160/9746 5149/9747
f 5167/9748 5168/9749 5169/9750
f 5163/9751 5170/9752 5171/9753 5164/9754
f 5172/9755 5173/9756 5174/9757
f 5170/9752 5163/9751 5162/9758 5175/9759
f 5176/9760 5177/9761 5178/9762 5179/9763 5180/9764
f 5164/9765 5171/9766 5186/9767
f 5179/9768 5182/9769 5181/9770 5180/9771
f 5187/9772 5161/9773 5165/9774 5174/9757 5173/9756
f 5184/9775 5188/9776 5169/9777 5168/9778 5185/9779
f 5186/9767 5188/9776 5184/9775 5164/9765
f 5177/9761 5171/9780 5170/9781 5175/9782 5189/9783
f 5169/9750 5188/9784 5186/9785 5171/9780 5177/9761 5176/9760 5167/9748
f 5181/9770 5185/9786 5168/9787 5167/9788 5176/9789 5180/9771
f 5190/9790 5183/9791 5182/9769 5179/9768 5178/9792
f 5190/9790 5178/9792 5191/9793
f 5165/9774 5166/9794 5183/9795 5190/9796 5191/9797 5172/9755 5174/9757
f 5175/9759 5162/9758 5161/9798 5187/9799 5189/9800
f 5178/9762 5177/9761 5189/9783 5187/9801 5173/9802 5172/9803 5191/9804
f 5192/9805 5193/9806 5194/9807 5195/9808 5196/9809
f 5197/9810 5192/9805 5196/9809 5198/9811
f 5199/9812 5200/9813 5201/9814
f 5194/9815 5202/9816 5203/9817 5195/9818
f 5204/9819 5205/9820 5206/9821
f 5202/9816 5194/9815 5193/9822 5207/9823
f 5208/9824 5209/9825 5210/9826 5211/9827 5212/9828
f 5198/9811 5196/9809 5213/9829 5214/9830 5215/9831
f 5196/9809 5195/9808 5216/9832 5217/9833 5213/9829
f 5195/9834 5203/9835 5218/9836
f 5211/9837 5214/9838 5213/9839 5212/9840
f 5219/9841 5192/9842 5197/9843 5206/9821 5205/9820
f 5216/9844 5220/9845 5201/9846 5200/9847 5217/9848
f 5218/9836 5220/9845 5216/9844 5195/9834
f 5209/9825 5203/9849 5202/9850 5207/9851 5221/9852
f 5201/9814 5220/9853 5218/9854 5203/9849 5209/9825 5208/9824 5199/9812
f 5213/9839 5217/9855 5200/9856 5199/9857 5208/9858 5212/9840
f 5222/9859 5215/9860 5214/9838 5211/9837 5210/9861
f 5222/9859 5210/9861 5223/9862
f 5197/9843 5198/9863 5215/9864 5222/9865 5223/9866 5204/9819 5206/9821
f 5207/9823 5193/9822 5192/9867 5219/9868 5221/9869
f 5210/9826 5209/9825 5221/9852 5219/9870 5205/9871 5204/9872 5223/9873
f 5225/9874 5224/9875 5231/9876 5232/9877 5233/9878
f 5230/9879 5229/9880 5234/9881 5235/9882
f 5227/9883 5226/9884 5236/9885 5237/9886 5238/9887 5239/9888 5240/9889 5241/9890 5242/9891
f 5231/9876 5243/9892 5232/9877
f 5224/9875 5230/9893 5235/9894 5243/9892 5231/9876
f 5238/9895 5244/9896 5239/9897
f 5232/9898 5243/9899 5235/9900 5234/9901 5244/9896 5238/9895 5237/9902 5245/9903 5233/9904
f 5245/9905 5237/9906 5236/9907
f 5245/9905 5225/9908 5233/9909
f 5234/9881 5228/9910 5227/9911 5242/9912 5246/9913 5240/9914 5239/9915 5244/9916
f 5228/9910 5234/9881 5229/9880
f 5225/9908 5245/9905 5236/9907 5226/9917
f 5247/9918 5254/9919 5255/9920 5256/9921 5248/9922
f 5248/9922 5256/9921 5257/9923 5249/9924
f 5251/9925 5258/9926 5259/9927 5252/9928
f 5250/9929 5260/9930 5258/9931 5251/9932
f 5249/9924 5257/9923 5260/9930 5250/9929
f 5256/9933 5255/9934 5261/9935 5259/9936 5258/9937 5260/9938 5262/9939
f 5253/9940 5263/9941 5254/9942 5247/9943
f 5261/9935 5255/9934 5254/9944 5263/9945
f 5252/9946 5259/9947 5261/9948 5263/9949 5253/9950
f 5257/9923 5256/9921 5262/9951
f 5260/9938 5257/9952 5262/9939
f 5264/9953 5271/9954 5272/9955 5273/9956
f 5274/9957 5275/9958 5276/9959 5277/9960 5278/9961 5279/9962 5280/9963 5281/9964
f 5282/9965 5283/9966 5271/9967 5270/9968 5284/9969
f 5285/9970 5280/9971 5279/9972
f 5268/9973 5267/9974 5278/9975 5277/9976 5286/9977
f 5266/9978 5265/9979 5287/9980 5288/9981 5289/9982
f 5269/9983 5268/9973 5286/9977 5276/9984
f 5265/9985 5264/9953 5273/9956 5274/9986 5281/9987
f 5270/9968 5269/9988 5276/9989 5275/9990 5284/9969
f 5272/9955 5271/9954 5283/9991 5290/9992
f 5278/9975 5267/9974 5291/9993 5285/9994 5279/9995
f 5276/9984 5286/9977 5277/9976
f 5282/9996 5290/9992 5283/9991
f 5273/9997 5272/9998 5290/9999 5282/10000 5284/10001 5275/9958 5274/9957
f 5242/10002 5241/10003 5292/10004
f 5292/10005 5241/9890 5240/9889
f 5240/9889 5246/10006 5292/10005
f 5292/10004 5246/10007 5242/10002
f 5288/9981 5287/9980 5265/9979 5281/10008 5280/9971 5285/9970
f 5288/10009 5291/10010 5289/10011
f 5289/10012 5291/9993 5267/9974 5266/10013
f 5285/9970 5291/10014 5288/9981
f 5316/10015 5317/10016 5318/10017
f 5320/10018 5316/10015 5318/10017 5321/10019
f 5322/10020 5323/10021 5324/10022 5325/10023
f 5326/10024 5327/10025 5328/10026
f 5323/10021 5329/10027 5330/10028 5324/10022
f 5329/10029 5333/10030 5330/10031
f 5333/10030 5334/10032 5335/10033
f 5336/10034 5337/10035 5338/10036
f 5334/10032 5339/10037 5340/10038 5335/10033
f 5339/10037 5341/10039 5342/10040 5340/10038
f 5343/10041 5344/10042 5345/10043 5346/10044
f 5341/10045 5320/10018 5321/10019 5342/10046
f 5344/10042 5322/10020 5325/10023 5345/10043
f 5302/10047 5301/10048 5344/10042 5343/10041
f 5295/10049 5294/10050 5341/10039 5339/10037
f 5303/10051 5302/10052 5343/10053 5337/10035
f 5296/10054 5295/10049 5339/10037 5334/10032
f 5305/10055 5304/10056 5336/10034
f 5297/10057 5296/10054 5334/10032 5333/10030
f 5306/10058 5305/10055 5336/10034 5332/10059
f 5298/10060 5297/10057 5333/10030 5329/10029
f 5307/10061 5306/10058 5332/10059
f 5299/10062 5298/10063 5329/10027 5323/10021
f 5315/10064 5314/10065 5317/10016 5316/10015
f 5310/10066 5309/10067 5331/10068 5327/10069
f 5300/10070 5299/10062 5323/10021 5322/10020
f 5293/10071 5315/10064 5316/10015 5320/10018
f 5301/10048 5300/10070 5322/10020 5344/10042
f 5294/10072 5293/10071 5320/10018 5341/10045
f 5313/10073 5312/10074 5326/10024 5319/10075
f 5327/10069 5331/10068 5328/10076
f 5326/10024 5311/10077 5310/10078 5327/10025
f 5331/10068 5308/10079 5307/10061 5332/10059
f 5331/10068 5309/10067 5308/10079
f 5347/10080 5348/10081 5349/10082 5350/10083
f 5317/10016 5314/10065 5313/10073 5319/10075
f 5337/10035 5343/10053 5346/10084 5338/10036
f 5336/10034 5304/10056 5303/10051 5337/10035
f 5317/10016 5326/10024 5351/10085 5352/10086
f 5326/10024 5328/10026 5347/10087 5353/10088
f 5331/10089 5332/10090 5354/10091 5348/10092
f 5336/10093 5338/10094 5355/10095 5356/10096
f 5338/10094 5346/10097 5357/10098 5355/10095
f 5346/10097 5345/10099 5358/10100 5357/10098
f 5345/10099 5325/10101 5359/10102 5358/10100
f 5325/10101 5324/10103 5360/10104 5359/10102
f 5324/10103 5330/10105 5361/10106 5360/10104
f 5330/10105 5333/10107 5362/10108 5361/10106
f 5333/10107 5335/10109 5363/10110 5362/10108
f 5335/10109 5340/10111 5364/10112 5363/10110
f 5340/10111 5342/10046 5365/10113 5364/10112
f 5342/10046 5321/10019 5366/10114 5365/10113
f 5321/10019 5318/10017 5367/10115 5366/10114
f 5318/10017 5317/10016 5352/10086 5367/10115
f 5332/10090 5336/10093 5356/10096 5354/10091
f 5326/10024 5353/10088 5351/10085
f 5328/10026 5331/10089 5348/10092 5347/10087
f 5319/10075 5326/10024 5317/10016
f 5359/10102 5360/10104 5368/10116 5369/10117
f 5364/10112 5365/10113 5370/10118 5371/10119
f 5367/10120 5352/10121 5372/10122 5373/10123
f 5357/10098 5358/10100 5374/10124 5375/10125
f 5362/7466 5363/10126 5376/10127 5377/10128
f 5353/10129 5347/10130 5350/10131 5378/10132
f 5354/10133 5356/10134 5379/10135 5380/10136
f 5356/10096 5355/10095 5381/10137 5379/10138
f 5360/10104 5361/10106 5382/10139 5368/10116
f 5365/10140 5366/10141 5383/10142 5370/10143
f 5358/10100 5359/10102 5369/10117 5374/10124
f 5363/10110 5364/10112 5371/10119 5376/10144
f 5351/10145 5353/10146 5378/10147 5384/10148
f 5352/10121 5351/10149 5384/10150 5372/10122
f 5355/10151 5357/10152 5375/10153 5381/10154
f 5361/10106 5362/10108 5377/10155 5382/10139
f 5366/10141 5367/10120 5373/10123 5383/10142
f 5348/10081 5354/10133 5380/10136 5349/10082
f 5312/10074 5311/10077 5326/10024
f 5383/10156 5373/10157 5372/10158 5384/10159 5378/10160 5350/10161 5349/10162 5380/10163 5379/10138 5381/10137 5375/10125 5374/10124 5369/10117 5368/10116 5382/10139 5377/10155 5376/10144 5371/10119 5370/10118
f 5385/10164 5386/10165 5387/10166 5388/10167
f 5392/10168 5393/10169 5394/10170 5395/10171
f 5392/10172 5391/10173 5396/10174 5385/10175 5388/10176 5397/10177 5393/10178
f 5393/10169 5398/10179 5399/10180 5394/10170
f 5398/10179 5393/10169 5397/10181 5400/10182
f 5396/10183 5401/10184 5386/10165 5385/10164
f 5401/10185 5399/10186 5402/10187 5387/10188 5386/10189
f 5403/10190 5390/10191 5404/10192 5405/10193
f 5389/10194 5395/10171 5394/10170 5406/10195
f 5390/10196 5389/10197 5406/10198 5404/10199
f 5401/10184 5396/10183 5405/10193 5404/10192
f 5396/10183 5391/10200 5403/10190 5405/10193
f 5399/10201 5401/10202 5404/10199 5406/10198
f 5394/10170 5399/10180 5406/10195
f 5407/10203 5408/10204 5409/10205 5410/10206
f 5397/10177 5388/10176 5407/10207 5410/10208
f 5400/10209 5397/10210 5410/10206 5409/10205
f 5388/10167 5387/10166 5408/10211 5407/10212
f 5387/10213 5400/10209 5409/10205 5408/10204
f 5399/10180 5398/10179 5400/10182 5402/10214
f 5402/10215 5400/10209 5387/10213
f 5422/10216 5423/10217 5424/10218 5425/10219 5426/10220 5427/10221
f 5417/10222 5416/10223 5428/10224 5429/10225 5430/10226
f 5414/10227 5431/10228 5432/10229
f 5433/10230 5434/10231 5411/10232 5420/10233 5435/10234
f 5434/10231 5436/10235 5412/10236 5411/10232
f 5437/10237 5438/10238 5439/10239 5413/10240
f 5444/10241 5445/10242 5446/10243 5442/10244 5441/10245
f 5416/10223 5415/10246 5428/10224
f 5415/10246 5414/10227 5432/10229 5447/10247 5428/10224
f 5429/10248 5422/10249 5430/10250
f 5429/10251 5428/10252 5448/10253 5423/10217 5422/10216
f 5422/10216 5427/10221 5430/10254
f 5428/10255 5447/10256 5449/10257 5450/10258
f 5445/10259 5451/10260 5446/10261
f 5443/10262 5442/10263 5446/10261 5451/10260 5452/10264
f 5451/10260 5453/10265 5452/10264
f 5431/10228 5443/10262 5452/10264 5453/10265 5447/10247 5432/10229
f 5428/10252 5450/10266 5448/10253
f 5418/10267 5421/10268 5426/10269 5425/10270
f 5427/10271 5426/10272 5421/10273 5417/10222 5430/10226
f 5454/10274 5444/10241 5441/10245 5440/10275
f 5447/10276 5455/10277 5456/10278
f 5435/10279 5424/10280 5433/10281
f 5425/10282 5424/10280 5435/10279 5420/10283 5419/10284
f 5419/10285 5418/10286 5425/10287
f 5454/10288 5438/10289 5456/10278
f 5444/10290 5455/10277 5445/10291
f 5436/10235 5457/10292 5412/10236
f 5457/10292 5437/10237 5413/10240 5412/10236
f 5455/10277 5447/10276 5453/10293 5451/10294 5445/10291
f 5423/10295 5434/10296 5433/10281 5424/10280
f 5448/10253 5434/10297 5423/10217
f 5450/10266 5437/10298 5436/10299 5434/10297 5448/10253
f 5455/10277 5444/10290 5454/10288 5456/10278
f 5449/10300 5447/10276 5456/10278
f 5449/10300 5437/10298 5450/10266
f 5438/10238 5454/10301 5440/10302 5439/10239
f 5438/10289 5437/10298 5449/10300 5456/10278
f 5437/10237 5457/10292 5436/10235
f 5459/10303 5458/10304 5465/10305 5466/10306 5467/10307
f 5464/10308 5463/10309 5468/10310 5469/10311
f 5461/10312 5460/10313 5470/10314 5471/10315 5472/10316 5473/10317
f 5465/10305 5474/10318 5466/10306
f 5458/10319 5464/10320 5469/10321 5474/10322 5465/10323
f 5472/10324 5475/10325 5473/10326
f 5466/10327 5474/10328 5469/10329 5468/10330 5475/10331 5472/10332 5471/10333 5476/10334 5467/10335
f 5476/10336 5471/10315 5470/10314
f 5476/10336 5459/10337 5467/10338
f 5468/10339 5462/10340 5461/10341 5473/10342 5475/10343
f 5462/10340 5468/10339 5463/10344
f 5459/10337 5476/10336 5470/10314 5460/10313
f 5477/10345 5478/10346 5479/10347 5480/10348
f 5481/10349 5482/10350 5483/10351
f 5478/10352 5489/10353 5479/10354
f 5490/10355 5485/10356 5484/10357 5491/10358
f 5492/10359 5493/10360 5494/10361 5483/10362
f 5495/10363 5496/10364 5492/10365 5483/10366 5482/10367 5479/10354 5489/10353 5497/10368
f 5498/10369 5496/10364 5495/10363
f 5483/10351 5494/10370 5486/10371 5481/10349
f 5488/10372 5499/10373 5491/10374 5484/10375
f 5485/10356 5490/10355 5497/10376 5489/10377 5478/10378 5477/10379
f 5497/10368 5490/10380 5491/10381 5499/10382 5498/10369 5495/10363
f 5480/10348 5479/10347 5482/10350 5481/10349
f 5493/10383 5487/10384 5486/10371 5494/10370
f 5487/10385 5493/10360 5492/10359 5496/10386 5498/10387 5499/10388 5488/10389
f 5506/10390 5507/10391 5508/10392
f 5502/10393 5509/10394 5510/10395 5503/10396
f 5511/10397 5512/10398 5513/10399
f 5509/10400 5502/10401 5501/10402 5514/10403
f 5515/10404 5516/10405 5517/10406 5518/10407 5519/10408
f 5503/10396 5510/10395 5525/10409
f 5518/10410 5521/10411 5520/10412 5519/10413
f 5526/10414 5500/10415 5504/10416 5513/10417 5512/10418
f 5523/10419 5527/10420 5508/10392 5507/10391 5524/10421
f 5525/10409 5527/10420 5523/10419 5503/10396
f 5516/10405 5510/10422 5509/10423 5514/10424 5528/10425
f 5508/10426 5527/10427 5525/10428 5510/10422 5516/10405 5515/10404 5506/10429
f 5520/10412 5524/10430 5507/10431 5506/10432 5515/10433 5519/10413
f 5529/10434 5522/10435 5521/10411 5518/10410 5517/10436
f 5529/10437 5517/10406 5530/10438
f 5504/10439 5505/10440 5522/10441 5529/10442 5530/10443 5511/10444 5513/10445
f 5514/10403 5501/10402 5500/10415 5526/10414 5528/10446
f 5517/10406 5516/10405 5528/10425 5526/10447 5512/10398 5511/10397 5530/10438
f 5531/10448 5532/10449 5533/10450 5534/10451 5535/10452
f 5536/10453 5531/10448 5535/10452 5537/10454
f 5538/10455 5539/10456 5540/10457
f 5533/10458 5541/10459 5542/10460 5534/10461
f 5543/10462 5544/10463 5545/10464
f 5541/10465 5533/10466 5532/10467 5546/10468
f 5547/10469 5548/10470 5549/10471 5550/10472 5551/10473
f 5537/10454 5535/10452 5552/10474 5553/10475 5554/10476
f 5535/10452 5534/10451 5555/10477 5556/10478 5552/10474
f 5534/10461 5542/10460 5557/10479
f 5550/10480 5553/10481 5552/10482 5551/10483
f 5558/10484 5531/10485 5536/10486 5545/10487 5544/10488
f 5555/10489 5559/10490 5540/10457 5539/10456 5556/10491
f 5557/10479 5559/10490 5555/10489 5534/10461
f 5548/10470 5542/10492 5541/10493 5546/10494 5560/10495
f 5540/10496 5559/10497 5557/10498 5542/10492 5548/10470 5547/10469 5538/10499
f 5552/10482 5556/10500 5539/10501 5538/10502 5547/10503 5551/10483
f 5561/10504 5554/10505 5553/10481 5550/10480 5549/10506
f 5561/10507 5549/10471 5562/10508
f 5536/10509 5537/10510 5554/10511 5561/10512 5562/10513 5543/10514 5545/10515
f 5546/10468 5532/10467 5531/10485 5558/10484 5560/10516
f 5549/10471 5548/10470 5560/10495 5558/10517 5544/10463 5543/10462 5562/10508
f 5564/10518 5563/10519 5570/10520 5571/10521 5572/10522
f 5569/10523 5568/10524 5573/10525 5574/10526
f 5566/10527 5565/10528 5575/10529 5576/10530 5577/10531 5578/10532 5579/10533 5580/10534 5581/10535
f 5570/10520 5582/10536 5571/10521
f 5563/10519 5569/10537 5574/10538 5582/10536 5570/10520
f 5577/10531 5583/10539 5578/10532
f 5571/10540 5582/10541 5574/10542 5573/10543 5583/10544 5577/10545 5576/10546 5584/10547 5572/10548
f 5584/10549 5576/10530 5575/10529
f 5584/10550 5564/10551 5572/10552
f 5573/10553 5567/10554 5566/10555 5581/10556 5585/10557 5579/10558 5578/10559 5583/10560
f 5567/10561 5573/10562 5568/10563
f 5564/10551 5584/10550 5575/10564 5565/10565
f 5586/10566 5593/10567 5594/10568 5595/10569 5587/10570
f 5587/10570 5595/10569 5596/10571 5588/10572
f 5590/10573 5597/10574 5598/10575 5591/10576
f 5589/10577 5599/10578 5597/10574 5590/10573
f 5588/10572 5596/10571 5599/10579 5589/10580
f 5595/10581 5594/10582 5600/10583 5598/10584 5597/10585 5599/10586 5601/10587
f 5592/10588 5602/10589 5593/10590 5586/10591
f 5600/10583 5594/10582 5593/10592 5602/10593
f 5591/10594 5598/10595 5600/10596 5602/10597 5592/10598
f 5596/10571 5595/10569 5601/10599
f 5599/10579 5596/10571 5601/10599
f 5603/10600 5610/10601 5611/10602 5612/10603
f 5613/10604 5614/10605 5615/10606 5616/10607 5617/10608 5618/10609 5619/10610 5620/10611
f 5621/10612 5622/10613 5610/10614 5609/10615 5623/10616
f 5624/10617 5619/10618 5618/10619
f 5607/10620 5606/10621 5617/10622 5616/10623 5625/10624
f 5605/10625 5604/10626 5626/10627 5627/10628 5628/10629
f 5608/10630 5607/10620 5625/10624 5615/10631
f 5604/10632 5603/10600 5612/10603 5613/10633 5620/10634
f 5609/10615 5608/10635 5615/10636 5614/10637 5623/10616
f 5611/10602 5610/10601 5622/10638 5629/10639
f 5617/10622 5606/10621 5630/10640 5624/10617 5618/10619
f 5615/10631 5625/10624 5616/10623
f 5621/10641 5629/10639 5622/10638
f 5612/10642 5611/10643 5629/10644 5621/10645 5623/10646 5614/10605 5613/10604
f 5581/10647 5580/10648 5631/10649
f 5631/10650 5580/10651 5579/10652
f 5579/10652 5585/10653 5631/10650
f 5631/10649 5585/10654 5581/10647
f 5627/10628 5626/10627 5604/10626 5620/10655 5619/10656 5624/10657
f 5627/10658 5630/10640 5628/10659
f 5628/10659 5630/10640 5606/10621 5605/10660
f 5624/10657 5630/10661 5627/10628
f 5655/10662 5656/10663 5657/10664
f 5659/10665 5655/10662 5657/10664 5660/10666
f 5661/10667 5662/10668 5663/10669 5664/10670
f 5665/10671 5666/10672 5667/10673
f 5662/10674 5668/10675 5669/10676 5663/10677
f 5668/10675 5672/10678 5669/10676
f 5672/10678 5673/10679 5674/10680
f 5675/10681 5676/10682 5677/10683
f 5673/10679 5678/10684 5679/10685 5674/10680
f 5678/10684 5680/10686 5681/10687 5679/10685
f 5682/10688 5683/10689 5684/10690 5685/10691
f 5680/10692 5659/10665 5660/10666 5681/10693
f 5683/10689 5661/10667 5664/10670 5684/10690
f 5641/10694 5640/10695 5683/10689 5682/10688
f 5634/10696 5633/10697 5680/10686 5678/10684
f 5642/10698 5641/10699 5682/10700 5676/10682
f 5635/10701 5634/10696 5678/10684 5673/10679
f 5644/10702 5643/10703 5675/10681
f 5636/10704 5635/10701 5673/10679 5672/10678
f 5645/10705 5644/10702 5675/10681 5671/10706
f 5637/10707 5636/10704 5672/10678 5668/10675
f 5646/10708 5645/10705 5671/10706
f 5638/10709 5637/10707 5668/10675 5662/10674
f 5654/10710 5653/10711 5656/10663 5655/10662
f 5649/10712 5648/10713 5670/10714 5666/10715
f 5639/10716 5638/10717 5662/10668 5661/10667
f 5632/10718 5654/10710 5655/10662 5659/10665
f 5640/10695 5639/10716 5661/10667 5683/10689
f 5633/10719 5632/10718 5659/10665 5680/10692
f 5652/10720 5651/10721 5665/10671 5658/10722
f 5666/10715 5670/10714 5667/10723
f 5665/10671 5650/10724 5649/10725 5666/10672
f 5670/10714 5647/10726 5646/10708 5671/10706
f 5670/10714 5648/10713 5647/10726
f 5686/10727 5687/10728 5688/10729 5689/10730
f 5656/10663 5653/10711 5652/10720 5658/10722
f 5676/10682 5682/10700 5685/10731 5677/10683
f 5675/10681 5643/10703 5642/10698 5676/10682
f 5656/10663 5665/10671 5690/10732 5691/10733
f 5665/10671 5667/10673 5686/10734 5692/10735
f 5670/10736 5671/10737 5693/10738 5687/10739
f 5675/10740 5677/10741 5694/10742 5695/10743
f 5677/10741 5685/10744 5696/10745 5694/10742
f 5685/10744 5684/10746 5697/10747 5696/10745
f 5684/10746 5664/10748 5698/10749 5697/10747
f 5664/10748 5663/10750 5699/10751 5698/10749
f 5663/10750 5669/10752 5700/10753 5699/10751
f 5669/10752 5672/10754 5701/10755 5700/10753
f 5672/10754 5674/10756 5702/10757 5701/10755
f 5674/10756 5679/10758 5703/10759 5702/10757
f 5679/10758 5681/10693 5704/10760 5703/10759
f 5681/10693 5660/10666 5705/10761 5704/10760
f 5660/10666 5657/10664 5706/10762 5705/10761
f 5657/10664 5656/10663 5691/10733 5706/10762
f 5671/10737 5675/10740 5695/10743 5693/10738
f 5665/10671 5692/10735 5690/10732
f 5667/10673 5670/10736 5687/10739 5686/10734
f 5658/10722 5665/10671 5656/10663
f 5698/10749 5699/10751 5707/10763 5708/10764
f 5703/10759 5704/10760 5709/10765 5710/10766
f 5706/10767 5691/10768 5711/10769 5712/10770
f 5696/10745 5697/10747 5713/10771 5714/10772
f 5701/10773 5702/10774 5715/10775 5716/10776
f 5692/10777 5686/10727 5689/10730 5717/10778
f 5693/10779 5695/10780 5718/10781 5719/10782
f 5695/10783 5694/10784 5720/10785 5718/10786
f 5699/10751 5700/10753 5721/10787 5707/10763
f 5704/10788 5705/10789 5722/10790 5709/10791
f 5697/10747 5698/10749 5708/10764 5713/10771
f 5702/10757 5703/10759 5710/10766 5715/10792
f 5690/10793 5692/10777 5717/10778 5723/10794
f 5691/10795 5690/10796 5723/10797 5711/10798
f 5694/10799 5696/10800 5714/10801 5720/10802
f 5700/10753 5701/10755 5716/10803 5721/10787
f 5705/10789 5706/10804 5712/10805 5722/10790
f 5687/10728 5693/10779 5719/10782 5688/10729
f 5651/10721 5650/10724 5665/10671
f 5722/10806 5712/10807 5711/10808 5723/10809 5717/10810 5689/10811 5688/10812 5719/10813 5718/10814 5720/10815 5714/10772 5713/10771 5708/10764 5707/10763 5721/10787 5716/10803 5715/10792 5710/10766 5709/10765
f 5725/10816 5724/10817 5731/10818 5732/10819 5733/10820
f 5730/10821 5729/10822 5734/10823 5735/10824
f 5727/10825 5726/10826 5736/10827 5737/10828 5738/10829 5739/10830
f 5731/10831 5740/10832 5732/10833
f 5724/10834 5730/10835 5735/10836 5740/10837 5731/10838
f 5738/10839 5741/10840 5739/10841
f 5732/10833 5740/10832 5735/10842 5734/10843 5741/10844 5738/10845 5737/10846 5742/10847 5733/10848
f 5742/10849 5737/10828 5736/10827
f 5742/10850 5725/10816 5733/10820
f 5734/10851 5728/10852 5727/10853 5739/10841 5741/10840
f 5728/10854 5734/10855 5729/10856
f 5725/10816 5742/10850 5736/10857 5726/10858
f 5743/10859 5744/10860 5745/10861 5746/10862
f 5747/10863 5748/10864 5749/10865
f 5744/10866 5755/10867 5745/10868
f 5756/10869 5751/10870 5750/10871 5757/10872
f 5758/10873 5759/10874 5760/10875 5749/10876
f 5761/10877 5762/10878 5758/10873 5749/10876 5748/10879 5745/10880 5755/10881 5763/10882
f 5764/10883 5762/10878 5761/10877
f 5749/10865 5760/10884 5752/10885 5747/10863
f 5754/10886 5765/10887 5757/10872 5750/10871
f 5751/10888 5756/10889 5763/10890 5755/10867 5744/10866 5743/10891
f 5763/10892 5756/10869 5757/10872 5765/10887 5764/10893 5761/10894
f 5746/10862 5745/10861 5748/10864 5747/10863
f 5759/10895 5753/10896 5752/10885 5760/10884
f 5753/10897 5759/10898 5758/10899 5762/10900 5764/10901 5765/10902 5754/10903
f 5772/10904 5773/10905 5774/10906
f 5768/10907 5775/10908 5776/10909 5769/10910
f 5777/10911 5778/10912 5779/10913
f 5775/10914 5768/10915 5767/10916 5780/10917
f 5781/10918 5782/10919 5783/10920 5784/10921 5785/10922
f 5769/10923 5776/10924 5791/10925
f 5784/10926 5787/10927 5786/10928 5785/10929
f 5792/10930 5766/10931 5770/10932 5779/10933 5778/10934
f 5789/10935 5793/10936 5774/10937 5773/10938 5790/10939
f 5791/10925 5793/10936 5789/10935 5769/10923
f 5782/10919 5776/10909 5775/10908 5780/10940 5794/10941
f 5774/10906 5793/10942 5791/10943 5776/10909 5782/10919 5781/10918 5772/10904
f 5786/10928 5790/10944 5773/10945 5772/10946 5781/10947 5785/10929
f 5795/10948 5788/10949 5787/10927 5784/10926 5783/10950
f 5795/10951 5783/10952 5796/10953
f 5770/10954 5771/10955 5788/10956 5795/10951 5796/10953 5777/10911 5779/10913
f 5780/10917 5767/10916 5766/10931 5792/10930 5794/10957
f 5783/10920 5782/10919 5794/10941 5792/10958 5778/10959 5777/10960 5796/10961
f 5797/10962 5798/10963 5799/10964 5800/10965 5801/10966
f 5802/10967 5797/10962 5801/10966 5803/10968
f 5804/10969 5805/10970 5806/10971
f 5799/10972 5807/10973 5808/10974 5800/10975
f 5809/10976 5810/10977 5811/10978
f 5807/10979 5799/10980 5798/10981 5812/10982
f 5813/10983 5814/10984 5815/10985 5816/10986 5817/10987
f 5803/10968 5801/10966 5818/10988 5819/10989 5820/10990
f 5801/10966 5800/10965 5821/10991 5822/10992 5818/10988
f 5800/10993 5808/10994 5823/10995
f 5816/10996 5819/10997 5818/10998 5817/10999
f 5824/11000 5797/11001 5802/11002 5811/11003 5810/11004
f 5821/11005 5825/11006 5806/11007 5805/11008 5822/11009
f 5823/10995 5825/11006 5821/11005 5800/10993
f 5814/10984 5808/10974 5807/10973 5812/11010 5826/11011
f 5806/10971 5825/11012 5823/11013 5808/10974 5814/10984 5813/10983 5804/10969
f 5818/10998 5822/11014 5805/11015 5804/11016 5813/11017 5817/10999
f 5827/11018 5820/11019 5819/10997 5816/10996 5815/11020
f 5827/11021 5815/11022 5828/11023
f 5802/11024 5803/11025 5820/11026 5827/11021 5828/11023 5809/10976 5811/10978
f 5812/10982 5798/10981 5797/11001 5824/11000 5826/11027
f 5815/10985 5814/10984 5826/11011 5824/11028 5810/11029 5809/11030 5828/11031
f 5840/11032 5841/11033 5842/11034 5843/11035 5844/11036 5845/11037
f 5835/11038 5834/11039 5846/11040 5847/11041 5848/11042
f 5832/11043 5849/11044 5850/11045
f 5851/11046 5852/11047 5829/11048 5838/11049 5853/11050
f 5852/11051 5854/11052 5830/11053 5829/11054
f 5855/11055 5856/11056 5857/11057 5831/11058
f 5862/11059 5863/11060 5864/11061 5860/11062 5859/11063
f 5834/11064 5833/11065 5846/11066
f 5833/11067 5832/11043 5850/11045 5865/11068 5846/11069
f 5847/11070 5840/11032 5848/11071
f 5847/11070 5846/11072 5866/11073 5841/11033 5840/11032
f 5840/11032 5845/11037 5848/11071
f 5846/11072 5865/11074 5867/11075 5868/11076
f 5863/11077 5869/11078 5864/11079
f 5861/11080 5860/11081 5864/11082 5869/11083 5870/11084
f 5869/11083 5871/11085 5870/11084
f 5849/11044 5861/11080 5870/11084 5871/11085 5865/11068 5850/11045
f 5846/11072 5868/11076 5866/11073
f 5836/11086 5839/11087 5844/11088 5843/11089
f 5845/11090 5844/11088 5839/11087 5835/11038 5848/11042
f 5872/11091 5862/11092 5859/11093 5858/11094
f 5865/11074 5873/11095 5874/11096
f 5853/11050 5842/11097 5851/11046
f 5843/11089 5842/11098 5853/11099 5838/11100 5837/11101
f 5837/11101 5836/11086 5843/11089
f 5872/11102 5856/11103 5874/11096
f 5862/11104 5873/11095 5863/11077
f 5854/11105 5875/11106 5830/11107
f 5875/11108 5855/11055 5831/11058 5830/11109
f 5873/11095 5865/11074 5871/11110 5869/11078 5863/11077
f 5841/11033 5852/11111 5851/11112 5842/11034
f 5866/11073 5852/11111 5841/11033
f 5868/11076 5855/11113 5854/11114 5852/11111 5866/11073
f 5873/11095 5862/11104 5872/11102 5874/11096
f 5867/11075 5865/11074 5874/11096
f 5867/11115 5855/11116 5868/11117
f 5856/11056 5872/11091 5858/11094 5857/11057
f 5856/11103 5855/11113 5867/11075 5874/11096
f 5855/11055 5875/11108 5854/11118
f 5899/11119 5900/11120 5901/11121
f 5903/11122 5899/11123 5901/11124 5904/11125
f 5905/11126 5906/11127 5907/11128 5908/11129
f 5909/11130 5910/11131 5911/11132
f 5906/11133 5912/11134 5913/11135 5907/11136
f 5912/11134 5916/11137 5913/11135
f 5916/11138 5917/11139 5918/11140
f 5919/11141 5920/11142 5921/11143
f 5917/11139 5922/11144 5923/11145 5918/11140
f 5922/11144 5924/11146 5925/11147 5923/11145
f 5926/11148 5927/11149 5928/11150 5929/11151
f 5924/11152 5903/11122 5904/11125 5925/11153
f 5927/11154 5905/11155 5908/11156 5928/11157
f 5885/11158 5884/11159 5927/11149 5926/11148
f 5878/11160 5877/11161 5924/11152 5922/11162
f 5886/11163 5885/11158 5926/11148 5920/11142
f 5879/11164 5878/11165 5922/11144 5917/11139
f 5888/11166 5887/11167 5919/11168
f 5880/11169 5879/11164 5917/11139 5916/11138
f 5889/11170 5888/11171 5919/11172 5915/11173
f 5881/11174 5880/11175 5916/11137 5912/11134
f 5890/11176 5889/11170 5915/11173
f 5882/11177 5881/11174 5912/11134 5906/11133
f 5898/11178 5897/11179 5900/11120 5899/11119
f 5893/11180 5892/11181 5914/11182 5910/11183
f 5883/11184 5882/11185 5906/11127 5905/11126
f 5876/11186 5898/11178 5899/11119 5903/11187
f 5884/11188 5883/11189 5905/11155 5927/11154
f 5877/11161 5876/11190 5903/11122 5924/11152
f 5896/11191 5895/11192 5909/11130 5902/11193
f 5910/11183 5914/11182 5911/11194
f 5909/11130 5894/11195 5893/11196 5910/11131
f 5914/11182 5891/11197 5890/11176 5915/11173
f 5914/11182 5892/11181 5891/11197
f 5930/11198 5931/11199 5932/11200 5933/11201
f 5900/11120 5897/11179 5896/11191 5902/11193
f 5920/11142 5926/11148 5929/11151 5921/11143
f 5919/11168 5887/11167 5886/11202 5920/11203
f 5900/11204 5909/11205 5934/11206 5935/11207
f 5909/11205 5911/11208 5930/11209 5936/11210
f 5914/11211 5915/11212 5937/11213 5931/11214
f 5919/11215 5921/11216 5938/11217 5939/11218
f 5921/11216 5929/11219 5940/11220 5938/11217
f 5929/11219 5928/11221 5941/11222 5940/11220
f 5928/11221 5908/11223 5942/11224 5941/11222
f 5908/11223 5907/11136 5943/11225 5942/11224
f 5907/11136 5913/11135 5944/11226 5943/11225
f 5913/11135 5916/11137 5945/11227 5944/11226
f 5916/11137 5918/11228 5946/11229 5945/11227
f 5918/11228 5923/11230 5947/11231 5946/11229
f 5923/11230 5925/11153 5948/11232 5947/11231
f 5925/11153 5904/11125 5949/11233 5948/11232
f 5904/11125 5901/11124 5950/11234 5949/11233
f 5901/11124 5900/11204 5935/11207 5950/11234
f 5915/11212 5919/11215 5939/11218 5937/11213
f 5909/11205 5936/11210 5934/11206
f 5911/11208 5914/11211 5931/11214 5930/11209
f 5902/11193 5909/11130 5900/11120
f 5942/11224 5943/11225 5951/11235 5952/11236
f 5947/11237 5948/11238 5953/11239 5954/11240
f 5950/11234 5935/11207 5955/11241 5956/11242
f 5940/11220 5941/11222 5957/11243 5958/11244
f 5945/11245 5946/11246 5959/11247 5960/11248
f 5936/11210 5930/11209 5933/11249 5961/11250
f 5937/11213 5939/11218 5962/11251 5963/11252
f 5939/11218 5938/11217 5964/11253 5962/11251
f 5943/11225 5944/11226 5965/11254 5951/11235
f 5948/11238 5949/11255 5966/11256 5953/11239
f 5941/11222 5942/11224 5952/11236 5957/11243
f 5946/11257 5947/11258 5954/11259 5959/11260
f 5934/11206 5936/11210 5961/11250 5967/11261
f 5935/11262 5934/11263 5967/11264 5955/11265
f 5938/11217 5940/11220 5958/11244 5964/11253
f 5944/11266 5945/11245 5960/11248 5965/11267
f 5949/11233 5950/11234 5956/11242 5966/11268
f 5931/11214 5937/11213 5963/11252 5932/11269
f 5895/11192 5894/11195 5909/11130
f 5966/11268 5956/11242 5955/11241 5967/11261 5961/11250 5933/11249 5932/11269 5963/11252 5962/11251 5964/11253 5958/11244 5957/11243 5952/11236 5951/11235 5965/11254 5960/11270 5959/11271 5954/11272 5953/11273
f 5968/11274 5969/11275 5970/11276 5971/11277
f 5975/11278 5976/11279 5977/11280 5978/11281
f 5975/11282 5974/11283 5979/11284 5968/11285 5971/11286 5980/11287 5976/11288
f 5976/11279 5981/11289 5982/11290 5977/11280
f 5981/11291 5976/11292 5980/11293 5983/11294
f 5979/11295 5984/11296 5969/11297 5968/11298
f 5984/11299 5982/11300 5985/11301 5970/11302 5969/11303
f 5986/11304 5973/11305 5987/11306 5988/11307
f 5972/11308 5978/11281 5977/11280 5989/11309
f 5973/11310 5972/11311 5989/11312 5987/11313
f 5984/11296 5979/11295 5988/11307 5987/11306
f 5979/11295 5974/11314 5986/11304 5988/11307
f 5982/11315 5984/11316 5987/11317 5989/11318
f 5977/11280 5982/11290 5989/11309
f 5990/11319 5991/11320 5992/11321 5993/11322
f 5980/11287 5971/11286 5990/11323 5993/11324
f 5983/11294 5980/11293 5993/11325 5992/11326
f 5971/11286 5970/11327 5991/11328 5990/11323
f 5970/11302 5983/11294 5992/11326 5991/11329
f 5982/11300 5981/11291 5983/11294 5985/11301
f 5985/11301 5983/11294 5970/11302
f 5994/11330 5995/11331 5996/11332 5997/11333
f 6001/11334 6002/11335 6003/11336 6004/11337
f 6001/11338 6000/11339 6005/11340 5994/11341 5997/11342 6006/11343 6002/11344
f 6002/11335 6007/11345 6008/11346 6003/11336
f 6007/11345 6002/11335 6006/11347 6009/11348
f 6005/11349 6010/11350 5995/11331 5994/11330
f 6010/11351 6008/11352 6011/11353 5996/11354 5995/11355
f 6012/11356 5999/11357 6013/11358 6014/11359
f 5998/11360 6004/11337 6003/11336 6015/11361
f 5999/11362 5998/11363 6015/11364 6013/11365
f 6010/11350 6005/11349 6014/11359 6013/11358
f 6005/11349 6000/11366 6012/11356 6014/11359
f 6008/11367 6010/11368 6013/11369 6015/11370
f 6003/11371 6008/11367 6015/11370
f 6016/11372 6017/11373 6018/11374 6019/11375
f 6006/11343 5997/11342 6016/11376 6019/11377
f 6009/11348 6006/11347 6019/11378 6018/11379
f 5997/11333 5996/11332 6017/11380 6016/11381
f 5996/11382 6009/11348 6018/11379 6017/11383
f 6008/11346 6007/11345 6009/11348 6011/11384
f 6011/11385 6009/11386 5996/11387
f 6026/11388 6027/11389 6028/11390
f 6022/11391 6029/11392 6030/11393 6023/11394
f 6031/11395 6032/11396 6033/11397
f 6029/11398 6022/11399 6021/11400 6034/11401
f 6035/11402 6036/11403 6037/11404 6038/11405 6039/11406
f 6023/11394 6030/11393 6045/11407
f 6038/11408 6041/11409 6040/11410 6039/11411
f 6046/11412 6020/11413 6024/11414 6033/11415 6032/11416
f 6043/11417 6047/11418 6028/11419 6027/11420 6044/11421
f 6045/11407 6047/11418 6043/11417 6023/11394
f 6036/11403 6030/11422 6029/11423 6034/11424 6048/11425
f 6028/11390 6047/11426 6045/11427 6030/11422 6036/11403 6035/11402 6026/11388
f 6040/11428 6044/11429 6027/11430 6026/11431 6035/11432 6039/11433
f 6049/11434 6042/11435 6041/11409 6038/11408 6037/11436
f 6049/11437 6037/11404 6050/11438
f 6024/11439 6025/11440 6042/11435 6049/11434 6050/11441 6031/11442 6033/11443
f 6034/11401 6021/11400 6020/11413 6046/11412 6048/11444
f 6037/11404 6036/11403 6048/11425 6046/11445 6032/11396 6031/11395 6050/11438
f 6052/11446 6051/11447 6058/11448 6059/11449 6060/11450
f 6057/11451 6056/11452 6061/11453 6062/11454
f 6054/11455 6053/11456 6063/11457 6064/11458 6065/11459 6066/11460 6067/11461 6068/11462 6069/11463
f 6058/11464 6070/11465 6059/11466
f 6051/11467 6057/11468 6062/11469 6070/11465 6058/11464
f 6065/11470 6071/11471 6066/11472
f 6059/11473 6070/11474 6062/11475 6061/11476 6071/11471 6065/11470 6064/11477 6072/11478 6060/11479
f 6072/11480 6064/11458 6063/11457
f 6072/11481 6052/11482 6060/11483
f 6061/11484 6055/11485 6054/11486 6069/11487 6073/11488 6067/11489 6066/11490 6071/11491
f 6055/11492 6061/11493 6056/11494
f 6052/11495 6072/11496 6063/11497 6053/11498
f 6074/11499 6081/11500 6082/11501 6083/11502 6075/11503
f 6075/11503 6083/11502 6084/11504 6076/11505
f 6078/11506 6085/11507 6086/11508 6079/11509
f 6077/11510 6087/11511 6085/11507 6078/11506
f 6076/11505 6084/11504 6087/11512 6077/11513
f 6083/11514 6082/11515 6088/11516 6086/11517 6085/11518 6087/11519 6089/11520
f 6080/11521 6090/11522 6081/11523 6074/11524
f 6088/11516 6082/11515 6081/11525 6090/11526
f 6079/11527 6086/11528 6088/11529 6090/11530 6080/11531
f 6084/11504 6083/11502 6089/11532
f 6087/11512 6084/11504 6089/11532
f 6091/11533 6098/11534 6099/11535 6100/11536
f 6101/11537 6102/11538 6103/11539 6104/11540 6105/11541 6106/11542 6107/11543 6108/11544
f 6109/11545 6110/11546 6098/11534 6097/11547 6111/11548
f 6112/11549 6107/11550 6106/11551
f 6095/11552 6094/11553 6105/11554 6104/11555 6113/11556
f 6093/7755 6092/11557 6114/11558 6115/11559 6116/11560
f 6096/11561 6095/11562 6113/11563 6103/11564
f 6092/11565 6091/11533 6100/11536 6101/11566 6108/11567
f 6097/11568 6096/11561 6103/11564 6102/11569 6111/11570
f 6099/11535 6098/11534 6110/11546 6117/11571
f 6105/11554 6094/11553 6118/11572 6112/11549 6106/11551
f 6103/11573 6113/11556 6104/11555
f 6109/11545 6117/11571 6110/11546
f 6100/11574 6099/11575 6117/11576 6109/11577 6111/11578 6102/11538 6101/11537
f 6069/11579 6068/11580 6119/11581
f 6119/11582 6068/11583 6067/11584
f 6067/11584 6073/11585 6119/11582
f 6119/11581 6073/11586 6069/11579
f 6115/11559 6114/11558 6092/11557 6108/11587 6107/11588 6112/11589
f 6115/11590 6118/11591 6116/11592
f 6116/11593 6118/11572 6094/11553 6093/11594
f 6112/11549 6118/11572 6115/11595
f 6120/11596 6121/11597 6122/11598 6123/11599
f 6124/11600 6125/11601 6126/11602
f 6132/11603 6131/11604 6145/11605
f 6141/11606 6140/11607 6146/11608 6147/11609
f 6130/11610 6129/11611 6148/11612
f 6140/11607 6139/11613 6146/11608
f 6128/11614 6127/11615 6149/11616 6150/11617 6151/11618
f 6139/11619 6138/11620 6152/11621 6146/11622
f 6127/11615 6120/11596 6123/11599 6153/11623 6149/11616
f 6138/11624 6137/11625 6154/11626 6152/11627
f 6123/11628 6155/11629 6156/11630 6153/11631
f 6137/11625 6136/11632 6157/11633 6154/11626
f 6144/11634 6143/11635 6155/11636
f 6135/11637 6134/11638 6158/11639 6159/11640
f 6142/11641 6124/11642 6126/11643 6156/11644
f 6133/11645 6132/11603 6145/11605 6160/11646 6158/11647
f 6126/11648 6125/11649 6141/11650 6147/11651
f 6156/11644 6143/11635 6142/11641
f 6155/11636 6143/11635 6156/11644
f 6155/11629 6123/11628 6122/11652
f 6121/11653 6144/11654 6155/11655 6122/11656
f 6153/11631 6156/11630 6148/11657 6151/11658 6150/11659
f 6158/11647 6160/11646 6161/11660 6162/11661
f 6148/11657 6126/11662 6147/11663 6163/11664
f 6148/11657 6156/11630 6126/11662
f 6148/11612 6129/11611 6128/11614 6151/11618
f 6150/11665 6149/11666 6153/11667
f 6161/11668 6164/11669 6165/11670 6162/11671
f 6154/11626 6157/11633 6159/11640 6166/11672 6167/11673
f 6146/11674 6152/11675 6165/11670
f 6147/11663 6146/11674 6165/11670 6164/11669
f 6160/11676 6163/11664 6164/11669 6161/11668
f 6159/11640 6158/11639 6162/11677 6166/11672
f 6152/11627 6154/11626 6167/11673 6165/11678
f 6157/11633 6136/11632 6135/11637 6159/11640
f 6145/11605 6131/11604 6130/11610 6148/11612 6160/11646
f 6158/11647 6134/11679 6133/11645
f 6164/11669 6163/11664 6147/11663
f 6163/11664 6160/11676 6148/11657
f 6162/11671 6165/11670 6167/11680 6166/11681
f 6172/11682 6184/11683 6185/11684 6186/11685 6181/11686
f 6187/11687 6188/11688 6189/11689 6190/11690 6191/11691 6192/11692 6193/11693
f 6174/11694 6194/11695 6195/11696 6168/11697
f 6173/11698 6196/11699 6194/11695 6174/11694
f 6169/11700 6192/11701 6191/11702 6197/11703 6170/11704
f 6168/11697 6195/11696 6193/11705 6192/11706 6169/11707
f 6193/11693 6195/11708 6194/11709 6196/11710 6198/11711 6199/11712 6200/11713 6201/11714 6202/11715 6203/11716 6204/11717 6187/11687
f 6175/11718 6179/11719 6205/11720 6206/11721 6198/11722 6196/11723 6173/11724
f 6207/11725 6208/11726 6209/11727 6210/11728 6211/11729 6212/11730 6213/11731 6185/11732 6214/11733 6215/11734 6216/11735 6217/11736 6218/11737
f 6180/11738 6219/11739 6207/11740 6218/11741 6176/11742
f 6217/11743 6178/11744 6177/11745
f 6177/11746 6176/11742 6218/11741 6217/11747
f 6185/11732 6213/11731 6220/11748 6221/11749 6186/11750
f 6181/11751 6186/11752 6221/11753 6182/11754
f 6203/11755 6222/11756 6179/11757 6178/11758 6217/11759 6204/11760
f 6223/11761 6224/11762 6199/11712 6198/11711
f 6224/11762 6225/11763 6200/11713 6199/11712
f 6225/11764 6226/11765 6201/11766 6200/11767
f 6226/11765 6227/11768 6202/11769 6201/11766
f 6227/11768 6228/11770 6203/11771 6202/11769
f 6229/11772 6230/11773 6206/11721 6205/11720
f 6230/11773 6223/11774 6198/11722 6206/11721
f 6228/11770 6231/11775 6222/11776 6203/11771
f 6231/11775 6232/11777 6179/11778 6222/11776
f 6232/11779 6229/11780 6205/11781 6179/11782
f 6233/11783 6234/11784 6208/11785 6207/11786 6219/11787
f 6183/11788 6233/11783 6219/11787 6180/11789
f 6235/11790 6236/11791 6183/11792 6182/11793
f 6237/11794 6238/11795 6234/11784 6233/11783
f 6238/11795 6239/11796 6208/11785 6234/11784
f 6240/11797 6241/11798 6220/11799 6213/11800
f 6241/11798 6242/11801 6221/11802 6220/11799
f 6236/11803 6237/11794 6233/11783 6183/11788
f 6242/11801 6235/11804 6182/11805 6221/11802
f 6239/11806 6243/11807 6209/11727 6208/11726
f 6243/11807 6244/11808 6210/11728 6209/11727
f 6244/11809 6245/11810 6211/11811 6210/11812
f 6245/11813 6246/11814 6212/11815 6211/11816
f 6217/11736 6216/11735 6188/11688 6187/11687 6204/11717
f 6247/11817 6248/11818 6214/11819 6185/11684 6184/11683
f 6171/11820 6247/11817 6184/11683 6172/11682
f 6246/11814 6240/11797 6213/11800 6212/11815
f 6249/11821 6250/11822 6246/11823 6240/11824
f 6251/11825 6252/11826 6171/11820 6170/11827
f 6253/11828 6254/11829 6189/11830 6188/11831
f 6254/11829 6255/11832 6190/11833 6189/11830
f 6255/11832 6256/11834 6191/11835 6190/11833
f 6257/11836 6253/11828 6188/11831 6216/11837
f 6256/11834 6258/11838 6197/11839 6191/11835
f 6258/11838 6251/11840 6170/11841 6197/11839
f 6259/11842 6260/11843 6248/11818 6247/11817
f 6260/11844 6261/11845 6214/11846 6248/11847
f 6261/11845 6262/11848 6215/11849 6214/11846
f 6262/11850 6257/11851 6216/11735 6215/11734
f 6252/11826 6259/11842 6247/11817 6171/11820
f 6228/11852 6227/11853 6226/11854 6225/11763 6224/11762 6223/11761
f 6223/11774 6230/11773 6229/11772 6232/11855 6231/11856 6228/11857
f 6242/11858 6241/11859 6240/11860 6239/11796 6238/11795 6237/11794
f 6235/11861 6242/11858 6237/11794 6236/11803
f 6240/11862 6246/11863 6245/11864 6244/11808 6243/11807 6239/11806
f 6256/11865 6255/11866 6254/11867 6253/11868 6261/11869 6260/11870 6259/11871
f 6251/11825 6258/11872 6256/11873 6259/11842 6252/11826
f 6257/11851 6262/11850 6261/11869 6253/11868
f 6267/11874 6279/11875 6280/11876 6281/11877 6276/11878
f 6282/11879 6283/11880 6284/11881 6285/11882 6286/11883 6287/11884 6288/11885
f 6269/11886 6289/11887 6290/11888 6263/11889
f 6268/11890 6291/11891 6289/11892 6269/11893
f 6264/11894 6287/11895 6286/11896 6292/11897 6265/11898
f 6263/11889 6290/11888 6288/11899 6287/11900 6264/11901
f 6288/11885 6290/11902 6289/11903 6291/11904 6293/11905 6294/11906 6295/11907 6296/11908 6297/11909 6298/11910 6299/11911 6282/11879
f 6270/11912 6274/11913 6300/11914 6301/11915 6293/11916 6291/11891 6268/11890
f 6302/11917 6303/11918 6304/11919 6305/11920 6306/11921 6307/11922 6308/11923 6280/11924 6309/11925 6310/11926 6311/11927 6312/11928 6313/11929
f 6275/11930 6314/11931 6302/11932 6313/11933 6271/11934
f 6312/11935 6273/11936 6272/11937
f 6272/11937 6271/11938 6313/11939 6312/11935
f 6280/11924 6308/11923 6315/11940 6316/11941 6281/11942
f 6276/11943 6281/11944 6316/11945 6277/11946
f 6298/11947 6317/11948 6274/11949 6273/11936 6312/11935 6299/11950
f 6318/11951 6319/11952 6294/11906 6293/11905
f 6319/11952 6320/11953 6295/11907 6294/11906
f 6320/11954 6321/11955 6296/11956 6295/11957
f 6321/11955 6322/11958 6297/11959 6296/11956
f 6322/11960 6323/11961 6298/11962 6297/11963
f 6324/11964 6325/11965 6301/11966 6300/11967
f 6325/11965 6318/11968 6293/11969 6301/11966
f 6323/11970 6326/11971 6317/11948 6298/11947
f 6326/11971 6327/11972 6274/11949 6317/11948
f 6327/11973 6324/11974 6300/11975 6274/11976
f 6328/11977 6329/11978 6303/11979 6302/11932 6314/11931
f 6278/11980 6328/11977 6314/11931 6275/11930
f 6330/11981 6331/11982 6278/11983 6277/11984
f 6332/11985 6333/11986 6329/11987 6328/11988
f 6333/11986 6334/11989 6303/11990 6329/11987
f 6335/11991 6336/11992 6315/11993 6308/11994
f 6336/11992 6337/11995 6316/11945 6315/11993
f 6331/11996 6332/11985 6328/11988 6278/11997
f 6337/11995 6330/11998 6277/11946 6316/11945
f 6334/11999 6338/12000 6304/11919 6303/11918
f 6338/12000 6339/12001 6305/11920 6304/11919
f 6339/12002 6340/12003 6306/12004 6305/12005
f 6340/12003 6341/12006 6307/12007 6306/12004
f 6312/11928 6311/11927 6283/11880 6282/11879 6299/11911
f 6342/12008 6343/12009 6309/12010 6280/11876 6279/11875
f 6266/12011 6342/12008 6279/11875 6267/11874
f 6341/12006 6335/11991 6308/11994 6307/12007
f 6344/12012 6345/12013 6341/12014 6335/12015
f 6346/12016 6347/12017 6266/12018 6265/11898
f 6348/12019 6349/12020 6284/12021 6283/12022
f 6349/12020 6350/12023 6285/12024 6284/12021
f 6350/12023 6351/12025 6286/11896 6285/12024
f 6352/12026 6348/12019 6283/12022 6311/12027
f 6351/12025 6353/12028 6292/11897 6286/11896
f 6353/12028 6346/12016 6265/11898 6292/11897
f 6354/12029 6355/12030 6343/12031 6342/12032
f 6355/12033 6356/12034 6309/11925 6343/12035
f 6356/12034 6357/12036 6310/11926 6309/11925
f 6357/12036 6352/12037 6311/11927 6310/11926
f 6347/12038 6354/12029 6342/12032 6266/12039
f 6323/12040 6322/12041 6321/12042 6320/11953 6319/11952 6318/11951
f 6318/12043 6325/12044 6324/12045 6327/11972 6326/11971 6323/11970
f 6337/12046 6336/12047 6335/12048 6334/11999 6333/12049 6332/12050
f 6330/11998 6337/11995 6332/12051 6331/12052
f 6335/12048 6341/12053 6340/12054 6339/12001 6338/12000 6334/11999
f 6351/12025 6350/12023 6349/12020 6348/12019 6356/12055 6355/12056 6354/12057
f 6346/12016 6353/12028 6351/12025 6354/12057 6347/12017
f 6352/12037 6357/12036 6356/12034 6348/12058
f 6359/12059 6358/12060 6365/12061 6366/12062 6367/12063
f 6364/12064 6363/12065 6368/12066 6369/12067
f 6361/12068 6360/12069 6370/12070 6371/12071 6372/12072 6373/12073
f 6365/12061 6374/12074 6366/12062
f 6358/12075 6364/12076 6369/12077 6374/12078 6365/12079
f 6372/12080 6375/12081 6373/12082
f 6366/12083 6374/12084 6369/12085 6368/12086 6375/12087 6372/12088 6371/12089 6376/12090 6367/12091
f 6376/12092 6371/12071 6370/12070
f 6376/12092 6359/12093 6367/12094
f 6368/12095 6362/12096 6361/12097 6373/12082 6375/12081
f 6362/12098 6368/12099 6363/12100
f 6359/12093 6376/12092 6370/12070 6360/12069
f 6377/12101 6378/12102 6379/12103 6380/12104
f 6381/12105 6382/12106 6383/12107
f 6378/12108 6389/12109 6379/12110
f 6390/12111 6385/12112 6384/12113 6391/12114
f 6392/12115 6393/12116 6394/12117 6383/12118
f 6395/12119 6396/12120 6392/12115 6383/12118 6382/12121 6379/12110 6389/12109 6397/12122
f 6398/12123 6396/12120 6395/12119
f 6383/12107 6394/12124 6386/12125 6381/12105
f 6388/12126 6399/12127 6391/12128 6384/12129
f 6385/12112 6390/12111 6397/12130 6389/12131 6378/12132 6377/12133
f 6397/12122 6390/12134 6391/12135 6399/12136 6398/12123 6395/12119
f 6380/12137 6379/12138 6382/12139 6381/12140
f 6393/12141 6387/12142 6386/12143 6394/12144
f 6387/12142 6393/12141 6392/12145 6396/12146 6398/12147 6399/12148 6388/12149
f 6406/12150 6407/12151 6408/12152
f 6402/12153 6409/12154 6410/12155 6403/12156
f 6411/12157 6412/12158 6413/12159
f 6409/12160 6402/12161 6401/12162 6414/12163
f 6415/12164 6416/12165 6417/12166 6418/12167 6419/12168
f 6403/12156 6410/12155 6425/12169
f 6418/12170 6421/12171 6420/12172 6419/12173
f 6426/12174 6400/12175 6404/12176 6413/12177 6412/12178
f 6423/12179 6427/12180 6408/12181 6407/12182 6424/12183
f 6425/12169 6427/12180 6423/12179 6403/12156
f 6416/12165 6410/12184 6409/12185 6414/12186 6428/12187
f 6408/12152 6427/12188 6425/12189 6410/12184 6416/12165 6415/12164 6406/12150
f 6420/12190 6424/12191 6407/12192 6406/12193 6415/12194 6419/12195
f 6429/12196 6422/12197 6421/12198 6418/12199 6417/12200
f 6429/12201 6417/12166 6430/12202
f 6404/12203 6405/12204 6422/12205 6429/12206 6430/12207 6411/12208 6413/12209
f 6414/12163 6401/12162 6400/12175 6426/12174 6428/12210
f 6417/12166 6416/12165 6428/12187 6426/12211 6412/12158 6411/12157 6430/12202
f 6431/12212 6432/12213 6433/12214 6434/12215 6435/12216
f 6436/12217 6431/12212 6435/12216 6437/12218
f 6438/12219 6439/12220 6440/12221
f 6433/12222 6441/12223 6442/12224 6434/12225
f 6443/12226 6444/12227 6445/12228
f 6441/12229 6433/12230 6432/12231 6446/12232
f 6447/12233 6448/12234 6449/12235 6450/12236 6451/12237
f 6437/12218 6435/12216 6452/12238 6453/12239 6454/12240
f 6435/12216 6434/12215 6455/12241 6456/12242 6452/12238
f 6434/12225 6442/12224 6457/12243
f 6450/12244 6453/12245 6452/12246 6451/12247
f 6458/12248 6431/12249 6436/12250 6445/12251 6444/12252
f 6455/12253 6459/12254 6440/12255 6439/12256 6456/12257
f 6457/12243 6459/12254 6455/12253 6434/12225
f 6448/12234 6442/12258 6441/12259 6446/12260 6460/12261
f 6440/12221 6459/12262 6457/12263 6442/12258 6448/12234 6447/12233 6438/12219
f 6452/12264 6456/12265 6439/12266 6438/12267 6447/12268 6451/12269
f 6461/12270 6454/12271 6453/12272 6450/12273 6449/12274
f 6461/12275 6449/12235 6462/12276
f 6436/12277 6437/12278 6454/12279 6461/12280 6462/12281 6443/12282 6445/12283
f 6446/12232 6432/12231 6431/12249 6458/12248 6460/12284
f 6449/12235 6448/12234 6460/12261 6458/12285 6444/12227 6443/12226 6462/12276
f 6486/12286 6487/12287 6488/12288
f 6490/12289 6486/12290 6488/12291 6491/12292
f 6492/12293 6493/12294 6494/12295 6495/12296
f 6496/12297 6497/12298 6498/12299
f 6493/12300 6499/12301 6500/12302 6494/12303
f 6499/12304 6503/12305 6500/12306
f 6503/12305 6504/12307 6505/12308
f 6506/12309 6507/12310 6508/12311
f 6504/12307 6509/12312 6510/12313 6505/12308
f 6509/12312 6511/12314 6512/12315 6510/12313
f 6513/12316 6514/12317 6515/12318 6516/12319
f 6511/12320 6490/12289 6491/12292 6512/12321
f 6514/12317 6492/12293 6495/12296 6515/12318
f 6472/12322 6471/12323 6514/12317 6513/12316
f 6465/12324 6464/12325 6511/12314 6509/12312
f 6473/12326 6472/12327 6513/12328 6507/12310
f 6466/12329 6465/12324 6509/12312 6504/12307
f 6475/12330 6474/12331 6506/12309
f 6467/12332 6466/12329 6504/12307 6503/12305
f 6476/12333 6475/12330 6506/12309 6502/12334
f 6468/12335 6467/12332 6503/12305 6499/12304
f 6477/12336 6476/12337 6502/12338
f 6469/12339 6468/12340 6499/12301 6493/12300
f 6485/12341 6484/12342 6487/12287 6486/12286
f 6480/12343 6479/12344 6501/12345 6497/12298
f 6470/12346 6469/12347 6493/12294 6492/12293
f 6463/12348 6485/12349 6486/12350 6490/12351
f 6471/12323 6470/12346 6492/12293 6514/12317
f 6464/12352 6463/12353 6490/12289 6511/12320
f 6483/12354 6482/12355 6496/12297 6489/12356
f 6497/12298 6501/12345 6498/12299
f 6496/12297 6481/12357 6480/12343 6497/12298
f 6501/12345 6478/12358 6477/12359 6502/12360
f 6501/12345 6479/12344 6478/12358
f 6517/12361 6518/12362 6519/12363 6520/12364
f 6487/12287 6484/12342 6483/12354 6489/12356
f 6507/12310 6513/12328 6516/12365 6508/12311
f 6506/12309 6474/12331 6473/12326 6507/12310
f 6487/12366 6496/12367 6521/12368 6522/12369
f 6496/12367 6498/12370 6517/12371 6523/12372
f 6501/12373 6502/12374 6524/12375 6518/12376
f 6506/12377 6508/12378 6525/12379 6526/12380
f 6508/12378 6516/12381 6527/12382 6525/12379
f 6516/12381 6515/12383 6528/12384 6527/12382
f 6515/12383 6495/12385 6529/12386 6528/12384
f 6495/12385 6494/12303 6530/12387 6529/12386
f 6494/12303 6500/12302 6531/12388 6530/12387
f 6500/12302 6503/12389 6532/12390 6531/12388
f 6503/12389 6505/12391 6533/12392 6532/12390
f 6505/12391 6510/12393 6534/12394 6533/12392
f 6510/12393 6512/12321 6535/12395 6534/12394
f 6512/12321 6491/12292 6536/12396 6535/12395
f 6491/12292 6488/12291 6537/12397 6536/12396
f 6488/12291 6487/12366 6522/12369 6537/12397
f 6502/12374 6506/12377 6526/12380 6524/12375
f 6496/12367 6523/12372 6521/12368
f 6498/12370 6501/12373 6518/12376 6517/12371
f 6489/12398 6496/12399 6487/12400
f 6529/12386 6530/12387 6538/12401 6539/12402
f 6534/12394 6535/12395 6540/12403 6541/12404
f 6537/12397 6522/12369 6542/12405 6543/12406
f 6527/12382 6528/12384 6544/12407 6545/12408
f 6532/12409 6533/12410 6546/12411 6547/12412
f 6523/12372 6517/12371 6520/12413 6548/12414
f 6524/12415 6526/12416 6549/12417 6550/12418
f 6526/12419 6525/12420 6551/12421 6549/12422
f 6530/12387 6531/12388 6552/12423 6538/12401
f 6535/12395 6536/12396 6553/12424 6540/12403
f 6528/12384 6529/12386 6539/12402 6544/12407
f 6533/12425 6534/12426 6541/12427 6546/12428
f 6521/12368 6523/12372 6548/12414 6554/12429
f 6522/12430 6521/12431 6554/12432 6542/12433
f 6525/12379 6527/12382 6545/12408 6551/12434
f 6531/12388 6532/12390 6547/12435 6552/12423
f 6536/12436 6537/12437 6543/12438 6553/12439
f 6518/12362 6524/12415 6550/12418 6519/12363
f 6482/12355 6481/12357 6496/12297
f 6553/12424 6543/12406 6542/12405 6554/12429 6548/12414 6520/12413 6519/12440 6550/12441 6549/12442 6551/12434 6545/12408 6544/12407 6539/12402 6538/12401 6552/12423 6547/12435 6546/12443 6541/12404 6540/12403
f 6555/12444 6556/12445 6557/12446 6558/12447
f 6562/12448 6563/12449 6564/12450 6565/12451
f 6562/12452 6561/12453 6566/12454 6555/12455 6558/12456 6567/12457 6563/12458
f 6563/12449 6568/12459 6569/12460 6564/12450
f 6568/12459 6563/12449 6567/12461 6570/12462
f 6566/12463 6571/12464 6556/12465 6555/12466
f 6571/12467 6569/12468 6572/12469 6557/12470 6556/12471
f 6573/12472 6560/12473 6574/12474 6575/12475
f 6559/12476 6565/12451 6564/12450 6576/12477
f 6560/12478 6559/12479 6576/12480 6574/12481
f 6571/12464 6566/12463 6575/12475 6574/12474
f 6566/12463 6561/12482 6573/12472 6575/12475
f 6569/12483 6571/12484 6574/12485 6576/12486
f 6564/12450 6569/12460 6576/12477
f 6577/12487 6578/12488 6579/12489 6580/12490
f 6567/12457 6558/12456 6577/12491 6580/12492
f 6570/12493 6567/12494 6580/12495 6579/12496
f 6558/12497 6557/12498 6578/12499 6577/12500
f 6557/12470 6570/12493 6579/12496 6578/12501
f 6569/12460 6568/12459 6570/12462 6572/12502
f 6572/12469 6570/12493 6557/12470
f 6581/12503 6582/12504 6583/12505 6584/12506
f 6588/12507 6589/12508 6590/12509 6591/12510
f 6588/12511 6587/12512 6592/12513 6581/12514 6584/12515 6593/12516 6589/12517
f 6589/12508 6594/12518 6595/12519 6590/12509
f 6594/12518 6589/12508 6593/12520 6596/12521
f 6592/12522 6597/12523 6582/12524 6581/12525
f 6597/12523 6595/12526 6598/12527 6583/12528 6582/12524
f 6599/12529 6586/12530 6600/12531 6601/12532
f 6585/12533 6591/12510 6590/12509 6602/12534
f 6586/12530 6585/12535 6602/12536 6600/12531
f 6597/12523 6592/12522 6601/12532 6600/12531
f 6592/12522 6587/12537 6599/12529 6601/12532
f 6595/12538 6597/12539 6600/12540 6602/12541
f 6590/12509 6595/12519 6602/12534
f 6603/12542 6604/12543 6605/12544 6606/12545
f 6593/12546 6584/12547 6603/12548 6606/12549
f 6596/12521 6593/12520 6606/12550 6605/12551
f 6584/12552 6583/12553 6604/12554 6603/12555
f 6583/12556 6596/12521 6605/12551 6604/12557
f 6595/12519 6594/12518 6596/12521 6598/12558
f 6598/12558 6596/12521 6583/12556
f 6613/12559 6614/12560 6615/12561
f 6609/12562 6616/12563 6617/12564 6610/12565
f 6618/12566 6619/12567 6620/12568
f 6616/12569 6609/12570 6608/12571 6621/12572
f 6622/12573 6623/12574 6624/12575 6625/12576 6626/12577
f 6610/12565 6617/12564 6632/12578
f 6625/12579 6628/12580 6627/12581 6626/12582
f 6633/12583 6607/12584 6611/12585 6620/12586 6619/12587
f 6630/12588 6634/12589 6615/12590 6614/12591 6631/12592
f 6632/12578 6634/12589 6630/12588 6610/12565
f 6623/12574 6617/12593 6616/12594 6621/12595 6635/12596
f 6615/12561 6634/12597 6632/12598 6617/12593 6623/12574 6622/12573 6613/12559
f 6627/12581 6631/12599 6614/12600 6613/12601 6622/12602 6626/12582
f 6636/12603 6629/12604 6628/12580 6625/12579 6624/12605
f 6636/12606 6624/12575 6637/12607
f 6611/12585 6612/12608 6629/12609 6636/12610 6637/12611 6618/12612 6620/12586
f 6621/12572 6608/12571 6607/12613 6633/12614 6635/12615
f 6624/12575 6623/12574 6635/12596 6633/12616 6619/12567 6618/12566 6637/12607
f 6639/12617 6638/12618 6645/12619 6646/12620 6647/12621
f 6644/12622 6643/12623 6648/12624 6649/12625
f 6641/12626 6640/12627 6650/12628 6651/12629 6652/12630 6653/12631 6654/12632 6655/12633 6656/12634
f 6645/12619 6657/12635 6646/12620
f 6638/12618 6644/12636 6649/12637 6657/12635 6645/12619
f 6652/12638 6658/12639 6653/12640
f 6646/12641 6657/12642 6649/12643 6648/12644 6658/12639 6652/12638 6651/12645 6659/12646 6647/12647
f 6659/12648 6651/12649 6650/12650
f 6659/12648 6639/12651 6647/12652
f 6648/12624 6642/12653 6641/12654 6656/12655 6660/12656 6654/12657 6653/12658 6658/12659
f 6642/12653 6648/12624 6643/12623
f 6639/12651 6659/12648 6650/12650 6640/12660
f 6661/12661 6668/12662 6669/12663 6670/12664 6662/12665
f 6662/12666 6670/12667 6671/12668 6663/12669
f 6665/12670 6672/12671 6673/12672 6666/12673
f 6664/12674 6674/12675 6672/12676 6665/12677
f 6663/12669 6671/12668 6674/12675 6664/12674
f 6670/12678 6669/12679 6675/12680 6673/12681 6672/12682 6674/12683 6676/12684
f 6667/12685 6677/12686 6668/12662 6661/12661
f 6675/12680 6669/12679 6668/12687 6677/12688
f 6666/12689 6673/12690 6675/12691 6677/12692 6667/12693
f 6671/12668 6670/12667 6676/12694
f 6674/12695 6671/12696 6676/12697
f 6678/12698 6685/12699 6686/12700 6687/12701
f 6688/12702 6689/12703 6690/12704 6691/12705 6692/12706 6693/12707 6694/12708 6695/12709
f 6696/12710 6697/12711 6685/12712 6684/12713 6698/12714
f 6699/12715 6694/12716 6693/12717
f 6682/12718 6681/12719 6692/12720 6691/12721 6700/12722
f 6680/12723 6679/12724 6701/12725 6702/12726 6703/12727
f 6683/12728 6682/12718 6700/12722 6690/12729
f 6679/12730 6678/12698 6687/12701 6688/12731 6695/12732
f 6684/12713 6683/12733 6690/12734 6689/12735 6698/12714
f 6686/12700 6685/12699 6697/12736 6704/12737
f 6692/12720 6681/12719 6705/12738 6699/12739 6693/12740
f 6690/12729 6700/12722 6691/12721
f 6696/12741 6704/12737 6697/12736
f 6687/12742 6686/12743 6704/12744 6696/12745 6698/12746 6689/12703 6688/12702
f 6656/12747 6655/12748 6706/12749
f 6706/12750 6655/12633 6654/12632
f 6654/12632 6660/12751 6706/12750
f 6706/12749 6660/12752 6656/12747
f 6702/12726 6701/12725 6679/12724 6695/12753 6694/12716 6699/12715
f 6702/12754 6705/12755 6703/12756
f 6703/12757 6705/12738 6681/12719 6680/12758
f 6699/12715 6705/12759 6702/12726
f 6707/12760 6708/12761 6709/12762 6710/12763
f 6711/12764 6712/12765 6713/12766
f 6719/12767 6718/12768 6732/12769
f 6728/12770 6727/12771 6733/12772 6734/12773
f 6717/12774 6716/12775 6735/12776
f 6727/12771 6726/12777 6733/12772
f 6715/12778 6714/12779 6736/12780 6737/12781 6738/12782
f 6726/12777 6725/12783 6739/12784 6733/12772
f 6714/12779 6707/12760 6710/12763 6740/12785 6736/12780
f 6725/12786 6724/12787 6741/12788 6739/12789
f 6710/12790 6742/12791 6743/12792 6740/12793
f 6724/12787 6723/12794 6744/12795 6741/12788
f 6731/12796 6730/12797 6742/12798
f 6722/12799 6721/12800 6745/12801 6746/12802
f 6729/12803 6711/12804 6713/12805 6743/12806
f 6720/12807 6719/12808 6732/12809 6747/12810 6745/12801
f 6713/12811 6712/12812 6728/12770 6734/12773
f 6743/12806 6730/12797 6729/12803
f 6742/12798 6730/12797 6743/12806
f 6742/12791 6710/12790 6709/12813
f 6708/12814 6731/12796 6742/12798 6709/12815
f 6740/12793 6743/12792 6735/12816 6738/12817 6737/12818
f 6745/12801 6747/12810 6748/12819 6749/12820
f 6735/12816 6713/12821 6734/12822 6750/12823
f 6735/12816 6743/12792 6713/12821
f 6735/12776 6716/12775 6715/12778 6738/12782
f 6737/12781 6736/12780 6740/12785
f 6748/12824 6751/12825 6752/12826 6749/12827
f 6741/12788 6744/12795 6746/12828 6753/12829 6754/12830
f 6733/12831 6739/12832 6752/12826
f 6734/12822 6733/12831 6752/12826 6751/12825
f 6747/12833 6750/12823 6751/12825 6748/12824
f 6746/12802 6745/12801 6749/12820 6753/12834
f 6739/12789 6741/12788 6754/12830 6752/12835
f 6744/12795 6723/12794 6722/12836 6746/12828
f 6732/12769 6718/12768 6717/12774 6735/12776 6747/12837
f 6745/12801 6721/12800 6720/12807
f 6751/12825 6750/12823 6734/12822
f 6750/12823 6747/12833 6735/12816
f 6749/12827 6752/12826 6754/12838 6753/12839
f 6759/12840 6771/12841 6772/12842 6773/12843 6768/12844
f 6774/12845 6775/12846 6776/12847 6777/12848 6778/12849 6779/12850 6780/12851
f 6761/12852 6781/12853 6782/12854 6755/12855
f 6760/12856 6783/12857 6781/12858 6761/12859
f 6756/12860 6779/12861 6778/12862 6784/12863 6757/12864
f 6755/12855 6782/12854 6780/12865 6779/12866 6756/12867
f 6780/12865 6782/12854 6781/12853 6783/12868 6785/12869 6786/12870 6787/12871 6788/12872 6789/12873 6790/12874 6791/12875 6774/12876
f 6762/12877 6766/12878 6792/12879 6793/12880 6785/12881 6783/12857 6760/12856
f 6794/12882 6795/12883 6796/12884 6797/12885 6798/12886 6799/12887 6800/12888 6772/12889 6801/12890 6802/12891 6803/12892 6804/12893 6805/12894
f 6767/12895 6806/12896 6794/12897 6805/12898 6763/12899
f 6804/12900 6765/12901 6764/12902
f 6764/12903 6763/12904 6805/12905 6804/12906
f 6772/12889 6800/12888 6807/12907 6808/12908 6773/12909
f 6768/12910 6773/12911 6808/12912 6769/12913
f 6790/12914 6809/12915 6766/12916 6765/12917 6804/12918 6791/12919
f 6810/12920 6811/12921 6786/12922 6785/12923
f 6811/12921 6812/12924 6787/12925 6786/12922
f 6812/12926 6813/12927 6788/12872 6787/12871
f 6813/12927 6814/12928 6789/12873 6788/12872
f 6814/12928 6815/12929 6790/12874 6789/12873
f 6816/12930 6817/12931 6793/12932 6792/12933
f 6817/12931 6810/12934 6785/12935 6793/12932
f 6815/12929 6818/12936 6809/12937 6790/12874
f 6818/12936 6819/12938 6766/12939 6809/12937
f 6819/12940 6816/12941 6792/12942 6766/12943
f 6820/12944 6821/12945 6795/12883 6794/12882 6806/12946
f 6770/12947 6820/12948 6806/12896 6767/12895
f 6822/12949 6823/12950 6770/12951 6769/12952
f 6824/12953 6825/12954 6821/12945 6820/12944
f 6825/12954 6826/12955 6795/12883 6821/12945
f 6827/12956 6828/12957 6807/12958 6800/12959
f 6828/12957 6829/12960 6808/12912 6807/12958
f 6823/12961 6824/12962 6820/12963 6770/12964
f 6829/12960 6822/12965 6769/12913 6808/12912
f 6826/12955 6830/12966 6796/12884 6795/12883
f 6830/12966 6831/12967 6797/12885 6796/12884
f 6831/12968 6832/12969 6798/12970 6797/12971
f 6832/12969 6833/12972 6799/12973 6798/12970
f 6804/12893 6803/12892 6775/12846 6774/12845 6791/12974
f 6834/12975 6835/12976 6801/12977 6772/12842 6771/12841
f 6758/12978 6834/12975 6771/12841 6759/12840
f 6833/12972 6827/12956 6800/12959 6799/12973
f 6836/12979 6837/12980 6833/12981 6827/12982
f 6838/12983 6839/12984 6758/12978 6757/12864
f 6840/12985 6841/12986 6776/12987 6775/12988
f 6841/12986 6842/12989 6777/12990 6776/12987
f 6842/12989 6843/12991 6778/12862 6777/12990
f 6844/12992 6840/12993 6775/12994 6803/12995
f 6843/12991 6845/12996 6784/12863 6778/12862
f 6845/12996 6838/12983 6757/12864 6784/12863
f 6846/12997 6847/12998 6835/12999 6834/13000
f 6847/12998 6848/13001 6801/13002 6835/12999
f 6848/13001 6849/13003 6802/13004 6801/13002
f 6849/13005 6844/13006 6803/12892 6802/12891
f 6839/12984 6846/13007 6834/12975 6758/12978
f 6815/13008 6814/13009 6813/13010 6812/12924 6811/12921 6810/12920
f 6810/13011 6817/13012 6816/13013 6819/13014 6818/13015 6815/13016
f 6829/13017 6828/13018 6827/13019 6826/12955 6825/12954 6824/12953
f 6822/12965 6829/12960 6824/13020 6823/13021
f 6827/13019 6833/13022 6832/13023 6831/12967 6830/12966 6826/12955
f 6843/13024 6842/13025 6841/13026 6840/13027 6848/13028 6847/13029 6846/13030
f 6838/12983 6845/12996 6843/12991 6846/13007 6839/12984
f 6844/13006 6849/13005 6848/13028 6840/13027
f 6854/13031 6866/13032 6867/13033 6868/13034 6863/13035
f 6869/13036 6870/13037 6871/13038 6872/13039 6873/13040 6874/13041 6875/13042
f 6856/13043 6876/13044 6877/13045 6850/13046
f 6855/13047 6878/13048 6876/13044 6856/13043
f 6851/13049 6874/13050 6873/13051 6879/13052 6852/13053
f 6850/13054 6877/13055 6875/13056 6874/13050 6851/13049
f 6875/13042 6877/13057 6876/13058 6878/13059 6880/13060 6881/13061 6882/13062 6883/13063 6884/13064 6885/13065 6886/13066 6869/13036
f 6857/13067 6861/13068 6887/13069 6888/13070 6880/13071 6878/13072 6855/13073
f 6889/13074 6890/13075 6891/13076 6892/13077 6893/13078 6894/13079 6895/13080 6867/13081 6896/13082 6897/13083 6898/13084 6899/13085 6900/13086
f 6862/13087 6901/13088 6889/13089 6900/13090 6858/13091
f 6899/13092 6860/13093 6859/13094
f 6859/13095 6858/13096 6900/13097 6899/13098
f 6867/13099 6895/13100 6902/13101 6903/13102 6868/13103
f 6863/13104 6868/13103 6903/13102 6864/13105
f 6885/13106 6904/13107 6861/13108 6860/13093 6899/13092 6886/13109
f 6905/13110 6906/13111 6881/13061 6880/13060
f 6906/13111 6907/13112 6882/13062 6881/13061
f 6907/13113 6908/13114 6883/13115 6882/13116
f 6908/13114 6909/13117 6884/13118 6883/13115
f 6909/13117 6910/13119 6885/13106 6884/13118
f 6911/13120 6912/13121 6888/13070 6887/13069
f 6912/13121 6905/13122 6880/13071 6888/13070
f 6910/13119 6913/13123 6904/13107 6885/13106
f 6913/13123 6914/13124 6861/13108 6904/13107
f 6914/13125 6911/13126 6887/13127 6861/13128
f 6915/13129 6916/13130 6890/13131 6889/13089 6901/13088
f 6865/13132 6915/13129 6901/13088 6862/13087
f 6917/13133 6918/13134 6865/13135 6864/13136
f 6919/13137 6920/13138 6916/13139 6915/13140
f 6920/13138 6921/13141 6890/13075 6916/13139
f 6922/13142 6923/13143 6902/13101 6895/13100
f 6923/13143 6924/13144 6903/13102 6902/13101
f 6918/13145 6919/13146 6915/13147 6865/13148
f 6924/13144 6917/13149 6864/13105 6903/13102
f 6921/13141 6925/13150 6891/13076 6890/13075
f 6925/13150 6926/13151 6892/13077 6891/13076
f 6926/13152 6927/13153 6893/13154 6892/13155
f 6927/13153 6928/13156 6894/13157 6893/13154
f 6899/13085 6898/13084 6870/13037 6869/13036 6886/13066
f 6929/13158 6930/13159 6896/13160 6867/13033 6866/13032
f 6853/13161 6929/13158 6866/13032 6854/13031
f 6928/13162 6922/13163 6895/13164 6894/13165
f 6931/13166 6932/13167 6928/13168 6922/13169
f 6933/13170 6934/13171 6853/13161 6852/13172
f 6935/13173 6936/13174 6871/13175 6870/13176
f 6936/13177 6937/13178 6872/13179 6871/13180
f 6937/13178 6938/13181 6873/13182 6872/13179
f 6939/13183 6935/13184 6870/13185 6898/13186
f 6938/13181 6940/13187 6879/13188 6873/13182
f 6940/13187 6933/13189 6852/13190 6879/13188
f 6941/13191 6942/13192 6930/13159 6929/13158
f 6942/13193 6943/13194 6896/13082 6930/13195
f 6943/13194 6944/13196 6897/13083 6896/13082
f 6944/13196 6939/13197 6898/13084 6897/13083
f 6934/13171 6941/13191 6929/13158 6853/13161
f 6910/13198 6909/13199 6908/13200 6907/13112 6906/13111 6905/13110
f 6905/13201 6912/13202 6911/13203 6914/13124 6913/13123 6910/13119
f 6924/13144 6923/13143 6922/13142 6921/13204 6920/13205 6919/13206
f 6917/13149 6924/13144 6919/13206 6918/13207
f 6922/13208 6928/13209 6927/13210 6926/13151 6925/13150 6921/13141
f 6938/13211 6937/13212 6936/13213 6935/13214 6943/13194 6942/13193 6941/13215
f 6933/13170 6940/13216 6938/13217 6941/13191 6934/13171
f 6939/13197 6944/13196 6943/13194 6935/13214
f 6946/13218 6945/13219 6952/13220 6953/13221 6954/13222
f 6951/13223 6950/13224 6955/13225 6956/13226
f 6948/13227 6947/13228 6957/13229 6958/13230 6959/13231 6960/13232
f 6952/13220 6961/13233 6953/13221
f 6945/13219 6951/13234 6956/13235 6961/13233 6952/13220
f 6959/13236 6962/13237 6960/13238
f 6953/13239 6961/13240 6956/13241 6955/13242 6962/13243 6959/13244 6958/13245 6963/13246 6954/13247
f 6963/13248 6958/13230 6957/13229
f 6963/13249 6946/13250 6954/13251
f 6955/13252 6949/13253 6948/13254 6960/13238 6962/13237
f 6949/13255 6955/13256 6950/13257
f 6946/13250 6963/13249 6957/13258 6947/13259
f 6964/13260 6965/13261 6966/13262 6967/13263
f 6968/13264 6969/13265 6970/13266
f 6965/13267 6976/13268 6966/13269
f 6977/13270 6972/13271 6971/13272 6978/13273
f 6979/13274 6980/13275 6981/13276 6970/13277
f 6982/13278 6983/13279 6979/13274 6970/13277 6969/13280 6966/13269 6976/13268 6984/13281
f 6985/13282 6983/13279 6982/13278
f 6970/13266 6981/13283 6973/13284 6968/13264
f 6975/13285 6986/13286 6978/13273 6971/13272
f 6972/13287 6977/13288 6984/13289 6976/13290 6965/13291 6964/13292
f 6984/13281 6977/13293 6978/13294 6986/13295 6985/13282 6982/13278
f 6967/13263 6966/13262 6969/13265 6968/13264
f 6980/13296 6974/13297 6973/13284 6981/13283
f 6974/13298 6980/13299 6979/13300 6983/13301 6985/13302 6986/13303 6975/13304
f 6993/13305 6994/13306 6995/13307
f 6989/13308 6996/13309 6997/13310 6990/13311
f 6998/13312 6999/13313 7000/13314
f 6996/13309 6989/13308 6988/13315 7001/13316
f 7002/13317 7003/13318 7004/13319 7005/13320 7006/13321
f 6990/13322 6997/13323 7012/13324
f 7005/13325 7008/13326 7007/13327 7006/13328
f 7013/13329 6987/13330 6991/13331 7000/13332 6999/13333
f 7010/13334 7014/13335 6995/13336 6994/13337 7011/13338
f 7012/13324 7014/13335 7010/13334 6990/13322
f 7003/13318 6997/13339 6996/13340 7001/13341 7015/13342
f 6995/13307 7014/13343 7012/13344 6997/13339 7003/13318 7002/13317 6993/13305
f 7007/13327 7011/13345 6994/13346 6993/13347 7002/13348 7006/13328
f 7016/13349 7009/13350 7008/13326 7005/13325 7004/13351
f 7016/13352 7004/13319 7017/13353
f 6991/13354 6992/13355 7009/13356 7016/13357 7017/13358 6998/13359 7000/13360
f 7001/13316 6988/13315 6987/13330 7013/13329 7015/13361
f 7004/13319 7003/13318 7015/13342 7013/13362 6999/13313 6998/13312 7017/13353
f 7018/13363 7019/13364 7020/13365 7021/13366 7022/13367
f 7023/13368 7018/13363 7022/13367 7024/13369
f 7025/13370 7026/13371 7027/13372
f 7020/13373 7028/13374 7029/13375 7021/13376
f 7030/13377 7031/13378 7032/13379
f 7028/13374 7020/13373 7019/13380 7033/13381
f 7034/13382 7035/13383 7036/13384 7037/13385 7038/13386
f 7024/13369 7022/13367 7039/13387 7040/13388 7041/13389
f 7022/13367 7021/13366 7042/13390 7043/13391 7039/13387
f 7021/13392 7029/13393 7044/13394
f 7037/13395 7040/13396 7039/13397 7038/13398
f 7045/13399 7018/13400 7023/13401 7032/13402 7031/13403
f 7042/13404 7046/13405 7027/13406 7026/13407 7043/13408
f 7044/13394 7046/13405 7042/13404 7021/13392
f 7035/13383 7029/13409 7028/13410 7033/13411 7047/13412
f 7027/13372 7046/13413 7044/13414 7029/13409 7035/13383 7034/13382 7025/13370
f 7039/13397 7043/13415 7026/13416 7025/13417 7034/13418 7038/13398
f 7048/13419 7041/13420 7040/13396 7037/13395 7036/13421
f 7048/13422 7036/13384 7049/13423
f 7023/13424 7024/13425 7041/13426 7048/13427 7049/13428 7030/13429 7032/13430
f 7033/13381 7019/13380 7018/13400 7045/13399 7047/13431
f 7036/13384 7035/13383 7047/13412 7045/13432 7031/13378 7030/13377 7049/13423
