# Blender 5.1.1
# www.blender.org
mtllib marte.mtl
o nubes2
v -0.693616 1.756219 -0.469326
v -0.712639 1.751840 -0.425498
v -0.726243 1.777089 -0.477539
v -0.722272 1.764398 -0.388148
v -0.687028 1.748250 -0.381740
v -0.692194 1.784296 -0.513660
v -0.657548 1.763500 -0.483943
v -0.670184 1.743442 -0.429456
v -0.701646 1.776088 -0.359022
v -0.745416 1.807355 -0.476686
v -0.743087 1.781897 -0.429824
v -0.749896 1.822132 -0.440781
v -0.687490 1.819616 -0.538139
v -0.722642 1.814353 -0.517987
v -0.703212 1.849398 -0.531390
v -0.628545 1.784236 -0.487580
v -0.653947 1.800764 -0.524390
v -0.626110 1.820204 -0.505629
v -0.650043 1.750110 -0.394881
v -0.631937 1.759910 -0.440185
v -0.625142 1.774896 -0.399100
v -0.736293 1.796883 -0.388740
v -0.737261 1.842191 -0.495269
v -0.660757 1.841000 -0.535347
v -0.612506 1.794955 -0.453588
v -0.659191 1.767690 -0.362979
v -0.733857 1.832851 -0.406789
v -0.708456 1.816323 -0.369979
v -0.704855 1.853587 -0.410426
v -0.712360 1.866977 -0.499488
v -0.730466 1.857178 -0.454184
v -0.692219 1.873646 -0.464913
v -0.640130 1.852690 -0.506221
v -0.675375 1.868838 -0.512629
v -0.649764 1.865248 -0.468871
v -0.616987 1.809733 -0.417683
v -0.619316 1.835191 -0.464545
v -0.636160 1.839999 -0.416830
v -0.674913 1.797472 -0.356230
v -0.639761 1.802735 -0.376383
v -0.670208 1.832792 -0.380709
v -0.668787 1.860869 -0.425043
v -0.743845 1.743281 -0.354074
v -0.773534 1.730883 -0.278324
v -0.790971 1.780804 -0.368060
v -0.787153 1.749194 -0.211576
v -0.735547 1.720231 -0.200100
v -0.738305 1.797529 -0.429055
v -0.688319 1.757944 -0.377015
v -0.710092 1.716755 -0.283858
v -0.754962 1.767045 -0.157732
v -0.816819 1.834124 -0.364245
v -0.816427 1.784280 -0.284302
v -0.822387 1.856551 -0.299510
v -0.727218 1.862579 -0.468016
v -0.781198 1.850926 -0.435034
v -0.747947 1.914465 -0.453662
v -0.642175 1.795233 -0.379479
v -0.678545 1.828066 -0.443989
v -0.634517 1.860752 -0.407156
v -0.679218 1.725158 -0.220991
v -0.650331 1.747292 -0.298790
v -0.638853 1.769642 -0.224261
v -0.804949 1.806630 -0.209772
v -0.800614 1.897740 -0.392667
v -0.684505 1.900337 -0.459197
v -0.617080 1.810831 -0.317419
v -0.691520 1.752917 -0.163266
v -0.797291 1.872149 -0.237449
v -0.760921 1.839316 -0.172940
v -0.751148 1.909438 -0.239914
v -0.760249 1.942224 -0.395938
v -0.789135 1.920090 -0.318138
v -0.729375 1.950626 -0.333070
v -0.652314 1.918188 -0.405353
v -0.703920 1.947151 -0.416829
v -0.665933 1.936498 -0.338604
v -0.622647 1.833257 -0.252683
v -0.623039 1.883102 -0.332627
v -0.648495 1.886578 -0.248868
v -0.712249 1.804803 -0.148912
v -0.658268 1.816456 -0.181894
v -0.701161 1.869853 -0.187873
v -0.695621 1.924101 -0.262854
v -0.809176 1.637559 -0.277120
v -0.860058 1.637698 -0.229584
v -0.840408 1.673895 -0.305636
v -0.891656 1.663535 -0.182940
v -0.855047 1.634363 -0.154673
v -0.774771 1.677662 -0.333085
v -0.753856 1.643793 -0.273997
v -0.806567 1.619094 -0.210031
v -0.880779 1.683768 -0.129069
v -0.858224 1.725117 -0.312327
v -0.888888 1.689163 -0.250278
v -0.882043 1.753834 -0.264208
v -0.746555 1.731527 -0.359026
v -0.803600 1.729128 -0.353779
v -0.763695 1.782300 -0.355624
v -0.710972 1.673905 -0.258500
v -0.717048 1.699026 -0.322140
v -0.689288 1.729828 -0.276983
v -0.800650 1.631885 -0.149673
v -0.748845 1.640458 -0.199086
v -0.761650 1.668931 -0.136964
v -0.901695 1.717637 -0.188157
v -0.829332 1.778533 -0.328175
v -0.710203 1.763697 -0.336070
v -0.708939 1.693631 -0.200931
v -0.827288 1.665164 -0.109515
v -0.880010 1.773559 -0.206640
v -0.873934 1.748438 -0.142999
v -0.837126 1.803671 -0.191142
v -0.790332 1.815580 -0.315466
v -0.842138 1.807006 -0.266053
v -0.784415 1.828370 -0.255108
v -0.699327 1.783929 -0.282199
v -0.735935 1.813102 -0.310466
v -0.730924 1.809767 -0.235555
v -0.732758 1.722347 -0.152812
v -0.702094 1.758301 -0.214861
v -0.750574 1.773570 -0.159504
v -0.844428 1.715938 -0.106113
v -0.787382 1.718337 -0.111360
v -0.816212 1.769802 -0.132055
v -0.781807 1.809906 -0.188019
v -0.000000 -1.000000 -0.000000
v 0.723607 -0.447219 0.525725
v -0.276388 -0.447220 0.850649
v -0.894426 -0.447216 -0.000000
v -0.276388 -0.447220 -0.850649
v 0.276388 0.447220 0.850649
v -0.723607 0.447219 -0.525725
v 0.276388 0.447220 -0.850649
v 0.894426 0.447216 -0.000000
v 0.000000 1.000000 -0.000000
v -0.232821 -0.657519 0.716563
v -0.162456 -0.850655 0.499995
v -0.077607 -0.967950 0.238853
v 0.425323 -0.850654 0.309011
v 0.609547 -0.657519 0.442856
v 0.531941 -0.502302 0.681712
v 0.262869 -0.525738 0.809012
v -0.029639 -0.502302 0.864184
v 0.850648 -0.525736 -0.000000
v 0.812729 -0.502301 0.295238
v 0.425323 -0.850654 -0.309011
v 0.609547 -0.657519 -0.442856
v -0.753442 -0.657515 0.000000
v -0.525730 -0.850652 -0.000000
v -0.483971 -0.502302 0.716565
v -0.688189 -0.525736 0.499997
v -0.831051 -0.502299 0.238853
v -0.232822 -0.657519 -0.716563
v -0.162456 -0.850654 -0.499995
v -0.077607 -0.967950 -0.238853
v -0.831051 -0.502298 -0.238853
v -0.688189 -0.525736 -0.499997
v -0.483971 -0.502302 -0.716565
v -0.029639 -0.502302 -0.864184
v 0.262869 -0.525738 -0.809012
v 0.531941 -0.502302 -0.681713
v 0.956626 0.251149 0.147618
v 0.951058 -0.000000 0.309013
v 0.860698 -0.251151 0.442857
v 0.860698 -0.251151 -0.442858
v 0.956626 0.251150 -0.147618
v 0.155215 0.251152 0.955422
v -0.155215 -0.251152 0.955422
v 0.687159 -0.251152 0.681715
v 0.587786 0.000000 0.809017
v 0.436007 0.251152 0.864188
v -0.860698 0.251151 0.442857
v -0.951058 -0.000000 0.309013
v -0.956626 -0.251150 0.147618
v -0.436007 -0.251152 0.864188
v -0.587786 0.000000 0.809017
v -0.687158 0.251152 0.681715
v -0.687159 0.251152 -0.681715
v -0.587786 -0.000000 -0.809017
v -0.436007 -0.251152 -0.864188
v -0.956626 -0.251150 -0.147618
v -0.951058 -0.000000 -0.309013
v -0.860698 0.251151 -0.442857
v 0.436007 0.251152 -0.864188
v 0.587785 0.000000 -0.809017
v 0.687158 -0.251152 -0.681715
v -0.155215 -0.251152 -0.955422
v 0.000000 -0.000000 -1.000000
v 0.155215 0.251151 -0.955422
v 0.831051 0.502299 0.238853
v 0.688189 0.525736 0.499997
v 0.483972 0.502302 0.716564
v 0.029639 0.502302 0.864184
v -0.262869 0.525738 0.809012
v -0.812729 0.502301 0.295238
v -0.850648 0.525736 -0.000000
v -0.812729 0.502301 -0.295238
v -0.531941 0.502302 -0.681712
v -0.262869 0.525738 -0.809012
v 0.029639 0.502302 -0.864184
v 0.483971 0.502302 -0.716564
v 0.688189 0.525736 -0.499997
v 0.831051 0.502299 -0.238853
v 0.077607 0.967950 0.238853
v 0.162456 0.850654 0.499995
v 0.232822 0.657519 0.716563
v 0.753442 0.657515 -0.000000
v 0.525730 0.850652 -0.000000
v -0.425323 0.850654 0.309011
v -0.609547 0.657519 0.442856
v -0.425323 0.850654 -0.309011
v -0.609547 0.657519 -0.442856
v 0.077607 0.967950 -0.238853
v 0.232822 0.657519 -0.716563
v 0.361800 0.894429 -0.262863
v 0.638193 0.723610 -0.262864
v 0.447209 0.723611 -0.525728
v -0.052790 0.723612 -0.688185
v -0.361804 0.723612 -0.587778
v -0.447210 0.894429 -0.000000
v -0.670816 0.723611 -0.162457
v -0.670816 0.723611 0.162457
v -0.138197 0.894430 0.425319
v -0.361804 0.723612 0.587778
v -0.052790 0.723612 0.688185
v 0.638194 0.723610 0.262864
v 0.809019 -0.000000 -0.587782
v 0.670821 0.276397 -0.688189
v -0.138198 0.276397 -0.951055
v -0.309016 -0.000000 -0.951057
v -0.447215 0.276397 -0.850649
v -0.947213 0.276396 -0.162458
v -1.000000 0.000001 0.000000
v -0.447216 0.276397 0.850648
v -0.309017 -0.000001 0.951056
v -0.138199 0.276397 0.951055
v 0.670820 0.276396 0.688190
v 0.809019 -0.000002 0.587783
v 0.861804 0.276394 0.425323
v 0.309017 0.000000 -0.951056
v -0.809018 -0.000000 -0.587783
v -0.670819 -0.276397 -0.688191
v -0.861803 -0.276396 -0.425324
v -0.809018 0.000000 0.587783
v -0.861803 -0.276396 0.425324
v -0.670819 -0.276397 0.688191
v 0.309017 -0.000000 0.951056
v 0.447216 -0.276398 0.850648
v 1.000000 0.000000 -0.000000
v 0.947213 -0.276396 0.162457
v 0.361804 -0.723612 -0.587779
v 0.138197 -0.894429 -0.425321
v 0.052789 -0.723611 -0.688186
v -0.447211 -0.723611 -0.525727
v -0.638195 -0.723609 0.262864
v 0.670817 -0.723611 -0.162457
v 0.670818 -0.723610 0.162458
v 0.052790 -0.723612 0.688185
v 0.138199 -0.894429 0.425320
v 0.361805 -0.723611 0.587779
v -0.119269 -1.007480 0.232802
v -0.045634 -1.037889 0.006175
v 0.653420 -0.646270 -0.478683
v 0.761643 -0.446735 -0.557311
v -0.283927 -1.007479 0.006175
v -0.119269 -1.007479 -0.220453
v 0.579787 -0.498997 -0.705314
v -0.732071 0.280619 0.692803
v -0.766654 0.466651 0.544797
v 0.727060 -0.260702 -0.705317
v -0.584798 0.518914 0.692800
v 0.275717 1.009140 0.027641
v 0.037424 1.039550 0.027641
v -0.658432 0.666187 0.466170
v -0.266539 -0.712938 0.686062
v -0.199775 -0.896188 0.480578
v 0.515629 -0.493914 0.747444
v 0.260329 -0.516151 0.868227
v -0.017208 -0.493914 0.920576
v 0.846203 -0.498997 -0.338620
v 0.882181 -0.521232 -0.058494
v -0.760513 -0.712933 0.006175
v -0.544456 -0.896185 0.006175
v -0.504835 -0.565665 0.686063
v -0.698600 -0.587900 0.480580
v -0.199775 -0.896188 -0.468229
v -0.834149 -0.565662 -0.220453
v -0.698600 -0.587900 -0.468231
v 0.046950 -0.498998 -0.878446
v 0.324487 -0.521234 -0.826098
v 0.891717 -0.260701 -0.478685
v 0.977452 -0.022405 -0.351690
v 0.982735 0.215890 -0.198557
v 0.158185 0.220975 1.007144
v 0.010915 -0.017322 1.049440
v -0.136356 -0.255619 1.007144
v -0.896728 0.280618 0.466171
v -0.982463 0.042322 0.339177
v 0.632773 -0.022405 -0.826103
v -0.072198 -0.260702 -0.965014
v 0.075072 -0.022405 -1.007311
v 0.690390 0.589561 0.502046
v 0.496625 0.567326 0.707529
v -0.329498 0.541150 0.813584
v -0.851215 0.518913 0.326107
v -0.887192 0.541149 0.045980
v 0.728038 0.476422 -0.532899
v 0.863587 0.454184 -0.285122
v 0.111059 1.009140 0.254268
v 0.191565 0.897849 0.502045
v 0.258329 0.714599 0.707528
v 0.536246 0.897846 0.027641
v 0.111059 1.009140 -0.198987
v 0.380707 0.939383 -0.221768
v -0.423369 0.728897 0.603674
v 0.380707 0.939383 0.277050
v 0.461744 0.777308 0.526461
v 0.642953 0.777307 0.277051
v 0.892767 0.239844 -0.462047
v 0.842684 -0.022405 -0.616192
v 0.711558 0.239845 -0.711459
v -0.978815 0.304571 -0.108162
v -0.978815 0.304572 0.200123
v -1.028900 0.042322 0.045980
v -0.504409 0.304572 0.853090
v -0.282286 -0.017323 1.003002
v -0.120211 0.244928 1.003000
v 0.368273 -0.022405 -0.960872
v 0.206198 -0.284656 -0.960871
v 0.499398 -0.284656 -0.865603
v 0.304115 -0.017322 1.003002
v 0.142040 -0.279573 1.003000
v 0.435240 -0.279573 0.907733
v 1.023889 -0.022405 -0.058494
v 0.973804 -0.284654 -0.212636
v 0.973804 -0.284654 0.095648
v -0.469955 -0.775647 -0.492644
v -0.651164 -0.775645 -0.243234
v -0.388917 -0.937722 -0.243234
v -0.651164 -0.775645 0.255584
v -0.469955 -0.775646 0.504995
v -0.388918 -0.937721 0.255585
v 0.711555 -0.708979 -0.212636
v -0.060038 -1.010365 0.234007
v 0.015994 -1.041765 -0.000000
v -0.060038 -1.010365 -0.234007
v -0.143166 -0.895450 0.489851
v 0.215053 -1.010365 0.144623
v 0.432687 -0.895450 0.302742
v 0.215053 -1.010365 -0.144623
v 0.432688 -0.895450 -0.302742
v -0.143166 -0.895450 -0.489851
v -0.001739 1.041165 -0.015605
v 0.074294 1.009765 0.218402
v -0.200797 1.009765 0.129018
v -0.418432 0.894849 0.287137
v -0.200797 1.009765 -0.160228
v -0.418432 0.894849 -0.318347
v 0.074293 1.009765 -0.249612
v 0.157421 0.894850 -0.505456
v 0.226359 0.705633 -0.717630
v 0.352721 0.937736 -0.273135
v 0.513325 0.894847 -0.015605
v 0.436397 0.770384 -0.530667
v 0.623507 0.770383 -0.273136
v -0.137132 0.937737 -0.432295
v -0.053457 0.770385 -0.689828
v -0.356202 0.770385 -0.591458
v -0.439875 0.937736 -0.015605
v -0.137132 0.937737 0.401085
v 0.151387 -0.938336 -0.416692
v 0.673201 -0.770984 -0.159161
v 0.454132 -0.938336 0.000001
v 0.673202 -0.770983 0.159162
v 0.151389 -0.938336 0.416692
v 0.762927 -0.622259 0.079246
v 0.924248 0.353211 -0.070776
v 0.904960 -0.264067 0.299402
v 0.833743 -0.515288 0.131624
v 0.977816 0.128452 0.075501
v 0.956626 0.251149 0.005975
v 0.882669 -0.384817 0.226184
v 0.948955 -0.151215 0.228833
v 0.976732 0.000000 0.146910
v 0.460648 0.380177 0.788348
v 0.120110 0.571415 0.798453
v 0.572700 0.395027 0.703090
v 0.680002 0.408200 0.588709
v 0.095731 0.689243 0.702942
v 0.701537 0.687282 0.118387
v 0.765213 0.513100 0.359201
v 0.258451 0.533805 0.795443
v 0.056872 0.788337 0.592308
v 0.391418 0.477743 0.776347
v 0.768817 0.409941 0.465318
v 0.636486 0.756712 0.000000
v 0.738554 0.608442 0.250369
v 0.016857 0.871854 0.463832
v 0.454629 -0.602867 0.639028
v -0.220186 -0.356280 0.899245
v -0.283526 0.276397 0.903835
v 0.569891 -0.578205 0.564908
v 0.214646 0.347316 0.904034
v -0.195262 0.390523 0.886040
v 0.514241 -0.144608 0.830798
v -0.277442 -0.251152 0.915708
v 0.003935 -0.592443 0.792499
v 0.315864 0.251152 0.903224
v 0.629740 -0.474196 0.602119
v 0.444183 -0.000000 0.882186
v -0.152259 -0.474929 0.857458
v -0.052273 0.392050 0.906581
v 0.573338 -0.263127 0.761851
v -0.367128 -0.114928 0.911305
v 0.095267 0.371048 0.911866
v 0.604094 -0.385554 0.681714
v -0.379869 0.141703 0.899579
v 0.310576 -0.621153 0.702333
v -0.129162 -0.578331 0.791876
v 0.159993 -0.622637 0.749843
v 0.378697 0.137809 0.903391
v -0.446304 -0.000000 0.881105
v -0.833808 0.515328 -0.131119
v -0.779430 0.604099 -0.064337
v -0.742038 0.612541 0.229096
v -0.982221 -0.102946 -0.060508
v -0.762397 0.622841 0.079724
v -0.913000 0.266412 -0.273345
v -0.837008 0.136022 0.509292
v -0.982265 -0.102689 0.060358
v -0.876254 0.395593 -0.232518
v -0.953602 -0.114743 0.235276
v -0.977283 0.000000 -0.143428
v -0.916610 -0.106676 0.353903
v -0.903127 0.000000 0.403084
v -0.948872 0.157112 -0.225706
v -0.564196 -0.405308 0.704382
v -0.465169 -0.403848 0.774435
v -0.693844 -0.691694 0.135935
v -0.372778 -0.472797 0.788388
v -0.681544 -0.430349 0.571992
v -0.720109 -0.629609 0.252666
v -0.758331 -0.425001 0.469828
v -0.753380 -0.515041 0.380831
v -0.557780 -0.881134 0.037318
v -0.746427 -0.442097 -0.474948
v 0.506223 -0.765840 -0.367788
v -0.188884 -0.778117 -0.581334
v -0.843381 -0.411722 -0.313620
v -0.808931 -0.574745 -0.000000
v 0.398335 -0.796677 -0.427452
v -0.076780 -0.800086 -0.574902
v -0.872804 -0.418791 -0.208518
v -0.857964 -0.478907 -0.137421
v -0.786980 -0.590440 0.103218
v 0.234083 -0.821180 -0.494986
v -0.363882 -0.697923 -0.599901
v 0.105541 -0.829117 -0.525827
v -0.595572 -0.515108 -0.598215
v -0.462818 -0.629649 -0.606752
v -0.682237 -0.440297 -0.564484
v -0.070854 1.054856 -0.011124
v -0.085898 1.095882 0.022850
v -0.186964 1.082672 -0.012752
v -0.188558 1.039472 -0.052587
v -0.029157 1.090579 0.114548
v -0.004772 1.048681 0.095669
v -0.021231 1.023836 0.217824
v -0.043289 1.069246 0.219435
v -0.112530 0.991946 0.298182
v -0.121683 1.041865 0.288434
v -0.235949 0.967934 0.299143
v -0.227657 1.021246 0.289260
v -0.333740 0.963034 0.220258
v -0.311624 1.017039 0.221525
v -0.360144 0.979539 0.098437
v -0.334296 1.031211 0.116924
v -0.302807 1.009727 -0.009318
v -0.285064 1.057132 0.024401
v -0.276382 1.028798 0.200397
v -0.257303 1.149226 0.195555
v -0.221720 1.151009 0.224260
v -0.212844 1.024713 0.249468
v -0.100147 1.127527 0.171401
v -0.294853 1.051099 0.122047
v -0.266911 1.155232 0.151228
v -0.137856 1.046904 0.249195
v -0.176810 1.159746 0.223910
v -0.143589 1.171350 0.194670
v -0.083488 1.072916 0.202929
v -0.111758 1.086299 0.055501
v -0.161646 1.182637 0.111361
v -0.204475 1.177040 0.096274
v -0.191144 1.084921 0.029590
v -0.257011 1.058038 0.056633
v -0.246047 1.166216 0.112018
v -0.208212 1.085751 0.235496
v -0.070375 1.082432 0.122378
v -0.137600 1.180390 0.150221
v -0.246237 1.152544 0.188899
v -0.244182 1.234912 0.190734
v -0.230628 1.234735 0.201968
v -0.217747 1.153972 0.211882
v -0.200757 1.241608 0.174298
v -0.208364 1.242624 0.161437
v -0.205949 1.243350 0.158536
v -0.197007 1.242155 0.173654
v -0.155191 1.170258 0.188190
v -0.199837 1.239463 0.190820
v -0.150395 1.177496 0.152602
v -0.247434 1.236980 0.173556
v -0.253929 1.157353 0.153408
v -0.187830 1.197301 0.203278
v -0.175879 1.200717 0.201434
v -0.222480 1.242488 0.152540
v -0.203939 1.174814 0.109409
v -0.169648 1.179295 0.121489
v -0.238863 1.239972 0.158472
v -0.237225 1.166148 0.122015
v -0.213115 1.236532 0.202002
v -0.181790 1.160967 0.211602
v -0.220922 1.233324 0.154880
v -0.222426 1.241890 0.156337
v -0.206861 1.234057 0.159981
v -0.236363 1.239751 0.161383
v -0.240887 1.235446 0.188827
v -0.229358 1.235296 0.198384
v -0.203164 1.239317 0.188900
v -0.243654 1.237206 0.174215
v -0.214460 1.236824 0.198413
v -0.242150 1.228639 0.172758
v -0.234859 1.231184 0.159927
v -0.227854 1.226729 0.196928
v -0.212956 1.228258 0.196956
v -0.199254 1.233041 0.172841
v -0.239384 1.226879 0.187371
v -0.201661 1.230751 0.187444
v -0.189880 1.086721 0.249991
v -0.159650 1.142053 0.063405
v -0.130888 1.130050 0.093861
v -0.003379 1.023501 -0.005008
v -0.127777 1.014149 -0.087770
v 0.041488 1.007007 0.136861
v -0.014169 0.972384 0.271454
v -0.144309 0.935832 0.335794
v -0.288036 0.914455 0.299776
v -0.378100 0.918256 0.180252
v -0.372359 0.945455 0.033150
v -0.273499 0.983326 -0.072701
v 0.235769 -0.190296 0.977899
v 0.218338 -0.260432 0.969750
v 0.168636 -0.210640 0.995814
v 0.174247 -0.193563 0.997352
v 0.178276 -0.181301 0.998456
v 0.185915 -0.158051 1.000549
v 0.294052 -0.248790 0.947313
v 0.268343 -0.275130 0.950513
v 0.302703 -0.224100 0.949360
v 0.342489 -0.158708 0.949270
v 0.333608 -0.195794 0.944851
v 0.311904 -0.198391 0.951429
v 0.305539 -0.216176 0.949998
v 0.277480 -0.108161 0.980484
v 0.203195 -0.105462 1.005284
v 0.255718 -0.107173 0.987466
v 0.263127 -0.107639 0.985275
v 0.202607 -0.167908 1.043541
v 0.224490 -0.137393 1.069417
v 0.223166 -0.118812 1.054008
v 0.250188 -0.208411 1.077898
v 0.245624 -0.195584 1.076662
v 0.232252 -0.204445 1.066856
v 0.204376 -0.201510 1.049999
v 0.192180 -0.198195 1.040388
v 0.185400 -0.218547 1.038857
v 0.207177 -0.236717 1.047379
v 0.283253 -0.281476 0.999575
v 0.235023 -0.267295 1.017978
v 0.301430 -0.267358 1.008344
v 0.185251 -0.197439 1.024917
v 0.308389 -0.249670 1.025060
v 0.289623 -0.241128 1.038706
v 0.262967 -0.238959 1.044122
v 0.277670 -0.235366 1.046753
v 0.301086 -0.237731 1.038217
v 0.311812 -0.242919 1.031119
v 0.320583 -0.219783 1.054584
v 0.303194 -0.225687 0.951437
v 0.309084 -0.248623 1.021719
v 0.317372 -0.140693 1.041096
v 0.292254 -0.139526 1.048203
v 0.299831 -0.152025 1.049678
v 0.314303 -0.167160 1.047288
v 0.304551 -0.165315 1.049836
v 0.291673 -0.154766 1.051351
v 0.283474 -0.139848 1.050741
v 0.242229 -0.185876 1.075954
v 0.258304 -0.189029 1.070019
v 0.261108 -0.192475 1.069682
v 0.331057 -0.215721 1.048064
v 0.354295 -0.171242 1.034067
v 0.288365 -0.115893 1.012650
v 0.273658 -0.127572 1.035702
v 0.268149 -0.116616 1.024947
v 0.313206 -0.235305 1.005090
v 0.307315 -0.247614 1.024834
v 0.290099 -0.240147 1.036971
v 0.266887 -0.238109 1.043191
v 0.277545 -0.234812 1.044936
v 0.299913 -0.237363 1.036132
v 0.310134 -0.242296 1.029657
v 0.303028 -0.224829 0.952426
v 0.307575 -0.246677 1.021578
v 0.312170 -0.235732 1.004609
v 0.302960 -0.217903 0.952884
v 0.274940 -0.115903 1.021145
v 0.281384 -0.127751 1.033385
v 0.257429 -0.108866 0.987792
v 0.262112 -0.109245 0.986508
v 0.273798 -0.117239 1.021599
v 0.280048 -0.128707 1.033506
v 0.290430 -0.139864 1.047624
v 0.283718 -0.140050 1.049006
v 0.274760 -0.128202 1.034374
v 0.269622 -0.117895 1.024299
v 0.298063 -0.152105 1.048849
v 0.310565 -0.166127 1.046169
v 0.303586 -0.164489 1.048046
v 0.291531 -0.154010 1.049562
v 0.196036 -0.186904 1.041485
v 0.223340 -0.192083 1.061010
v 0.281894 -0.140110 1.046277
v 0.289996 -0.150639 1.048530
v 0.176569 -0.193461 0.999593
v 0.179847 -0.184495 1.000163
v 0.244921 -0.194727 1.074075
v 0.231603 -0.202325 1.064728
v 0.205512 -0.200013 1.048464
v 0.193234 -0.197136 1.039465
v 0.258209 -0.191920 1.068281
v 0.186369 -0.196529 1.024115
v 0.196488 -0.188964 1.040433
v 0.223906 -0.194226 1.059736
v 0.241822 -0.188119 1.073228
v 0.256317 -0.190195 1.068568
v 0.179804 -1.013640 -0.008473
v 0.209188 -1.044879 -0.072673
v 0.235056 -1.043017 -0.066032
v 0.281937 -1.036828 -0.037595
v 0.239520 -1.034555 -0.006415
v 0.133339 -1.032692 -0.210048
v 0.127941 -1.028865 -0.253451
v 0.193584 -1.012388 -0.247294
v 0.465053 -0.921349 -0.091085
v 0.462358 -0.909179 -0.167609
v 0.369715 -0.917032 -0.257588
v 0.236040 -0.945156 -0.287335
v 0.096837 -0.981779 -0.274583
v 0.016763 -1.013133 -0.205922
v 0.055339 -1.031315 -0.040590
v 0.183383 -1.003693 -0.016168
v 0.399888 -0.950175 -0.015489
v 0.084146 -1.071926 -0.075247
v 0.051759 -1.041262 -0.032896
v 0.052576 -1.051458 -0.043054
v 0.074289 -1.068761 -0.081390
v 0.369485 -0.940495 -0.252161
v 0.386360 -0.955835 -0.223092
v 0.379068 -0.956417 -0.230392
v 0.366686 -0.957290 -0.245918
v 0.344954 -0.969626 -0.261774
v 0.259612 -0.993359 -0.254398
v 0.252222 -1.000784 -0.222927
v 0.243034 -1.012931 -0.178699
v 0.233877 -0.958666 -0.284013
v 0.221721 -0.976268 -0.281154
v 0.097522 -1.008940 -0.269776
v 0.391770 -0.988573 -0.143228
v 0.405104 -1.003220 -0.036233
v 0.391937 -1.009637 -0.037250
v 0.342665 -0.995499 -0.151044
v 0.401081 -0.979386 -0.011026
v 0.105571 -1.071524 -0.108627
v 0.471273 -0.970096 -0.135975
v 0.444859 -0.972651 -0.159748
v 0.471063 -0.969148 -0.141936
v 0.331291 -0.973566 -0.265630
v 0.330215 -0.983311 -0.223720
v 0.313817 -0.977242 -0.269518
v 0.286685 -0.978999 -0.275053
v 0.052286 -1.058390 -0.175697
v 0.251401 -0.969237 -0.279264
v 0.462126 -0.932642 -0.162181
v 0.090078 -1.043363 -0.262110
v 0.015936 -1.034189 -0.200091
v 0.071245 -1.056977 -0.230248
v 0.461493 -0.931370 -0.083403
v 0.067789 -0.459252 0.907078
v -0.005454 -0.414181 0.940198
v -0.001706 -0.394359 0.949367
v 0.000985 -0.380125 0.955951
v 0.006088 -0.353137 0.968436
v 0.161938 -0.431889 0.906381
v 0.134427 -0.465749 0.893886
v 0.168043 -0.403126 0.919587
v 0.205710 -0.323693 0.952931
v 0.201782 -0.366105 0.932698
v 0.174645 -0.373138 0.933318
v 0.170078 -0.393883 0.923819
v 0.112815 -0.280743 0.987960
v 0.017630 -0.292093 0.996673
v 0.084970 -0.283733 0.990255
v 0.094424 -0.282936 0.989643
v 0.017003 -0.379236 1.018987
v 0.032208 -0.351443 1.065182
v 0.031588 -0.324144 1.053511
v 0.071544 -0.435773 1.057727
v 0.064459 -0.420644 1.059434
v 0.052224 -0.428384 1.041442
v 0.022609 -0.420790 1.015375
v 0.009892 -0.414271 1.002103
v 0.005241 -0.438013 0.991495
v 0.031909 -0.460815 1.001093
v 0.141202 -0.490099 0.952104
v 0.076964 -0.483771 0.964654
v 0.158636 -0.475479 0.972042
v 0.005284 -0.408211 0.982700
v 0.160192 -0.460415 0.999196
v 0.133157 -0.456795 1.012550
v 0.099672 -0.458184 1.012095
v 0.116045 -0.453876 1.020427
v 0.146453 -0.451808 1.016339
v 0.161780 -0.454491 1.009405
v 0.163028 -0.435400 1.046666
v 0.168361 -0.405708 0.921562
v 0.161681 -0.457913 0.995918
v 0.150553 -0.338151 1.057393
v 0.118643 -0.341221 1.058961
v 0.129218 -0.355835 1.058477
v 0.149370 -0.371612 1.054576
v 0.136822 -0.371098 1.055419
v 0.119480 -0.360250 1.057190
v 0.107585 -0.343168 1.059320
v 0.059113 -0.409274 1.061003
v 0.080236 -0.409614 1.057586
v 0.084188 -0.413319 1.056799
v 0.176518 -0.427492 1.043493
v 0.200978 -0.368625 1.049134
v 0.119120 -0.300804 1.025213
v 0.097685 -0.324000 1.043555
v 0.092081 -0.307634 1.033446
v 0.168657 -0.435927 0.982559
v 0.158655 -0.458004 0.999343
v 0.134000 -0.454976 1.011030
v 0.104452 -0.456563 1.012408
v 0.116256 -0.452571 1.018499
v 0.145506 -0.450697 1.013748
v 0.160040 -0.453347 1.007476
v 0.167792 -0.405080 0.922943
v 0.159619 -0.455694 0.996003
v 0.167603 -0.436325 0.981574
v 0.166554 -0.397149 0.925820
v 0.101013 -0.304911 1.031218
v 0.107505 -0.322797 1.042984
v 0.087189 -0.285708 0.990525
v 0.093153 -0.285340 0.990225
v 0.099739 -0.306724 1.030964
v 0.106024 -0.324057 1.042424
v 0.116657 -0.341538 1.057675
v 0.108332 -0.342751 1.057330
v 0.099421 -0.324169 1.042123
v 0.094191 -0.308786 1.032675
v 0.127321 -0.355753 1.057008
v 0.145022 -0.370264 1.052607
v 0.135982 -0.369546 1.053382
v 0.119633 -0.358718 1.055358
v 0.012526 -0.401183 1.008298
v 0.041143 -0.412423 1.036497
v 0.106829 -0.341951 1.053674
v 0.117543 -0.354508 1.054902
v 0.000503 -0.394893 0.952617
v 0.002926 -0.384374 0.957251
v 0.064123 -0.418743 1.056566
v 0.051648 -0.425170 1.039548
v 0.024116 -0.418393 1.014443
v 0.011217 -0.412616 1.001700
v 0.080985 -0.412365 1.054577
v 0.006678 -0.406772 0.982402
v 0.013633 -0.403174 1.006512
v 0.042453 -0.414423 1.034459
v 0.059632 -0.410926 1.056997
v 0.078395 -0.410590 1.054971
v 0.237718 0.830221 -0.421526
v 0.191396 0.848261 -0.384602
v 0.178188 0.895338 -0.279073
v 0.072684 0.900727 -0.275846
v 0.047289 0.821057 -0.458502
v 0.213870 0.768158 -0.564163
v 0.099551 0.753592 -0.606895
v -0.057082 0.997280 -0.480827
v -0.096323 0.976060 -0.407266
v -0.015325 0.990087 -0.372411
v 0.174450 0.984120 -0.326371
v 0.076923 0.995673 -0.307961
v 0.153455 0.910423 -0.642672
v 0.212270 0.961336 -0.542007
v 0.205949 0.903429 -0.610325
v 0.195624 0.992499 -0.413247
v -0.051293 0.988998 -0.523018
v 0.089070 0.977464 -0.546958
v 0.066276 0.897085 -0.680223
v -0.024905 0.938565 -0.619871
v -0.034521 0.942567 -0.614176
v -0.108608 0.810721 -0.495194
v -0.010896 0.779565 -0.557458
v 0.063470 0.746720 -0.625536
v -0.009140 0.888528 -0.310451
v -0.103630 0.874441 -0.350412
v 0.038021 0.986610 -0.348053
v 0.216911 0.984202 -0.500186
v 0.016083 0.981796 -0.358667
v 0.209475 0.996215 -0.479753
v 0.072585 0.893024 -0.683839
v 0.077143 0.895215 -0.681891
v 0.986401 -0.048663 -0.222216
v 0.992374 0.017181 -0.226686
v 0.979809 -0.021209 -0.281835
v 0.975895 -0.071147 -0.274528
v 1.001148 -0.003549 -0.157527
v 1.000822 0.023758 -0.177210
v 0.999383 -0.027067 -0.153591
v 0.996970 -0.091626 -0.127312
v 1.000173 -0.056855 -0.129360
v 0.997571 -0.051582 -0.149311
v 0.982263 -0.128640 -0.196971
v 0.971981 -0.121085 -0.267222
v 1.005355 -0.073336 -0.276708
v 1.022070 -0.109008 -0.272337
v 1.007286 -0.121985 -0.268807
v 1.053625 -0.053983 -0.248698
v 1.008839 -0.025114 -0.284150
v 1.025945 -0.015189 -0.268386
v 1.032839 0.017712 -0.183633
v 1.024593 0.011393 -0.231293
v 1.041273 0.000233 -0.173811
v 1.065793 -0.053540 -0.181438
v 1.064341 -0.057905 -0.170719
v 1.036251 -0.118988 -0.185541
v 1.052419 -0.098436 -0.150249
v 1.001719 -0.129438 -0.199529
v 0.945343 -0.196756 -0.277895
v 0.955710 -0.123874 -0.288658
v 0.950127 -0.113583 -0.311910
v 0.957916 -0.058679 -0.320080
v 0.941860 -0.047151 -0.376358
v 0.927195 -0.067638 -0.409576
v 0.909363 -0.072838 -0.461522
v 0.894382 -0.124387 -0.477500
v 0.893618 -0.183822 -0.445007
v 0.888489 -0.219973 -0.439627
v 0.914119 -0.209507 -0.366718
v 1.034514 -0.224345 -0.329789
v 1.050409 -0.157587 -0.344374
v 1.049149 -0.072769 -0.373530
v 1.042459 -0.107638 -0.365210
v 1.062965 -0.122342 -0.401452
v 1.070067 -0.080521 -0.405683
v 1.044575 -0.091645 -0.458997
v 1.001776 -0.138785 -0.486643
v 0.966737 -0.083746 -0.480125
v 0.971544 -0.235763 -0.466557
v 1.023068 -0.219313 -0.425034
v 1.057586 -0.083325 -0.446862
v 0.978944 -0.190595 -0.490373
v 1.030529 -0.220818 -0.406143
v 1.045912 -0.186585 -0.395255
v 1.041597 -0.227511 -0.344314
v 1.049255 -0.170094 -0.401680
v -0.396145 0.566702 0.736454
v -0.413639 0.506658 0.774187
v -0.482284 0.459860 0.759096
v -0.552416 0.443508 0.714126
v -0.608761 0.370796 0.720350
v -0.677137 0.331962 0.700552
v -0.722746 0.347699 0.646733
v -0.718329 0.420263 0.588813
v -0.737159 0.484449 0.509637
v -0.710881 0.549878 0.483848
v -0.673034 0.580856 0.488025
v -0.640278 0.582771 0.507185
v -0.618803 0.585408 0.511103
v -0.608641 0.601237 0.516114
v -0.596575 0.617234 0.516542
v -0.589110 0.633302 0.508701
v -0.564829 0.652412 0.512265
v -0.540906 0.669226 0.517669
v -0.518128 0.666314 0.539446
v -0.485224 0.670164 0.564872
v -0.465347 0.647111 0.602363
v -0.435319 0.638265 0.642260
v -0.418532 0.605640 0.683169
v -0.508255 0.637353 0.721534
v -0.610995 0.659320 0.716528
v -0.592206 0.657209 0.734619
v -0.542925 0.659800 0.659966
v -0.504008 0.621889 0.733703
v -0.586608 0.630688 0.762920
v -0.717755 0.506307 0.653124
v -0.720578 0.459607 0.691259
v -0.723300 0.538363 0.725752
v -0.721643 0.568066 0.701049
v -0.625819 0.673309 0.691675
v -0.601417 0.671591 0.607003
v -0.642113 0.671966 0.678767
v -0.690847 0.449219 0.726285
v -0.704203 0.531537 0.748291
v -0.651203 0.666649 0.678316
v -0.676346 0.651526 0.667043
v -0.681676 0.536746 0.755564
v -0.589984 0.495058 0.727961
v -0.651164 0.577267 0.753997
v -0.699820 0.637780 0.658894
v -0.690644 0.609363 0.584288
v -0.701006 0.637164 0.659023
v -0.550058 0.541864 0.767757
v -0.621719 0.584616 0.773050
v -0.519307 0.563209 0.774293
v -0.593984 0.605057 0.779118
v -0.724487 0.609440 0.622754
v -0.737336 0.536272 0.609136
v -0.733881 0.587802 0.673092
v -0.723191 0.618752 0.653935
v -0.645325 0.663854 0.685878
v -0.652072 0.659398 0.683965
v -0.648380 0.649024 0.681869
v -0.642506 0.652903 0.683535
v -0.628871 0.665006 0.699079
v -0.619155 0.652760 0.718241
v -0.635145 0.664335 0.694258
v -0.666818 0.651165 0.678397
v -0.701239 0.633908 0.666356
v -0.701392 0.634320 0.666072
v -0.714691 0.618506 0.664499
v -0.723793 0.593284 0.679796
v -0.713302 0.576308 0.703966
v -0.714718 0.550807 0.725168
v -0.699492 0.545362 0.743140
v -0.671173 0.564497 0.750831
v -0.653800 0.585074 0.747776
v -0.627604 0.591605 0.764713
v -0.604600 0.608544 0.769733
v -0.598728 0.628793 0.757009
v -0.603317 0.651119 0.733399
v -0.702917 0.554488 0.717739
v -0.701684 0.576688 0.699281
v -0.607052 0.604752 0.756537
v -0.627079 0.590005 0.752166
v -0.619723 0.643245 0.711709
v -0.605935 0.641817 0.724905
v -0.710818 0.591467 0.678240
v -0.702894 0.613425 0.664923
v -0.649884 0.584320 0.737421
v -0.665009 0.566405 0.740081
v -0.633643 0.653322 0.690830
v -0.691316 0.627192 0.666292
v -0.661217 0.641857 0.677022
v -0.691183 0.626833 0.666539
v -0.689662 0.549748 0.733385
v -0.601939 0.622380 0.745460
v -0.628181 0.653906 0.695027
v 0.376324 0.756281 0.563775
v 0.339608 0.818156 0.476346
v 0.296084 0.891507 0.372703
v 0.470356 0.811235 0.306104
v 0.477919 0.781392 0.362693
v 0.513657 0.749037 0.384900
v 0.533237 0.710926 0.443065
v 0.551716 0.657712 0.536871
v 0.547642 0.637826 0.583191
v 0.493070 0.642089 0.655490
v 0.589419 0.651109 0.498176
v 0.613034 0.857386 0.605678
v 0.607885 0.857269 0.667135
v 0.631896 0.808120 0.691598
v 0.671573 0.813493 0.625971
v 0.699307 0.803854 0.561018
v 0.691502 0.826888 0.545135
v 0.601588 0.925220 0.442665
v 0.616427 0.901006 0.479007
v 0.625084 0.844532 0.509871
v 0.438818 0.849021 0.265672
v 0.530636 0.906923 0.348510
v 0.568085 0.842082 0.705671
v 0.531914 0.877461 0.677256
v 0.569181 0.762905 0.709032
v 0.501284 0.922784 0.565894
v 0.402471 0.988234 0.489103
v 0.416729 1.029221 0.432327
v 0.306550 0.914755 0.305365
v 0.279674 0.954548 0.253779
v 0.304681 0.956912 0.212896
v 0.449840 0.890050 0.157423
v 0.459502 0.852933 0.227443
v 0.408600 1.068254 0.257578
v 0.515163 1.038506 0.227105
v 0.515985 0.995048 0.203954
v 0.582901 0.989887 0.385277
v 0.557149 0.894098 0.589312
v 0.476098 1.003300 0.459176
v 0.485940 0.969065 0.505545
v 0.539747 1.008215 0.269748
v 0.553489 0.982291 0.317467
v 0.566131 0.999691 0.329576
v 0.384127 1.079978 0.338363
v 0.487928 1.049683 0.315452
v 0.465036 1.050864 0.369735
v 0.406287 0.937803 0.536694
v -0.532548 -0.780176 0.169077
v -0.498962 -0.817671 0.132322
v -0.557241 -0.878176 0.190080
v -0.596461 -0.902868 0.266098
v -0.391540 -0.770720 0.385166
v -0.412801 -0.732352 0.440912
v -0.518449 -0.903484 0.463963
v -0.534073 -0.740808 0.254348
v -0.583414 -0.692473 0.293363
v -0.554827 -0.682645 0.354733
v -0.590636 -0.639347 0.401291
v -0.585279 -0.623870 0.443057
v -0.603861 -0.591139 0.489997
v -0.558408 -0.601685 0.529478
v -0.516377 -0.601703 0.587594
v -0.467733 -0.615861 0.623474
v -0.423428 -0.649372 0.610394
v -0.348354 -0.680688 0.644758
v -0.292863 -0.729560 0.613058
v -0.287995 -0.756403 0.560213
v -0.346243 -0.733819 0.529746
v -0.383542 -0.725282 0.497089
v -0.393832 -0.805896 0.303916
v -0.411800 -0.814883 0.259108
v -0.417346 -0.840992 0.193484
v -0.678106 -0.710244 0.543657
v -0.453464 -0.899354 0.621281
v -0.537283 -0.880952 0.555112
v -0.663961 -0.819084 0.436496
v -0.598677 -0.844447 0.301040
v -0.633183 -0.863641 0.341266
v -0.645855 -0.844004 0.367319
v -0.358404 -0.834701 0.660426
v -0.596078 -0.890601 0.332764
v -0.376107 -0.725210 0.664816
v -0.509327 -0.946323 0.287134
v -0.500903 -0.952201 0.332365
v -0.513966 -0.767899 0.689565
v -0.625523 -0.776631 0.645787
v -0.569014 -0.784945 0.699447
v -0.695023 -0.757859 0.552005
v -0.617194 -0.829291 0.655849
v -0.594218 -0.837196 0.678954
v -0.597625 -0.853994 0.521655
v -0.536118 -0.888193 0.622437
v -0.452215 -0.887771 0.662725
v -0.558435 -0.843170 0.701767
v -0.452108 -0.837000 0.709675
v 0.013421 0.843353 -0.283605
v -0.113716 0.807756 -0.365625
v -0.132812 1.013875 -0.425484
v -0.122706 1.090335 -0.429621
v -0.092479 1.101724 -0.400047
v -0.009393 1.089610 -0.355121
v -0.113993 1.145216 -0.233436
v -0.127301 0.869162 -0.149843
v -0.015591 0.875734 -0.162850
v -0.035608 1.024792 -0.215501
v -0.101365 1.144815 -0.243398
v -0.230873 0.833772 -0.238667
v -0.145101 0.811361 -0.343199
v -0.188447 0.860557 -0.159967
v -0.214046 1.136879 -0.240214
v -0.214050 1.136876 -0.240221
v -0.251925 1.061008 -0.304659
v -0.193513 1.088839 -0.377910
v -0.154297 1.085394 -0.427085
v -0.195625 1.141557 -0.229983
v -0.154116 1.137544 -0.257043
v -0.081349 1.124812 -0.318264
v 0.226379 0.733906 -0.388195
v 0.239348 0.783468 -0.261338
v 0.311720 0.901312 -0.387109
v 0.395091 1.038692 -0.502046
v 0.393254 1.030421 -0.522770
v 0.394097 0.639451 -0.367464
v 0.331815 0.660524 -0.406006
v 0.513084 0.942388 -0.553217
v 0.470088 0.817716 -0.451312
v 0.508561 0.815426 -0.413966
v 0.371216 0.716419 -0.229146
v 0.410495 0.671499 -0.274509
v 0.571574 0.906841 -0.378781
v 0.571976 0.992522 -0.362459
v 0.558935 1.007435 -0.347399
v 0.330025 0.726824 -0.262414
v 0.297944 0.757859 -0.237817
v 0.278020 0.769127 -0.240175
v 0.264724 0.706516 -0.396220
v 0.308263 0.674933 -0.406396
v 0.450481 1.068774 -0.360233
v 0.405476 1.085463 -0.384862
v 0.404287 0.841582 -0.490177
v 0.474824 0.964728 -0.556200
v 0.585564 0.917866 -0.508364
v 0.426297 1.008084 -0.526896
v 0.425939 1.050288 -0.434426
v 0.496928 1.042505 -0.354737
v 0.594391 0.935117 -0.458326
v 0.361552 0.872978 -0.468528
v -0.895824 0.349379 0.268797
v -0.908534 0.315068 0.196897
v -0.884628 0.377468 0.120424
v -0.843807 0.485942 0.180073
v -0.850768 0.467917 0.216651
v -0.868521 0.421204 0.236636
v -0.875223 0.403836 0.270452
v -1.086735 0.422262 0.277012
v -1.143506 0.430967 0.239770
v -1.147594 0.419791 0.202886
v -1.103547 0.536604 0.243939
v -1.113804 0.509929 0.286505
v -0.980282 0.412098 0.119404
v -1.114294 0.507181 0.142581
v -1.105465 0.530657 0.157046
v -1.063066 0.568913 0.179235
v -1.122766 0.486300 0.291814
v -1.089336 0.573885 0.217060
v -1.134283 0.454880 0.167010
v -0.884184 0.395900 0.265970
v -1.006544 0.442203 0.265503
v -1.100818 0.390833 0.243915
v -0.912491 0.321294 0.285743
v -0.937886 0.253675 0.234989
v -1.116977 0.328064 0.243501
v -1.127271 0.262833 0.267255
v -0.912719 0.318240 0.042863
v -0.884168 0.394323 0.105608
v -0.979716 0.143412 0.262329
v -0.989453 0.117459 0.240507
v -0.989434 0.115535 0.044849
v -1.072068 0.466224 0.186127
v -1.060950 0.461221 0.104933
v -1.056887 0.372795 0.042313
v -1.162467 0.179955 0.161578
v -1.128986 0.169566 0.239988
v -1.122679 0.235101 0.267528
v -1.155710 0.210264 0.100837
v -1.165811 0.180614 0.133427
v -1.072066 0.465960 0.159305
v -1.146103 0.174775 0.076723
v -1.137940 0.171733 0.044282
v -0.933461 0.260249 0.314243
v -0.943821 0.232726 0.299758
v -0.964854 0.177313 0.316433
v -0.973060 0.155117 0.265732
v -0.940127 0.241616 0.213356
v -0.908033 0.327013 0.271384
v -0.908127 0.326108 0.206323
v -1.039051 0.228869 0.169227
v -1.026903 0.185463 0.162699
v -1.028593 0.183779 0.209907
v -1.013638 0.198122 0.311238
v -1.024034 0.169885 0.267733
v -0.989160 0.351119 0.235890
v -1.008649 0.312021 0.287148
v -0.981403 0.345541 0.267322
v -1.020540 0.244820 0.305559
v -1.036151 0.250916 0.163481
v -1.023758 0.290199 0.226906
v -0.988266 0.352914 0.185185
v -1.012307 0.304687 0.154701
v -1.014674 0.299938 0.151335
v -0.944362 0.229576 0.129358
v -0.925482 0.279811 0.163333
v -0.907175 0.328403 0.184659
v -0.972362 0.156482 0.218284
v -0.971557 0.158057 0.163491
v -1.025199 0.176339 0.240513
v -1.018679 0.291897 0.298861
v -1.024258 0.177392 0.227438
v -1.024529 0.280163 0.299885
v -0.985954 0.355999 0.187325
v -0.986786 0.355883 0.190068
v -1.055957 0.360355 0.231676
v -1.067626 0.333064 0.217757
v -1.092512 0.279623 0.235527
v -1.100738 0.256335 0.185321
v -1.061091 0.338893 0.131263
v -1.025282 0.423997 0.187521
v -1.023704 0.420982 0.122542
v -1.159411 0.330829 0.084744
v -1.149826 0.286567 0.079907
v -1.152871 0.286528 0.127077
v -1.139747 0.303215 0.228303
v -1.150726 0.274269 0.185411
v -1.103776 0.451881 0.149001
v -1.127020 0.415745 0.200864
v -1.097219 0.446862 0.180798
v -1.143567 0.350039 0.220992
v -1.154989 0.352456 0.078406
v -1.141857 0.392945 0.140917
v -1.101425 0.451966 0.098311
v -1.127611 0.404343 0.068655
v -1.130180 0.399642 0.065371
v -1.063837 0.324408 0.047589
v -1.042768 0.374466 0.080524
v -1.022037 0.422507 0.100854
v -1.098696 0.256109 0.137893
v -1.096339 0.255847 0.083123
v -1.150763 0.279893 0.157982
v -1.138595 0.396669 0.212901
v -1.149410 0.280460 0.144913
v -1.145190 0.385357 0.214120
v -1.098983 0.454971 0.100420
v -1.099893 0.454996 0.103140
v -0.058630 0.081284 0.980488
v 0.031501 0.054573 0.976650
v 0.043436 -0.062524 0.989792
v -0.099240 -0.112116 1.006910
v -0.114982 -0.066710 1.002683
v -0.092296 -0.008840 0.993953
v -0.106251 0.033770 0.989923
v -0.047873 0.116616 1.217483
v -0.001832 0.104882 1.281634
v 0.038952 0.085418 1.280784
v -0.095021 0.013481 1.299908
v -0.108504 0.071433 1.293996
v 0.054727 -0.047363 1.108295
v 0.015958 -0.041164 1.297797
v -0.016240 -0.050653 1.301456
v -0.077689 -0.079245 1.278837
v -0.083629 -0.086172 1.191189
v -0.058537 -0.081526 1.185015
v -0.083672 -0.088683 1.182077
v -0.092954 0.096868 1.289723
v -0.103852 -0.041441 1.307200
v 0.039654 0.025314 1.288068
v -0.100732 -0.062388 1.181923
v 0.125727 -0.079308 0.993148
v 0.095286 -0.131739 0.996948
v 0.045080 -0.135502 0.999280
v 0.006665 -0.162269 1.002202
v -0.037666 -0.135238 1.002818
v -0.056051 -0.072429 1.000619
v 0.063010 0.010532 0.991565
v 0.113904 -0.089704 1.116125
v 0.094790 -0.102028 1.121026
v 0.090358 -0.110979 1.121665
v 0.049678 -0.130862 1.048032
v -0.020044 -0.124286 1.122183
v -0.048403 -0.071990 1.116748
v 0.014641 -0.138849 1.122947
v 0.009680 -0.026422 1.108892
v 0.035338 -0.110276 1.121533
v 0.057604 0.019947 1.108718
v 0.071768 0.060819 0.980098
v 0.151667 0.028777 0.980599
v 0.177194 -0.050512 0.986863
v 0.100286 -0.091536 0.992735
v 0.074957 -0.084997 0.992896
v 0.043083 -0.088627 0.994147
v 0.008408 -0.022469 0.989310
v 0.021281 0.018378 0.985324
v 0.070751 0.042573 1.227844
v 0.092651 0.062109 1.225803
v 0.114652 0.053654 1.233694
v 0.050367 -0.024719 1.240886
v 0.062565 -0.048316 1.240453
v 0.085419 -0.038993 1.237650
v 0.108561 -0.053758 1.218908
v 0.167255 -0.033890 1.225118
v 0.173353 -0.017944 1.225116
v 0.153017 0.046579 1.234673
v 0.032590 0.012234 1.230469
v 0.029825 0.024287 1.158811
v 0.031294 -0.008272 1.230156
v 0.168121 -0.031130 1.194738
v 0.078399 -0.075860 1.134868
v 0.170318 -0.018448 1.067948
v 0.171478 -0.026111 1.070736
v 0.176501 -0.043926 1.057943
v 0.053419 0.035546 1.229012
v 0.164534 -0.049587 1.066244
v -0.080844 -0.077867 1.184860
v -0.447125 -0.924456 -0.105051
v -0.454395 -0.975999 -0.086232
v -0.370572 -1.005692 -0.147456
v -0.349504 -0.959037 -0.176354
v -0.484313 -0.973575 0.017475
v -0.481969 -0.921633 0.015729
v -0.437731 -0.951889 0.129472
v -0.446329 -0.999555 0.115140
v -0.335111 -1.001068 0.182957
v -0.358215 -1.041781 0.161064
v -0.222127 -1.046157 0.151157
v -0.261201 -1.080497 0.133759
v -0.151643 -1.066060 0.048951
v -0.200680 -1.097587 0.046001
v -0.156642 -1.051463 -0.075836
v -0.204972 -1.085053 -0.061147
v -0.234783 -1.009197 -0.164816
v -0.272068 -1.048761 -0.137549
v -0.238630 -1.081516 0.034678
v -0.324801 -1.164822 0.011766
v -0.350448 -1.157580 0.048955
v -0.280483 -1.062124 0.100511
v -0.441292 -1.058507 0.041411
v -0.247467 -1.082093 -0.048382
v -0.326619 -1.159511 -0.033641
v -0.353521 -1.040817 0.118595
v -0.391560 -1.141173 0.060527
v -0.428901 -1.123278 0.041065
v -0.418510 -1.017595 0.086811
v -0.423667 -0.992841 -0.061762
v -0.432319 -1.113296 -0.044272
v -0.396797 -1.125879 -0.070217
v -0.362794 -1.023942 -0.109749
v -0.290694 -1.045907 -0.099188
v -0.355053 -1.144131 -0.066019
v -0.321684 -1.103050 0.076641
v -0.445486 -0.991073 0.013873
v -0.444998 -1.112269 -0.000323
v -0.336502 -1.159474 0.008265
v -0.385935 -1.223865 -0.005956
v -0.395164 -1.220534 0.008662
v -0.357036 -1.153676 0.038041
v -0.426850 -1.201175 -0.009406
v -0.423094 -1.201548 -0.023899
v -0.425845 -1.199892 -0.026012
v -0.430260 -1.199453 -0.008976
v -0.419850 -1.126212 0.031724
v -0.424095 -1.204601 0.006691
v -0.432738 -1.117397 -0.001414
v -0.386866 -1.221360 -0.023357
v -0.337958 -1.155222 -0.028091
v -0.407434 -1.169437 0.030416
v -0.419248 -1.165337 0.031645
v -0.412915 -1.205712 -0.036448
v -0.394146 -1.128295 -0.057375
v -0.422587 -1.118219 -0.036602
v -0.397522 -1.214191 -0.035399
v -0.360724 -1.142908 -0.054014
v -0.410235 -1.212927 0.013656
v -0.389953 -1.140539 0.047306
v -0.408501 -1.198488 -0.031953
v -0.412095 -1.206499 -0.032776
v -0.419499 -1.193537 -0.023076
v -0.399000 -1.213711 -0.031884
v -0.389144 -1.221941 -0.006837
v -0.396995 -1.219107 0.005598
v -0.421605 -1.205553 0.003921
v -0.389936 -1.219809 -0.021640
v -0.409815 -1.212635 0.009846
v -0.386342 -1.211799 -0.020817
v -0.395406 -1.205701 -0.031061
v -0.393401 -1.211097 0.006420
v -0.406220 -1.204625 0.010669
v -0.423255 -1.193164 -0.008583
v -0.385550 -1.213930 -0.006015
v -0.418011 -1.197543 0.004743
v -0.334967 -1.099261 0.095517
v -0.416752 -1.064101 -0.080167
v -0.428658 -1.050120 -0.040649
v -0.482053 -0.867041 -0.072541
v -0.388188 -0.895853 -0.185550
v -0.489129 -0.878904 0.076527
v -0.406107 -0.925892 0.191901
v -0.271833 -0.986017 0.219599
v -0.149134 -1.031148 0.146658
v -0.095424 -1.040166 0.007210
v -0.135834 -1.008852 -0.133496
v -0.251456 -0.951859 -0.209624
v 0.170241 -0.949593 0.317090
v 0.273807 -0.912137 0.290792
v 0.396580 -0.867734 0.259617
v 0.319314 -0.927171 0.081440
v 0.264789 -0.944368 0.111131
v 0.218090 -0.965370 0.097157
v 0.152932 -0.988181 0.118442
v 0.057960 -1.019272 0.163013
v 0.019645 -1.027947 0.194860
v 0.001193 -1.022914 0.283504
v 0.062139 -1.026163 0.109184
v 0.176396 -1.193705 0.225543
v 0.147482 -1.218192 0.274203
v 0.088494 -1.223363 0.265025
v 0.115393 -1.225118 0.193030
v 0.132322 -1.211020 0.125239
v 0.161285 -1.209115 0.124118
v 0.315752 -1.143010 0.129025
v 0.274065 -1.158999 0.140597
v 0.209574 -1.152171 0.143912
v 0.378449 -0.903517 0.080662
v 0.363889 -1.038030 0.099090
v 0.125657 -1.199065 0.323778
v 0.178032 -1.176349 0.334183
v 0.057474 -1.162885 0.305789
v 0.277966 -1.124303 0.282238
v 0.394523 -1.047442 0.303486
v 0.453123 -1.051767 0.262815
v 0.446430 -0.855738 0.209065
v 0.511562 -0.831370 0.197624
v 0.527425 -0.832201 0.152347
v 0.463067 -0.881708 0.003936
v 0.395367 -0.903119 0.040436
v 0.573304 -0.984095 0.148343
v 0.537225 -1.034582 0.051810
v 0.511980 -1.003352 0.023303
v 0.402538 -1.134148 0.114394
v 0.228817 -1.162578 0.257509
v 0.403751 -1.095570 0.239127
v 0.349994 -1.107602 0.258734
v 0.484983 -1.057749 0.060439
v 0.436568 -1.077342 0.080688
v 0.442109 -1.100776 0.086102
v 0.549574 -1.008933 0.226333
v 0.510013 -1.060597 0.136984
v 0.490041 -1.069244 0.191742
v 0.328088 -1.047684 0.323712
v 0.824461 0.178294 -0.615869
v 0.879647 0.182346 -0.614543
v 0.867178 0.284960 -0.583381
v 0.809940 0.297801 -0.579577
v 0.922632 0.089823 -0.579215
v 0.874522 0.070540 -0.574725
v 0.936701 0.024959 -0.475397
v 0.976022 0.050685 -0.493927
v 0.981902 0.062878 -0.364361
v 1.014834 0.083244 -0.398587
v 0.988976 0.166555 -0.293573
v 1.020907 0.172266 -0.337805
v 0.954612 0.287478 -0.296155
v 0.991401 0.276096 -0.340022
v 0.894890 0.369066 -0.370899
v 0.940121 0.346151 -0.404200
v 0.837755 0.373143 -0.482831
v 0.891061 0.349652 -0.500310
v 0.979816 0.256834 -0.376373
v 1.062968 0.261409 -0.465565
v 1.075472 0.217409 -0.464625
v 0.995326 0.178118 -0.371363
v 1.000349 0.131650 -0.536230
v 0.950432 0.312457 -0.431327
v 1.041237 0.291097 -0.492762
v 0.996906 0.116185 -0.419085
v 1.072898 0.179683 -0.490383
v 1.056451 0.165885 -0.530786
v 0.976243 0.093987 -0.488751
v 0.898313 0.188460 -0.576585
v 1.015609 0.221680 -0.581901
v 1.010325 0.265166 -0.568695
v 0.896546 0.269544 -0.556637
v 0.906637 0.310479 -0.493273
v 1.020446 0.292581 -0.533491
v 1.031161 0.190128 -0.421502
v 0.929662 0.120983 -0.550819
v 1.033825 0.182471 -0.566929
v 1.059037 0.255312 -0.476751
v 1.121349 0.265693 -0.529680
v 1.125663 0.248660 -0.528583
v 1.069048 0.220082 -0.475999
v 1.107338 0.236323 -0.563471
v 1.101443 0.249035 -0.568758
v 1.099667 0.248370 -0.572101
v 1.106596 0.233427 -0.565887
v 1.053819 0.178830 -0.528971
v 1.116034 0.227600 -0.552215
v 1.035704 0.192109 -0.557909
v 1.112640 0.276745 -0.540262
v 1.041638 0.279081 -0.498527
v 1.090055 0.204721 -0.522574
v 1.089074 0.195657 -0.531222
v 1.098489 0.265438 -0.567950
v 1.016888 0.258319 -0.559323
v 1.021119 0.223502 -0.569896
v 1.103613 0.276644 -0.555376
v 1.024992 0.280269 -0.531137
v 1.123564 0.233616 -0.537483
v 1.066988 0.189877 -0.496622
v 1.092818 0.261554 -0.561270
v 1.100441 0.263555 -0.565226
v 1.093820 0.247035 -0.564801
v 1.104799 0.273087 -0.554529
v 1.119887 0.263771 -0.532672
v 1.123556 0.249282 -0.531738
v 1.115365 0.231367 -0.551841
v 1.112479 0.273173 -0.541673
v 1.121771 0.236484 -0.539309
v 1.104856 0.271173 -0.537716
v 1.097176 0.271087 -0.550573
v 1.115933 0.247282 -0.527781
v 1.114148 0.234484 -0.535352
v 1.099714 0.234323 -0.559515
v 1.112264 0.261771 -0.528715
v 1.107742 0.229366 -0.547885
v 1.037455 0.167601 -0.421234
v 0.954463 0.235522 -0.586428
v 0.959125 0.194503 -0.572478
v 0.791564 0.111534 -0.621729
v 0.756676 0.256796 -0.612058
v 0.860361 0.004606 -0.542701
v 0.930875 -0.013954 -0.411952
v 0.970112 0.064538 -0.290662
v 0.959714 0.203354 -0.235583
v 0.904544 0.337542 -0.272487
v 0.830418 0.404312 -0.384106
v 0.772021 0.372424 -0.518213
v 0.213969 -0.412387 -0.794415
v 0.316532 -0.366757 -0.779606
v 0.438114 -0.312665 -0.762050
v 0.332064 -0.165907 -0.854057
v 0.280434 -0.204413 -0.855368
v 0.230331 -0.201377 -0.872618
v 0.166511 -0.234417 -0.879996
v 0.075514 -0.294958 -0.885204
v 0.041049 -0.331606 -0.880040
v 0.035135 -0.416931 -0.849905
v 0.071773 -0.244883 -0.906204
v 0.181967 -0.390413 -1.052296
v 0.157312 -0.446516 -1.059232
v 0.097415 -0.444992 -1.058414
v 0.114206 -0.373875 -1.082300
v 0.123414 -0.303470 -1.088567
v 0.152010 -0.299003 -1.091022
v 0.311911 -0.270413 -1.047798
v 0.270662 -0.289972 -1.054378
v 0.208272 -0.297696 -1.038114
v 0.392753 -0.152867 -0.839773
v 0.366546 -0.208474 -0.961700
v 0.144400 -0.490948 -1.025190
v 0.199806 -0.489540 -1.007999
v 0.078671 -0.470677 -0.985816
v 0.296946 -0.415758 -0.985325
v 0.422793 -0.403655 -0.922392
v 0.474698 -0.360075 -0.945052
v 0.481824 -0.256064 -0.770432
v 0.547086 -0.232027 -0.759032
v 0.556637 -0.187333 -0.773646
v 0.468303 -0.065092 -0.850282
v 0.404142 -0.112570 -0.852060
v 0.585173 -0.220182 -0.926288
v 0.531473 -0.145062 -0.994422
v 0.506139 -0.111801 -0.968399
v 0.396442 -0.245381 -1.055031
v 0.241167 -0.407358 -1.021524
v 0.418251 -0.354195 -0.986241
v 0.366591 -0.381570 -0.985309
v 0.478669 -0.164801 -1.007171
v 0.431554 -0.194312 -1.014042
v 0.435241 -0.205307 -1.035830
v 0.569472 -0.303943 -0.926735
v 0.513166 -0.236364 -0.993669
v 0.499814 -0.293115 -0.985118
v 0.359975 -0.429682 -0.908278
v 0.943084 -0.327631 0.000226
v 0.957139 -0.255446 -0.011040
v 0.958900 -0.246541 -0.035440
v 0.969488 -0.192166 -0.043992
v 0.971150 -0.183983 -0.103052
v 0.966826 -0.206422 -0.137924
v 0.965281 -0.214697 -0.192445
v 0.955098 -0.267150 -0.209236
v 0.943880 -0.324611 -0.175157
v 0.936909 -0.360414 -0.169526
v 0.939693 -0.345635 -0.093001
v 1.043328 -0.357766 -0.020951
v 1.063723 -0.291891 -0.033857
v 1.072339 -0.208906 -0.066796
v 1.063016 -0.243266 -0.058904
v 1.093230 -0.259946 -0.086455
v 1.101815 -0.218408 -0.090722
v 1.093293 -0.232711 -0.148504
v 1.060115 -0.281563 -0.184984
v 1.025447 -0.226400 -0.192374
v 1.024005 -0.377356 -0.169423
v 1.060960 -0.358299 -0.115380
v 1.102186 -0.223644 -0.133521
v 1.038773 -0.333606 -0.192443
v 1.062409 -0.358676 -0.095068
v 1.074274 -0.323802 -0.082027
v 1.054390 -0.361734 -0.032487
v 1.079598 -0.307694 -0.088078
v -0.613620 -0.790941 -0.162613
v -0.626786 -0.814752 -0.234867
v -0.608108 -0.833909 -0.235771
v -0.570063 -0.871249 -0.221521
v -0.591377 -0.847773 -0.179436
v -0.682828 -0.715418 -0.343336
v -0.688760 -0.697369 -0.382917
v -0.633739 -0.735551 -0.394461
v -0.372417 -0.914048 -0.315502
v -0.374409 -0.883641 -0.386795
v -0.450473 -0.797920 -0.446852
v -0.560528 -0.712034 -0.439328
v -0.675263 -0.639113 -0.390343
v -0.741446 -0.620328 -0.304459
v -0.710156 -0.704314 -0.159130
v -0.604726 -0.785044 -0.170168
v -0.426337 -0.906208 -0.227052
v -0.727143 -0.741705 -0.203781
v -0.719051 -0.710210 -0.151574
v -0.727573 -0.714601 -0.162341
v -0.731758 -0.730941 -0.206568
v -0.467826 -0.814285 -0.443525
v -0.465170 -0.844091 -0.421854
v -0.471156 -0.837262 -0.426785
v -0.481626 -0.824747 -0.438139
v -0.506811 -0.812794 -0.448072
v -0.578184 -0.768791 -0.418568
v -0.584608 -0.776752 -0.387016
v -0.594179 -0.789899 -0.343157
v -0.571784 -0.720054 -0.436644
v -0.592565 -0.723406 -0.431879
v -0.694931 -0.658342 -0.388173
v -0.476715 -0.890554 -0.349831
v -0.466048 -0.938411 -0.252691
v -0.479428 -0.932809 -0.250422
v -0.514159 -0.857658 -0.343818
v -0.447288 -0.927026 -0.225523
v -0.717397 -0.747808 -0.241743
v -0.411229 -0.937692 -0.364128
v -0.432922 -0.913962 -0.379482
v -0.411384 -0.935324 -0.369682
v -0.518974 -0.804479 -0.448169
v -0.521852 -0.821279 -0.408646
v -0.533360 -0.793253 -0.447186
v -0.552623 -0.773419 -0.444855
v -0.749606 -0.683035 -0.289465
v -0.568119 -0.740697 -0.437986
v -0.391762 -0.900005 -0.383468
v -0.724941 -0.677174 -0.381544
v -0.757293 -0.634828 -0.300379
v -0.743300 -0.681005 -0.346852
v -0.381357 -0.920001 -0.307969
v 0.418042 -1.516330 -0.768615
v 0.371608 -1.537511 -0.761095
v 0.403905 -1.489283 -0.737069
v 0.341808 -1.564092 -0.736001
v 0.360583 -1.592643 -0.762648
v 0.457651 -1.486534 -0.742944
v 0.458570 -1.533064 -0.770600
v 0.405392 -1.564569 -0.781818
v 0.341258 -1.606562 -0.720413
v 0.396756 -1.482041 -0.695127
v 0.359096 -1.517357 -0.717900
v 0.372637 -1.511804 -0.668731
v 0.488195 -1.477365 -0.705121
v 0.445140 -1.466380 -0.699749
v 0.479562 -1.477550 -0.663388
v 0.489758 -1.556526 -0.752174
v 0.499805 -1.510161 -0.733280
v 0.514266 -1.551138 -0.711768
v 0.399286 -1.610125 -0.771258
v 0.447546 -1.588196 -0.772154
v 0.428790 -1.630872 -0.747011
v 0.340339 -1.560032 -0.692756
v 0.425815 -1.480299 -0.657513
v 0.513346 -1.504608 -0.684111
v 0.481968 -1.599367 -0.735793
v 0.375043 -1.633620 -0.741136
v 0.364846 -1.554645 -0.652350
v 0.354800 -1.601010 -0.671244
v 0.396035 -1.578107 -0.633924
v 0.455318 -1.501045 -0.633266
v 0.407059 -1.522975 -0.632370
v 0.449213 -1.546602 -0.622706
v 0.512796 -1.547079 -0.668523
v 0.494022 -1.518528 -0.641876
v 0.482997 -1.573660 -0.643429
v 0.457849 -1.629130 -0.709397
v 0.495509 -1.593814 -0.686624
v 0.450700 -1.621888 -0.667454
v 0.366410 -1.633806 -0.699403
v 0.409465 -1.644791 -0.704775
v 0.396954 -1.624636 -0.661580
v 0.436563 -1.594841 -0.635909
v 0.566286 -1.452825 -0.736673
v 0.494507 -1.465422 -0.701368
v 0.570034 -1.403262 -0.688200
v 0.452943 -1.490865 -0.648536
v 0.457618 -1.544009 -0.692124
v 0.646446 -1.421073 -0.722623
v 0.618142 -1.494241 -0.757066
v 0.524240 -1.521649 -0.743930
v 0.443725 -1.552779 -0.621436
v 0.581437 -1.385111 -0.626133
v 0.503412 -1.425621 -0.636394
v 0.547555 -1.417449 -0.573825
v 0.711437 -1.415413 -0.684698
v 0.655351 -1.381271 -0.657650
v 0.717871 -1.407852 -0.621386
v 0.663285 -1.539895 -0.743297
v 0.703460 -1.472251 -0.726517
v 0.719301 -1.537249 -0.698392
v 0.503527 -1.586526 -0.720947
v 0.581254 -1.572828 -0.747823
v 0.549870 -1.626818 -0.698423
v 0.472028 -1.479610 -0.586993
v 0.641459 -1.390040 -0.586962
v 0.747604 -1.464079 -0.663948
v 0.643774 -1.599409 -0.711560
v 0.473458 -1.609007 -0.663998
v 0.528044 -1.476963 -0.542087
v 0.487869 -1.544608 -0.558868
v 0.573187 -1.522618 -0.528318
v 0.687802 -1.430333 -0.564438
v 0.610075 -1.444030 -0.537561
v 0.667089 -1.495209 -0.541455
v 0.738386 -1.525993 -0.636848
v 0.733711 -1.472849 -0.593260
v 0.696822 -1.551437 -0.584017
v 0.609892 -1.631747 -0.659251
v 0.687917 -1.591238 -0.648990
v 0.621295 -1.613597 -0.597185
v 0.479892 -1.601445 -0.600686
v 0.535978 -1.635587 -0.627735
v 0.544883 -1.595786 -0.562761
v 0.625042 -1.564034 -0.548711
v 1.091616 0.590311 -1.195179
v 1.130026 0.593495 -1.141842
v 1.067211 0.634207 -1.170439
v 1.174564 0.618778 -1.110281
v 1.200677 0.581042 -1.141092
v 1.050285 0.630183 -1.237266
v 1.102639 0.586984 -1.249969
v 1.151921 0.564310 -1.190994
v 1.230283 0.630792 -1.119326
v 1.067697 0.688042 -1.158934
v 1.115967 0.650940 -1.120537
v 1.115114 0.714704 -1.135219
v 1.038901 0.681197 -1.272628
v 1.036226 0.687629 -1.215962
v 1.048906 0.733354 -1.261023
v 1.127972 0.607701 -1.294240
v 1.071654 0.640405 -1.295493
v 1.123156 0.660969 -1.322880
v 1.211815 0.569125 -1.193905
v 1.173291 0.574531 -1.249220
v 1.235254 0.597582 -1.235306
v 1.177929 0.673992 -1.106622
v 1.065831 0.737379 -1.194196
v 1.070801 0.704169 -1.310176
v 1.185971 0.620257 -1.294282
v 1.252179 0.601606 -1.168478
v 1.173113 0.727260 -1.135261
v 1.229431 0.694555 -1.134008
v 1.198445 0.747977 -1.179532
v 1.089269 0.765836 -1.235597
v 1.127794 0.760430 -1.180281
v 1.149163 0.770651 -1.238508
v 1.126521 0.716182 -1.319220
v 1.100408 0.753918 -1.288409
v 1.171059 0.741465 -1.287660
v 1.233388 0.646918 -1.270567
v 1.185118 0.684021 -1.308964
v 1.233873 0.700753 -1.259062
v 1.262184 0.653764 -1.156873
v 1.264859 0.647332 -1.213539
v 1.250799 0.704777 -1.192235
v 1.209469 0.744650 -1.234322
v 0.984530 0.649999 -1.365324
v 1.023326 0.688417 -1.277641
v 0.931214 0.720260 -1.357338
v 1.074343 0.748269 -1.230515
v 1.131065 0.683983 -1.249807
v 0.929234 0.677745 -1.458001
v 1.020122 0.619625 -1.440514
v 1.078274 0.626222 -1.329046
v 1.158331 0.770848 -1.233066
v 0.917632 0.802444 -1.366106
v 0.984005 0.778022 -1.278100
v 0.975329 0.860812 -1.330251
v 0.914263 0.730112 -1.537364
v 0.889912 0.767349 -1.458461
v 0.915197 0.811699 -1.542383
v 1.068892 0.631233 -1.507614
v 0.978820 0.666714 -1.541637
v 1.061034 0.691383 -1.576302
v 1.167827 0.642455 -1.317971
v 1.127862 0.615191 -1.412681
v 1.211299 0.666136 -1.385134
v 1.067442 0.828969 -1.250552
v 0.917176 0.854216 -1.441720
v 0.970145 0.749503 -1.593788
v 1.153147 0.659540 -1.496603
v 1.213279 0.708653 -1.284471
v 1.059583 0.889119 -1.319240
v 1.149656 0.853638 -1.285217
v 1.108353 0.900727 -1.386340
v 0.960649 0.877896 -1.508883
v 1.000614 0.905161 -1.414173
v 1.050202 0.894130 -1.497808
v 1.054133 0.772083 -1.596338
v 0.997411 0.836369 -1.577046
v 1.105150 0.831935 -1.549213
v 1.210844 0.717907 -1.460748
v 1.144471 0.742330 -1.548754
v 1.197261 0.800092 -1.469515
v 1.214213 0.790240 -1.289490
v 1.238564 0.753002 -1.368392
v 1.199242 0.842607 -1.368853
v 1.143946 0.870353 -1.461529
v -1.146880 -0.432594 1.289664
v -1.082274 -0.429410 1.277573
v -1.134862 -0.388698 1.322271
v -1.034773 -0.404127 1.250677
v -1.051560 -0.441862 1.213943
v -1.202546 -0.392721 1.309181
v -1.191786 -0.435921 1.256393
v -1.117455 -0.458595 1.236859
v -1.019272 -0.392113 1.196399
v -1.124243 -0.334862 1.326723
v -1.068967 -0.371965 1.299356
v -1.082619 -0.308201 1.293886
v -1.239392 -0.341708 1.304452
v -1.189240 -0.335276 1.330964
v -1.224635 -0.289550 1.300330
v -1.221088 -0.415204 1.214644
v -1.246164 -0.382500 1.265086
v -1.249058 -0.361936 1.206827
v -1.094627 -0.453780 1.181409
v -1.161073 -0.448374 1.192763
v -1.122136 -0.425323 1.142594
v -1.030030 -0.348913 1.249187
v -1.156952 -0.285526 1.313421
v -1.259816 -0.318736 1.259616
v -1.196468 -0.402648 1.162129
v -1.054453 -0.421298 1.155684
v -1.058000 -0.295645 1.241371
v -1.032924 -0.328349 1.190928
v -1.087302 -0.274928 1.199621
v -1.184461 -0.257069 1.274605
v -1.118015 -0.262475 1.263252
v -1.161633 -0.252254 1.219156
v -1.244315 -0.306723 1.205337
v -1.227528 -0.268987 1.242072
v -1.196814 -0.281439 1.178441
v -1.154845 -0.375987 1.129292
v -1.210120 -0.338884 1.156659
v -1.144226 -0.322151 1.133743
v -1.039696 -0.369141 1.151562
v -1.089848 -0.375573 1.125051
v -1.076542 -0.318128 1.146833
v -1.132208 -0.278255 1.166350
v -1.346410 -0.372906 1.314258
v -1.250551 -0.334488 1.316418
v -1.361847 -0.302645 1.365910
v -1.186208 -0.274636 1.290276
v -1.179555 -0.338921 1.230733
v -1.453802 -0.345160 1.324909
v -1.399335 -0.403280 1.250076
v -1.273720 -0.396683 1.244830
v -1.152810 -0.252056 1.213171
v -1.375557 -0.220460 1.374477
v -1.267683 -0.244883 1.351814
v -1.318575 -0.162093 1.337497
v -1.532001 -0.292792 1.304720
v -1.470936 -0.255555 1.360305
v -1.536147 -0.211206 1.301741
v -1.439336 -0.391672 1.177407
v -1.508424 -0.356191 1.244470
v -1.504849 -0.331522 1.155319
v -1.225624 -0.380449 1.168481
v -1.328340 -0.407714 1.164391
v -1.267934 -0.356768 1.100579
v -1.207277 -0.193936 1.288004
v -1.444192 -0.168689 1.342744
v -1.559315 -0.273401 1.230152
v -1.393551 -0.363365 1.105826
v -1.175979 -0.314252 1.141582
v -1.272790 -0.133786 1.265916
v -1.203702 -0.169267 1.198853
v -1.312791 -0.122178 1.193246
v -1.486501 -0.145008 1.274842
v -1.383786 -0.117744 1.278932
v -1.438406 -0.128774 1.198494
v -1.525918 -0.250822 1.153047
v -1.532570 -0.186536 1.212590
v -1.461575 -0.190970 1.126905
v -1.336568 -0.304997 1.068846
v -1.444443 -0.280575 1.091509
v -1.350278 -0.222813 1.077413
v -1.180125 -0.232665 1.138603
v -1.241190 -0.269902 1.083018
v -1.258323 -0.180298 1.118415
v -1.365716 -0.152552 1.129066
vt 0.823968 0.337790
vt 0.817770 0.335510
vt 0.823135 0.330183
vt 0.993306 0.618110
vt 1.000000 0.620649
vt 0.993779 0.625739
vt 0.830630 0.334350
vt 0.829897 0.342253
vt 0.821950 0.342970
vt 0.986347 0.621291
vt 0.928837 0.514200
vt 0.922152 0.510656
vt 0.928353 0.507749
vt 0.836718 0.330465
vt 0.830629 0.325877
vt 0.837392 0.324238
vt 0.978164 0.975512
vt 0.976274 0.971050
vt 0.984149 0.971340
vt 0.978164 0.990202
vt 0.977292 0.983010
vt 0.984778 0.987366
vt 0.987974 0.613451
vt 0.935790 0.511602
vt 0.954339 0.976073
vt 0.948436 0.980387
vt 0.949596 0.972097
vt 0.984778 0.978731
vt 0.984149 0.993946
vt 0.928837 0.500106
vt 0.925757 0.494618
vt 0.934186 0.495203
vt 0.941489 0.506662
vt 0.935790 0.503318
vt 0.941623 0.499056
vt 0.296817 0.991626
vt 0.297003 0.983969
vt 0.303746 0.989000
vt 0.917169 0.330376
vt 0.920756 0.323952
vt 0.923934 0.329686
vt 0.924443 0.343134
vt 0.919753 0.337185
vt 0.928209 0.337185
vt 0.931556 0.330376
vt 0.929212 0.323952
vt 0.300696 0.996821
vt 0.936749 0.327907
vt 0.303746 0.980629
vt 0.296817 0.977384
vt 0.936129 0.336086
vt 0.931948 0.343585
vt 0.918266 0.343585
vt 0.400286 0.977450
vt 0.400915 0.970870
vt 0.407773 0.973171
vt 0.407038 0.966427
vt 0.400915 0.962235
vt 0.407773 0.959200
vt 0.400286 0.954843
vt 0.292067 0.996624
vt 0.289785 0.988680
vt 0.289785 0.980309
vt 0.922152 0.502372
vt 0.986456 0.138901
vt 0.987297 0.130939
vt 0.993451 0.134148
vt 0.992590 0.126708
vt 0.948436 0.963914
vt 0.955078 0.968538
vt 0.941623 0.512460
vt 0.829897 0.320070
vt 0.823968 0.323375
vt 0.996412 0.613055
vt 0.986456 0.122497
vt 0.986347 0.629774
vt 0.993306 0.632543
vt 0.972036 0.986897
vt 0.972036 0.978262
vt 0.837392 0.337948
vt 0.835472 0.343910
vt 1.000000 0.629133
vt 0.817770 0.327037
vt 0.441128 0.946961
vt 0.433387 0.955063
vt 0.430543 0.941414
vt 0.965378 0.409768
vt 0.976670 0.413592
vt 0.966577 0.421298
vt 0.441650 0.933195
vt 0.451359 0.941765
vt 0.446252 0.955280
vt 0.953416 0.414537
vt 0.027985 0.966620
vt 0.029529 0.980052
vt 0.018566 0.973069
vt 0.441037 0.920307
vt 0.430489 0.925748
vt 0.433247 0.914047
vt 0.965639 0.871821
vt 0.962945 0.863676
vt 0.976540 0.863678
vt 0.965639 0.897624
vt 0.963892 0.885230
vt 0.977125 0.892166
vt 0.955377 0.402652
vt 0.017205 0.958248
vt 0.666164 0.978116
vt 0.676764 0.971596
vt 0.675160 0.984124
vt 0.977125 0.876999
vt 0.976540 0.903385
vt 0.277731 0.961334
vt 0.272527 0.970574
vt 0.266175 0.956459
vt 0.277731 0.936013
vt 0.276840 0.947660
vt 0.266175 0.941576
vt 0.161016 0.968020
vt 0.161695 0.956392
vt 0.172804 0.964094
vt 0.655276 0.957884
vt 0.656896 0.944877
vt 0.664713 0.956097
vt 0.475035 0.955237
vt 0.464527 0.949926
vt 0.475795 0.942762
vt 0.464644 0.934467
vt 0.475234 0.928937
vt 0.456065 0.941126
vt 0.467332 0.920452
vt 0.456065 0.927616
vt 0.166825 0.976044
vt 0.480144 0.920084
vt 0.172804 0.951463
vt 0.161016 0.946532
vt 0.485374 0.933872
vt 0.485257 0.949331
vt 0.713930 0.991628
vt 0.702926 0.994539
vt 0.702956 0.985166
vt 0.643663 0.977648
vt 0.644248 0.966429
vt 0.656896 0.969417
vt 0.644248 0.951262
vt 0.643663 0.937941
vt 0.152021 0.975727
vt 0.148850 0.963581
vt 0.148850 0.950951
vt 0.289785 0.941454
vt 0.289785 0.956337
vt 0.287119 0.970498
vt 0.713930 0.966885
vt 0.712918 0.978889
vt 0.701288 0.973927
vt 0.676764 0.996574
vt 0.664713 0.989546
vt 0.287119 0.931534
vt 0.422140 0.922266
vt 0.027328 0.956071
vt 0.017205 0.987415
vt 0.969749 0.402068
vt 0.953416 0.427316
vt 0.965378 0.431508
vt 0.955128 0.892162
vt 0.955128 0.876996
vt 0.451306 0.926098
vt 0.422140 0.934290
vt 0.976670 0.426371
vt 0.422227 0.947616
vt 0.707254 0.954520
vt 0.698505 0.963096
vt 0.698224 0.950839
vt 0.389261 0.982840
vt 0.378965 0.976802
vt 0.387952 0.974211
vt 0.708710 0.942130
vt 0.715472 0.949006
vt 0.709165 0.961964
vt 0.400286 0.980352
vt 0.145967 0.959318
vt 0.148718 0.970601
vt 0.138559 0.962551
vt 0.916538 0.423082
vt 0.915085 0.412702
vt 0.925346 0.416869
vt 0.972101 0.531292
vt 0.968658 0.522639
vt 0.981774 0.522588
vt 0.389261 0.963539
vt 0.385744 0.954843
vt 0.398921 0.957037
vt 0.145967 0.980496
vt 0.135402 0.983991
vt 0.138559 0.974999
vt 0.135402 0.951402
vt 0.926497 0.428204
vt 0.983082 0.535188
vt 0.400286 0.969007
vt 0.907018 0.325962
vt 0.902942 0.334837
vt 0.895570 0.322421
vt 0.858784 0.337545
vt 0.854135 0.345539
vt 0.848086 0.335295
vt 0.858784 0.318162
vt 0.857882 0.327075
vt 0.848086 0.323902
vt 0.490955 0.946345
vt 0.489565 0.934262
vt 0.499761 0.941971
vt 0.508793 0.960904
vt 0.499761 0.955281
vt 0.510246 0.950529
vt 0.508793 0.938261
vt 0.500051 0.929510
vt 0.491448 0.925145
vt 0.510715 0.930366
vt 0.893208 0.311077
vt 0.888040 0.319718
vt 0.904363 0.314746
vt 0.517016 0.943356
vt 0.891787 0.331168
vt 0.517016 0.956666
vt 0.986723 0.764015
vt 0.998013 0.758838
vt 0.996373 0.769569
vt 0.986060 0.751986
vt 0.995245 0.749104
vt 0.443556 0.976246
vt 0.455340 0.969251
vt 0.453085 0.980887
vt 0.443556 0.963578
vt 0.453085 0.959336
vt 0.869985 0.320846
vt 0.869985 0.332239
vt 0.867670 0.343651
vt 0.914807 0.311077
vt 0.917170 0.322421
vt 0.916292 0.334838
vt 0.912508 0.343585
vt 0.986060 0.775341
vt 0.996941 0.777164
vt 0.442289 0.988444
vt 0.983082 0.547451
vt 0.970774 0.543026
vt 0.442289 0.955279
vt 0.979658 0.514464
vt 0.916947 0.431042
vt 0.926497 0.405282
vt 0.698224 0.937141
vt 0.689413 0.946031
vt 0.688018 0.935943
vt 0.378965 0.965457
vt 0.961860 0.547533
vt 0.961860 0.535270
vt 0.715472 0.935308
vt 0.707254 0.931216
vt 0.688018 0.958107
vt 0.689891 0.966886
vt 0.513420 0.453286
vt 0.512842 0.513507
vt 0.479921 0.477235
vt 0.490716 0.408090
vt 0.481388 0.101157
vt 0.458531 0.111505
vt 0.464633 0.080562
vt 0.650995 0.168492
vt 0.626019 0.155239
vt 0.646738 0.110816
vt 0.090953 0.483641
vt 0.094611 0.529797
vt 0.049027 0.509987
vt 0.530309 0.401628
vt 0.470773 0.055595
vt 0.503865 0.054094
vt -0.000000 0.727045
vt 0.030340 0.697734
vt 0.030340 0.743277
vt 0.060683 0.454048
vt 0.664106 0.489139
vt 0.649117 0.509678
vt 0.648746 0.480415
vt 0.754982 0.246204
vt 0.729763 0.224425
vt 0.763986 0.187287
vt 0.167544 0.245735
vt 0.122101 0.226448
vt 0.171147 0.188475
vt 0.337991 0.167628
vt 0.310984 0.184227
vt 0.314727 0.122680
vt 0.276736 0.137947
vt 0.294511 0.099270
vt 0.267530 0.205937
vt 0.224065 0.162083
vt 0.215264 0.228091
vt 0.592413 0.347354
vt 0.585396 0.391135
vt 0.577608 0.388456
vt 0.584482 0.345563
vt 0.355479 0.276123
vt 0.396936 0.273053
vt 0.397482 0.282822
vt 0.356866 0.285830
vt 0.170478 0.179453
vt 0.222323 0.153597
vt 0.325332 0.712454
vt 0.325332 0.650701
vt 0.333234 0.650741
vt 0.333234 0.711241
vt 0.529966 0.334434
vt 0.558240 0.337092
vt 0.555513 0.345563
vt 0.527813 0.342959
vt 0.071683 0.134331
vt 0.035241 0.117751
vt 0.080349 0.073661
vt 0.121539 0.160275
vt 0.072512 0.202498
vt 0.031498 0.179299
vt 0.006207 0.161777
vt 0.501517 0.317351
vt 0.499941 0.326222
vt 0.985423 0.863643
vt 0.985423 0.815879
vt 0.993048 0.815495
vt 0.993048 0.862291
vt 0.734248 0.155435
vt 0.767045 0.118264
vt 0.221976 0.650951
vt 0.222344 0.687266
vt 0.214385 0.686364
vt 0.214024 0.650785
vt 0.303954 0.769335
vt 0.312290 0.766968
vt 0.732976 0.083000
vt 0.695314 0.123871
vt 0.692989 0.058226
vt 0.657853 0.101244
vt 0.710665 0.208627
vt 0.710789 0.179938
vt 0.695361 0.160606
vt 0.695407 0.196005
vt 0.659008 0.167063
vt 0.677093 0.145548
vt 0.551074 0.429881
vt 0.543983 0.426415
vt 0.445261 0.255254
vt 0.495726 0.224470
vt 0.494267 0.235226
vt 0.444826 0.265385
vt 0.650995 0.046365
vt 0.738398 0.075933
vt 0.771775 0.110482
vt 0.585522 0.419545
vt 0.688657 0.005495
vt 0.630625 0.360105
vt 0.627065 0.412083
vt 0.605961 0.429476
vt 0.626927 0.441134
vt 0.671672 0.387199
vt 0.667898 0.439753
vt 0.649599 0.452308
vt 0.312103 0.072949
vt 0.313545 0.100282
vt 0.275366 0.077100
vt 0.607112 0.568166
vt 0.593490 0.587833
vt 0.572684 0.578620
vt 0.562743 0.550384
vt 0.552432 0.569744
vt 0.581845 0.604643
vt 0.565792 0.628813
vt 0.543983 0.585608
vt 0.337064 0.224752
vt 0.337547 0.195016
vt 0.248648 0.274416
vt 0.741690 0.781391
vt 0.715736 0.814887
vt 0.715736 0.744495
vt 0.419435 0.901441
vt 0.378965 0.913421
vt 0.378965 0.855262
vt 0.277351 0.319014
vt 0.221938 0.336679
vt 0.193484 0.290548
vt 0.135906 0.289533
vt 0.101411 0.334554
vt 0.082756 0.271491
vt 0.010946 0.480289
vt 0.026286 0.422213
vt 0.048093 0.314972
vt 0.032900 0.245546
vt 0.001888 0.539311
vt 0.534753 0.679884
vt 0.531417 0.739504
vt 0.489566 0.714241
vt 0.493395 0.768219
vt 0.000000 0.218809
vt 0.726739 0.289178
vt 0.689076 0.331552
vt 0.691453 0.295181
vt 0.706498 0.276113
vt 0.055512 0.723675
vt 0.075371 0.730888
vt 0.078112 0.754935
vt 0.712519 0.244804
vt 0.693257 0.267567
vt 0.668670 0.318537
vt 0.595418 0.264048
vt 0.631671 0.215944
vt 0.634524 0.225717
vt 0.600126 0.271358
vt 0.323692 0.377038
vt 0.313029 0.342699
vt 0.326258 0.342034
vt 0.336376 0.374616
vt 0.055556 0.705020
vt 0.056286 0.677022
vt 0.729802 0.529717
vt 0.703556 0.480582
vt 0.711857 0.481931
vt 0.736759 0.528551
vt 0.039628 0.916908
vt 0.039628 0.971606
vt 0.029749 0.968984
vt 0.029749 0.917086
vt 0.449528 0.430079
vt 0.438507 0.503832
vt 0.429096 0.505309
vt 0.439553 0.435331
vt 0.746297 0.461623
vt 0.750872 0.501798
vt 0.741100 0.497471
vt 0.736759 0.459353
vt 0.711537 0.425985
vt 0.719429 0.430128
vt 0.247064 0.704302
vt 0.278058 0.647402
vt 0.290174 0.704204
vt 0.483257 0.025429
vt 0.496107 0.002800
vt 0.527266 0.004402
vt 0.372670 0.781905
vt 0.337991 0.745560
vt 0.352196 0.746755
vt 0.385099 0.781240
vt 0.142280 0.537364
vt 0.180679 0.489309
vt 0.187545 0.498311
vt 0.151112 0.543907
vt 0.235416 0.675357
vt 0.251769 0.647338
vt 0.224113 0.647270
vt 0.248286 0.590119
vt 0.262287 0.617059
vt 0.268772 0.592625
vt 0.293044 0.595594
vt 0.689196 0.433034
vt 0.693290 0.408232
vt 0.097308 0.580779
vt 0.108442 0.585100
vt 0.751448 0.399811
vt 0.741647 0.400704
vt 0.465871 0.001245
vt 0.445265 0.056752
vt 0.438632 0.052666
vt 0.458184 -0.000000
vt 0.686534 0.461091
vt 0.684207 0.484779
vt 0.684495 0.534011
vt 0.660125 0.530000
vt 0.706415 0.584509
vt 0.656618 0.579925
vt 0.504980 0.346872
vt 0.543983 0.345563
vt 0.646346 0.551714
vt 0.630449 0.573709
vt 0.678444 0.631679
vt 0.626237 0.623087
vt 0.615994 0.593672
vt 0.461103 0.359090
vt 0.643663 0.631679
vt 0.634368 0.676267
vt 0.584986 0.638360
vt 0.584859 0.684603
vt 0.543983 0.652535
vt 0.552187 0.694667
vt 0.161314 0.342034
vt 0.416648 0.381022
vt 0.408356 0.388785
vt 0.970630 0.791837
vt 0.970630 0.730976
vt 0.979411 0.724906
vt 0.979411 0.782652
vt 0.317935 0.454925
vt 0.313029 0.416720
vt 0.326258 0.412267
vt 0.330914 0.448516
vt 0.979411 0.791837
vt 0.979411 0.731468
vt 0.986060 0.720639
vt 0.986060 0.777918
vt 0.978170 0.665701
vt 0.978170 0.613055
vt 0.986347 0.613331
vt 0.986347 0.663282
vt 0.796086 0.232303
vt 0.803881 0.199073
vt 0.817169 0.194257
vt 0.809773 0.225786
vt 0.588008 0.732014
vt 0.633437 0.725828
vt 0.636525 0.736759
vt 0.593421 0.742628
vt 0.435953 0.121726
vt 0.385104 0.145977
vt 0.381551 0.137324
vt 0.429797 0.114314
vt 0.272016 0.220842
vt 0.254100 0.285816
vt 0.775055 0.566916
vt 0.764046 0.559256
vt 0.113470 0.439285
vt 0.759093 0.292059
vt 0.534753 0.793624
vt 0.048284 0.563652
vt 0.499614 0.814769
vt 0.725535 0.341999
vt -0.000000 0.593502
vt 0.050166 0.615302
vt 0.005467 0.637556
vt 0.035506 0.782006
vt 0.096085 0.557657
vt 0.080510 0.574910
vt 0.081495 0.592359
vt 0.098029 0.623662
vt 0.078838 0.620310
vt 0.083441 0.632681
vt 0.054155 0.650785
vt 0.097609 0.635181
vt 0.341566 0.168143
vt 0.340242 0.158356
vt 0.863685 0.195816
vt 0.852276 0.181947
vt 0.848187 0.139819
vt 0.863685 0.127209
vt 0.035506 0.650785
vt 0.061668 0.656197
vt 0.835334 0.085854
vt 0.257043 0.760856
vt 0.626959 0.043982
vt 0.621333 0.061289
vt 0.612049 0.035595
vt 0.612383 0.088825
vt 0.559971 0.068017
vt 0.582774 0.019128
vt 0.602950 0.145308
vt 0.595221 0.117521
vt 0.574553 0.110593
vt 0.583587 0.136973
vt 0.530771 0.117425
vt 0.543308 0.096211
vt 0.520223 0.092598
vt 0.504318 0.108711
vt 0.692651 0.511150
vt 0.033906 0.408531
vt 0.066541 0.438737
vt 0.925402 0.139559
vt 0.933450 0.181226
vt 0.924310 0.183327
vt 0.917627 0.148730
vt 0.704942 0.532073
vt 0.718462 0.556284
vt 0.289735 0.652629
vt 0.301231 0.706523
vt 0.933450 0.085854
vt 0.925263 0.097773
vt 0.816983 0.459286
vt 0.810813 0.531258
vt 0.793763 0.511851
vt 0.796653 0.474448
vt 0.792929 0.545523
vt 0.542920 0.753670
vt 0.542920 0.806629
vt 0.534753 0.810614
vt 0.534753 0.760366
vt 0.842613 0.473642
vt 0.842245 0.437326
vt 0.853638 0.439804
vt 0.853987 0.474261
vt 0.543081 0.679884
vt 0.543081 0.753670
vt 0.534753 0.751298
vt 0.534753 0.681288
vt 0.223885 0.782028
vt 0.223885 0.841836
vt 0.218859 0.831628
vt 0.218859 0.774881
vt 0.816983 0.597941
vt 0.798299 0.579558
vt 0.543983 0.466779
vt 0.528388 0.459894
vt 0.537626 0.436493
vt 0.586370 0.707349
vt 0.569362 0.712573
vt 0.633879 0.702266
vt 0.608591 0.704743
vt 0.469644 0.419339
vt 0.454770 0.397928
vt 0.842613 0.396760
vt 0.826813 0.345563
vt 0.838995 0.352737
vt 0.853987 0.401314
vt 0.952797 0.398058
vt 0.929935 0.430086
vt 0.926793 0.398058
vt 0.976670 0.427493
vt 0.976670 0.388106
vt 0.987326 0.394138
vt 0.987326 0.431508
vt 0.136786 0.391310
vt 0.116627 0.424730
vt 0.138750 0.379210
vt 0.725831 0.962029
vt 0.729538 0.932976
vt 0.739477 0.930212
vt 0.735960 0.957779
vt 0.464115 0.452711
vt 0.456971 0.491974
vt 0.482604 0.843793
vt 0.482604 0.783471
vt 0.488955 0.792709
vt 0.488955 0.849944
vt 0.488798 0.159223
vt 0.498963 0.171899
vt 0.505536 0.233806
vt 0.633759 0.348079
vt 0.672705 0.373786
vt 0.979639 0.603533
vt 0.979639 0.552326
vt 0.987569 0.556236
vt 0.987569 0.604822
vt 0.532007 0.932637
vt 0.536425 0.874110
vt 0.543726 0.868858
vt 0.539534 0.924390
vt 0.601106 0.796336
vt 0.599981 0.813236
vt 0.580545 0.808211
vt 0.977401 0.202092
vt 0.977401 0.139208
vt 0.985064 0.139130
vt 0.985064 0.200738
vt 0.554286 0.823376
vt 0.598458 0.836112
vt 0.543983 0.857203
vt 0.185670 0.389796
vt 0.154606 0.352129
vt 0.223734 0.398086
vt 0.208746 0.441317
vt 0.198851 0.419224
vt 0.207562 0.394564
vt 0.191268 0.439955
vt 0.163035 0.437755
vt 0.989882 0.230039
vt 0.989882 0.284344
vt 0.982860 0.280048
vt 0.982860 0.226846
vt 0.897477 0.894636
vt 0.897477 0.938156
vt 0.892215 0.941849
vt 0.892215 0.899213
vt 0.173656 0.468788
vt 0.163312 0.488104
vt 0.134438 0.486101
vt 0.139232 0.517439
vt 0.303954 0.603473
vt 0.122041 0.534151
vt 0.109125 0.625788
vt 0.815897 0.120498
vt 0.796086 0.085853
vt 0.809773 0.086832
vt 0.828570 0.119703
vt 0.817273 0.161724
vt 0.829877 0.158819
vt 0.826813 0.506502
vt 0.838995 0.505439
vt 0.429119 0.573130
vt 0.420188 0.571060
vt 0.549078 0.729249
vt 0.556484 0.740005
vt 0.139565 0.626899
vt 0.122828 0.636300
vt 0.629228 0.189711
vt 0.639276 0.197268
vt 0.613121 0.210037
vt 0.595801 0.204521
vt 0.608636 0.183589
vt 0.313245 0.200244
vt 0.974215 0.971050
vt 0.974215 0.927763
vt 0.984779 0.919621
vt 0.984779 0.960692
vt 0.538788 0.132240
vt 0.532007 0.817103
vt 0.539534 0.814769
vt 0.725831 0.891479
vt 0.735960 0.890839
vt 0.588901 0.150787
vt 0.344724 0.688559
vt 0.358584 0.692671
vt 0.293044 0.755364
vt 0.303954 0.755065
vt 0.775055 0.345563
vt 0.764046 0.349233
vt 0.741690 0.816789
vt 0.741690 0.876024
vt 0.730988 0.871091
vt 0.730988 0.814887
vt 0.473878 0.546091
vt 0.455761 0.524446
vt 0.253073 0.811396
vt 0.266028 0.808229
vt 0.543983 0.783901
vt 0.699221 0.051661
vt 0.121876 0.151825
vt 0.507419 0.579760
vt 0.989519 0.450100
vt 0.989519 0.508249
vt 0.983035 0.503689
vt 0.983035 0.446720
vt 0.791859 0.160565
vt 0.796086 0.151925
vt 0.474783 0.556207
vt 0.430932 0.582697
vt 0.221976 0.727833
vt 0.214024 0.726108
vt 0.461837 0.140093
vt 0.439041 0.188447
vt 0.273925 0.129950
vt 0.437211 0.148902
vt 0.411517 0.166775
vt 0.387104 0.213988
vt 0.386068 0.178772
vt 0.362259 0.188976
vt 0.303954 0.590119
vt 0.312290 0.591388
vt 0.807037 0.629871
vt 0.807037 0.600041
vt 0.814949 0.597941
vt 0.814949 0.627166
vt 0.347219 0.228849
vt 0.344331 0.197829
vt 0.528754 0.489630
vt 0.511031 0.321933
vt 0.509689 0.287095
vt 0.554876 0.305034
vt 0.538024 0.338142
vt 0.362744 0.540371
vt 0.350966 0.577806
vt 0.337991 0.515989
vt 0.362865 0.484401
vt 0.260982 0.434194
vt 0.260328 0.388163
vt 0.295849 0.399776
vt 0.395818 0.725970
vt 0.393210 0.679884
vt 0.284594 0.461214
vt 0.299750 0.347446
vt 0.262233 0.342034
vt 0.422140 0.698207
vt 0.742298 0.667957
vt 0.694078 0.654875
vt 0.742298 0.631679
vt 0.740351 0.712074
vt 0.693007 0.699113
vt 0.422140 0.752847
vt 0.643663 0.690555
vt 0.648440 0.651680
vt 0.694541 0.744495
vt 0.646402 0.735826
vt 0.643663 0.783901
vt 0.599162 0.783379
vt 0.338513 0.449202
vt 0.369756 0.416773
vt 0.337991 0.238694
vt 0.304075 0.262914
vt 0.323816 0.301331
vt 0.281333 0.328131
vt 0.250879 0.590119
vt 0.267323 0.524460
vt 0.297624 0.561112
vt 0.313029 0.494952
vt 0.224113 0.550127
vt 0.242118 0.487572
vt 0.227121 0.442423
vt 0.224113 0.394380
vt 0.400046 0.008275
vt 0.775055 0.459286
vt 0.780825 0.400847
vt 0.826813 0.431221
vt 0.822600 0.376782
vt 0.110842 0.650785
vt 0.126035 0.703307
vt 0.078112 0.673859
vt 0.084206 0.731282
vt 0.126035 0.763439
vt 0.078112 0.788236
vt 0.086640 0.389808
vt 0.148850 0.680005
vt 0.155657 0.342034
vt 0.108118 0.344304
vt 0.775055 0.345563
vt 0.387270 0.070621
vt 0.347714 0.027010
vt 0.337991 0.094855
vt 0.397084 0.460985
vt 0.391212 0.526696
vt 0.383858 0.584422
vt 0.222491 0.501410
vt 0.194483 0.547287
vt 0.152896 0.592914
vt 0.224113 0.545940
vt 0.587846 0.314701
vt 0.190940 0.591528
vt 0.631673 0.271056
vt 0.148536 0.628859
vt 0.556662 0.258523
vt 0.600490 0.214878
vt 0.600172 0.264306
vt 0.550761 0.195135
vt 0.452320 0.312987
vt 0.498555 0.290250
vt 0.470402 0.345563
vt 0.226359 0.087237
vt 0.174429 0.115316
vt 0.177813 0.058857
vt 0.272582 0.070338
vt 0.133430 0.035761
vt 0.180009 0.020807
vt 0.125913 0.085466
vt 0.081522 0.066968
vt 0.073032 0.126407
vt 0.152888 -0.000000
vt 0.098483 0.020692
vt 0.766514 0.049138
vt 0.731854 0.021039
vt 0.209297 0.000994
vt 0.694978 0.000000
vt 0.547152 0.380143
vt 0.457924 0.667565
vt 0.420693 0.679884
vt 0.424235 0.639580
vt 0.892796 0.405282
vt 0.892796 0.358071
vt 0.921995 0.399819
vt 0.926793 0.345563
vt 0.466426 0.621805
vt 0.507644 0.589193
vt 0.497770 0.643495
vt 0.437783 0.370595
vt 0.626800 0.467949
vt 0.585641 0.446222
vt 0.637057 0.526204
vt 0.775055 0.490556
vt 0.776790 0.558396
vt 0.829876 0.154717
vt 0.072997 0.710059
vt 0.078112 0.659599
vt 0.650995 0.307264
vt 0.925263 0.188264
vt 0.097040 0.650785
vt 0.906797 0.633170
vt 0.894458 0.652936
vt 0.894458 0.631728
vt 0.906797 0.657870
vt 0.888510 0.614441
vt 0.899870 0.613037
vt 0.995515 0.553586
vt 0.987569 0.568281
vt 0.987569 0.552326
vt 0.995515 0.572168
vt 0.912433 0.761800
vt 0.917704 0.741050
vt 0.921108 0.759664
vt 0.908469 0.740121
vt 0.678228 0.911649
vt 0.684058 0.887640
vt 0.686835 0.908096
vt 0.674993 0.887825
vt 0.674993 0.935551
vt 0.684058 0.928619
vt 0.843085 0.793206
vt 0.833809 0.768272
vt 0.846320 0.779338
vt 0.828515 0.780319
vt 0.859664 0.792577
vt 0.860555 0.778797
vt 0.888510 0.668142
vt 0.899870 0.675579
vt 0.969927 0.990001
vt 0.955138 0.965268
vt 0.963591 0.967630
vt 0.955138 0.987463
vt 0.848633 0.770798
vt 0.850079 0.741793
vt 0.855381 0.746482
vt 0.838265 0.764362
vt 0.812717 0.341842
vt 0.801760 0.321716
vt 0.809609 0.320070
vt 0.799630 0.343549
vt 0.016134 0.928462
vt 0.015694 0.935626
vt 0.002607 0.930912
vt 0.029749 0.929464
vt 0.028069 0.945681
vt 0.002714 0.939899
vt 0.857771 0.772039
vt 0.861414 0.746253
vt 0.025262 0.916909
vt -0.000000 0.923617
vt 0.000270 0.946373
vt 0.025727 0.956071
vt 0.912576 0.806743
vt 0.904535 0.790630
vt 0.907826 0.790947
vt 0.905612 0.805801
vt 0.825255 0.513432
vt 0.825699 0.516042
vt 0.825255 0.515874
vt 0.825699 0.513172
vt 0.337696 0.681874
vt 0.333484 0.666538
vt 0.335610 0.666359
vt 0.333234 0.681874
vt 0.860674 0.727737
vt 0.851448 0.740632
vt 0.858629 0.725930
vt 0.855692 0.744387
vt 0.772704 0.566916
vt 0.774893 0.567458
vt 0.772704 0.573504
vt 0.715736 0.821308
vt 0.721743 0.818569
vt 0.772154 0.967618
vt 0.767424 0.986198
vt 0.768707 0.967618
vt 0.774606 0.985747
vt 0.862900 0.727800
vt 0.860523 0.744203
vt 0.901225 0.791379
vt 0.898672 0.806743
vt 0.774855 0.966497
vt 0.780334 0.983365
vt 0.762148 0.984508
vt 0.766128 0.966497
vt 0.303954 0.808536
vt 0.305853 0.805395
vt 0.305853 0.808389
vt 0.303954 0.805542
vt 0.822330 0.518430
vt 0.824341 0.518362
vt 0.822261 0.519047
vt 0.824100 0.517847
vt 0.418261 0.828198
vt 0.418735 0.831106
vt 0.418363 0.831522
vt 0.418648 0.828278
vt 0.824341 0.511095
vt 0.824100 0.511666
vt 0.419587 0.833532
vt 0.419776 0.832816
vt 0.822330 0.511400
vt 0.822261 0.510783
vt 0.421359 0.833289
vt 0.421284 0.832609
vt 0.419328 0.825116
vt 0.419556 0.825657
vt 0.775018 0.581897
vt 0.772704 0.583513
vt 0.773253 0.581459
vt 0.774468 0.583951
vt 0.420451 0.828571
vt 0.421359 0.825949
vt 0.306701 0.803173
vt 0.304803 0.803319
vt 0.304803 0.810900
vt 0.306701 0.810754
vt 0.420538 0.831398
vt 0.822836 0.512587
vt 0.823991 0.514353
vt 0.774468 0.579738
vt 0.772704 0.579300
vt 0.336376 0.389690
vt 0.337816 0.392159
vt 0.336376 0.392359
vt 0.337816 0.389490
vt 0.796086 0.332821
vt 0.796435 0.320070
vt 0.009501 0.916909
vt 0.441308 0.985162
vt 0.432836 0.994282
vt 0.432836 0.981217
vt 0.422140 0.981217
vt 0.432836 0.989009
vt 0.422140 0.996114
vt 0.854688 0.923043
vt 0.854688 0.909049
vt 0.862195 0.913543
vt 0.336032 0.768835
vt 0.333234 0.766065
vt 0.336032 0.751232
vt 0.337458 0.584891
vt 0.335781 0.574899
vt 0.337458 0.563280
vt 0.817770 0.329746
vt 0.432107 0.993450
vt 0.335274 0.726981
vt 0.333859 0.719010
vt 0.336896 0.718232
vt 0.333234 0.727796
vt 0.337600 0.350237
vt 0.336376 0.358690
vt 0.336376 0.342034
vt 0.336896 0.733289
vt 0.325618 0.781656
vt 0.325618 0.769335
vt 0.331266 0.776161
vt 0.834134 0.752612
vt 0.302897 0.910020
vt 0.302897 0.889294
vt 0.307672 0.890519
vt 0.842560 0.344386
vt 0.843974 0.330248
vt 0.847898 0.342805
vt 0.837392 0.328718
vt 0.847898 0.320070
vt 0.923406 0.745049
vt 0.488820 0.979898
vt 0.477725 0.988730
vt 0.483658 0.978152
vt 0.888903 0.650177
vt 0.477725 0.955237
vt 0.488977 0.962093
vt 0.483773 0.965166
vt 0.921910 0.728587
vt 0.976067 0.903871
vt 0.969710 0.915359
vt 0.969676 0.903385
vt 0.976067 0.918969
vt 0.847989 0.734379
vt 0.851455 0.729357
vt 0.849774 0.734696
vt 0.850089 0.727710
vt 0.863682 0.734168
vt 0.861427 0.727280
vt 0.865360 0.733720
vt 0.860533 0.729012
vt 0.863678 0.740168
vt 0.865355 0.741213
vt 0.855396 0.724906
vt 0.855704 0.727112
vt 0.827812 0.797376
vt 0.816452 0.775167
vt 0.822771 0.759945
vt 0.923406 0.780501
vt 0.921655 0.790630
vt 0.906940 0.772511
vt 0.919363 0.650794
vt 0.913856 0.676391
vt 0.916134 0.621768
vt 0.898672 0.746555
vt 0.900718 0.724906
vt 0.913367 0.725607
vt 0.905678 0.602894
vt 0.865360 0.800370
vt 0.847128 0.807329
vt 0.203779 0.935980
vt 0.207467 0.949438
vt 0.193643 0.941257
vt 0.192992 0.937950
vt 0.192524 0.935575
vt 0.191638 0.931072
vt 0.220001 0.945593
vt 0.217926 0.951071
vt 0.219156 0.940800
vt 0.219966 0.927731
vt 0.221977 0.934840
vt 0.218312 0.935804
vt 0.218896 0.939260
vt 0.203305 0.919748
vt 0.189632 0.920888
vt 0.199285 0.920090
vt 0.200664 0.919968
vt 0.725661 0.991906
vt 0.719003 0.989502
vt 0.715472 0.979591
vt 0.718059 0.976984
vt 0.725661 0.979410
vt 0.853627 0.706197
vt 0.852106 0.704067
vt 0.856079 0.703102
vt 0.860385 0.698635
vt 0.862213 0.696531
vt 0.866413 0.697664
vt 0.866246 0.703038
vt 0.878759 0.720656
vt 0.872250 0.722274
vt 0.872268 0.712014
vt 0.878759 0.710015
vt 0.692160 0.987070
vt 0.700323 0.983623
vt 0.701288 0.988655
vt 0.695832 0.993760
vt 0.331266 0.779174
vt 0.331266 0.771980
vt 0.335734 0.770143
vt 0.335254 0.772906
vt 0.335006 0.777599
vt 0.872093 0.695369
vt 0.867076 0.723506
vt 0.861405 0.722204
vt 0.860105 0.717673
vt 0.861642 0.712776
vt 0.859304 0.714772
vt 0.858500 0.719246
vt 0.859206 0.721847
vt 0.851621 0.720037
vt 0.690140 0.981295
vt 0.689486 0.979440
vt 0.690474 0.981353
vt 0.700126 0.977874
vt 0.700634 0.977766
vt 0.602112 0.973187
vt 0.605771 0.969694
vt 0.605867 0.972478
vt 0.604948 0.976515
vt 0.606250 0.974963
vt 0.607220 0.971767
vt 0.607107 0.968575
vt 0.615903 0.960438
vt 0.617785 0.969655
vt 0.615487 0.972206
vt 0.615357 0.973061
vt 0.606425 0.985533
vt 0.599105 0.982359
vt 0.205475 0.915734
vt 0.212498 0.913721
vt 0.221977 0.917050
vt 0.421760 0.804167
vt 0.418261 0.795611
vt 0.421760 0.793053
vt 0.986059 0.345095
vt 0.977507 0.342473
vt 0.977065 0.329711
vt 0.987948 0.329711
vt 0.606051 0.965338
vt 0.604955 0.962928
vt 0.613320 0.957481
vt 0.610329 0.952266
vt 0.602353 0.959431
vt 0.700674 0.975514
vt 0.696973 0.976736
vt 0.688018 0.975276
vt 0.699663 0.966885
vt 0.701288 0.967700
vt 0.336765 0.388949
vt 0.336653 0.384746
vt 0.336931 0.384625
vt 0.337080 0.389251
vt 0.336878 0.380051
vt 0.337080 0.379332
vt 0.337687 0.357282
vt 0.337664 0.355593
vt 0.337929 0.355589
vt 0.337929 0.357728
vt 0.337807 0.345269
vt 0.337807 0.349990
vt 0.337604 0.350115
vt 0.337600 0.345220
vt 0.858813 0.719076
vt 0.859448 0.721544
vt 0.690537 0.981084
vt 0.700049 0.977601
vt 0.336376 0.389111
vt 0.336667 0.389491
vt 0.337600 0.345139
vt 0.337797 0.342123
vt 0.337923 0.342034
vt 0.337923 0.345220
vt 0.697002 0.976945
vt 0.690090 0.979646
vt 0.603719 0.963705
vt 0.604901 0.966386
vt 0.601285 0.965423
vt 0.601274 0.960477
vt 0.599105 0.962443
vt 0.602294 0.959903
vt 0.601627 0.960577
vt 0.603996 0.963740
vt 0.605144 0.966338
vt 0.605966 0.969485
vt 0.606932 0.968613
vt 0.605838 0.965558
vt 0.604805 0.963297
vt 0.337531 0.385051
vt 0.337562 0.379375
vt 0.337935 0.379332
vt 0.337935 0.385123
vt 0.337514 0.379332
vt 0.337531 0.384463
vt 0.337080 0.384589
vt 0.337080 0.379350
vt 0.222709 0.651780
vt 0.223013 0.654582
vt 0.222661 0.654746
vt 0.222344 0.651928
vt 0.223273 0.658564
vt 0.222746 0.659139
vt 0.605231 0.975847
vt 0.606145 0.974694
vt 0.607018 0.971619
vt 0.618125 0.971472
vt 0.618594 0.973886
vt 0.608603 0.984753
vt 0.152557 0.989398
vt 0.151230 0.983355
vt 0.152250 0.978336
vt 0.161998 0.978433
vt 0.155698 0.986681
vt 0.725661 0.997430
vt 0.719059 0.994074
vt 0.337664 0.355565
vt 0.337670 0.353252
vt 0.337927 0.353106
vt 0.337927 0.355589
vt 0.224103 0.650785
vt 0.224014 0.653316
vt 0.224103 0.653966
vt 0.223537 0.650830
vt 0.148893 0.996812
vt 0.150322 0.995533
vt 0.150873 0.995717
vt 0.148850 0.997415
vt 0.337399 0.365862
vt 0.336794 0.369644
vt 0.336376 0.369648
vt 0.337086 0.365606
vt 0.337399 0.374108
vt 0.337026 0.374281
vt 0.336376 0.396953
vt 0.336439 0.394711
vt 0.336727 0.394673
vt 0.336771 0.396953
vt 0.615544 0.972570
vt 0.617912 0.971223
vt 0.336044 0.770159
vt 0.335542 0.772908
vt 0.335250 0.777106
vt 0.152038 0.989559
vt 0.150665 0.983521
vt 0.151606 0.978801
vt 0.149560 0.976809
vt 0.149750 0.976253
vt 0.149057 0.976628
vt 0.148850 0.976044
vt 0.859451 0.714749
vt 0.861240 0.713373
vt 0.860113 0.717702
vt 0.861197 0.721806
vt 0.700515 0.977450
vt 0.700546 0.975662
vt 0.223857 0.657266
vt 0.150715 0.990809
vt 0.150039 0.988114
vt 0.149022 0.982348
vt 0.150216 0.978672
vt 0.337891 0.769335
vt 0.337248 0.776295
vt 0.615680 0.972077
vt 0.617743 0.969874
vt 0.936629 0.557506
vt 0.922022 0.558911
vt 0.921267 0.553612
vt 0.922134 0.542592
vt 0.928746 0.547763
vt 0.054272 0.909292
vt 0.048028 0.911753
vt 0.046989 0.902477
vt 0.865003 0.431818
vt 0.876123 0.434781
vt 0.889158 0.453153
vt 0.893420 0.476374
vt 0.891503 0.499118
vt 0.881488 0.510186
vt 0.857478 0.498335
vt 0.853987 0.476226
vt 0.853987 0.440177
vt 0.925329 0.583337
vt 0.937767 0.584174
vt 0.934730 0.585399
vt 0.925973 0.585404
vt 0.040949 0.873089
vt 0.044802 0.873092
vt 0.043940 0.874288
vt 0.042015 0.876500
vt 0.040355 0.881945
vt 0.043978 0.893492
vt 0.048847 0.893623
vt 0.055662 0.894076
vt 0.072579 0.893788
vt 0.072351 0.896729
vt 0.413104 0.926041
vt 0.415294 0.928602
vt 0.412839 0.951454
vt 0.408143 0.950854
vt 0.410893 0.925242
vt 0.056523 0.874426
vt 0.071934 0.869471
vt 0.072187 0.871983
vt 0.056807 0.880420
vt 0.927468 0.515622
vt 0.932605 0.514464
vt 0.937460 0.556861
vt 0.075660 0.912871
vt 0.070137 0.913222
vt 0.055240 0.863521
vt 0.052511 0.867775
vt 0.054366 0.863726
vt 0.040195 0.884153
vt 0.046428 0.883583
vt 0.040138 0.886618
vt 0.075394 0.886784
vt 0.978751 0.257530
vt 0.982860 0.264118
vt 0.982818 0.266992
vt 0.982413 0.270499
vt 0.981031 0.275685
vt 0.975191 0.256746
vt 0.337763 0.541737
vt 0.337763 0.562564
vt 0.335781 0.563280
vt 0.335781 0.542452
vt 0.919667 0.595967
vt 0.920451 0.581977
vt 0.976789 0.281509
vt 0.973950 0.284344
vt 0.972091 0.283568
vt 0.975651 0.233086
vt 0.972091 0.232303
vt 0.416215 0.923476
vt 0.820826 0.516893
vt 0.816983 0.510783
vt 0.822261 0.510783
vt 0.051497 0.857973
vt 0.325618 0.775020
vt 0.316223 0.779965
vt 0.316223 0.769335
vt 0.721743 0.821848
vt 0.723083 0.814888
vt 0.726972 0.821848
vt 0.421823 0.924134
vt 0.420357 0.917774
vt 0.422133 0.913421
vt 0.420837 0.936380
vt 0.418861 0.947591
vt 0.879992 0.513949
vt 0.857186 0.502692
vt 0.856104 0.500170
vt 0.919667 0.521052
vt 0.920070 0.518214
vt 0.061746 0.919145
vt 0.053176 0.920866
vt 0.047897 0.918505
vt 0.063094 0.852600
vt 0.050598 0.853293
vt 0.061822 0.850670
vt 0.075660 0.863054
vt 0.333234 0.630751
vt 0.333234 0.613216
vt 0.334304 0.611393
vt 0.337582 0.628559
vt 0.422133 0.966623
vt 0.414652 0.970889
vt 0.420708 0.959473
vt 0.924229 0.602988
vt 0.418306 0.953769
vt 0.411008 0.970040
vt 0.504813 0.976422
vt 0.496824 0.975757
vt 0.492584 0.964931
vt 0.495687 0.960904
vt 0.504813 0.961349
vt 0.917528 0.928051
vt 0.919914 0.925440
vt 0.921561 0.929886
vt 0.927476 0.933531
vt 0.930237 0.934762
vt 0.929382 0.940781
vt 0.922874 0.942235
vt 0.996375 0.808256
vt 0.988642 0.809003
vt 0.986722 0.796273
vt 0.994361 0.795049
vt 0.571069 0.973545
vt 0.581896 0.976595
vt 0.580828 0.982818
vt 0.572378 0.983801
vt 0.504813 0.991494
vt 0.496858 0.990373
vt 0.496908 0.984522
vt 0.499739 0.985563
vt 0.504813 0.986600
vt 0.986060 0.784996
vt 0.989351 0.778857
vt 0.996375 0.777164
vt 0.912756 0.948594
vt 0.900354 0.947707
vt 0.898235 0.941442
vt 0.899121 0.935073
vt 0.904441 0.934230
vt 0.910547 0.936459
vt 0.907851 0.933655
vt 0.902344 0.932060
vt 0.899286 0.932573
vt 0.900554 0.924176
vt 0.571076 0.965855
vt 0.571074 0.963379
vt 0.571446 0.966180
vt 0.583982 0.970441
vt 0.584599 0.970758
vt 0.909761 0.905536
vt 0.915465 0.907726
vt 0.912473 0.909884
vt 0.907612 0.912150
vt 0.909977 0.912664
vt 0.913962 0.911422
vt 0.917378 0.908671
vt 0.930789 0.913754
vt 0.921712 0.923442
vt 0.917759 0.922737
vt 0.916762 0.923298
vt 0.898598 0.922352
vt 0.898235 0.909349
vt 0.977125 0.897977
vt 0.982795 0.899257
vt 0.989602 0.906637
vt 0.991478 0.918473
vt 0.977125 0.919511
vt 0.337154 0.649399
vt 0.333234 0.633694
vt 0.337154 0.630752
vt 0.647074 0.977694
vt 0.658118 0.977648
vt 0.658118 0.992576
vt 0.643663 0.996385
vt 0.886557 0.321945
vt 0.883526 0.335395
vt 0.879742 0.332946
vt 0.876734 0.331228
vt 0.881804 0.320446
vt 0.872925 0.318162
vt 0.869985 0.330162
vt 0.585557 0.968436
vt 0.580842 0.966629
vt 0.571069 0.957823
vt 0.587968 0.958488
vt 0.589384 0.960821
vt 0.239906 0.983287
vt 0.243386 0.987311
vt 0.243215 0.987679
vt 0.239366 0.983236
vt 0.247030 0.991322
vt 0.247437 0.992012
vt 0.337600 0.352394
vt 0.337600 0.350115
vt 0.337927 0.350210
vt 0.337874 0.353106
vt 0.303954 0.793777
vt 0.305794 0.788455
vt 0.306152 0.788515
vt 0.304225 0.793989
vt 0.307132 0.785617
vt 0.307533 0.785496
vt 0.247437 0.971616
vt 0.240161 0.982705
vt 0.239578 0.982580
vt 0.247296 0.971458
vt 0.303954 0.781994
vt 0.304013 0.781879
vt 0.580782 0.966883
vt 0.571656 0.964127
vt 0.571620 0.965960
vt 0.984405 0.896069
vt 0.987615 0.898193
vt 0.991113 0.901039
vt 0.978120 0.894754
vt 0.337415 0.373655
vt 0.337399 0.372513
vt 0.337792 0.372299
vt 0.337792 0.374103
vt 0.921281 0.906035
vt 0.918943 0.907404
vt 0.918760 0.907014
vt 0.921174 0.905595
vt 0.915805 0.908063
vt 0.883291 0.335589
vt 0.879616 0.333337
vt 0.876792 0.331727
vt 0.337399 0.372086
vt 0.337443 0.365606
vt 0.337954 0.365677
vt 0.337954 0.372299
vt 0.870242 0.330693
vt 0.912825 0.910166
vt 0.908504 0.912403
vt 0.886058 0.344410
vt 0.886189 0.342675
vt 0.886557 0.342847
vt 0.886327 0.345211
vt 0.885145 0.338850
vt 0.885512 0.338848
vt 0.930696 0.931395
vt 0.924718 0.928206
vt 0.931457 0.925707
vt 0.504813 0.983085
vt 0.496891 0.981260
vt 0.917581 0.909216
vt 0.914716 0.910766
vt 0.914034 0.911366
vt 0.917261 0.908807
vt 0.337442 0.388415
vt 0.337362 0.385719
vt 0.337935 0.385122
vt 0.337935 0.388793
vt 0.490046 0.974368
vt 0.491771 0.978464
vt 0.491343 0.978835
vt 0.489566 0.974442
vt 0.495188 0.982569
vt 0.494914 0.983116
vt 0.497068 0.984091
vt 0.337980 0.392740
vt 0.337976 0.395786
vt 0.337503 0.395947
vt 0.337503 0.392359
vt 0.499874 0.985154
vt 0.504379 0.986166
vt 0.930343 0.931930
vt 0.924326 0.928763
vt 0.921483 0.924234
vt 0.918021 0.923360
vt 0.917414 0.923590
vt 0.504413 0.983536
vt 0.497016 0.981647
vt 0.728958 0.814887
vt 0.729747 0.817723
vt 0.728944 0.823156
vt 0.726972 0.825271
vt 0.728164 0.819733
vt 0.726972 0.815006
vt 0.584568 0.970356
vt 0.583977 0.970123
vt 0.585329 0.968510
vt 0.882996 0.337011
vt 0.879503 0.334522
vt 0.876262 0.332672
vt 0.870055 0.331770
vt 0.910233 0.912687
vt 0.930106 0.934433
vt 0.927362 0.933122
vt 0.921886 0.929569
vt 0.920098 0.925477
vt 0.362881 0.785783
vt 0.373336 0.790305
vt 0.394109 0.781905
vt 0.402776 0.800453
vt 0.370509 0.823626
vt 0.337991 0.804598
vt 0.338724 0.829410
vt 0.302370 0.908233
vt 0.292714 0.902195
vt 0.301180 0.889294
vt 0.948436 0.986754
vt 0.931888 0.983413
vt 0.931888 0.963914
vt 0.948165 0.966915
vt 0.830613 0.293501
vt 0.845492 0.271603
vt 0.842107 0.291236
vt 0.321911 0.781905
vt 0.337991 0.787923
vt 0.337991 0.810267
vt 0.313892 0.792875
vt 0.796401 0.260265
vt 0.821843 0.267550
vt 0.812712 0.299706
vt 0.797694 0.282774
vt 0.796086 0.281145
vt 0.375552 0.855262
vt 0.356424 0.844129
vt 0.337991 0.837767
vt 0.402549 0.818622
vt 0.402286 0.839604
vt 0.984779 0.980891
vt 0.984779 0.962607
vt 0.993594 0.968459
vt 0.407967 0.928456
vt 0.378965 0.936126
vt 0.378965 0.913421
vt 0.408143 0.926195
vt 0.308415 0.806339
vt 0.334993 0.816740
vt 0.337991 0.848284
vt 0.315182 0.835316
vt 0.309827 0.816195
vt 0.059526 0.988361
vt 0.058771 0.970947
vt 0.064428 0.969075
vt 0.076732 0.969303
vt 0.074059 0.988361
vt 0.996700 0.971686
vt 0.995309 0.991834
vt 0.830430 0.232303
vt 0.848086 0.238251
vt 0.847853 0.248542
vt 0.847279 0.256883
vt 0.810184 0.240581
vt 0.816869 0.240726
vt 0.821404 0.238742
vt 0.797145 0.253059
vt 0.266175 0.931534
vt 0.272655 0.903521
vt 0.302897 0.914885
vt 0.299511 0.931534
vt 0.405841 0.951925
vt 0.378966 0.954843
vt 0.406188 0.950374
vt 0.813797 0.301023
vt 0.814707 0.300425
vt 0.848086 0.310106
vt 0.824866 0.316842
vt 0.817335 0.320070
vt 0.308350 0.801765
vt 0.847927 0.261910
vt 0.679210 0.954768
vt 0.678394 0.941447
vt 0.688005 0.951730
vt 0.688005 0.961663
vt 0.667935 0.942689
vt 0.670416 0.937941
vt 0.667857 0.947345
vt 0.665194 0.959453
vt 0.664713 0.952404
vt 0.667747 0.952191
vt 0.677068 0.970086
vt 0.688005 0.971596
vt 0.987326 0.416510
vt 0.992937 0.417504
vt 0.996585 0.423987
vt 0.993951 0.425917
vt 0.987326 0.424945
vt 0.375985 0.971626
vt 0.376213 0.985810
vt 0.369907 0.981991
vt 0.365963 0.975202
vt 0.367720 0.970231
vt 0.358012 0.953140
vt 0.364298 0.952728
vt 0.364278 0.960963
vt 0.358012 0.961684
vt 0.239366 0.976986
vt 0.231224 0.975969
vt 0.232891 0.972483
vt 0.239366 0.971459
vt 0.987326 0.408076
vt 0.992905 0.409328
vt 0.360475 0.976314
vt 0.367301 0.953508
vt 0.376928 0.961299
vt 0.238969 0.980773
vt 0.238560 0.984735
vt 0.224836 0.985350
vt 0.224113 0.983949
vt 0.811621 0.977847
vt 0.800045 0.984311
vt 0.800045 0.968255
vt 0.808680 0.961431
vt 0.810349 0.961538
vt 0.815041 0.969233
vt 0.923717 0.076286
vt 0.920107 0.075362
vt 0.914970 0.069230
vt 0.914306 0.059882
vt 0.925205 0.059702
vt 0.239053 0.987008
vt 0.238351 0.992327
vt 0.226585 0.992701
vt 0.811479 0.983896
vt 0.801578 0.987874
vt 0.925205 0.084665
vt 0.918743 0.082500
vt 0.078112 0.926076
vt 0.091170 0.918657
vt 0.093562 0.921395
vt 0.103400 0.915817
vt 0.106840 0.924152
vt 0.104082 0.932553
vt 0.104478 0.942267
vt 0.095837 0.951625
vt 0.084590 0.953544
vt 0.078112 0.957217
vt 0.078112 0.943179
vt 0.914378 0.428854
vt 0.893901 0.430959
vt 0.892796 0.420162
vt 0.914754 0.417306
vt 0.953737 0.919621
vt 0.953827 0.927237
vt 0.947339 0.929880
vt 0.948144 0.920618
vt 0.595786 0.933242
vt 0.594886 0.947717
vt 0.582629 0.941894
vt 0.640504 0.981798
vt 0.624090 0.978741
vt 0.619355 0.965569
vt 0.640504 0.968485
vt 0.573259 0.917066
vt 0.591703 0.918358
vt 0.597074 0.922043
vt 0.596622 0.929208
vt 0.571069 0.924525
vt 0.571274 0.942841
vt 0.597074 0.957823
vt 0.575125 0.953891
vt 0.572003 0.933375
vt 0.895002 0.411002
vt 0.914801 0.413986
vt 0.894678 0.405282
vt 0.915085 0.405282
vt 0.955138 0.936328
vt 0.943339 0.953557
vt 0.946131 0.944643
vt 0.952654 0.951803
vt 0.945696 0.941115
vt 0.759827 0.970124
vt 0.751023 0.989875
vt 0.748329 0.971522
vt 0.742298 0.989708
vt 0.742298 0.972176
vt 0.620698 0.953478
vt 0.640504 0.952266
vt 0.941734 0.923752
vt 0.940524 0.954556
vt 0.955138 0.951221
vt 0.618720 0.962698
vt 0.618594 0.955002
vt 0.934035 0.963914
vt 0.931888 0.954624
vt 0.934119 0.941628
vt 0.939681 0.927052
vt 0.333234 0.718232
vt 0.333234 0.697744
vt 0.335972 0.701620
vt 0.835781 0.899915
vt 0.835811 0.896569
vt 0.851712 0.889784
vt 0.852492 0.895871
vt 0.867753 0.049522
vt 0.860575 0.055983
vt 0.859222 0.038844
vt 0.863849 0.034782
vt 0.730992 0.962267
vt 0.725831 0.973010
vt 0.726968 0.962029
vt 0.292368 0.870637
vt 0.289399 0.863800
vt 0.305544 0.853406
vt 0.307472 0.857784
vt 0.303980 0.848718
vt 0.283737 0.843410
vt 0.306290 0.839547
vt 0.252373 0.935880
vt 0.252599 0.951193
vt 0.252176 0.935979
vt 0.288742 0.827655
vt 0.305004 0.832326
vt 0.288595 0.819898
vt 0.305069 0.825167
vt 0.876284 0.032908
vt 0.875051 0.049332
vt 0.868517 0.034506
vt 0.872427 0.028732
vt 0.840783 0.910612
vt 0.854689 0.900416
vt 0.892669 0.052642
vt 0.886413 0.066348
vt 0.266603 0.828663
vt 0.266175 0.811396
vt 0.253690 0.969446
vt 0.247514 0.975801
vt 0.247514 0.946068
vt 0.269874 0.845680
vt 0.264516 0.965230
vt 0.260434 0.966337
vt 0.266175 0.862000
vt 0.266041 0.961630
vt 0.256583 0.932171
vt 0.267481 0.878772
vt 0.890904 0.023866
vt 0.890300 0.028375
vt 0.871963 0.015977
vt 0.271998 0.889294
vt 0.816949 0.904014
vt 0.817289 0.895639
vt 0.853730 0.887389
vt 0.892876 0.007272
vt 0.892934 0.013707
vt 0.871032 0.009295
vt 0.880889 0.007577
vt 0.872865 0.070593
vt 0.861893 0.080733
vt 0.816452 0.914398
vt 0.821619 0.925021
vt 0.819780 0.890313
vt 0.820809 0.883462
vt 0.854689 0.882960
vt 0.837697 0.887605
vt 0.871183 0.007169
vt 0.731497 0.988809
vt 0.725831 0.988015
vt 0.892644 0.020489
vt 0.336045 0.737334
vt 0.335870 0.739051
vt 0.333527 0.739716
vt 0.333680 0.738221
vt 0.248476 0.940111
vt 0.865451 0.003142
vt 0.869456 0.004042
vt 0.868098 0.005449
vt 0.864951 0.005237
vt 0.869873 0.008580
vt 0.868736 0.006672
vt 0.870386 0.014092
vt 0.869955 0.010369
vt 0.872525 0.021974
vt 0.872483 0.022223
vt 0.871346 0.022340
vt 0.871402 0.022300
vt 0.870964 0.027004
vt 0.867821 0.031779
vt 0.863789 0.032012
vt 0.859818 0.035498
vt 0.855832 0.036240
vt 0.857114 0.033423
vt 0.306638 0.844343
vt 0.306738 0.851603
vt 0.307410 0.839656
vt 0.856918 0.020819
vt 0.854589 0.014541
vt 0.856031 0.014514
vt 0.858101 0.020098
vt 0.854589 0.006914
vt 0.856032 0.008193
vt 0.857874 0.002332
vt 0.858618 0.004562
vt 0.862868 0.000000
vt 0.862792 0.002569
vt 0.336462 0.658564
vt 0.337282 0.663855
vt 0.334785 0.663138
vt 0.334070 0.658532
vt 0.857673 0.010158
vt 0.857672 0.015662
vt 0.837707 0.506502
vt 0.837707 0.510432
vt 0.835321 0.511692
vt 0.835321 0.508271
vt 0.335501 0.649399
vt 0.337346 0.654019
vt 0.334840 0.654575
vt 0.333234 0.650553
vt 0.856836 0.025858
vt 0.859475 0.020523
vt 0.858374 0.025537
vt 0.335707 0.734834
vt 0.333385 0.736045
vt 0.335626 0.742789
vt 0.335533 0.751232
vt 0.333234 0.750321
vt 0.333315 0.742970
vt 0.337923 0.342034
vt 0.337981 0.342102
vt 0.337974 0.344561
vt 0.337923 0.344502
vt 0.335501 0.666359
vt 0.333234 0.665317
vt 0.859925 0.006998
vt 0.336376 0.365081
vt 0.336376 0.358690
vt 0.337878 0.360042
vt 0.337878 0.365606
vt 0.335533 0.733289
vt 0.333234 0.734700
vt 0.868178 0.007770
vt 0.865438 0.007585
vt 0.817410 0.598081
vt 0.817410 0.602182
vt 0.814949 0.601511
vt 0.814949 0.597941
vt 0.858616 0.032123
vt 0.863558 0.005262
vt 0.739640 0.989155
vt 0.868733 0.008834
vt 0.869723 0.010496
vt 0.869794 0.012053
vt 0.870170 0.015294
vt 0.871054 0.022440
vt 0.871005 0.022475
vt 0.870673 0.026535
vt 0.867937 0.030692
vt 0.864427 0.030895
vt 0.860969 0.033930
vt 0.601447 0.837926
vt 0.601291 0.821415
vt 0.601106 0.801843
vt 0.635954 0.821956
vt 0.633254 0.830024
vt 0.637860 0.838486
vt 0.637126 0.848687
vt 0.633678 0.863021
vt 0.629681 0.868281
vt 0.615137 0.867891
vt 0.642937 0.864435
vt 0.240930 0.877543
vt 0.246881 0.879638
vt 0.246294 0.890397
vt 0.234361 0.890464
vt 0.224756 0.891781
vt 0.224113 0.886870
vt 0.946823 0.565103
vt 0.938405 0.563358
vt 0.937768 0.514464
vt 0.942940 0.515438
vt 0.948553 0.524174
vt 0.886207 0.719479
vt 0.878759 0.723989
vt 0.878759 0.695369
vt 0.938356 0.725039
vt 0.947247 0.727039
vt 0.952104 0.776800
vt 0.923406 0.770347
vt 0.928547 0.736739
vt 0.901073 0.175278
vt 0.917215 0.181840
vt 0.915581 0.228115
vt 0.901073 0.226142
vt 0.608138 0.872959
vt 0.617969 0.868281
vt 0.627294 0.913139
vt 0.617111 0.913192
vt 0.607685 0.795389
vt 0.606691 0.784805
vt 0.613910 0.783901
vt 0.642937 0.800654
vt 0.639648 0.810686
vt 0.633365 0.811967
vt 0.346587 0.878857
vt 0.368522 0.876555
vt 0.374887 0.885626
vt 0.378965 0.913014
vt 0.345311 0.910611
vt 0.993607 0.960757
vt 0.984779 0.962607
vt 0.984779 0.919620
vt 0.816266 0.924997
vt 0.807814 0.924308
vt 0.807278 0.895867
vt 0.806812 0.871208
vt 0.816266 0.878306
vt 0.961860 0.514464
vt 0.228757 0.865896
vt 0.227499 0.859316
vt 0.247579 0.866131
vt 0.944051 0.613055
vt 0.961252 0.621797
vt 0.948159 0.627880
vt 0.224113 0.845291
vt 0.246979 0.836566
vt 0.250114 0.844648
vt 0.374448 0.872573
vt 0.796072 0.923332
vt 0.785619 0.922462
vt 0.785030 0.891255
vt 0.792369 0.880858
vt 0.799220 0.881040
vt 0.799643 0.875352
vt 0.802220 0.922333
vt 0.933384 0.396392
vt 0.926793 0.398058
vt 0.926793 0.352007
vt 0.936544 0.346760
vt 0.964525 0.622844
vt 0.958840 0.663139
vt 0.944051 0.664532
vt 0.632867 0.870402
vt 0.642937 0.876309
vt 0.641736 0.913088
vt 0.636080 0.913146
vt 0.231970 0.824556
vt 0.240120 0.824539
vt 0.923406 0.724906
vt 0.947285 0.345563
vt 0.953416 0.358564
vt 0.952474 0.394467
vt 0.940527 0.397101
vt 0.249691 0.811396
vt 0.253572 0.826063
vt 0.359246 0.865779
vt 0.289785 0.931534
vt 0.302895 0.946130
vt 0.289785 0.977384
vt 0.599105 0.878004
vt 0.599754 0.913192
vt 0.378965 0.855262
vt 0.377316 0.863075
vt 0.259345 0.870035
vt 0.256813 0.879947
vt 0.261582 0.833421
vt 0.253832 0.855663
vt 0.337991 0.868752
vt 0.353254 0.860557
vt 0.266175 0.843496
vt 0.925653 0.057307
vt 0.935949 0.056158
vt 0.931887 0.072993
vt 0.926834 0.085416
vt 0.691792 0.849290
vt 0.689304 0.836213
vt 0.727845 0.857983
vt 0.436239 0.783471
vt 0.430041 0.771677
vt 0.431570 0.752911
vt 0.422140 0.738850
vt 0.429422 0.728685
vt 0.422973 0.714503
vt 0.424993 0.705998
vt 0.422140 0.693671
vt 0.432460 0.690177
vt 0.442471 0.682234
vt 0.453377 0.679884
vt 0.462320 0.687722
vt 0.478697 0.688676
vt 0.489566 0.701834
vt 0.489435 0.713905
vt 0.476646 0.713994
vt 0.468172 0.716918
vt 0.460863 0.725875
vt 0.464083 0.740424
vt 0.461846 0.757883
vt 0.457135 0.765632
vt 0.454559 0.779318
vt 0.039399 0.879390
vt 0.037845 0.888173
vt 0.011402 0.890743
vt 0.957564 0.089409
vt 0.964213 0.088364
vt 0.972352 0.123854
vt 0.957564 0.126872
vt 0.983082 0.514464
vt 0.994623 0.514464
vt 0.986010 0.545827
vt 0.975733 0.085854
vt 0.977125 0.863676
vt 0.991310 0.864641
vt 0.987648 0.886037
vt 0.982060 0.893684
vt 0.977327 0.893701
vt 0.975733 0.091519
vt 0.986037 0.085854
vt 0.986456 0.112252
vt 0.975733 0.134047
vt 0.972321 -0.000000
vt 0.988406 0.004630
vt 0.988406 0.034782
vt 0.977232 0.034287
vt 0.978466 0.025559
vt 0.148850 0.946532
vt 0.150181 0.931333
vt 0.159018 0.931055
vt 0.169719 0.945875
vt 0.713985 0.816121
vt 0.697438 0.825708
vt 0.693341 0.822015
vt 0.709640 0.806099
vt 0.148850 0.915884
vt 0.175918 0.911865
vt 0.697964 0.889038
vt 0.695772 0.875256
vt 0.727131 0.890839
vt 0.040084 0.850670
vt 0.040138 0.858629
vt 0.000000 0.878335
vt 0.000685 0.866460
vt 0.694617 0.866594
vt 0.729289 0.884324
vt 0.039499 0.870792
vt 0.001880 0.896096
vt 0.688018 0.825708
vt 0.729289 0.841393
vt 0.945883 0.085416
vt 0.951258 0.057438
vt 0.714394 0.777497
vt 0.715735 0.791025
vt 0.715419 0.798361
vt 0.693574 0.746752
vt 0.711757 0.751036
vt 0.692886 0.756241
vt 0.687388 0.756062
vt 0.687544 0.796701
vt 0.685113 0.781094
vt 0.697774 0.777233
vt 0.977065 0.326735
vt 0.977065 0.289687
vt 0.988584 0.294719
vt 0.987936 0.329711
vt 0.991310 0.894754
vt 0.681131 0.774846
vt 0.662825 0.773509
vt 0.643676 0.744496
vt 0.669581 0.744495
vt 0.679925 0.744495
vt 0.679423 0.756051
vt 0.658607 0.758196
vt 0.983172 0.131085
vt 0.665830 0.780474
vt 0.643663 0.767141
vt 0.149417 0.904558
vt 0.182666 0.904202
vt 0.036894 0.896422
vt 0.000000 0.916909
vt 0.896327 0.800739
vt 0.865360 0.805233
vt 0.867322 0.773457
vt 0.872633 0.761176
vt 0.881080 0.758521
vt 0.898672 0.762776
vt 0.782988 0.917298
vt 0.782988 0.964732
vt 0.762148 0.966497
vt 0.766576 0.939495
vt 0.780049 0.917105
vt 0.862494 0.567163
vt 0.862494 0.589115
vt 0.860364 0.595160
vt 0.828475 0.597942
vt 0.816983 0.579792
vt 0.833554 0.566665
vt 0.844945 0.561645
vt 0.955089 0.863676
vt 0.938135 0.856177
vt 0.931888 0.807329
vt 0.931890 0.807330
vt 0.949951 0.823505
vt 0.972321 0.039477
vt 0.951501 0.047374
vt 0.951501 0.000000
vt 0.970897 0.011616
vt 0.892214 0.945302
vt 0.885100 0.944334
vt 0.878020 0.894698
vt 0.888291 0.894636
vt 0.892214 0.907491
vt 0.822318 0.520066
vt 0.826716 0.519455
vt 0.825906 0.459286
vt 0.825906 0.510783
vt 0.816983 0.462142
vt 0.992447 0.673996
vt 0.983611 0.714554
vt 0.983611 0.670294
vt 0.955089 0.811472
vt 0.862799 0.941876
vt 0.862799 0.900191
vt 0.816452 0.988155
vt 0.816452 0.966206
vt 0.833067 0.970706
vt 0.891741 0.746680
vt 0.986456 0.091651
vt 0.998928 0.085854
vt 0.998928 0.104528
vt 0.867263 0.759172
vt 0.865360 0.750106
vt 0.877137 0.725298
vt 0.877139 0.725297
vt 0.881448 0.724906
vt 0.885758 0.731918
vt 0.895134 0.731372
vt 0.896328 0.733543
vt 0.334959 0.541737
vt 0.313029 0.529271
vt 0.324590 0.500398
vt 0.333245 0.466456
vt 0.336820 0.468495
vt 0.683637 0.887640
vt 0.671478 0.886834
vt 0.673868 0.825708
vt 0.678488 0.852808
vt 0.684621 0.853097
vt 0.895378 0.159628
vt 0.885137 0.166021
vt 0.883745 0.105682
vt 0.891978 0.087976
vt 0.895378 0.085854
vt 0.855538 0.427989
vt 0.853987 0.409222
vt 0.863868 0.396694
vt 0.872370 0.400894
vt 0.880153 0.393334
vt 0.884582 0.392420
vt 0.892796 0.394204
vt 0.892796 0.420486
vt 0.883984 0.424939
vt 0.873954 0.430223
vt 0.868664 0.431818
vt 0.952697 0.289318
vt 0.944960 0.289687
vt 0.948962 0.232732
vt 0.957966 0.232303
vt 0.665956 0.886900
vt 0.665439 0.851912
vt 0.665051 0.825754
vt 0.191912 0.899507
vt 0.176470 0.904202
vt 0.167905 0.902152
vt 0.156381 0.892310
vt 0.148850 0.889072
vt 0.148850 0.884667
vt 0.154453 0.872048
vt 0.148850 0.859756
vt 0.158503 0.857545
vt 0.168863 0.859624
vt 0.182694 0.862399
vt 0.185934 0.866616
vt 0.192902 0.889180
vt 0.940425 0.289503
vt 0.938390 0.232303
vt 0.872832 0.099083
vt 0.868144 0.175278
vt 0.872152 0.130231
vt 0.863685 0.104066
vt 0.967266 0.288204
vt 0.959755 0.289373
vt 0.957966 0.232303
vt 0.859869 0.345563
vt 0.654494 0.853218
vt 0.651714 0.826676
vt 0.655039 0.887306
vt 0.645485 0.887640
vt 0.643663 0.826891
vt 0.320932 0.460046
vt 0.313029 0.454925
vt 0.688018 0.826646
vt 0.972520 0.070812
vt 0.965716 0.085848
vt 0.951501 0.078627
vt 0.951501 0.047374
vt 0.957466 0.048053
vt 0.963326 0.057076
vt 0.968890 0.057869
vt 0.221977 0.913721
vt 0.205824 0.911340
vt 0.207264 0.870658
vt 0.215007 0.860561
vt 0.221977 0.861616
vt 0.762148 0.969546
vt 0.756646 0.970105
vt 0.754528 0.917685
vt 0.762148 0.917105
vt 0.146648 0.906049
vt 0.118528 0.911355
vt 0.116438 0.891366
vt 0.124109 0.858085
vt 0.130410 0.856902
vt 0.142620 0.859830
vt 0.197068 0.858047
vt 0.194460 0.909895
vt 0.192902 0.857545
vt 0.146648 0.853989
vt 0.189632 0.979336
vt 0.189632 0.961922
vt 0.192700 0.957414
vt 0.200238 0.956215
vt 0.207140 0.951071
vt 0.209296 0.966735
vt 0.208448 0.973313
vt 0.200242 0.981954
vt 0.192571 0.985658
vt 0.960473 0.725853
vt 0.970630 0.724906
vt 0.968331 0.758080
vt 0.953781 0.778147
vt 0.952104 0.726045
vt 0.748140 0.969500
vt 0.742298 0.970124
vt 0.742738 0.923727
vt 0.746771 0.917527
vt 0.969694 0.778147
vt 0.917627 0.226960
vt 0.917627 0.200982
vt 0.936055 0.188264
vt 0.930470 0.227631
vt 0.631000 0.951970
vt 0.631000 0.913192
vt 0.641819 0.916622
vt 0.862494 0.548547
vt 0.870191 0.525708
vt 0.893570 0.514464
vt 0.897889 0.531355
vt 0.891780 0.551314
vt 0.897889 0.576404
vt 0.895203 0.584223
vt 0.866679 0.597941
vt 0.888040 0.232303
vt 0.901297 0.239169
vt 0.892659 0.254392
vt 0.850230 0.254023
vt 0.887462 0.257620
vt 0.887452 0.280629
vt 0.857089 0.277696
vt 0.903816 0.306644
vt 0.891521 0.300927
vt 0.888040 0.286100
vt 0.888467 0.281256
vt 0.912881 0.302912
vt 0.908015 0.308277
vt 0.892407 0.268516
vt 0.905221 0.240525
vt 0.915837 0.309863
vt 0.899646 0.179601
vt 0.896931 0.184479
vt 0.864135 0.194522
vt 0.863685 0.175278
vt 0.888040 0.318162
vt 0.856763 0.315141
vt 0.848086 0.246051
vt 0.848182 0.242233
vt 0.862269 0.232303
vt 0.888040 0.234792
vt 0.912895 0.242790
vt 0.921053 0.262562
vt 0.920382 0.311077
vt 0.948529 0.190417
vt 0.950903 0.229083
vt 0.893663 0.200559
vt 0.864170 0.202685
vt 0.900456 0.210525
vt 0.901073 0.214208
vt 0.896907 0.221538
vt 0.895124 0.225844
vt 0.863685 0.228242
vt 0.148522 0.926638
vt 0.144081 0.933132
vt 0.142510 0.945930
vt 0.132653 0.951401
vt 0.130869 0.931582
vt 0.146754 0.911355
vt 0.136223 0.911957
vt 0.972893 0.219886
vt 0.974258 0.227100
vt 0.967176 0.226405
vt 0.544144 0.973941
vt 0.554624 0.973443
vt 0.554500 0.984859
vt 0.544007 0.985042
vt 0.958436 0.188862
vt 0.952157 0.197318
vt 0.953463 0.188264
vt 0.543983 0.964646
vt 0.559090 0.965892
vt 0.973225 0.215434
vt 0.962332 0.204796
vt 0.966079 0.189716
vt 0.972588 0.202553
vt 0.973285 0.203826
vt 0.116438 0.934889
vt 0.125757 0.922992
vt 0.132915 0.911553
vt 0.125128 0.951369
vt 0.116438 0.951332
vt 0.418261 0.814664
vt 0.418261 0.804167
vt 0.421221 0.804389
vt 0.965185 0.494973
vt 0.982926 0.494104
vt 0.983035 0.508249
vt 0.965089 0.496358
vt 0.910008 0.981028
vt 0.911667 0.998524
vt 0.898235 0.998524
vt 0.898729 0.983939
vt 0.905961 0.981412
vt 0.303954 0.775156
vt 0.314991 0.772641
vt 0.316223 0.773918
vt 0.316057 0.779599
vt 0.303954 0.781879
vt 0.315089 0.771202
vt 0.958473 0.227100
vt 0.950903 0.219340
vt 0.951126 0.211210
vt 0.951457 0.204954
vt 0.964465 0.226705
vt 0.962534 0.226679
vt 0.854852 0.987185
vt 0.840937 0.988720
vt 0.840937 0.976403
vt 0.845298 0.969874
vt 0.848841 0.968339
vt 0.857660 0.967530
vt 0.966361 0.480502
vt 0.982790 0.482044
vt 0.966157 0.481430
vt 0.965604 0.188803
vt 0.965221 0.188848
vt 0.983035 0.470115
vt 0.982859 0.479427
vt 0.966227 0.480173
vt 0.966300 0.474640
vt 0.968237 0.470817
vt 0.543983 0.957102
vt 0.561950 0.957917
vt 0.562237 0.960285
vt 0.951157 0.202047
vt 0.370560 0.928169
vt 0.366051 0.934609
vt 0.364456 0.947301
vt 0.354451 0.952728
vt 0.352640 0.933074
vt 0.368765 0.913014
vt 0.358074 0.913612
vt 0.246181 0.963852
vt 0.247514 0.971458
vt 0.240447 0.970698
vt 0.094696 0.973752
vt 0.105096 0.973275
vt 0.104634 0.984766
vt 0.094098 0.984979
vt 0.231447 0.932681
vt 0.225283 0.941059
vt 0.226446 0.932171
vt 0.093994 0.964721
vt 0.109252 0.965880
vt 0.246489 0.959319
vt 0.235528 0.948542
vt 0.239078 0.933593
vt 0.245716 0.946440
vt 0.246425 0.947715
vt 0.337991 0.936355
vt 0.347450 0.924556
vt 0.354717 0.913212
vt 0.346812 0.952696
vt 0.337991 0.952661
vt 0.419407 0.825116
vt 0.418261 0.814664
vt 0.421203 0.814664
vt 0.965191 0.456874
vt 0.982932 0.456046
vt 0.982980 0.470115
vt 0.965089 0.458252
vt 0.974254 0.547533
vt 0.975294 0.565046
vt 0.961860 0.565046
vt 0.962867 0.550448
vt 0.970192 0.547918
vt 0.952104 0.784207
vt 0.962949 0.780627
vt 0.964073 0.781896
vt 0.963894 0.787833
vt 0.952104 0.791206
vt 0.963067 0.779108
vt 0.952104 0.778147
vt 0.231739 0.971458
vt 0.224113 0.963618
vt 0.224342 0.955155
vt 0.224671 0.948663
vt 0.237722 0.971065
vt 0.235797 0.971019
vt 0.054085 0.987504
vt 0.040138 0.988647
vt 0.040138 0.976360
vt 0.044532 0.969949
vt 0.048087 0.968514
vt 0.056939 0.967943
vt 0.966474 0.442503
vt 0.982980 0.444107
vt 0.966263 0.443424
vt 0.238591 0.932689
vt 0.238213 0.932722
vt 0.982271 0.431818
vt 0.982794 0.441392
vt 0.966307 0.442161
vt 0.965840 0.436419
vt 0.967420 0.432464
vt 0.093994 0.957217
vt 0.111772 0.958079
vt 0.112147 0.960399
vt 0.224339 0.945764
vt 0.906313 0.483872
vt 0.922130 0.493690
vt 0.922152 0.514200
vt 0.895440 0.514200
vt 0.893420 0.505593
vt 0.898579 0.497138
vt 0.896833 0.489109
vt 0.972464 0.720211
vt 0.954021 0.719253
vt 0.954021 0.679432
vt 0.963482 0.670294
vt 0.972377 0.671852
vt 0.447532 0.904713
vt 0.441240 0.906683
vt 0.436185 0.858601
vt 0.445262 0.855572
vt 0.532007 0.882297
vt 0.510445 0.877101
vt 0.509156 0.856348
vt 0.515227 0.826135
vt 0.519774 0.827157
vt 0.529772 0.834962
vt 0.529730 0.849805
vt 0.526625 0.849836
vt 0.530008 0.851531
vt 0.987569 0.602108
vt 0.994817 0.590328
vt 0.994817 0.607131
vt 0.460514 0.898504
vt 0.451272 0.852880
vt 0.460945 0.858751
vt 0.796475 0.954711
vt 0.812895 0.949928
vt 0.809818 0.961431
vt 0.792556 0.926750
vt 0.809771 0.924997
vt 0.812895 0.929103
vt 0.810806 0.940187
vt 0.790340 0.954112
vt 0.785358 0.942767
vt 0.785030 0.931754
vt 0.500752 0.820083
vt 0.489565 0.866771
vt 0.489565 0.814769
vt 0.428763 0.912003
vt 0.422140 0.914047
vt 0.422691 0.884319
vt 0.425729 0.883387
vt 0.422876 0.882721
vt 0.422140 0.868394
vt 0.425543 0.862843
vt 0.945061 0.776800
vt 0.950124 0.785270
vt 0.945061 0.793026
vt 0.945061 0.800755
vt 0.935669 0.805322
vt 0.923406 0.803340
vt 0.923406 0.779386
vt 0.862799 0.967357
vt 0.881525 0.963634
vt 0.882604 0.967579
vt 0.882724 0.969823
vt 0.863618 0.980875
vt 0.643663 0.927913
vt 0.646552 0.908300
vt 0.652388 0.923779
vt 0.652712 0.931175
vt 0.973350 0.965268
vt 0.955138 0.956168
vt 0.956747 0.949492
vt 0.974215 0.955255
vt 0.657960 0.937941
vt 0.658628 0.917611
vt 0.666078 0.916999
vt 0.668081 0.935398
vt 0.854689 0.905024
vt 0.855400 0.896687
vt 0.862532 0.886967
vt 0.862532 0.909049
vt 0.646358 0.906475
vt 0.667404 0.898925
vt 0.674993 0.909653
vt 0.656798 0.911330
vt 0.864849 0.953463
vt 0.882724 0.945302
vt 0.643663 0.903737
vt 0.661785 0.887640
vt 0.956376 0.934204
vt 0.955138 0.919621
vt 0.972399 0.925660
vt 0.855888 0.882960
vt 0.901530 0.033992
vt 0.917756 0.039281
vt 0.925653 0.052643
vt 0.912858 0.059702
vt 0.907857 0.058637
vt 0.902029 0.059302
vt 0.892934 0.048174
vt 0.893740 0.041248
vt 0.061967 0.960101
vt 0.049004 0.965169
vt 0.056138 0.923170
vt 0.061967 0.920866
vt 0.324675 0.849498
vt 0.330636 0.866896
vt 0.326614 0.870510
vt 0.323096 0.867746
vt 0.317590 0.871420
vt 0.308350 0.863344
vt 0.308431 0.860050
vt 0.317101 0.848284
vt 0.046674 0.927095
vt 0.049300 0.937545
vt 0.040138 0.967943
vt 0.042766 0.928517
vt 0.941792 0.015350
vt 0.940021 0.008837
vt 0.943336 0.010917
vt 0.319697 0.908280
vt 0.314549 0.907925
vt 0.320829 0.888140
vt 0.937707 0.050248
vt 0.925653 0.042241
vt 0.935260 0.033746
vt 0.936604 0.034207
vt 0.938911 0.038262
vt 0.325289 0.910762
vt 0.913433 -0.000000
vt 0.918140 0.000328
vt 0.925653 0.001261
vt 0.336607 0.901439
vt 0.335298 0.866452
vt 0.053085 0.924532
vt 0.951501 0.015725
vt 0.951501 0.056158
vt 0.941170 0.037930
vt 0.329294 0.850332
vt 0.331862 0.855002
vt 0.334526 0.857213
vt 0.336607 0.862581
vt 0.307410 0.799292
vt 0.303954 0.803173
vt 0.304918 0.798844
vt 0.834354 0.511419
vt 0.835321 0.515664
vt 0.832572 0.511604
vt 0.835321 0.506502
vt 0.303954 0.793989
vt 0.930651 -0.000000
vt 0.337869 0.704381
vt 0.337869 0.709709
vt 0.335972 0.709183
vt 0.845171 0.819775
vt 0.842926 0.842035
vt 0.836412 0.823131
vt 0.852758 0.841792
vt 0.116438 0.971065
vt 0.127529 0.986944
vt 0.117156 0.985708
vt 0.126693 0.969890
vt 0.128118 0.951402
vt 0.117663 0.955190
vt 0.181291 0.794090
vt 0.206451 0.796063
vt 0.188504 0.803351
vt 0.202192 0.785603
vt 0.163719 0.811832
vt 0.173416 0.818584
vt 0.157700 0.830525
vt 0.168248 0.834635
vt 0.431504 0.974340
vt 0.442241 0.957322
vt 0.442290 0.973688
vt 0.431448 0.955279
vt 0.852758 0.866447
vt 0.836412 0.876735
vt 0.842926 0.863205
vt 0.845171 0.882204
vt 0.175516 0.830961
vt 0.198383 0.838792
vt 0.196193 0.845594
vt 0.178488 0.817812
vt 0.986060 0.727172
vt 0.997880 0.746978
vt 0.991278 0.749104
vt 0.997880 0.720639
vt 0.190289 0.808145
vt 0.212382 0.829248
vt 0.204777 0.832336
vt 0.203681 0.804076
vt 0.321696 0.969816
vt 0.326622 0.973727
vt 0.319991 0.982598
vt 0.834245 0.829586
vt 0.838007 0.844328
vt 0.819212 0.847490
vt 0.826819 0.838185
vt 0.838996 0.858813
vt 0.816452 0.862195
vt 0.819212 0.856461
vt 0.832990 0.868748
vt 0.316306 0.956850
vt 0.313997 0.980963
vt 0.326622 0.959663
vt 0.167482 0.976895
vt 0.167107 0.994811
vt 0.164607 0.995403
vt 0.172581 0.976044
vt 0.218038 0.850143
vt 0.218859 0.851802
vt 0.218267 0.852019
vt 0.218588 0.849597
vt 0.912576 0.790630
vt 0.920488 0.807096
vt 0.917966 0.806982
vt 0.917942 0.791258
vt 0.161998 0.995742
vt 0.161998 0.977769
vt 0.212695 0.838942
vt 0.210702 0.840443
vt 0.205293 0.833771
vt 0.211382 0.831298
vt 0.862799 0.988694
vt 0.876739 0.987160
vt 0.863885 0.991700
vt 0.874184 0.980875
vt 0.863885 0.995195
vt 0.875169 0.999036
vt 0.862799 0.997546
vt 0.877128 0.994332
vt 0.200174 0.838939
vt 0.213875 0.850641
vt 0.211637 0.853401
vt 0.922916 0.791211
vt 0.922916 0.807138
vt 0.215926 0.853025
vt 0.216945 0.854502
vt 0.217249 0.850541
vt 0.214689 0.856432
vt 0.217304 0.854721
vt 0.214653 0.856990
vt 0.211543 0.855699
vt 0.210953 0.856128
vt 0.212124 0.853379
vt 0.216620 0.849138
vt 0.216363 0.849753
vt 0.212145 0.857545
vt 0.212556 0.856905
vt 0.214028 0.851031
vt 0.211537 0.855427
vt 0.213671 0.854955
vt 0.773326 0.576343
vt 0.774327 0.579090
vt 0.772704 0.579300
vt 0.774949 0.576133
vt 0.335902 0.589097
vt 0.337775 0.587267
vt 0.337895 0.589615
vt 0.335781 0.586750
vt 0.335972 0.710150
vt 0.337978 0.711350
vt 0.336005 0.711791
vt 0.337946 0.709709
vt 0.335902 0.584891
vt 0.337895 0.585408
vt 0.335972 0.714033
vt 0.337946 0.713591
vt 0.772704 0.573714
vt 0.774327 0.573504
vt 0.310074 0.967425
vt 0.307762 0.978384
vt 0.212336 0.816023
vt 0.305075 0.953835
vt 0.190393 0.822981
vt 0.189236 0.826468
vt 0.913276 0.798153
vt 0.175416 0.843994
vt 0.182482 0.839952
vt 0.187765 0.939074
vt 0.182666 0.923174
vt 0.187438 0.919812
vt 0.187765 0.904202
vt 0.598656 0.970607
vt 0.589384 0.990010
vt 0.592684 0.974283
vt 0.333234 0.697744
vt 0.333234 0.681874
vt 0.337516 0.689311
vt 0.218859 0.800130
vt 0.594131 0.957823
vt 0.589384 0.964959
vt 0.337441 0.590119
vt 0.337441 0.611393
vt 0.333234 0.607367
vt 0.215954 0.837265
vt 0.217641 0.830971
vt 0.218091 0.836701
vt 0.215593 0.832678
vt 0.206075 0.848834
vt 0.212296 0.842914
vt 0.213524 0.843755
vt 0.206333 0.846980
vt 0.198420 0.844386
vt 0.200852 0.847561
vt 0.199231 0.849560
vt 0.816452 0.839479
vt 0.148850 0.832860
vt 0.149744 0.812915
vt 0.166521 0.790092
vt 0.859262 0.829067
vt 0.862799 0.858936
vt 0.847809 0.807329
vt 0.191333 0.775071
vt 0.212568 0.774881
vt 0.216642 0.790340
vt 0.135402 0.959796
vt 0.135402 0.981977
vt 0.856767 0.882960
vt 0.422140 0.981217
vt 0.422140 0.960718
vt 0.815420 0.661286
vt 0.815284 0.643030
vt 0.815122 0.621388
vt 0.845528 0.647221
vt 0.843172 0.655854
vt 0.847191 0.665681
vt 0.846551 0.676874
vt 0.843542 0.692353
vt 0.840182 0.697418
vt 0.827364 0.695810
vt 0.851621 0.694874
vt 0.914122 0.892289
vt 0.921478 0.897824
vt 0.920889 0.904320
vt 0.909240 0.905536
vt 0.898835 0.904051
vt 0.898235 0.901240
vt 0.609553 0.913192
vt 0.622661 0.914231
vt 0.631000 0.952266
vt 0.622724 0.951748
vt 0.611984 0.945322
vt 0.687673 0.974113
vt 0.676764 0.993331
vt 0.773141 0.711828
vt 0.774206 0.700138
vt 0.815122 0.687174
vt 0.811687 0.724906
vt 0.783491 0.722846
vt 0.770719 0.683119
vt 0.811191 0.668422
vt 0.901243 0.839767
vt 0.898235 0.826763
vt 0.931888 0.821962
vt 0.931216 0.834417
vt 0.820862 0.614940
vt 0.819995 0.603143
vt 0.826294 0.602894
vt 0.851621 0.624411
vt 0.848751 0.635153
vt 0.843269 0.635917
vt 0.950966 0.694762
vt 0.954021 0.718543
vt 0.947214 0.720211
vt 0.925810 0.709690
vt 0.925810 0.676391
vt 0.326622 0.953834
vt 0.337001 0.953834
vt 0.332076 0.991042
vt 0.742298 0.917105
vt 0.743339 0.905333
vt 0.765669 0.903271
vt 0.785030 0.901484
vt 0.779251 0.917105
vt 0.599105 0.952266
vt 0.900284 0.880332
vt 0.898235 0.873907
vt 0.919053 0.879854
vt 0.902046 0.884207
vt 0.749029 0.690310
vt 0.742298 0.675552
vt 0.761731 0.662424
vt 0.765735 0.671155
vt 0.778850 0.871208
vt 0.778218 0.881226
vt 0.770594 0.872088
vt 0.744795 0.888941
vt 0.746091 0.874350
vt 0.777768 0.891369
vt 0.782203 0.891695
vt 0.744785 0.894763
vt 0.918730 0.857865
vt 0.849120 0.722327
vt 0.839648 0.724906
vt 0.965907 0.604822
vt 0.961254 0.602164
vt 0.961254 0.565103
vt 0.979384 0.566730
vt 0.979639 0.597970
vt 0.917100 0.545068
vt 0.904741 0.546427
vt 0.897889 0.518220
vt 0.904201 0.514464
vt 0.918672 0.592594
vt 0.911381 0.567676
vt 0.919667 0.565159
vt 0.765771 0.724906
vt 0.977401 0.179103
vt 0.967621 0.179020
vt 0.961561 0.168052
vt 0.958878 0.139865
vt 0.968417 0.139130
vt 0.977401 0.139991
vt 0.764879 0.631679
vt 0.768258 0.648711
vt 0.755021 0.649229
vt 0.897889 0.569296
vt 0.785030 0.665536
vt 0.905139 0.852515
vt 0.931888 0.857865
vt 0.911086 0.585936
vt 0.903045 0.576802
vt 0.762937 0.713366
vt 0.931401 0.883755
vt 0.777770 0.655433
vt 0.765094 0.696495
vt 0.899540 0.807329
vt 0.931404 0.809918
vt 0.778422 0.792213
vt 0.770876 0.768829
vt 0.786701 0.785988
vt 0.759991 0.772229
vt 0.115654 0.940572
vt 0.106931 0.915817
vt 0.115732 0.920657
vt 0.106840 0.939010
vt 0.106931 0.955402
vt 0.115732 0.954647
vt 0.910132 0.127080
vt 0.899747 0.146589
vt 0.902479 0.126010
vt 0.906951 0.151047
vt 0.904708 0.098520
vt 0.897821 0.101487
vt 0.962765 0.379172
vt 0.953416 0.402068
vt 0.953825 0.383218
vt 0.962289 0.401125
vt 0.962289 0.358056
vt 0.953416 0.365086
vt 0.751292 0.745999
vt 0.767787 0.728961
vt 0.763406 0.746307
vt 0.756394 0.725797
vt 0.476709 0.968591
vt 0.456065 0.981483
vt 0.456238 0.973494
vt 0.477725 0.982281
vt 0.474325 0.955237
vt 0.456065 0.965811
vt 0.358012 0.970474
vt 0.337991 0.971858
vt 0.339519 0.963195
vt 0.354722 0.984664
vt 0.903639 0.066733
vt 0.906711 0.059702
vt 0.914306 0.069062
vt 0.787400 0.778170
vt 0.776378 0.764438
vt 0.795607 0.755359
vt 0.791019 0.767404
vt 0.770410 0.749231
vt 0.794298 0.738464
vt 0.792441 0.745815
vt 0.774663 0.736254
vt 0.892934 0.074827
vt 0.913228 0.077433
vt 0.894789 0.060421
vt 0.735686 0.890839
vt 0.729289 0.876624
vt 0.732350 0.876497
vt 0.729289 0.890805
vt 0.814448 0.749003
vt 0.812096 0.749261
vt 0.812163 0.748542
vt 0.814783 0.749803
vt 0.970491 0.343787
vt 0.964403 0.330757
vt 0.966641 0.330325
vt 0.965750 0.344362
vt 0.735290 0.876438
vt 0.741835 0.890599
vt 0.964653 0.914335
vt 0.964035 0.911551
vt 0.969676 0.911445
vt 0.969625 0.918488
vt 0.797115 0.754391
vt 0.809649 0.746457
vt 0.802485 0.760213
vt 0.808586 0.742703
vt 0.796067 0.740864
vt 0.809405 0.739754
vt 0.794581 0.746749
vt 0.967073 0.903385
vt 0.956607 0.907256
vt 0.955128 0.903385
vt 0.959035 0.345112
vt 0.961188 0.331074
vt 0.337966 0.701136
vt 0.335972 0.704311
vt 0.336646 0.701066
vt 0.337292 0.704381
vt 0.809177 0.742963
vt 0.810081 0.746157
vt 0.814455 0.740772
vt 0.811846 0.739806
vt 0.811723 0.738992
vt 0.814170 0.741320
vt 0.816452 0.747828
vt 0.815868 0.747323
vt 0.809874 0.740455
vt 0.815758 0.744289
vt 0.816322 0.744262
vt 0.337503 0.392359
vt 0.336376 0.394673
vt 0.336376 0.392438
vt 0.337503 0.394594
vt 0.813034 0.741822
vt 0.814623 0.744790
vt 0.337947 0.374281
vt 0.336405 0.377348
vt 0.336376 0.374631
vt 0.337977 0.376999
vt 0.337292 0.697814
vt 0.335972 0.697744
vt 0.223950 0.664591
vt 0.222439 0.661629
vt 0.224045 0.661915
vt 0.222344 0.664305
vt 0.337947 0.378982
vt 0.336376 0.379332
vt 0.223950 0.659425
vt 0.222344 0.659139
vt 0.814733 0.747824
vt 0.902661 0.081822
vt 0.912522 0.083355
vt 0.344570 0.982232
vt 0.892934 0.085680
vt 0.994414 0.590328
vt 0.987569 0.580247
vt 0.994414 0.572168
vt 0.347915 0.954954
vt 0.337991 0.952728
vt 0.349882 0.958762
vt 0.356410 0.952941
vt 0.418261 0.791412
vt 0.421988 0.781905
vt 0.421988 0.793053
vt 0.956826 0.910700
vt 0.970491 0.337245
vt 0.783948 0.733623
vt 0.781968 0.724906
vt 0.795866 0.742297
vt 0.799315 0.736041
vt 0.805639 0.757142
vt 0.811710 0.757155
vt 0.807876 0.771657
vt 0.895378 0.138005
vt 0.803477 0.789756
vt 0.799634 0.780918
vt 0.813353 0.778368
vt 0.807659 0.741464
vt 0.810970 0.750430
vt 0.806765 0.743266
vt 0.812911 0.750412
vt 0.809422 0.764227
vt 0.802313 0.762631
vt 0.808177 0.761491
vt 0.800308 0.736746
vt 0.800879 0.739488
vt 0.813608 0.759402
vt 0.811528 0.757628
vt 0.970525 0.367201
vt 0.970369 0.394502
vt 0.907957 0.085854
vt 0.917627 0.117790
vt 0.757809 0.787575
vt 0.742298 0.757402
vt 0.781572 0.805510
vt 0.917627 0.150163
vt 0.907957 0.167825
vt 0.896655 0.159206
vt 0.797959 0.796601
vt 0.802469 0.802815
vt 0.742298 0.729109
vt 0.969585 0.345563
vt 0.180999 0.729787
vt 0.180875 0.707204
vt 0.180728 0.680434
vt 0.208466 0.694295
vt 0.206317 0.706423
vt 0.209983 0.716216
vt 0.209399 0.730495
vt 0.206654 0.751512
vt 0.203819 0.759990
vt 0.191896 0.765492
vt 0.214024 0.749805
vt 0.818561 0.074287
vt 0.816033 0.085608
vt 0.804730 0.085854
vt 0.804267 0.076156
vt 0.802918 0.064239
vt 0.808041 0.063470
vt 0.814232 0.022619
vt 0.825087 0.014977
vt 0.838189 0.050679
vt 0.831046 0.055544
vt 0.820103 0.055354
vt 0.843298 0.004957
vt 0.854589 -0.000000
vt 0.848412 0.027086
vt 0.152226 0.768990
vt 0.148850 0.757927
vt 0.165663 0.774880
vt 0.597197 0.914308
vt 0.579848 0.896064
vt 0.583230 0.857203
vt 0.597197 0.870242
vt 0.983611 0.719523
vt 0.972464 0.712723
vt 0.972508 0.670294
vt 0.983611 0.680904
vt 0.185964 0.668992
vt 0.185173 0.654867
vt 0.190920 0.650785
vt 0.214024 0.662331
vt 0.211407 0.677384
vt 0.206405 0.681616
vt 0.115406 0.890196
vt 0.100119 0.887163
vt 0.094409 0.878054
vt 0.087928 0.853989
vt 0.112159 0.863656
vt 0.835135 0.012619
vt 0.852846 0.046273
vt 0.831285 0.072476
vt 0.543983 0.885276
vt 0.548888 0.870462
vt 0.569958 0.878270
vt 0.568740 0.887682
vt 0.090848 0.893369
vt 0.078112 0.863823
vt 0.083251 0.900407
vt 0.083943 0.905327
vt 0.717943 0.935580
vt 0.725586 0.931215
vt 0.725586 0.961538
vt 0.725586 0.965617
vt 0.718012 0.976984
vt 0.715472 0.962120
vt 0.558428 0.905358
vt 0.305075 0.919709
vt 0.306505 0.910762
vt 0.334306 0.918098
vt 0.336607 0.932458
vt 0.796086 0.029114
vt 0.896951 0.985035
vt 0.882724 0.972097
vt 0.888432 0.945302
vt 0.896951 0.950009
vt 0.078112 0.915817
vt 0.101051 0.903676
vt 0.101454 0.912854
vt 0.975301 0.202092
vt 0.984571 0.207455
vt 0.975671 0.217207
vt 0.336607 0.947604
vt 0.327398 0.953834
vt 0.306533 0.946989
vt 0.307479 0.930365
vt 0.579848 0.857204
vt 0.577988 0.873199
vt 0.569180 0.862678
vt 0.154995 0.733178
vt 0.153677 0.716733
vt 0.151120 0.705150
vt 0.985064 0.218712
vt 0.975301 0.226654
vt 0.827282 0.085854
vt 0.579848 0.885215
vt 0.566642 0.900127
vt 0.567152 0.917066
vt 0.116438 0.905484
vt 0.151941 0.694703
vt 0.154751 0.672239
vt 0.577591 0.897304
vt 0.833920 0.226221
vt 0.829877 0.211479
vt 0.832913 0.209356
vt 0.829877 0.198251
vt 0.838295 0.195816
vt 0.845447 0.199891
vt 0.854485 0.200844
vt 0.861261 0.211226
vt 0.860622 0.223293
vt 0.862621 0.230605
vt 0.849683 0.228629
vt 0.839844 0.937899
vt 0.819438 0.942623
vt 0.819020 0.930924
vt 0.840937 0.925021
vt 0.504813 0.983059
vt 0.510402 0.982466
vt 0.511212 0.990327
vt 0.504813 0.990250
vt 0.570351 0.931241
vt 0.568826 0.946293
vt 0.557949 0.940299
vt 0.840937 0.966206
vt 0.823504 0.966166
vt 0.816936 0.954195
vt 0.840444 0.953445
vt 0.543983 0.917066
vt 0.564005 0.917066
vt 0.570263 0.920282
vt 0.571069 0.927135
vt 0.543984 0.923932
vt 0.546165 0.941871
vt 0.569498 0.957102
vt 0.548935 0.953415
vt 0.545363 0.932761
vt 0.514489 0.960904
vt 0.519501 0.983386
vt 0.511383 0.962208
vt 0.987326 0.408007
vt 0.987326 0.388522
vt 0.993215 0.388106
vt 0.997053 0.408076
vt 0.789757 0.626785
vt 0.795997 0.619772
vt 0.799202 0.629568
vt 0.796955 0.616246
vt 0.802865 0.606461
vt 0.807037 0.616053
vt 0.537316 0.971289
vt 0.528630 0.990654
vt 0.525935 0.971906
vt 0.520002 0.990090
vt 0.520002 0.972892
vt 0.799649 0.597941
vt 0.807037 0.598083
vt 0.786540 0.626334
vt 0.801260 0.630062
vt 0.816452 0.951603
vt 0.817239 0.944448
vt 0.775055 0.631561
vt 0.776619 0.621795
vt 0.784095 0.610727
vt 0.796066 0.599965
vt 0.924594 0.259458
vt 0.937576 0.265833
vt 0.937603 0.271300
vt 0.935641 0.281153
vt 0.930813 0.272043
vt 0.885925 0.823393
vt 0.891105 0.821525
vt 0.890516 0.835114
vt 0.879144 0.695369
vt 0.869110 0.694400
vt 0.856590 0.674929
vt 0.851621 0.647378
vt 0.852167 0.618927
vt 0.860505 0.602894
vt 0.882448 0.611698
vt 0.886676 0.638065
vt 0.888510 0.682429
vt 0.938390 0.239232
vt 0.927346 0.232303
vt 0.930292 0.232481
vt 0.937935 0.237176
vt 0.894693 0.872895
vt 0.889188 0.875745
vt 0.890101 0.874151
vt 0.891994 0.871371
vt 0.892755 0.866038
vt 0.891622 0.848609
vt 0.887627 0.847526
vt 0.881758 0.846109
vt 0.866435 0.845447
vt 0.867695 0.840304
vt 0.959411 0.478873
vt 0.956950 0.476197
vt 0.956445 0.449661
vt 0.960857 0.449674
vt 0.961423 0.479416
vt 0.876531 0.876558
vt 0.863100 0.880808
vt 0.862799 0.877873
vt 0.877992 0.866683
vt 0.926471 0.306514
vt 0.921053 0.306378
vt 0.923449 0.260281
vt 0.868414 0.814955
vt 0.871278 0.818131
vt 0.875651 0.892909
vt 0.878626 0.887172
vt 0.876400 0.892781
vt 0.893081 0.863108
vt 0.887506 0.863316
vt 0.893562 0.859482
vt 0.862799 0.855388
vt 0.961439 0.507483
vt 0.956015 0.502211
vt 0.955363 0.499322
vt 0.954884 0.495628
vt 0.954904 0.489907
vt 0.965089 0.507677
vt 0.884282 0.610429
vt 0.888510 0.636796
vt 0.869763 0.813170
vt 0.881598 0.807329
vt 0.957412 0.482505
vt 0.883430 0.893110
vt 0.898235 0.874421
vt 0.886972 0.894636
vt 0.896286 0.816786
vt 0.891342 0.813209
vt 0.897537 0.848098
vt 0.894760 0.854137
vt 0.897763 0.842006
vt 0.789282 0.964992
vt 0.789282 0.987305
vt 0.786566 0.988399
vt 0.785030 0.987014
vt 0.785030 0.963523
vt 0.934423 0.304574
vt 0.933567 0.307384
vt 0.886875 0.809566
vt 0.413061 0.984553
vt 0.421756 0.993270
vt 0.421505 0.994063
vt 0.412942 0.995541
vt 0.408143 0.995885
vt 0.411364 0.985701
vt 0.938390 0.321919
vt 0.925707 0.319772
vt 0.416609 0.970889
vt 0.410483 0.970889
vt 0.796459 0.969085
vt 0.800046 0.961431
vt 0.796459 0.982485
vt 0.951298 0.447873
vt 0.952813 0.443618
vt 0.961934 0.431818
vt 0.965089 0.432129
vt 0.912234 0.973207
vt 0.909418 0.981028
vt 0.903652 0.969118
vt 0.401279 0.990275
vt 0.400286 0.982234
vt 0.407245 0.987268
vt 0.910162 0.961756
vt 0.919952 0.969118
vt 0.919492 0.981028
vt 0.407926 0.994368
vt 0.978643 0.801171
vt 0.979192 0.814109
vt 0.973264 0.807356
vt 0.909311 0.952130
vt 0.901934 0.956729
vt 0.904920 0.948594
vt 0.993604 0.056122
vt 0.986291 0.047808
vt 0.992873 0.047374
vt 0.272834 0.980890
vt 0.274635 0.972307
vt 0.279864 0.979462
vt 0.978643 0.826358
vt 0.974125 0.833009
vt 0.973264 0.822160
vt 0.974125 0.794250
vt 0.255008 0.975801
vt 0.255506 0.980735
vt 0.247514 0.976436
vt 0.172804 0.965267
vt 0.177002 0.958697
vt 0.177002 0.973411
vt 0.274635 0.988231
vt 0.377922 0.934720
vt 0.370560 0.943775
vt 0.371575 0.930996
vt 0.376193 0.913014
vt 0.378954 0.922606
vt 0.370560 0.918237
vt 0.182713 0.954121
vt 0.185958 0.947177
vt 0.188361 0.959740
vt 0.182713 0.979155
vt 0.182826 0.966860
vt 0.188361 0.974455
vt 0.853542 0.964030
vt 0.845623 0.960241
vt 0.853032 0.954418
vt 0.845623 0.947422
vt 0.853542 0.942221
vt 0.840937 0.952128
vt 0.849758 0.933969
vt 0.859722 0.932651
vt 0.856448 0.925021
vt 0.247514 0.983700
vt 0.255008 0.988160
vt 0.249292 0.993016
vt 0.861746 0.945289
vt 0.861746 0.958108
vt 0.849758 0.967530
vt 0.281034 0.986498
vt 0.178937 0.985055
vt 0.185958 0.985700
vt 0.178937 0.946532
vt 0.262224 0.988219
vt 0.258384 0.995810
vt 0.968198 0.802301
vt 0.968558 0.814869
vt 0.377310 0.943283
vt 0.968198 0.826255
vt 0.859722 0.966212
vt 0.281034 0.970574
vt 0.994612 0.067537
vt 0.998015 0.059567
vt 0.173113 0.953083
vt 0.918234 0.956729
vt 0.914994 0.948594
vt 0.262224 0.980955
vt 0.980585 0.792904
vt 0.267344 0.993532
vt 0.274824 0.992861
vt 0.266175 0.986496
vt 0.266175 0.976654
vt 0.986291 0.072140
vt 0.987366 0.060269
vt 0.898235 0.964654
vt 0.407926 0.977450
vt 0.983716 0.805177
vt 0.901190 0.976001
vt 0.983716 0.819981
vt 0.912610 0.714013
vt 0.906239 0.724295
vt 0.898243 0.707822
vt 0.943283 0.477703
vt 0.951298 0.471458
vt 0.947385 0.490267
vt 0.910338 0.697641
vt 0.925810 0.707822
vt 0.923276 0.724295
vt 0.937343 0.488821
vt 0.943283 0.440660
vt 0.943674 0.458389
vt 0.935050 0.447346
vt 0.909088 0.682883
vt 0.896173 0.689524
vt 0.900820 0.676391
vt 0.076731 0.946501
vt 0.066336 0.934577
vt 0.076196 0.932722
vt 0.946968 0.156465
vt 0.952557 0.171127
vt 0.940170 0.166614
vt 0.935050 0.469120
vt 0.937343 0.431818
vt 0.917857 0.676391
vt 0.313029 0.571154
vt 0.318206 0.563205
vt 0.318206 0.583517
vt 0.938836 0.149917
vt 0.984688 0.071978
vt 0.972520 0.084076
vt 0.974600 0.065070
vt 0.529254 0.942631
vt 0.532644 0.957712
vt 0.520002 0.949150
vt 0.326849 0.555417
vt 0.333500 0.541737
vt 0.335781 0.561000
vt 0.326849 0.589975
vt 0.326329 0.574267
vt 0.335781 0.581312
vt 0.758803 0.621388
vt 0.745240 0.616278
vt 0.758197 0.606401
vt 0.745240 0.597158
vt 0.758803 0.588861
vt 0.736759 0.605663
vt 0.751739 0.578304
vt 0.768712 0.575894
vt 0.762254 0.566916
vt 0.520002 0.933653
vt 0.772704 0.593259
vt 0.972520 0.047374
vt 0.986291 0.054893
vt 0.772704 0.612378
vt 0.751739 0.628358
vt 0.933450 0.161633
vt 0.738782 0.619116
vt 0.322638 0.543100
vt 0.986347 0.669195
vt 0.986347 0.655028
vt 0.995025 0.662521
vt 0.532644 0.932637
vt 0.540458 0.947506
vt 0.543726 0.964351
vt 0.534814 0.971289
vt 0.982927 0.085645
vt 0.928719 0.477779
vt 0.768712 0.625949
vt 0.947171 0.182844
vt 0.937805 0.176398
vt 0.958878 0.184076
vt 0.061967 0.920866
vt 0.923740 0.689524
vt 0.543726 0.939277
vt 0.888510 0.700205
vt 0.888724 0.686573
vt 0.928610 0.458916
vt 0.943678 0.139130
vt 0.950398 0.144111
vt 0.958878 0.157220
vt 0.061967 0.969075
vt 0.066336 0.952991
vt 0.076196 0.962517
vt 0.621931 0.994903
vt 0.618594 0.981798
vt 0.630417 0.981798
vt 0.951298 0.449685
vt 0.892074 0.716179
vt 0.720732 0.911548
vt 0.709094 0.913036
vt 0.715487 0.900142
vt 0.696160 0.913480
vt 0.701044 0.924596
vt 0.725831 0.902597
vt 0.725831 0.917009
vt 0.715487 0.923460
vt 0.688018 0.919982
vt 0.707036 0.891544
vt 0.701044 0.901277
vt 0.694411 0.892676
vt 0.977286 0.863643
vt 0.974777 0.855033
vt 0.985423 0.854876
vt 0.969642 0.312724
vt 0.967211 0.299940
vt 0.977065 0.305317
vt 0.995613 0.435420
vt 0.996105 0.444414
vt 0.987326 0.437970
vt 0.688018 0.905570
vt 0.973886 0.843934
vt 0.980193 0.833009
vt 0.983425 0.843292
vt 0.985423 0.863338
vt 0.977065 0.320042
vt 0.987326 0.426538
vt 0.981663 0.356665
vt 0.979046 0.369417
vt 0.973085 0.357949
vt 0.242911 0.891781
vt 0.254081 0.894476
vt 0.250618 0.899680
vt 0.231353 0.909474
vt 0.236295 0.898406
vt 0.243824 0.910080
vt 0.242911 0.931415
vt 0.236295 0.921702
vt 0.250618 0.922977
vt 0.009020 0.957861
vt 0.006572 0.967239
vt 0.000000 0.956071
vt 0.261610 0.920548
vt 0.255720 0.911642
vt 0.254081 0.932171
vt 0.261610 0.906150
vt 0.970525 0.347575
vt 0.979046 0.345563
vt 0.970525 0.371428
vt 0.977308 0.379598
vt 0.017206 0.967680
vt 0.015334 0.978958
vt 0.005836 0.977048
vt 0.230906 0.930109
vt 0.224113 0.917212
vt 0.224113 0.902814
vt 0.230906 0.892414
vt 0.986347 0.655028
vt 0.995350 0.645656
vt 0.995521 0.653849
vt 0.987099 0.643296
vt 0.996738 0.634867
vt 0.986347 0.632543
vt 0.988691 0.349376
vt 0.988690 0.364118
vt 0.986131 0.377597
vt 0.012306 0.986311
vt 0.974979 0.330325
vt 0.967211 0.323764
vt 0.974979 0.291776
vt 0.966092 0.289687
vt 0.017206 0.956786
vt 0.694411 0.930406
vt 0.996105 0.425917
vt 0.717781 0.928569
vt 0.707036 0.931215
vt 0.959035 0.321624
vt 0.961121 0.311340
vt 0.959035 0.297800
vt 0.968198 0.863591
vt 0.717781 0.890839
vt 0.107960 0.841556
vt 0.108731 0.820556
vt 0.124960 0.834336
vt 0.108474 0.799888
vt 0.091187 0.807201
vt 0.117144 0.853989
vt 0.096084 0.852355
vt 0.090885 0.831692
vt 0.096875 0.788236
vt 0.472808 0.886702
vt 0.468215 0.871088
vt 0.483313 0.868858
vt 0.472809 0.920084
vt 0.471550 0.906687
vt 0.485374 0.910482
vt 0.943179 0.909278
vt 0.942000 0.890842
vt 0.955128 0.901763
vt 0.976326 0.629607
vt 0.978170 0.649374
vt 0.965417 0.634558
vt 0.117935 0.789869
vt 0.485374 0.890860
vt 0.943179 0.872923
vt 0.953129 0.863676
vt 0.955128 0.880394
vt 0.953129 0.919621
vt 0.964525 0.613055
vt 0.949299 0.565103
vt 0.948543 0.583541
vt 0.937768 0.572421
vt 0.742298 0.842172
vt 0.742298 0.821647
vt 0.754663 0.829996
vt 0.773080 0.860500
vt 0.755587 0.853969
vt 0.772757 0.840768
vt 0.800279 0.835165
vt 0.789668 0.849850
vt 0.788743 0.825877
vt 0.945118 0.085854
vt 0.943721 0.102276
vt 0.933450 0.090088
vt 0.780530 0.805901
vt 0.771508 0.819715
vt 0.797441 0.814982
vt 0.945118 0.122469
vt 0.933450 0.111610
vt 0.759467 0.808447
vt 0.750471 0.805510
vt 0.937768 0.593790
vt 0.949300 0.601459
vt 0.957564 0.097763
vt 0.957564 0.119284
vt 0.955849 0.139130
vt 0.940946 0.134387
vt 0.986456 0.122497
vt 0.986456 0.104528
vt 0.998339 0.110652
vt 0.782950 0.868663
vt 0.761887 0.871208
vt 0.743793 0.860436
vt 0.802109 0.843828
vt 0.815519 0.826797
vt 0.812801 0.847137
vt 0.802109 0.821730
vt 0.812801 0.809541
vt 0.961254 0.572627
vt 0.961254 0.593996
vt 0.964525 0.654458
vt 0.974810 0.663462
vt 0.029749 0.992975
vt 0.029749 0.971606
vt 0.040135 0.982714
vt 0.800279 0.863364
vt 0.800279 0.805510
vt 0.479978 0.852880
vt 0.125263 0.809844
vt 0.958334 0.610706
vt 0.079029 0.799372
vt 0.078112 0.818835
vt 0.078540 0.839000
vt 0.086957 0.853989
vt 0.931888 0.901951
vt 0.931888 0.880582
vt 0.460945 0.914089
vt 0.133675 0.843278
vt 0.460945 0.894467
vt 0.136085 0.823332
vt 0.513777 0.905990
vt 0.511469 0.917878
vt 0.500753 0.905447
vt 0.085313 0.967713
vt 0.093994 0.970953
vt 0.087928 0.980206
vt 0.506618 0.893029
vt 0.520958 0.897784
vt 0.523956 0.913141
vt 0.078112 0.972188
vt 0.992329 0.159531
vt 0.994073 0.173426
vt 0.985064 0.166640
vt 0.499544 0.882869
vt 0.492386 0.891857
vt 0.489566 0.882297
vt 0.921723 0.957404
vt 0.922238 0.948594
vt 0.929524 0.948975
vt 0.921723 0.984627
vt 0.919952 0.971563
vt 0.928111 0.979172
vt 0.078112 0.957980
vt 0.985064 0.150630
vt 0.563237 0.966556
vt 0.570139 0.957102
vt 0.569315 0.970484
vt 0.928111 0.963171
vt 0.929524 0.990867
vt 0.928610 0.458539
vt 0.922254 0.470322
vt 0.921843 0.454416
vt 0.920041 0.433517
vt 0.926887 0.444004
vt 0.916806 0.439709
vt 0.216822 0.973880
vt 0.217427 0.961583
vt 0.224010 0.967343
vt 0.893420 0.465477
vt 0.893420 0.450603
vt 0.901159 0.458494
vt 0.912157 0.478292
vt 0.901570 0.474400
vt 0.912172 0.466027
vt 0.911458 0.451231
vt 0.904023 0.442229
vt 0.898293 0.437805
vt 0.909067 0.431818
vt 0.216822 0.951071
vt 0.224010 0.953937
vt 0.905099 0.483872
vt 0.215685 0.772575
vt 0.214168 0.760893
vt 0.223769 0.764111
vt 0.221581 0.752004
vt 0.214024 0.744893
vt 0.223537 0.738221
vt 0.215310 0.730685
vt 0.223769 0.727833
vt 0.209296 0.971513
vt 0.209296 0.958106
vt 0.993206 0.192545
vt 0.985064 0.200165
vt 0.986619 0.187172
vt 0.993206 0.208556
vt 0.986619 0.214410
vt 0.840384 0.973041
vt 0.833067 0.977511
vt 0.835137 0.966206
vt 0.840384 0.987249
vt 0.917882 0.481351
vt 0.210854 0.983412
vt 0.570139 0.982455
vt 0.562236 0.978486
vt 0.994073 0.181046
vt 0.985931 0.139130
vt 0.994073 0.147521
vt 0.994073 0.222962
vt 0.985931 0.181046
vt 0.087928 0.957217
vt 0.832572 0.506502
vt 0.832572 0.519237
vt 0.826813 0.508541
vt 0.080611 0.984676
vt 0.089564 0.988959
vt 0.529931 0.904306
vt 0.529042 0.917086
vt 0.523942 0.890959
vt 0.512592 0.884193
vt 0.489566 0.903997
vt 0.520441 0.924400
vt 0.497237 0.916706
vt 0.507797 0.925145
vt 0.032989 0.830028
vt 0.013799 0.834883
vt 0.022319 0.812644
vt 0.931603 0.626882
vt 0.944051 0.639001
vt 0.931230 0.646056
vt 0.045347 0.811944
vt 0.051060 0.833751
vt 0.031563 0.847928
vt 0.919363 0.630021
vt 0.147742 0.802360
vt 0.148814 0.824734
vt 0.136085 0.811149
vt 0.053673 0.795666
vt 0.034477 0.792447
vt 0.045629 0.782006
vt 0.955233 0.824191
vt 0.955089 0.806364
vt 0.965220 0.809630
vt 0.960299 0.863676
vt 0.955089 0.846300
vt 0.968198 0.857521
vt 0.924850 0.613055
vt 0.138203 0.788236
vt 0.941623 0.505792
vt 0.950309 0.493193
vt 0.950309 0.514200
vt 0.965220 0.834312
vt 0.931603 0.664434
vt 0.924850 0.670841
vt 0.919363 0.652093
vt 0.482604 0.802454
vt 0.481424 0.821870
vt 0.469530 0.801547
vt 0.947601 0.307042
vt 0.951149 0.289687
vt 0.959035 0.305728
vt 0.422140 0.799264
vt 0.434132 0.783471
vt 0.433991 0.799672
vt 0.434497 0.837668
vt 0.423919 0.818837
vt 0.441254 0.822245
vt 0.471866 0.839640
vt 0.453147 0.842569
vt 0.463219 0.823404
vt 0.451631 0.805063
vt 0.451466 0.786880
vt 0.951149 0.325831
vt 0.469671 0.785346
vt 0.465128 0.852880
vt 0.443163 0.851721
vt 0.403470 0.846212
vt 0.414155 0.832954
vt 0.418261 0.848553
vt 0.402776 0.822823
vt 0.417138 0.810709
vt 0.405189 0.798260
vt 0.418261 0.791165
vt 0.941964 0.342915
vt 0.953681 0.342260
vt 0.938390 0.322215
vt 0.938390 0.299876
vt 0.076123 0.782006
vt 0.074004 0.804920
vt 0.063393 0.793192
vt 0.064004 0.815160
vt 0.074004 0.829690
vt 0.063393 0.833270
vt 0.076123 0.846854
vt 0.482604 0.840088
vt 0.409788 0.781905
vt 0.968198 0.792904
vt 0.063219 0.813554
vt 0.063393 0.795051
vt 0.022600 0.782706
vt 0.014494 0.796857
vt 0.136085 0.835919
vt 0.147742 0.844501
vt 0.288983 0.970574
vt 0.288983 0.992646
vt 0.281034 0.977706
vt 0.944051 0.661073
vt 0.940108 0.676391
vt 0.049434 0.849537
vt 0.063393 0.832766
vt 0.012173 0.850670
vt 0.002928 0.815386
vt -0.000000 0.834693
s 0
usemtl Material.004
f 1/1 2/2 3/3
f 4/4 2/5 5/6
f 1/1 3/3 6/7
f 1/1 6/7 7/8
f 1/1 7/8 8/9
f 4/4 5/6 9/10
f 10/11 11/12 12/13
f 13/14 14/15 15/16
f 16/17 17/18 18/19
f 19/20 20/21 21/22
f 4/4 9/10 22/23
f 10/11 12/13 23/24
f 13/25 15/26 24/27
f 16/17 18/19 25/28
f 19/20 21/22 26/29
f 27/30 28/31 29/32
f 30/33 31/34 32/35
f 33/36 34/37 35/38
f 36/39 37/40 38/41
s 1
f 39/42 40/43 41/44
s 0
f 41/44 38/41 42/45
f 41/44 40/43 38/41
f 40/43 36/39 38/41
f 38/41 35/46 42/45
f 38/41 37/40 35/46
f 37/47 33/36 35/38
s 1
f 35/46 32/48 42/45
s 0
f 35/38 34/37 32/49
f 34/37 30/50 32/49
f 32/48 29/51 42/45
f 32/35 31/34 29/32
s 1
f 31/34 27/30 29/32
s 0
f 29/51 41/44 42/45
f 29/51 28/52 41/44
s 1
f 28/52 39/42 41/44
s 0
f 26/53 40/43 39/42
f 26/54 21/55 40/56
f 21/55 36/57 40/56
f 25/58 37/59 36/57
f 25/58 18/60 37/59
f 18/61 33/36 37/47
f 24/62 34/37 33/36
f 24/62 15/63 34/37
f 15/63 30/50 34/37
f 23/24 31/34 30/33
f 23/24 12/13 31/34
f 12/13 27/30 31/34
f 22/64 28/31 27/30
f 22/65 9/66 28/67
f 9/66 39/68 28/67
f 21/55 25/58 36/57
f 21/22 20/21 25/28
f 20/21 16/17 25/28
f 18/61 24/62 33/36
f 18/69 17/70 24/27
f 17/70 13/25 24/27
f 15/71 23/24 30/33
f 15/16 14/15 23/72
f 14/15 10/73 23/72
f 12/13 22/64 27/30
f 12/13 11/12 22/64
f 11/74 4/4 22/23
f 9/66 26/75 39/68
f 9/10 5/6 26/76
f 5/6 19/77 26/76
f 8/78 20/21 19/20
f 8/78 7/79 20/21
f 7/79 16/17 20/21
f 7/8 17/80 16/81
f 7/8 6/7 17/80
s 1
f 6/7 13/14 17/80
f 6/7 14/15 13/14
s 0
f 6/7 3/3 14/15
f 3/3 10/73 14/15
f 5/6 8/82 19/77
f 5/6 2/5 8/82
s 1
f 2/2 1/1 8/9
s 0
f 3/3 11/83 10/73
f 3/3 2/2 11/83
f 2/5 4/4 11/74
f 43/84 44/85 45/86
f 46/87 44/88 47/89
f 43/84 45/86 48/90
f 43/84 48/90 49/91
f 43/84 49/91 50/92
f 46/87 47/89 51/93
f 52/94 53/95 54/96
f 55/97 56/98 57/99
f 58/100 59/101 60/102
f 61/103 62/104 63/105
f 46/87 51/93 64/106
f 52/94 54/96 65/107
f 55/108 57/109 66/110
f 58/100 60/102 67/111
f 61/103 63/105 68/112
f 69/113 70/114 71/115
f 72/116 73/117 74/118
f 75/119 76/120 77/121
f 78/122 79/123 80/124
s 1
f 81/125 82/126 83/127
s 0
f 83/127 80/128 84/129
f 83/127 82/126 80/128
f 82/126 78/130 80/128
f 80/128 77/131 84/129
f 80/128 79/132 77/131
f 79/133 75/119 77/121
s 1
f 77/131 74/134 84/129
s 0
f 77/121 76/120 74/135
f 76/120 72/136 74/135
f 74/134 71/137 84/129
f 74/118 73/117 71/115
s 1
f 73/117 69/113 71/115
s 0
f 71/137 83/127 84/129
f 71/137 70/138 83/127
s 1
f 70/138 81/125 83/127
s 0
f 68/139 82/140 81/141
f 68/142 63/143 82/144
f 63/143 78/122 82/144
f 67/145 79/123 78/122
f 67/145 60/146 79/123
f 60/147 75/119 79/133
f 66/148 76/120 75/119
f 66/148 57/149 76/120
f 57/149 72/136 76/120
f 65/150 73/117 72/116
f 65/150 54/151 73/117
f 54/151 69/113 73/117
f 64/152 70/114 69/113
f 64/153 51/154 70/155
f 51/154 81/141 70/155
f 63/143 67/145 78/122
f 63/105 62/104 67/111
f 62/104 58/100 67/111
f 60/147 66/148 75/119
f 60/156 59/157 66/110
f 59/157 55/108 66/110
f 57/158 65/150 72/116
f 57/99 56/98 65/159
f 56/160 52/94 65/107
f 54/151 64/152 69/113
f 54/96 53/95 64/161
f 53/162 46/87 64/106
f 51/154 68/139 81/141
f 51/93 47/89 68/163
f 47/89 61/164 68/163
f 50/165 62/104 61/103
f 50/165 49/166 62/104
f 49/166 58/100 62/104
f 49/166 59/101 58/100
f 49/91 48/90 59/167
s 1
f 48/90 55/97 59/167
f 48/90 56/98 55/97
s 0
f 48/90 45/86 56/98
f 45/86 52/168 56/98
f 47/89 50/169 61/164
f 47/89 44/88 50/169
s 1
f 44/85 43/84 50/92
s 0
f 45/86 53/170 52/168
f 45/86 44/85 53/170
f 44/88 46/87 53/162
f 85/171 86/172 87/173
f 88/174 86/175 89/176
f 85/171 87/173 90/177
f 85/171 90/177 91/178
f 85/171 91/178 92/179
f 88/174 89/176 93/180
f 94/181 95/182 96/183
f 97/184 98/185 99/186
f 100/187 101/188 102/189
f 103/190 104/191 105/192
f 88/193 93/194 106/195
f 94/181 96/183 107/196
f 97/184 99/186 108/197
f 100/187 102/189 109/198
f 103/190 105/192 110/199
f 111/200 112/201 113/202
f 114/203 115/204 116/205
f 117/206 118/207 119/208
f 120/209 121/210 122/211
s 1
f 123/212 124/213 125/214
s 0
f 125/214 122/211 126/215
f 125/214 124/213 122/211
f 124/213 120/209 122/211
f 122/211 119/216 126/215
f 122/211 121/210 119/216
f 121/210 117/217 119/216
s 1
f 119/216 116/218 126/215
s 0
f 119/208 118/207 116/205
f 118/207 114/203 116/205
f 116/219 113/202 126/220
f 116/219 115/221 113/202
s 1
f 115/221 111/200 113/202
s 0
f 113/222 125/214 126/215
f 113/202 112/201 125/223
s 1
f 112/224 123/212 125/214
s 0
f 110/225 124/226 123/227
f 110/225 105/228 124/226
f 105/228 120/229 124/226
f 109/230 121/231 120/232
f 109/230 102/233 121/231
f 102/233 117/234 121/231
f 108/235 118/207 117/206
f 108/235 99/236 118/207
f 99/236 114/203 118/207
f 107/237 115/204 114/203
f 107/238 96/239 115/221
f 96/239 111/200 115/221
f 106/240 112/201 111/200
f 106/240 93/241 112/201
f 93/242 123/227 112/243
f 105/244 109/230 120/232
f 105/245 104/246 109/198
f 104/246 100/187 109/198
f 102/233 108/247 117/234
f 102/189 101/188 108/248
f 101/249 97/184 108/197
f 99/236 107/237 114/203
f 99/186 98/185 107/250
f 98/251 94/252 107/253
f 96/239 106/240 111/200
f 96/183 95/182 106/195
f 95/182 88/193 106/195
f 93/242 110/225 123/227
f 93/180 89/176 110/199
f 89/176 103/190 110/199
f 92/254 104/191 103/190
f 92/255 91/256 104/246
f 91/256 100/187 104/246
f 91/256 101/188 100/187
f 91/178 90/177 101/257
s 1
f 90/177 97/258 101/257
f 90/177 98/251 97/258
s 0
f 90/177 87/173 98/251
f 87/173 94/252 98/251
f 89/176 92/254 103/190
f 89/176 86/175 92/254
s 1
f 86/172 85/171 92/179
s 0
f 87/173 95/259 94/252
f 87/173 86/172 95/259
f 86/172 88/260 95/259
f 128/261 141/262 146/263
f 128/261 146/263 165/264
f 129/265 412/266 401/267
f 130/268 153/269 175/270
f 131/271 159/272 181/273
f 128/261 165/264 170/274
f 129/265 401/267 407/275 176/276
f 130/277 175/278 182/279
f 131/271 181/273 188/280
f 132/281 395/282 393/283
f 133/284 198/285 213/286
f 134/287 201/288 215/289
f 135/290 204/291 208/292
f 208/292 217/293 397/294
f 208/292 204/291 217/293
f 204/291 203/295 217/293
f 217/293 203/295 218/296
f 203/295 202/297 218/296
f 218/296 202/297 215/289
f 202/297 134/287 215/289
f 210/298 224/299 371/300 357/301
f 258/302 140/303 350/304 375/305
f 218/296 215/289 362/306 365/307
f 253/308 147/309 352/310 372/311
f 156/312 155/313 353/314 347/315
f 220/316 213/317 212/318
f 215/289 201/288 219/319
f 201/288 200/320 219/319
f 219/319 200/320 220/316
f 200/320 199/321 220/316
f 220/316 199/321 213/317
f 199/321 133/322 213/317
f 127/323 156/312 347/315 346/324
f 216/325 209/326 364/327 363/328
f 213/286 222/329 212/330
f 205/331 136/332 354/333 355/334
f 155/335 253/308 372/311 353/336
f 212/330 222/329 221/337
f 222/329 223/338 221/337
f 221/337 223/338 210/339
f 223/338 211/340 210/339
f 213/286 198/285 222/329
f 198/285 424/341 425/342 222/329
f 222/329 425/342 428/343 223/338
f 197/344 196/345 426/346 428/343
f 223/338 426/346 211/340
f 224/299 205/347 355/348 371/300
f 260/349 138/350 348/351 376/352
f 211/340 225/353 210/339
f 212/330 221/337 370/354 359/355
f 224/299 399/356 205/347
f 210/339 225/353 224/357
f 225/358 226/359 224/299
f 224/299 226/359 394/360 399/356
f 226/359 390/361 394/360
f 225/358 195/362 226/359
f 195/362 194/363 226/359
f 226/359 194/363 387/364 390/361
f 194/363 132/281 393/283 387/364
f 227/365 391/366 397/294 209/367
f 192/368 392/369 398/370 227/371
f 227/371 398/370 391/372
f 191/373 135/374 208/375
f 167/376 204/291 378/377
f 229/378 202/297 203/295
f 166/379 187/380 228/381
f 187/382 186/383 228/384
f 228/385 186/386 229/378
f 186/386 185/387 229/378
f 229/378 185/387 202/297
f 185/387 134/287 202/297
f 190/388 201/288 134/287
f 189/389 230/390 190/388
f 188/280 231/391 189/392
f 190/388 230/390 201/288
f 230/390 200/320 201/288
f 189/389 231/393 230/390
f 231/393 232/394 230/390
f 230/390 232/394 200/320
f 232/394 199/321 200/320
f 188/280 181/273 231/391
f 181/273 180/395 231/391
f 231/396 180/397 232/398
f 180/397 179/399 232/398
f 232/394 179/400 199/321
f 179/400 133/322 199/321
f 184/401 198/285 133/284
f 183/402 437/403 429/404 184/401
f 182/279 427/405 434/406 183/407
f 184/401 429/404 432/408 198/285
f 233/409 197/344 424/341 432/408
f 183/402 434/410 437/403
f 150/411 149/412 283/413 284/414
f 227/415 209/416 313/417 319/418
f 182/279 175/278 431/419 427/405
f 175/278 433/420 431/419
f 248/421 168/422 295/423 332/424
f 233/425 234/426 325/427 323/428
f 251/429 145/430 282/431 337/432
f 196/433 197/434 307/435 306/436
f 168/422 237/437 328/438 295/423
f 177/439 235/440 178/441
f 176/276 415/442 423/443 177/444
f 209/445 216/446 315/447 313/448
f 255/449 155/450 287/451 338/452
f 177/439 423/453 418/454 235/440
f 236/455 237/456 402/457 418/454
f 235/440 402/457 405/458 195/459
f 237/437 413/460 405/461
f 176/276 407/275 415/442
f 158/462 255/449 338/452 289/463
f 211/464 196/433 306/436 275/465
f 236/466 169/467 297/468 327/469
f 237/437 168/422 416/470 413/460
f 168/422 404/471 416/470
f 172/472 386/473 395/282 132/281
f 171/474 238/475 172/472
f 170/274 239/476 171/477
f 172/472 238/475 388/478 386/473
f 238/475 389/479 388/478
f 171/474 239/480 238/475
f 239/480 240/481 238/475
f 238/475 240/481 396/482 389/479
f 240/481 191/373 392/369 396/482
f 170/274 165/264 239/476
f 165/264 164/483 239/476
f 239/484 164/485 240/486
f 164/485 163/487 240/486
f 240/486 163/487 191/488
f 163/487 135/489 191/488
f 185/387 190/388 134/287
f 186/386 241/490 185/387
f 250/491 251/429 337/432 335/492
f 185/387 241/490 190/388
f 241/490 189/389 190/388
f 241/493 186/494 300/495 329/496
f 193/497 192/498 303/499 304/500
f 189/501 241/502 329/503 302/504
f 187/505 166/506 292/507 271/508
f 214/509 136/510 274/511 314/512
f 167/513 250/514 335/515 294/516
f 144/517 143/518 279/519 280/520
f 229/378 203/295 308/521 322/522
f 197/434 233/523 323/524 307/435
f 160/525 131/271 188/280
f 179/526 184/401 133/284
f 180/397 242/527 179/399
f 181/273 243/528 180/395
f 179/399 242/527 184/529
f 242/530 183/402 184/401
f 180/395 243/528 242/531
f 243/528 244/532 242/531
f 242/531 244/532 183/533
f 244/534 182/279 183/407
f 181/273 159/272 243/528
f 159/272 460/535 462/536 243/528
f 243/528 462/536 447/537 244/532
f 158/462 157/538 450/539 447/537
f 244/532 450/539 454/540 182/541
f 157/538 455/542 454/540
f 143/518 142/543 278/544 279/519
f 174/545 436/546 430/547 173/548
f 175/278 246/549 435/550 433/420
f 173/548 430/547 178/551
f 245/552 177/439 178/441
f 174/553 435/554 436/555
f 246/556 247/557 245/558
f 245/558 247/557 177/444
f 247/557 176/276 177/444
f 175/270 153/269 246/556
f 153/269 445/559 444/560 246/556
f 246/556 444/560 442/561 247/557
f 152/562 151/563 438/564 442/561
f 247/557 438/564 439/565 176/276
f 151/563 441/566 439/565
f 168/422 409/567 404/471
f 188/280 189/392 302/568 301/569
f 256/570 150/571 446/572 341/573
f 168/422 248/421 422/574 409/567
f 248/421 411/575 422/574
f 178/441 235/440 326/576 269/577
f 152/578 256/570 341/573 286/579
f 248/580 249/581 406/582 411/583
f 249/581 414/584 406/582
f 186/585 187/586 271/587 300/588
f 156/589 127/590 263/591 267/592
f 237/593 236/594 327/595 328/596
f 162/597 161/598 291/599 268/600
f 249/581 142/601 417/602 414/584
f 142/603 410/604 417/605
f 163/487 382/606 378/607 135/489
f 164/485 385/608 381/609 163/487
f 165/264 379/610 384/611 164/483
f 163/487 381/609 382/606
f 139/612 138/613 277/614 262/615
f 164/616 384/617 385/618
f 149/619 157/620 288/621 283/622
f 161/623 160/525 290/624 291/625
f 257/626 148/627 264/628 344/629
f 165/264 146/263 383/630 379/610
f 146/263 380/631 383/630
f 228/632 229/633 322/634 321/635
f 138/350 137/636 276/637 277/638
f 195/362 225/358 316/639 305/640
f 166/641 228/642 321/643 292/644
f 142/645 249/646 334/647 278/648
f 147/649 452/650 448/651
f 219/652 220/653 369/654 368/655
f 148/656 252/657 162/658
f 252/659 161/623 162/660
f 147/661 253/662 457/663 452/664
f 253/662 459/665 457/663
f 252/659 254/666 161/623
f 254/666 160/525 161/623
f 209/667 217/668 366/669 364/670
f 138/671 139/672 345/673 348/674
f 253/662 155/450 453/675 459/665
f 155/450 449/676 453/675
f 254/666 154/677 160/525
f 154/677 131/271 160/525
f 154/677 159/272 131/271
f 155/450 255/449 458/678 449/676
f 235/440 195/459 305/679 326/576
f 154/677 458/678 461/680 159/272
f 255/449 158/462 460/535 461/680
f 160/525 188/280 301/569 290/624
f 157/538 158/462 289/463 288/681
f 206/682 207/683 312/684 311/685
f 205/686 206/682 311/685 310/687
f 155/688 156/589 267/592 287/689
f 145/430 257/690 344/691 282/431
f 204/692 167/513 294/516 309/693
f 136/510 205/686 310/687 274/511
f 127/590 139/612 262/615 263/591
f 149/694 451/695 455/542 157/538
f 149/412 456/696 451/697
f 150/411 440/698 149/412
f 169/467 144/517 280/520 297/468
f 149/412 440/698 456/696
f 256/699 152/562 445/559 443/700
f 203/295 204/291 309/701 308/521
f 234/702 174/703 299/704 325/705
f 137/636 151/563 285/706 276/637
f 192/498 227/415 319/418 303/499
f 249/646 248/707 332/708 334/647
f 148/627 162/709 268/710 264/628
f 151/563 152/562 286/711 285/706
f 216/446 214/712 314/713 315/447
f 173/714 178/441 269/577 298/715
f 137/636 441/566 151/563
f 225/716 211/464 275/465 316/717
f 207/718 193/719 304/720 312/721
f 146/263 258/722 377/723 380/631
f 174/724 173/714 298/715 299/725
f 257/726 448/651 148/656
f 145/430 377/723 257/690
f 221/337 210/339 357/727 370/354
f 140/303 260/349 376/352 350/304
f 215/289 219/319 368/728 362/306
f 146/263 141/262 258/722
f 141/262 140/729 258/722
f 214/730 216/731 363/732 360/733
f 220/734 212/330 359/355 369/735
f 257/690 258/722 375/736 373/737
f 136/332 214/738 360/739 354/333
f 137/636 420/740 412/266 129/265
f 138/350 259/741 137/636
f 217/293 218/296 365/307 366/742
f 137/636 259/741 408/743 420/740
f 259/741 421/744 408/743
f 138/350 260/349 259/741
f 260/349 261/745 259/741
f 259/741 261/745 419/746 421/744
f 261/745 400/747 419/746
f 147/309 257/748 373/749 352/310
f 139/750 127/751 346/752 345/753
f 260/349 140/303 261/745
f 140/303 141/754 261/745
f 261/745 141/754 403/755 400/747
f 141/262 128/261 410/604 403/756
f 263/757 262/758 266/759
f 263/757 266/759 267/760
f 265/761 268/762 271/763
f 265/761 271/763 292/764
f 270/765 272/766 275/767
f 273/768 314/713 274/769
f 313/448 315/447 273/768
f 273/768 315/447 314/713
f 306/770 270/765 275/767
f 275/767 272/766 316/771
f 272/766 305/772 316/771
f 310/773 273/768 274/769
f 311/774 317/775 310/776
f 312/777 318/778 311/774
f 310/773 317/779 273/768
f 317/779 313/448 273/768
f 311/774 318/778 317/775
f 318/778 319/780 317/775
f 317/775 319/780 313/781
f 312/777 304/782 318/778
f 304/782 303/783 318/778
f 318/778 303/783 319/780
f 293/784 320/785 294/516
f 292/764 321/786 293/787
f 294/788 320/789 309/701
f 320/789 308/521 309/701
f 293/790 321/791 320/789
f 321/791 322/522 320/789
f 320/789 322/522 308/521
f 325/792 324/793 323/794
f 323/794 324/793 307/795
f 324/793 306/770 307/795
f 325/792 299/796 324/793
f 299/796 298/797 324/793
f 324/793 298/797 306/770
f 298/797 270/765 306/770
f 269/798 272/766 270/765
f 269/798 326/799 272/766
f 326/799 305/772 272/766
f 297/468 296/800 327/469
f 327/801 296/802 328/803
f 296/802 295/804 328/803
f 271/805 331/806 300/807
f 300/807 331/806 329/808
f 331/806 330/809 329/808
f 329/808 330/809 302/810
f 330/811 301/569 302/568
f 271/805 268/812 331/806
f 268/813 291/625 331/814
f 331/814 291/625 330/811
f 291/625 290/624 330/811
f 330/811 290/624 301/569
f 298/797 269/798 270/765
f 296/802 332/815 295/804
f 297/468 333/816 296/800
f 296/800 333/816 332/817
f 333/816 334/818 332/817
f 297/468 280/520 333/816
f 280/520 279/519 333/816
f 333/816 279/519 334/818
f 279/519 278/544 334/818
f 335/515 293/784 294/516
f 337/432 336/819 335/492
f 335/492 336/819 293/787
f 336/819 292/764 293/787
f 337/432 282/431 336/819
f 282/431 281/820 336/819
f 336/819 281/820 292/764
f 281/820 265/761 292/764
f 264/821 268/762 265/761
f 267/822 340/823 287/451
f 287/451 340/823 338/452
f 340/823 339/824 338/452
f 338/452 339/824 289/463
f 339/824 288/681 289/463
f 267/822 266/825 340/823
f 266/759 284/414 340/826
f 340/823 284/827 339/824
f 284/414 283/413 339/828
f 339/824 283/829 288/681
f 266/759 343/830 284/414
f 284/414 343/830 341/831 446/832
f 343/830 342/833 341/831
f 341/831 342/833 286/711
f 342/833 285/706 286/711
f 266/759 262/758 343/830
f 262/758 277/638 343/830
f 343/830 277/638 342/833
f 277/638 276/637 342/833
f 342/833 276/637 285/706
f 281/820 264/821 265/761
f 282/431 344/691 281/820
f 281/820 344/691 264/821
f 346/324 349/834 345/835
f 346/324 347/315 351/836
f 363/837 361/838 360/839
f 364/840 366/742 363/837
f 366/742 365/307 363/837
f 363/837 365/307 361/838
f 365/307 362/306 361/838
f 360/839 358/841 354/842
f 361/838 367/843 360/839
f 362/306 368/728 361/838
f 360/839 367/843 358/841
f 367/843 359/844 358/841
f 361/838 368/728 367/843
f 368/728 369/845 367/843
f 367/843 369/845 359/844
f 358/841 356/846 354/842
f 359/844 370/847 358/841
f 358/848 370/354 356/849
f 370/354 357/727 356/849
f 356/846 355/850 354/842
f 357/727 371/851 356/849
f 356/852 371/300 355/348
f 351/853 372/854 352/855
f 351/856 347/857 372/858
f 347/857 353/859 372/858
f 375/736 374/860 373/737
f 373/737 374/860 352/855
f 374/860 351/853 352/855
f 375/736 350/861 374/860
f 350/861 349/862 374/860
f 374/860 349/862 351/853
f 349/834 346/324 351/836
f 345/835 376/352 348/351
f 345/835 349/834 376/352
f 349/834 350/304 376/352
f 381/609 385/608 250/514
f 384/611 379/610 251/429
f 382/606 381/609 250/514 167/513
f 257/690 377/723 258/722
f 385/863 384/611 251/429 250/491
f 380/631 377/723 145/430
f 383/630 380/631 145/430 251/429
f 379/610 383/630 251/429
f 378/607 382/606 167/513
f 378/377 204/291 135/290
f 387/364 393/283 207/864
f 389/479 396/482 192/368
f 397/294 217/293 209/367
f 396/482 392/369 192/368
f 205/347 399/356 206/865
f 395/282 386/473 193/866
f 397/294 391/366 208/292
f 391/372 398/370 191/373 208/375
f 399/356 394/360 206/865
f 394/360 390/361 207/864 206/865
f 393/283 395/282 193/866 207/864
f 388/478 389/479 192/368 193/866
f 386/473 388/478 193/866
f 390/361 387/364 207/864
f 398/370 392/369 191/373
f 412/266 420/740 144/517
f 404/471 409/567 172/472 132/281
f 423/443 415/442 236/466
f 418/454 423/453 236/455
f 420/740 408/743 144/517
f 408/743 421/744 143/518 144/517
f 409/567 422/574 172/472
f 415/442 407/275 169/467 236/466
f 422/574 411/575 171/474 172/472
f 418/454 402/457 235/440
f 405/458 402/457 237/456
f 421/744 419/746 143/518
f 405/461 413/460 194/363 195/362
f 419/746 400/747 142/543 143/518
f 411/583 406/582 171/867
f 406/582 414/584 170/868 171/867
f 401/267 412/266 144/517 169/467
f 413/460 416/470 194/363
f 400/747 403/755 142/543
f 416/470 404/471 132/281 194/363
f 403/756 410/604 142/603
f 414/584 417/602 170/868
f 417/605 410/604 128/261 170/274
f 407/275 401/267 169/467
f 432/408 429/404 233/409
f 429/404 437/403 233/409
f 430/547 436/546 245/869
f 434/406 427/405 234/870
f 425/342 424/341 197/344
f 433/420 435/550 174/871
f 428/343 426/346 223/338
f 178/551 430/547 245/869
f 432/408 424/341 198/285
f 211/340 426/346 196/345
f 437/403 434/410 234/872 233/409
f 436/555 435/554 246/556 245/558
f 428/343 425/342 197/344
f 427/405 431/419 234/870
f 431/419 433/420 174/871 234/870
f 446/572 150/571 284/873
f 439/565 441/566 129/265 176/276
f 444/560 445/559 152/562
f 440/698 150/411 256/699
f 442/561 444/560 152/562
f 442/561 438/564 247/557
f 439/565 438/564 151/563
f 443/700 440/698 256/699
f 443/700 445/559 153/269
f 441/566 137/636 129/265
f 454/540 455/542 130/874 182/541
f 447/537 462/536 158/462
f 455/542 451/695 130/874
f 459/665 453/675 254/666
f 451/697 456/696 153/269 130/268
f 453/675 449/676 154/677 254/666
f 448/651 257/726 147/649
f 456/696 440/698 443/700 153/269
f 449/676 458/678 154/677
f 461/680 458/678 255/449
f 461/680 460/535 159/272
f 448/651 452/650 252/657 148/656
f 462/536 460/535 158/462
f 452/664 457/663 252/659
f 457/663 459/665 254/666 252/659
f 447/537 450/539 244/532
f 454/540 450/539 157/538
f 463/875 465/876 464/877
f 463/875 466/878 465/876
f 467/879 463/875 464/877
f 468/880 463/875 467/879
f 469/881 467/882 470/883
f 469/881 468/884 467/882
f 471/885 470/886 472/887
f 471/885 469/888 470/886
f 473/889 472/890 474/891
f 473/889 471/892 472/890
f 475/893 474/891 476/894
f 475/893 473/889 474/891
f 477/895 476/896 478/897
f 477/895 475/898 476/896
f 479/899 478/897 480/900
f 479/899 477/895 478/897
f 466/878 480/901 465/876
f 466/878 479/902 480/901
f 481/903 483/904 482/905
f 481/903 484/906 483/904
f 486/907 482/908 487/909
f 486/907 481/910 482/908
f 488/911 490/912 489/913
f 488/911 491/914 490/912
f 541/915 540/916 493/917
f 492/918 495/919 494/920 540/916
f 496/921 487/909 497/922
f 496/921 486/907 487/909
f 499/923 493/917 500/924
f 492/918 541/915 499/923
f 495/919 497/925 494/920
f 495/919 496/926 497/925
f 501/927 503/928 502/929
f 501/927 504/930 503/928
f 505/931 507/932 506/933
f 508/934 507/932 505/931
f 509/935 508/936 510/937
f 509/935 511/938 508/936
f 512/939 501/940 502/941
f 513/942 501/940 512/939
f 515/943 514/944 522/945
f 522/946 509/380 515/947
f 507/948 517/949 516/950
f 518/951 517/949 507/948
f 519/952 513/942 512/939
f 520/953 513/942 519/952
f 504/930 521/954 503/928
f 504/930 522/955 521/954
f 508/956 518/951 507/948
f 511/957 518/951 508/956
f 516/950 520/958 519/959
f 517/949 520/958 516/950
f 523/960 506/961 524/962
f 523/960 525/963 506/961
f 526/964 516/965 519/966
f 524/967 516/965 526/964
f 503/968 527/969 502/970
f 503/968 528/971 527/969
f 510/972 505/931 529/973
f 508/934 505/931 510/972
f 527/969 512/974 502/970
f 527/969 530/975 512/974
f 510/972 531/976 521/977
f 510/972 529/973 531/976
f 506/933 516/965 524/967
f 506/933 507/932 516/965
f 530/975 519/978 512/974
f 526/979 519/978 530/975
f 521/980 528/971 503/968
f 521/980 531/981 528/971
f 532/982 526/983 530/984
f 532/982 533/985 526/983
f 531/981 534/986 528/971
f 535/987 534/986 531/981
f 525/963 505/988 506/961
f 525/963 536/989 505/988
f 533/990 524/962 526/991
f 533/990 523/960 524/962
f 528/971 537/992 527/969
f 534/986 537/992 528/971
f 505/931 538/993 529/973
f 536/994 538/993 505/931
f 537/995 530/984 527/996
f 537/995 532/982 530/984
f 529/997 535/998 531/999
f 538/1000 535/998 529/997
f 485/1001 500/1002 490/912
f 491/914 485/1001 490/912
f 500/924 485/1003 499/923
f 491/1004 499/1005 485/1006
f 488/1007 539/1008 484/1009
f 498/1010 489/1011 483/1012
f 498/1013 539/1014 489/1015
f 484/1016 498/1017 483/1018
f 539/1019 488/911 489/913
f 498/1020 484/1009 539/1008
f 514/1021 510/1022 521/1023
f 514/1021 515/1024 510/1022
f 515/1025 509/1026 510/1027
f 522/1028 514/1021 521/1023
f 480/1029 486/1030 496/1031
f 480/900 478/897 486/907
f 478/897 481/910 486/907
f 478/897 476/896 481/910
f 476/896 484/1032 481/910
f 476/1033 474/1034 484/1035
f 474/1036 488/1037 484/1038
f 474/1036 472/1039 488/1037
f 472/1039 491/1040 488/1037
f 472/887 470/886 491/1041
f 464/1042 495/1043 492/1044
f 464/877 465/876 495/1045
f 491/1046 467/1047 499/1048
f 470/886 467/1049 491/1041
f 467/1047 492/1044 499/1048
f 467/1047 464/1042 492/1044
f 465/1050 496/1051 495/1052
f 465/1050 480/1053 496/1051
f 483/1054 522/1055 504/1056
f 483/1054 489/1057 522/1055
f 518/1058 500/1059 493/1060
f 511/1061 500/1059 518/1058
f 497/922 517/1062 494/1063
f 497/922 520/953 517/1062
f 482/908 504/1056 501/940
f 483/1054 504/1056 482/908
f 511/1061 490/1064 500/1059
f 509/1065 490/1064 511/1061
f 482/908 513/942 487/909
f 482/908 501/940 513/942
f 522/1055 490/1064 509/1065
f 522/1055 489/1057 490/1064
f 517/1062 493/1060 494/1063
f 518/1058 493/1060 517/1062
f 487/909 520/953 497/922
f 487/909 513/942 520/953
f 492/918 495/919 540/916
f 540/916 494/920 493/917
f 540/916 541/915 492/918
f 541/915 493/917 499/923
f 475/898 548/1066 547/1067 473/1068
f 473/1069 547/1070 546/1071 471/885
f 466/878 543/1072 550/1073 479/902
f 463/875 542/1074 543/1072 466/878
f 471/885 546/1071 545/1075 469/888
f 469/888 545/1075 544/1076 468/1077
f 468/880 544/1078 542/1074 463/875
f 479/899 550/1079 549/1080 477/895
f 477/895 549/1080 548/1066 475/898
s 1
f 551/1081 552/1082 553/1083 554/1084 555/1085 556/1086
f 557/1087 558/1088 552/1082 551/1081 559/1089
f 560/1090 561/1091 562/1092 563/1093 559/1089 551/1081 564/1094
f 564/1094 551/1081 556/1086 565/1095 566/1096 567/1097
f 556/1098 568/1099 569/1100 570/1101 565/1102
f 571/1103 572/1104 573/1105 574/1106 575/1107 576/1108 577/1109
f 558/1110 578/1111 579/1112 552/1113
f 557/1114 580/1115 578/1116 558/1117
f 553/1118 576/1119 575/1120 581/1121 554/1122
f 552/1113 579/1112 577/1109 576/1108 553/1123
f 577/1109 579/1112 578/1111 580/1124 582/1125 583/1126 584/1127 585/1128 586/1129 587/1130 588/1131 571/1103
f 559/1132 563/1133 589/1134 590/1135 582/1136 580/1115 557/1114
f 591/1137 592/1138 593/1139 594/1140 595/1141 596/1142 597/1143 569/1144 598/1145 599/1146 600/1147 601/1148 602/1149
f 564/1094 603/1150 591/1151 602/1152 560/1090
f 601/1153 562/1154 561/1155
f 561/1156 560/1157 602/1158 601/1159
f 569/1144 597/1143 604/1160 605/1161 570/1162
f 565/1163 570/1162 605/1161 566/1164
f 587/1165 606/1166 563/1133 562/1167 601/1168 588/1169
f 607/1170 608/1171 583/1172 582/1173
f 608/1171 609/1174 584/1175 583/1172
f 609/1176 610/1177 585/1178 584/1179
f 610/1180 611/1181 586/1182 585/1183
f 611/1184 612/1185 587/1130 586/1129
f 613/1186 614/1187 590/1135 589/1134
f 614/1188 607/1170 582/1173 590/1189
f 612/1190 615/1191 606/1192 587/1193
f 615/1194 616/1195 563/1133 606/1166
f 616/1195 613/1186 589/1134 563/1133
f 617/1196 618/1197 592/1138 591/1137 603/1198
f 567/1199 617/1196 603/1198 564/1200
f 619/1201 620/1202 567/1199 566/1164
f 621/1203 622/1204 618/1197 617/1196
f 622/1204 623/1205 592/1138 618/1197
f 624/1206 625/1207 604/1160 597/1143
f 625/1207 626/1208 605/1161 604/1160
f 620/1209 621/1210 617/1211 567/1212
f 626/1213 619/1214 566/1215 605/1216
f 623/1217 627/1218 593/1219 592/1220
f 627/1218 628/1221 594/1222 593/1219
f 628/1223 629/1224 595/1141 594/1140
f 629/1224 630/1225 596/1142 595/1141
f 601/1148 600/1147 572/1226 571/1227 588/1228
f 631/1229 632/1230 598/1231 569/1232 568/1233
f 555/1234 631/1235 568/1099 556/1098
f 630/1236 624/1237 597/1238 596/1239
f 633/1240 634/1241 630/1242 624/1243
f 635/1244 636/1245 555/1246 554/1247
f 637/1248 638/1249 573/1250 572/1251
f 638/1249 639/1252 574/1253 573/1250
f 639/1254 640/1255 575/1256 574/1257
f 641/1258 637/1259 572/1226 600/1147
f 640/1260 642/1261 581/1121 575/1120
f 642/1261 635/1262 554/1122 581/1121
f 643/1263 644/1264 632/1230 631/1229
f 644/1264 645/1265 598/1231 632/1230
f 645/1265 646/1266 599/1267 598/1231
f 646/1266 641/1268 600/1269 599/1267
f 636/1245 643/1263 631/1229 555/1246
f 612/1185 611/1184 610/1270 609/1271 608/1272 607/1273
f 607/1274 614/1187 613/1186 616/1195 615/1194 612/1275
f 626/1208 625/1207 624/1206 623/1205 622/1204 621/1203
f 619/1201 626/1208 621/1203 620/1202
f 624/1243 630/1242 629/1276 628/1221 627/1218 623/1217
f 640/1277 639/1278 638/1279 637/1280 645/1265 644/1264 643/1263
f 635/1262 642/1261 640/1260 643/1281 636/1282
f 641/1258 646/1283 645/1284 637/1259
f 647/1285 648/1286 649/1287 650/1288 651/1289
f 652/1290 653/1291 654/1292
f 655/1293 656/1294 657/1295 658/1296 659/1297 660/1298 661/1299 662/1300 663/1301
f 664/1302 665/1303 666/1304 667/1305
f 668/1306 669/1307 670/1308 671/1309 672/1310
f 673/1311 674/1312 675/1313 649/1314 648/1315 654/1292
f 676/1316 677/1317 678/1318 659/1319 658/1320
f 670/1308 669/1307 679/1321 680/1322 681/1323 682/1324
f 647/1285 651/1289 683/1325 663/1326 662/1327
f 654/1292 648/1315 664/1328 684/1329 652/1290
f 685/1330 680/1322 679/1321 686/1331 687/1332
f 688/1333 689/1334 674/1312 673/1311 690/1335
f 672/1310 671/1309 689/1334 688/1333
f 675/1313 682/1324 681/1323 650/1336 649/1314
f 668/1337 672/1338 688/1339 690/1340 691/1341 657/1342
f 665/1343 647/1344 662/1345 661/1346
f 664/1302 667/1305 692/1347 684/1348
f 657/1342 691/1341 693/1349 676/1350 658/1351
f 694/1352 668/1337 657/1342 656/1353
f 693/1354 677/1317 676/1316
f 686/1355 694/1356 687/1357
f 686/1331 669/1307 668/1306 694/1358
f 686/1359 679/1360 669/1361
f 678/1362 653/1363 695/1364
f 673/1365 693/1354 691/1366 690/1367
f 673/1365 654/1368 677/1317 693/1354
f 678/1318 677/1317 654/1368 653/1369
f 696/1370 666/1371 665/1372 661/1299 660/1298
f 689/1334 682/1324 675/1313 674/1312
f 670/1308 682/1324 689/1334 671/1309
f 683/1325 681/1373 680/1374
f 664/1302 648/1286 647/1285 665/1303
f 684/1329 692/1375 697/1376 695/1377 653/1291 652/1290
f 683/1325 651/1289 650/1288 681/1373
f 698/1378 685/1330 687/1332 694/1358 656/1379 655/1380
f 680/1322 685/1330 698/1378 683/1381
f 683/1382 698/1383 655/1384 663/1385
f 692/1386 696/1387 697/1388
f 666/1304 696/1389 692/1347 667/1305
f 678/1318 695/1390 697/1388 696/1387 660/1391 659/1319
f 703/1392 715/1393 716/1394 717/1395 712/1396
f 718/1397 719/1398 720/1399 721/1400 722/1401 723/1402 724/1403
f 705/1404 725/1405 726/1406 699/1407
f 704/1408 727/1409 725/1410 705/1411
f 700/1412 723/1413 722/1414 728/1415 701/1416
f 699/1407 726/1406 724/1417 723/1418 700/1419
f 724/1403 726/1420 725/1421 727/1422 729/1423 730/1424 731/1425 732/1426 733/1427 734/1428 735/1429 718/1397
f 706/1430 710/1431 736/1432 737/1433 729/1434 727/1409 704/1408
f 738/1435 739/1436 740/1437 741/1438 742/1439 743/1440 744/1441 716/1442 745/1443 746/1444 747/1445 748/1446 749/1447
f 711/1448 750/1449 738/1450 749/1451 707/1452
f 748/1453 709/1454 708/1455
f 708/1456 707/1457 749/1458 748/1459
f 716/1460 744/1461 751/1462 752/1463 717/1464
f 712/1465 717/1464 752/1463 713/1466
f 734/1467 753/1468 710/1431 709/1469 748/1470 735/1471
f 754/1472 755/1473 730/1474 729/1475
f 755/1473 756/1476 731/1477 730/1474
f 756/1478 757/1479 732/1480 731/1481
f 757/1482 758/1483 733/1484 732/1485
f 758/1483 759/1486 734/1487 733/1484
f 760/1488 761/1489 737/1490 736/1491
f 761/1489 754/1472 729/1475 737/1490
f 759/1486 762/1492 753/1493 734/1487
f 762/1494 763/1495 710/1431 753/1468
f 763/1495 760/1496 736/1432 710/1431
f 764/1497 765/1498 739/1499 738/1450 750/1449
f 714/1500 764/1497 750/1449 711/1448
f 766/1501 767/1502 714/1503 713/1504
f 768/1505 769/1506 765/1507 764/1508
f 769/1506 770/1509 739/1436 765/1507
f 771/1510 772/1511 751/1462 744/1461
f 772/1511 773/1512 752/1463 751/1462
f 767/1513 768/1514 764/1515 714/1516
f 773/1512 766/1517 713/1466 752/1463
f 770/1509 774/1518 740/1437 739/1436
f 774/1518 775/1519 741/1438 740/1437
f 775/1520 776/1521 742/1522 741/1523
f 776/1521 777/1524 743/1525 742/1522
f 748/1446 747/1445 719/1398 718/1397 735/1429
f 778/1526 779/1527 745/1443 716/1442 715/1528
f 702/1529 778/1530 715/1393 703/1392
f 777/1524 771/1510 744/1461 743/1525
f 780/1531 781/1532 777/1533 771/1534
f 782/1535 783/1536 702/1537 701/1538
f 784/1539 785/1540 720/1541 719/1542
f 785/1540 786/1543 721/1544 720/1541
f 786/1543 787/1545 722/1414 721/1544
f 788/1546 784/1547 719/1548 747/1549
f 787/1545 789/1550 728/1415 722/1414
f 789/1550 782/1551 701/1416 728/1415
f 790/1552 791/1553 779/1527 778/1526
f 791/1553 792/1554 745/1443 779/1527
f 792/1554 793/1555 746/1444 745/1443
f 793/1555 788/1556 747/1445 746/1444
f 783/1557 790/1558 778/1530 702/1529
f 759/1559 758/1560 757/1561 756/1562 755/1563 754/1564
f 754/1565 761/1566 760/1496 763/1495 762/1494 759/1567
f 773/1512 772/1511 771/1510 770/1568 769/1569 768/1570
f 766/1517 773/1512 768/1570 767/1571
f 771/1534 777/1533 776/1572 775/1519 774/1518 770/1509
f 787/1573 786/1574 785/1575 784/1576 792/1554 791/1553 790/1552
f 782/1551 789/1550 787/1545 790/1558 783/1557
f 788/1556 793/1555 792/1554 784/1576
f 794/1577 795/1578 796/1579 797/1580 798/1581
f 799/1582 794/1577 798/1581 800/1583
f 801/1584 802/1585 803/1586
f 796/1587 804/1588 805/1589 797/1590
f 806/1591 807/1592 808/1593
f 804/1594 796/1595 795/1596 809/1597
f 810/1598 811/1599 812/1600 813/1601 814/1602
f 800/1583 798/1581 815/1603 816/1604 817/1605
f 798/1581 797/1580 818/1606 819/1607 815/1603
f 797/1608 805/1609 820/1610
f 813/1611 816/1612 815/1613 814/1614
f 821/1615 794/1616 799/1617 808/1618 807/1619
f 818/1620 822/1621 803/1622 802/1623 819/1624
f 820/1610 822/1625 818/1626 797/1608
f 811/1599 805/1627 804/1628 809/1629 823/1630
f 803/1631 822/1632 820/1633 805/1627 811/1599 810/1598 801/1634
f 815/1635 819/1636 802/1585 801/1584 810/1637 814/1638
f 824/1639 817/1640 816/1612 813/1611 812/1641
f 824/1642 812/1600 825/1643
f 799/1644 800/1645 817/1646 824/1642 825/1643 806/1591 808/1593
f 809/1597 795/1596 794/1616 821/1615 823/1647
f 812/1600 811/1599 823/1630 821/1648 807/1592 806/1591 825/1643
f 826/1649 827/1650 828/1651 829/1652
f 830/1653 831/1654 827/1650 826/1649 832/1655
f 833/1656 834/1657 835/1658 832/1655 826/1649 836/1659
f 836/1659 826/1649 829/1652 837/1660
f 829/1661 838/1662 839/1663 840/1664 837/1665
f 841/1666 839/1667 838/1668 842/1669 843/1670
f 831/1671 844/1672 845/1673 827/1674
f 830/1675 846/1676 844/1677 831/1678
f 828/1679 842/1680 838/1662 829/1661
f 827/1674 845/1673 843/1670 842/1669 828/1681
f 843/1670 845/1673 844/1672 846/1682 847/1683 841/1666
f 832/1684 835/1685 848/1686 847/1687 846/1676 830/1675
f 849/1688 839/1689 841/1690 847/1691 848/1692 850/1693
f 836/1694 851/1695 849/1696 850/1697 833/1698
f 848/1686 835/1685 834/1699
f 834/1699 833/1700 850/1701 848/1686
f 839/1689 849/1688 851/1702 840/1703
f 837/1704 840/1705 851/1695 836/1694
f 852/1706 853/1707 854/1708 855/1709 856/1710 857/1711 858/1712 859/1713 860/1714 861/1715 862/1716
f 852/1717 863/1718 864/1719 853/1720
f 865/1721 866/1722 867/1723 868/1724
f 869/1725 870/1726 871/1727
f 861/1728 872/1729 873/1730 862/1731
f 855/1732 865/1733 868/1734 874/1735 856/1736
f 858/1737 871/1727 870/1726 875/1738 859/1739
f 856/1736 874/1735 857/1740
f 857/1740 874/1735 869/1725 871/1727 858/1737
f 853/1720 864/1719 866/1741 854/1742
f 854/1742 866/1741 865/1743 855/1744
f 867/1723 866/1722 864/1745
f 876/1746 877/1747 878/1748
f 879/1749 867/1723 864/1745
f 859/1750 875/1751 860/1752
f 860/1752 875/1751 872/1753 861/1754
f 863/1755 852/1756 862/1731
f 874/1757 868/1724 867/1723 879/1749 877/1747 876/1746 873/1758
f 864/1745 863/1759 878/1748 877/1747 879/1749
f 862/1731 873/1730 876/1760 878/1761 863/1755
f 874/1757 873/1758 872/1762 875/1763 870/1764 869/1765
f 903/1766 904/1767 905/1768
f 907/1769 903/1770 905/1771 908/1772
f 909/1773 910/1774 911/1775 912/1776
f 913/1777 914/1778 915/1779
f 910/1780 916/1781 917/1782 911/1783
f 916/1781 920/1784 917/1782
f 920/1784 921/1785 922/1786
f 923/1787 924/1788 925/1789
f 921/1785 926/1790 927/1791 922/1786
f 926/1790 928/1792 929/1793 927/1791
f 930/1794 931/1795 932/1796 933/1797
f 928/1798 907/1769 908/1772 929/1799
f 931/1795 909/1773 912/1776 932/1796
f 889/1800 888/1801 931/1795 930/1794
f 882/1802 881/1803 928/1792 926/1790
f 890/1804 889/1805 930/1806 924/1788
f 883/1807 882/1802 926/1790 921/1785
f 892/1808 891/1809 923/1787
f 884/1810 883/1807 921/1785 920/1784
f 893/1811 892/1808 923/1787 919/1812
f 885/1813 884/1810 920/1784 916/1781
f 894/1814 893/1815 919/1816
f 886/1817 885/1813 916/1781 910/1780
f 902/1818 901/1819 904/1820 903/1770
f 897/1821 896/1822 918/1823 914/1824
f 887/1825 886/1826 910/1774 909/1773
f 880/1827 902/1818 903/1770 907/1769
f 888/1801 887/1825 909/1773 931/1795
f 881/1828 880/1827 907/1769 928/1798
f 900/1829 899/1830 913/1831 906/1832
f 914/1824 918/1823 915/1833
f 913/1777 898/1834 897/1835 914/1778
f 918/1823 895/1836 894/1814 919/1816
f 918/1823 896/1822 895/1836
f 934/1837 935/1838 936/1839 937/1840
f 904/1820 901/1819 900/1829 906/1832
f 924/1788 930/1806 933/1841 925/1789
f 923/1787 891/1809 890/1804 924/1788
f 904/1842 913/1843 938/1844 939/1845
f 913/1843 915/1833 934/1846 940/1847
f 918/1823 919/1816 941/1848 935/1849
f 923/1850 925/1851 942/1852 943/1853
f 925/1851 933/1797 944/1854 942/1852
f 933/1797 932/1796 945/1855 944/1854
f 932/1796 912/1776 946/1856 945/1855
f 912/1776 911/1775 947/1857 946/1856
f 911/1775 917/1858 948/1859 947/1857
f 917/1782 920/1784 949/1860 948/1861
f 920/1784 922/1786 950/1862 949/1860
f 922/1863 927/1864 951/1865 950/1866
f 927/1864 929/1867 952/1868 951/1865
f 929/1867 908/1869 953/1870 952/1868
f 908/1869 905/1871 954/1872 953/1870
f 905/1871 904/1842 939/1845 954/1872
f 919/1816 923/1850 943/1853 941/1848
f 913/1843 940/1847 938/1844
f 915/1833 918/1823 935/1849 934/1846
f 906/1832 913/1831 904/1820
f 946/1873 947/1874 955/1875 956/1876
f 951/1865 952/1868 957/1877 958/1878
f 954/1879 939/1880 959/1881 960/1882
f 944/1883 945/1884 961/1885 962/1886
f 949/1887 950/1866 963/1888 964/1889
f 940/1890 934/1837 937/1840 965/1891
f 941/1892 943/1893 966/1894 967/1895
f 943/1896 942/1897 968/1898 966/1899
f 947/1874 948/1900 969/1901 955/1875
f 952/1868 953/1870 970/1902 957/1877
f 945/1884 946/1873 956/1876 961/1885
f 950/1903 951/1904 958/1905 963/1906
f 938/1907 940/1890 965/1891 971/1908
f 939/1845 938/1844 971/1909 959/1910
f 942/1911 944/1912 962/1913 968/1914
f 948/1859 949/1887 964/1889 969/1915
f 953/1870 954/1872 960/1916 970/1902
f 935/1838 941/1892 967/1895 936/1839
f 899/1917 898/1834 913/1777
f 970/1902 960/1916 959/1910 971/1909 965/1918 937/1919 936/1920 967/1921 966/1922 968/1923 962/1924 961/1925 956/1926 955/1927 969/1915 964/1889 963/1888 958/1878 957/1877
f 972/1928 973/1929 974/1930 975/1931 976/1932 977/1933 978/1934
f 979/1935 980/1936 981/1937 972/1928 978/1934 982/1938
f 983/1939 984/1940 985/1941 986/1942 987/1943 988/1944
f 978/1945 977/1946 989/1947 990/1948 991/1949
f 975/1950 992/1951 993/1952
f 994/1953 995/1954 972/1955 981/1956 996/1957
f 995/1958 997/1959 973/1960 972/1961
f 998/1962 999/1963 1000/1964 974/1965
f 974/1930 1000/1966 1001/1967 1002/1968 1003/1969 1004/1970 992/1971 975/1931
f 1005/1972 1006/1973 1007/1974 1003/1975 1002/1976
f 977/1977 976/1978 989/1979
f 976/1980 975/1981 993/1982 1008/1983 989/1984
f 990/1948 983/1985 991/1949
f 990/1986 989/1987 1009/1988 984/1940 983/1939
f 983/1989 988/1990 991/1991
f 989/1987 1008/1992 1010/1993 1011/1994
f 1006/1973 1012/1995 1007/1974
f 1004/1996 1003/1997 1007/1998 1012/1999 1013/2000
f 1012/1999 1014/2001 1013/2000
f 992/2002 1004/1996 1013/2000 1014/2001 1008/1983 993/1982
f 989/1987 1011/1994 1009/1988
f 979/2003 982/2004 987/2005 986/2006
f 988/1990 987/2007 982/2008 978/2009 991/1991
f 1015/2010 1005/2011 1002/2012 1001/2013
f 1008/1992 1016/2014 1017/2015
f 996/1957 985/2016 994/1953
f 986/2006 985/2017 996/2018 981/2019 980/2020
f 980/2020 979/2003 986/2006
f 1015/2021 999/2022 1017/2015
f 1005/1972 1016/2023 1006/1973
f 997/2024 1018/2025 973/2026
f 1018/2027 998/1962 974/1965 973/2028
f 1016/2023 1008/2029 1014/2030 1012/1995 1006/1973
f 984/1940 995/2031 994/2032 985/1941
f 1009/1988 995/2031 984/1940
f 1011/1994 998/2033 997/2034 995/2031 1009/1988
f 1016/2023 1005/1972 1015/2035 1017/2036
f 1010/1993 1008/1992 1017/2015
f 1010/1993 998/2033 1011/1994
f 999/1963 1015/2010 1001/2013 1000/1964
f 999/2022 998/2033 1010/1993 1017/2015
f 998/2033 1018/2037 997/2034
f 1019/2038 1020/2039 1021/2040 1022/2041
f 1023/2042 1024/2043 1025/2044
f 1020/2045 1019/2046 1026/2047 1027/2048 1028/2049 1029/2050 1030/2051 1031/2052 1032/2053 1033/2054 1034/2055 1035/2056 1036/2057 1037/2058 1038/2059 1039/2060 1040/2061 1024/2062 1023/2063 1041/2064 1042/2065 1043/2066
f 1031/2067 1030/2068 1044/2069
f 1040/2070 1039/2071 1045/2072 1046/2073
f 1029/2074 1028/2075 1047/2076
f 1039/2071 1038/2077 1045/2072
f 1027/2078 1026/2079 1048/2080 1049/2081 1050/2082
f 1038/2083 1037/2084 1051/2085 1045/2086
f 1026/2087 1019/2088 1022/2089 1052/2090 1048/2091
f 1037/2092 1036/2093 1053/2094 1051/2095
f 1022/2096 1054/2097 1055/2098 1052/2099
f 1036/2093 1035/2100 1056/2101 1053/2094
f 1043/2102 1042/2103 1054/2104
f 1034/2105 1033/2106 1057/2107 1058/2108
f 1041/2109 1023/2042 1025/2044 1055/2110
f 1032/2111 1031/2067 1044/2069 1059/2112 1057/2107
f 1025/2044 1024/2043 1040/2113 1046/2114
f 1055/2110 1042/2103 1041/2109
f 1054/2104 1042/2103 1055/2110
f 1054/2115 1022/2041 1021/2040
f 1020/2039 1043/2116 1054/2115 1021/2040
f 1052/2099 1055/2098 1047/2117 1050/2118 1049/2119
f 1057/2120 1059/2121 1060/2122 1061/2123
f 1047/2117 1025/2124 1046/2125 1062/2126
f 1047/2117 1055/2098 1025/2124
f 1047/2127 1028/2128 1027/2129 1050/2130
f 1049/2081 1048/2080 1052/2131
f 1060/2122 1063/2132 1064/2133 1061/2123
f 1053/2134 1056/2135 1058/2136 1065/2137 1066/2138
f 1045/2086 1051/2085 1064/2139
f 1046/2125 1045/2140 1064/2133 1063/2132
f 1059/2121 1062/2126 1063/2132 1060/2122
f 1058/2136 1057/2120 1061/2123 1065/2137
f 1051/2141 1053/2134 1066/2138 1064/2133
f 1056/2101 1035/2100 1034/2142 1058/2143
f 1044/2069 1030/2068 1029/2144 1047/2145 1059/2112
f 1057/2107 1033/2106 1032/2111
f 1063/2132 1062/2126 1046/2125
f 1062/2126 1059/2121 1047/2117
f 1061/2123 1064/2133 1066/2138 1065/2137
f 1067/2146 1068/2147 1069/2148 1070/2149 1071/2150 1072/2151
f 1073/2152 1074/2153 1075/2154 1076/2155 1077/2156
f 1078/2157 1079/2158 1068/2159 1067/2160 1075/2161 1074/2162 1080/2163
f 1078/2164 1080/2165 1081/2166 1082/2167 1083/2168
f 1075/2169 1067/2170 1072/2171 1076/2172
f 1068/2173 1079/2174 1084/2175 1085/2176 1069/2177
f 1080/2163 1074/2162 1086/2178 1081/2179
f 1086/2180 1074/2181 1087/2182
f 1087/2183 1074/2184 1073/2185
f 1083/2168 1082/2167 1084/2186
f 1079/2174 1078/2187 1083/2188 1084/2175
f 1076/2189 1072/2190 1088/2191
f 1088/2192 1072/2151 1071/2150
f 1088/2193 1077/2194 1076/2195
f 1070/2149 1069/2148 1085/2196
f 1084/2197 1082/2198 1081/2199 1086/2200 1087/2201 1073/2202 1077/2203 1088/2192 1071/2150 1070/2149 1085/2196
f 1089/2204 1090/2205 1091/2206 1092/2207 1093/2208
f 1094/2209 1095/2210 1096/2211 1097/2212 1098/2213
f 1099/2214 1100/2215 1101/2216 1102/2217 1103/2218
f 1094/2219 1100/2220 1099/2221 1104/2222 1105/2223 1106/2224 1090/2225 1089/2226 1107/2227 1108/2228 1095/2229
f 1090/2230 1106/2231 1109/2232 1110/2233
f 1095/2210 1108/2234 1111/2235 1112/2236 1096/2211
f 1113/2237 1096/2238 1112/2239 1114/2240 1093/2241 1092/2242 1115/2243 1110/2244 1109/2245 1116/2246 1103/2247 1102/2248 1117/2249
f 1106/2231 1105/2250 1116/2251 1109/2232
f 1117/2252 1102/2217 1101/2216
f 1100/2215 1094/2253 1098/2254 1113/2255 1117/2252 1101/2216
f 1116/1353 1104/2256 1099/2257 1103/2258
f 1104/2222 1116/2259 1105/2223
f 1112/2236 1118/2260 1114/2261
f 1114/2261 1118/2260 1107/2262 1089/2263 1093/2264
f 1118/2260 1111/2235 1108/2234 1107/2262
f 1118/2260 1112/2236 1111/2235
f 1092/2207 1091/2206 1115/2265
f 1091/2206 1090/2205 1110/2266 1115/2265
f 1098/2213 1097/2212 1096/2211 1113/2267
f 1119/2268 1120/2269 1121/2270 1122/2271 1123/2272 1124/2273 1125/2274
f 1120/2275 1119/2276 1126/2277 1127/2278 1128/2279
f 1125/2280 1124/2281 1129/2282 1130/2283
f 1122/2284 1121/2285 1131/2286 1132/2287 1133/2288 1134/2289
f 1126/2277 1135/2290 1127/2278
f 1119/2276 1125/2291 1130/2292 1135/2290 1126/2277
f 1133/2288 1136/2293 1134/2289
f 1127/2294 1135/2295 1130/2296 1129/2297 1136/2298 1133/2299 1132/2300 1137/2301 1128/2302
f 1137/2303 1132/2304 1131/2305
f 1137/2303 1120/2306 1128/2307
f 1129/2282 1123/2308 1122/2309 1134/2310 1136/2311
f 1123/2308 1129/2282 1124/2281
f 1120/2306 1137/2303 1131/2305 1121/2312
f 1138/2313 1139/2314 1140/2315 1141/2316
f 1142/2317 1143/2318 1144/2319
f 1145/2320 1146/2321 1138/2322 1141/2323 1142/2324 1147/2325 1148/2326 1149/2327
f 1139/2328 1150/2329 1140/2330
f 1151/2331 1146/2332 1145/2333 1152/2334
f 1153/2335 1154/2336 1155/2337 1144/2338
f 1156/2339 1157/2340 1153/2335 1144/2338 1143/2341 1140/2330 1150/2329 1158/2342
f 1159/2343 1157/2340 1156/2339
f 1144/2344 1155/2345 1147/2346 1142/2347
f 1149/2348 1160/2349 1152/2334 1145/2333
f 1146/2332 1151/2331 1158/2350 1150/2351 1139/2352 1138/2353
f 1158/2342 1151/2354 1152/2355 1160/2356 1159/2343 1156/2339
f 1141/2316 1140/2315 1143/2357 1142/2358
f 1154/2359 1148/2360 1147/2346 1155/2345
f 1148/2360 1154/2359 1153/2361 1157/2362 1159/2363 1160/2364 1149/2365
f 1161/2366 1162/2367 1163/2368 1164/2369 1165/2370
f 1166/2371 1161/2366 1165/2370 1167/2372
f 1168/2373 1169/2374 1170/2375
f 1163/2376 1171/2377 1172/2378 1164/2379
f 1173/2380 1174/2381 1175/2382
f 1171/2377 1163/2376 1162/2383 1176/2384
f 1177/2385 1178/2386 1179/2387 1180/2388 1181/2389
f 1167/2372 1165/2370 1182/2390 1183/2391 1184/2392
f 1165/2370 1164/2369 1185/2393 1186/2394 1182/2390
f 1164/2395 1172/2396 1187/2397
f 1180/2398 1183/2399 1182/2400 1181/2401
f 1188/2402 1161/2403 1166/2404 1175/2405 1174/2406
f 1185/2407 1189/2408 1170/2409 1169/2410 1186/2411
f 1187/2412 1189/2408 1185/2407 1164/335
f 1178/2386 1172/2413 1171/2414 1176/2415 1190/2416
f 1170/2375 1189/2417 1187/2418 1172/2413 1178/2386 1177/2385 1168/2373
f 1182/2419 1186/2420 1169/2421 1168/2422 1177/2423 1181/2424
f 1191/2425 1184/2426 1183/2399 1180/2398 1179/2427
f 1191/2428 1179/2387 1192/2429
f 1166/2430 1167/2431 1184/2426 1191/2425 1192/2432 1173/2433 1175/2434
f 1176/2384 1162/2383 1161/2435 1188/2436 1190/2437
f 1179/2387 1178/2386 1190/2416 1188/2438 1174/2381 1173/2380 1192/2429
f 1193/2439 1194/2440 1195/2441 1196/2442 1197/2443
f 1198/2444 1193/2439 1197/2443 1199/2445
f 1200/2446 1201/2447 1202/2448
f 1195/2449 1203/2450 1204/2451 1196/2452
f 1205/2453 1206/2454 1207/2455
f 1203/2450 1195/2449 1194/2456 1208/2457
f 1209/2458 1210/2459 1211/2460 1212/2461 1213/2462
f 1199/2445 1197/2443 1214/2463 1215/2464 1216/2465
f 1197/2443 1196/2442 1217/2466 1218/2467 1214/2463
f 1196/2468 1204/2469 1219/2470
f 1212/2471 1215/2472 1214/2473 1213/2474
f 1220/2475 1193/2476 1198/2477 1207/2478 1206/2479
f 1217/2480 1221/2481 1202/2482 1201/2483 1218/2484
f 1219/2485 1221/2481 1217/2480 1196/2486
f 1210/2459 1204/2487 1203/2488 1208/2489 1222/2490
f 1202/2448 1221/2491 1219/2492 1204/2487 1210/2459 1209/2458 1200/2446
f 1214/2493 1218/2494 1201/2495 1200/2496 1209/2497 1213/2498
f 1223/2499 1216/2500 1215/2472 1212/2471 1211/2501
f 1223/2502 1211/2460 1224/2503
f 1198/2504 1199/2505 1216/2500 1223/2499 1224/2506 1205/2507 1207/2508
f 1208/2457 1194/2456 1193/2509 1220/2510 1222/2511
f 1211/2460 1210/2459 1222/2490 1220/2512 1206/2454 1205/2453 1224/2503
f 1225/2513 1226/2514 1227/2515 1228/2516 1229/2517 1230/2518 1231/2519
f 1226/2520 1225/2521 1232/2522 1233/2523 1234/2524
f 1231/2525 1230/2526 1235/2527 1236/2528
f 1228/2529 1227/2530 1237/2531 1238/2532 1239/2533 1240/2534 1241/2535 1242/2536 1243/2537
f 1232/2538 1244/2539 1233/2540
f 1225/2541 1231/2525 1236/2528 1244/2542 1232/2543
f 1239/2544 1245/2545 1240/2546
f 1233/2547 1244/2548 1236/2549 1235/2550 1245/2545 1239/2544 1238/2551 1246/2552 1234/2553
f 1246/2554 1238/2532 1237/2531
f 1246/2554 1226/2555 1234/2556
f 1235/2527 1229/2557 1228/2558 1243/2559 1247/2560 1241/2561 1240/2562 1245/2563
f 1229/2557 1235/2527 1230/2526
f 1226/2555 1246/2554 1237/2531 1227/2530
f 1248/2564 1249/2565 1250/2566 1251/2567 1252/2568 1253/2569 1254/2570
f 1248/2571 1255/2572 1256/2573 1257/2574 1249/2575
f 1249/2576 1257/2577 1258/2578 1250/2579
f 1252/2580 1259/2581 1260/2582 1253/2583
f 1251/2584 1261/2585 1259/2586 1252/2587
f 1250/2588 1258/2589 1261/2590 1251/2591
f 1257/2577 1256/2592 1262/2593 1260/2594 1259/2586 1261/2585 1263/2595
f 1254/2596 1264/2597 1255/2572 1248/2571
f 1262/2593 1256/2592 1255/2598 1264/2599
f 1253/2583 1260/2582 1262/2600 1264/2601 1254/2602
f 1258/2578 1257/2577 1263/2595
f 1261/2590 1258/2589 1263/2603
f 1265/2604 1266/2605 1267/2606 1268/2607 1269/2608 1270/2609 1271/2610 1272/2611
f 1265/2612 1272/2613 1273/2614 1274/2615
f 1275/2616 1276/2617 1277/2618 1278/2619 1279/2620 1280/2621 1281/2622 1282/2623
f 1283/2624 1284/2625 1272/2613 1271/2626 1285/2627
f 1286/2628 1281/2629 1280/2630
f 1269/2631 1268/2632 1279/2620 1278/2619 1287/2633
f 1267/2634 1266/2635 1288/2636 1289/2637 1290/2638
f 1270/2639 1269/2631 1287/2633 1277/2618
f 1266/2605 1265/2604 1274/2640 1275/2641 1282/2642
f 1271/2643 1270/2639 1277/2618 1276/2617 1285/2644
f 1273/2614 1272/2613 1284/2625 1291/2645
f 1279/2646 1268/2647 1292/2648 1286/2628 1280/2630
f 1277/2618 1287/2633 1278/2619
f 1283/2624 1291/2645 1284/2625
f 1274/2649 1273/2650 1291/2651 1283/2652 1285/2644 1276/2617 1275/2616
f 1243/2653 1242/2654 1293/2655
f 1293/2656 1242/2657 1241/2658
f 1241/2658 1247/2659 1293/2656
f 1293/2655 1247/2660 1243/2653
f 1289/2637 1288/2636 1266/2635 1282/2661 1281/2629 1286/2628
f 1289/2662 1292/2663 1290/2664
f 1290/2638 1292/2648 1268/2647 1267/2634
f 1286/2628 1292/2648 1289/2637
s 0
f 1294/2665 1296/2666 1295/2667
f 1294/2665 1297/2668 1296/2666
f 1298/2669 1294/2670 1295/2671
f 1299/2672 1294/2670 1298/2669
f 1300/2673 1298/2669 1301/2674
f 1300/2673 1299/2672 1298/2669
f 1302/2675 1301/2676 1303/2677
f 1302/2675 1300/2678 1301/2676
f 1304/2679 1303/2677 1305/2680
f 1304/2679 1302/2675 1303/2677
f 1306/2681 1305/2680 1307/2682
f 1306/2681 1304/2679 1305/2680
f 1308/2683 1307/2684 1309/2685
f 1308/2683 1306/2686 1307/2684
f 1310/2687 1309/2688 1311/2689
f 1310/2687 1308/2690 1309/2688
f 1297/2668 1311/2689 1296/2666
f 1297/2668 1310/2687 1311/2689
f 1312/2691 1314/2692 1313/2693
f 1312/2691 1315/2694 1314/2692
f 1317/2695 1313/2696 1318/2697
f 1317/2695 1312/2698 1313/2696
f 1319/2699 1321/2700 1320/2701
f 1319/2699 1322/2702 1321/2700
f 1372/2703 1371/2704 1324/2705
f 1323/2706 1326/2707 1325/2708 1371/2709
f 1327/2710 1318/2711 1328/2712
f 1327/2710 1317/2713 1318/2711
f 1330/2714 1324/2705 1331/2715
f 1323/2716 1372/2703 1330/2714
f 1326/2707 1328/2712 1325/2708
f 1326/2707 1327/2710 1328/2712
f 1332/2717 1334/2718 1333/2719
f 1332/2717 1335/2720 1334/2718
f 1336/2721 1338/2722 1337/2723
f 1339/2724 1338/2722 1336/2721
f 1340/2725 1339/2726 1341/2727
f 1340/2725 1342/2728 1339/2726
f 1343/2729 1332/2717 1333/2719
f 1344/2730 1332/2717 1343/2729
f 1346/2731 1345/2732 1353/2733
f 1353/2733 1340/2734 1346/2731
f 1338/2735 1348/2736 1347/2737
f 1349/2738 1348/2736 1338/2735
f 1350/2739 1344/2740 1343/2741
f 1351/2742 1344/2740 1350/2739
f 1335/2743 1352/2744 1334/2745
f 1335/2743 1353/2733 1352/2744
f 1339/2726 1349/2746 1338/2747
f 1342/2728 1349/2746 1339/2726
f 1347/2737 1351/2742 1350/2739
f 1348/2736 1351/2742 1347/2737
f 1354/2748 1337/2723 1355/2749
f 1354/2748 1356/2750 1337/2723
f 1357/2751 1347/2752 1350/2753
f 1355/2749 1347/2752 1357/2751
f 1334/2745 1358/2754 1333/2755
f 1334/2745 1359/2756 1358/2754
f 1341/2757 1336/2721 1360/2758
f 1339/2724 1336/2721 1341/2757
f 1358/2754 1343/2759 1333/2755
f 1358/2754 1361/2760 1343/2759
f 1341/2757 1362/2761 1352/2744
f 1341/2757 1360/2758 1362/2761
f 1337/2723 1347/2752 1355/2749
f 1337/2723 1338/2722 1347/2752
f 1361/2760 1350/2753 1343/2759
f 1357/2751 1350/2753 1361/2760
f 1352/2744 1359/2756 1334/2745
f 1352/2744 1362/2761 1359/2756
f 1363/2762 1357/2751 1361/2760
f 1363/2762 1364/2763 1357/2751
f 1362/2764 1365/2765 1359/2766
f 1366/2767 1365/2765 1362/2764
f 1356/2768 1336/2769 1337/2770
f 1356/2768 1367/2771 1336/2769
f 1364/2763 1355/2749 1357/2751
f 1364/2763 1354/2748 1355/2749
f 1359/2772 1368/2773 1358/2774
f 1365/2775 1368/2773 1359/2772
f 1336/2769 1369/2776 1360/2777
f 1367/2771 1369/2776 1336/2769
f 1368/2773 1361/2778 1358/2774
f 1368/2773 1363/2779 1361/2778
f 1360/2780 1366/2767 1362/2764
f 1369/2781 1366/2767 1360/2780
f 1316/2782 1331/2715 1321/2783
f 1322/2702 1316/2784 1321/2700
f 1331/2715 1316/2782 1330/2714
f 1322/2785 1330/2714 1316/2782
f 1319/2699 1370/2786 1315/2694
f 1329/2787 1320/2701 1314/2692
f 1329/2787 1370/2786 1320/2701
f 1315/2694 1329/2787 1314/2692
f 1370/2786 1319/2699 1320/2701
f 1329/2787 1315/2694 1370/2786
f 1345/2732 1341/2757 1352/2744
f 1345/2732 1346/2731 1341/2757
f 1346/2788 1340/2725 1341/2727
f 1353/2733 1345/2732 1352/2744
f 1311/2689 1317/2713 1327/2710
f 1311/2689 1309/2688 1317/2713
f 1309/2789 1312/2691 1317/2790
f 1309/2789 1307/2682 1312/2691
f 1307/2682 1315/2694 1312/2691
f 1307/2791 1305/2792 1315/2793
f 1305/2792 1319/2794 1315/2793
f 1305/2680 1303/2677 1319/2699
f 1303/2677 1322/2702 1319/2699
f 1303/2677 1301/2676 1322/2702
f 1295/2795 1326/2796 1323/2797
f 1295/2667 1296/2666 1326/2707
f 1322/2798 1298/2799 1330/2800
f 1301/2676 1298/2801 1322/2702
f 1298/2802 1323/2797 1330/2803
f 1298/2802 1295/2795 1323/2797
f 1296/2666 1327/2710 1326/2707
f 1296/2804 1311/2805 1327/2806
f 1314/2692 1353/2733 1335/2743
f 1314/2692 1320/2701 1353/2733
f 1349/2807 1331/2808 1324/2809
f 1342/2810 1331/2808 1349/2807
f 1328/2811 1348/2812 1325/2813
f 1328/2811 1351/2814 1348/2812
f 1313/2693 1335/2743 1332/2815
f 1314/2692 1335/2743 1313/2693
f 1342/2810 1321/2700 1331/2808
f 1340/2734 1321/2700 1342/2810
f 1313/2693 1344/2816 1318/2817
f 1313/2693 1332/2815 1344/2816
f 1353/2733 1321/2700 1340/2734
f 1353/2733 1320/2701 1321/2700
f 1348/2812 1324/2809 1325/2813
f 1349/2807 1324/2809 1348/2812
f 1318/2817 1351/2814 1328/2811
f 1318/2817 1344/2816 1351/2814
f 1323/2706 1326/2707 1371/2709
f 1371/2709 1325/2708 1324/2818
f 1371/2704 1372/2703 1323/2716
f 1372/2703 1324/2705 1330/2714
f 1306/2681 1379/2819 1378/2820 1304/2679
f 1304/2679 1378/2820 1377/2821 1302/2675
f 1297/2668 1374/2822 1381/2823 1310/2687
f 1294/2665 1373/2824 1374/2822 1297/2668
f 1302/2675 1377/2821 1376/2825 1300/2678
f 1300/2678 1376/2825 1375/2826 1299/2827
f 1299/2672 1375/2828 1373/2829 1294/2670
f 1310/2687 1381/2823 1380/2830 1308/2690
f 1308/2683 1380/2831 1379/2832 1306/2686
s 1
f 1382/2833 1383/2834 1384/2835 1385/2836 1386/2837 1387/2838 1388/2839
f 1389/2840 1390/2841 1391/2842 1382/2833 1388/2839 1392/2843
f 1393/2844 1394/2845 1395/2846 1396/2847 1397/2848 1398/2849
f 1388/2850 1387/2851 1399/2852 1400/2853 1401/2854
f 1385/109 1402/2855 1403/2856
f 1404/2857 1405/2858 1382/2859 1391/2860 1406/2861
f 1405/2858 1407/2862 1383/2863 1382/2859
f 1408/2864 1409/2865 1410/2866 1384/2867
f 1384/2835 1410/2868 1411/2869 1412/2870 1413/2871 1414/2872 1402/2873 1385/2836
f 1415/2874 1416/2875 1417/2876 1413/2877 1412/2878
f 1387/2879 1386/2880 1399/2881
f 1386/2882 1385/2883 1403/2884 1418/2885 1399/2886
f 1400/2853 1393/2887 1401/2854
f 1400/2888 1399/2889 1419/2890 1394/2845 1393/2844
f 1393/2844 1398/2849 1401/2891
f 1399/2892 1418/2893 1420/2894 1421/2895
f 1416/2896 1422/2897 1417/2898
f 1414/2899 1413/2900 1417/2898 1422/2897 1423/2901
f 1422/2897 1424/2902 1423/2901
f 1402/2903 1414/2899 1423/2901 1424/2902 1418/2885 1403/2884
f 1399/2889 1421/2904 1419/2890
f 1389/2840 1392/2843 1397/2905 1396/2906
f 1398/2907 1397/2908 1392/2909 1388/2910 1401/2911
f 1425/2912 1415/2913 1412/2914 1411/2915
f 1418/2916 1426/2917 1427/2918
f 1406/2861 1395/2919 1404/2857
f 1396/2920 1395/2921 1406/2922 1391/2923 1390/2924
f 1390/2924 1389/2925 1396/2920
f 1425/2926 1409/2927 1427/2928
f 1415/2913 1426/2917 1416/2929
f 1407/2862 1428/2930 1383/2863
f 1428/2931 1408/2864 1384/2867 1383/2932
f 1426/2917 1418/2916 1424/2933 1422/2934 1416/2929
f 1394/2935 1405/2858 1404/2857 1395/2919
f 1419/2890 1405/2936 1394/2845
f 1421/2895 1408/2937 1407/2862 1405/2858 1419/2938
f 1426/2917 1415/2913 1425/2912 1427/2918
f 1420/2894 1418/2893 1427/2928
f 1420/2894 1408/2937 1421/2895
f 1409/2865 1425/2939 1411/2940 1410/2866
f 1409/2927 1408/2937 1420/2894 1427/2928
f 1408/2937 1428/2930 1407/2862
s 0
f 1429/2941 1431/2942 1430/2943
f 1429/2941 1432/2944 1431/2942
f 1433/2945 1429/2946 1430/2947
f 1434/2948 1429/2946 1433/2945
f 1435/2949 1433/2945 1436/2950
f 1435/2949 1434/2948 1433/2945
f 1437/2951 1436/2952 1438/2953
f 1437/2951 1435/2954 1436/2952
f 1439/2955 1438/2953 1440/2956
f 1439/2955 1437/2951 1438/2953
f 1441/2957 1440/2958 1442/2959
f 1441/2957 1439/2960 1440/2958
f 1443/2961 1442/2959 1444/2962
f 1443/2961 1441/2957 1442/2959
f 1445/2963 1444/2964 1446/2965
f 1445/2963 1443/2966 1444/2964
f 1432/2944 1446/2965 1431/2942
f 1432/2944 1445/2963 1446/2965
f 1447/2967 1449/2968 1448/2969
f 1447/2967 1450/2970 1449/2968
f 1452/2971 1448/2969 1453/2972
f 1452/2971 1447/2967 1448/2969
f 1454/2973 1456/2974 1455/2975
f 1454/2973 1457/2976 1456/2974
f 1507/2977 1506/2978 1459/2979
f 1458/2980 1461/2981 1460/2982 1506/2983
f 1462/2984 1453/2985 1463/2986
f 1462/2984 1452/2987 1453/2985
f 1465/2988 1459/2979 1466/2989
f 1458/2990 1507/2977 1465/2988
f 1461/2981 1463/2986 1460/2982
f 1461/2981 1462/2984 1463/2986
f 1467/2991 1469/2992 1468/2993
f 1467/2991 1470/2994 1469/2992
f 1471/2995 1473/2996 1472/2997
f 1474/2998 1473/2996 1471/2995
f 1475/2999 1474/3000 1476/3001
f 1475/2999 1477/3002 1474/3000
f 1478/3003 1467/2991 1468/2993
f 1479/3004 1467/2991 1478/3003
f 1481/3005 1480/3006 1488/3007
f 1488/3007 1475/3008 1481/3005
f 1473/2996 1483/3009 1482/3010
f 1484/3011 1483/3009 1473/2996
f 1485/3012 1479/3013 1478/3014
f 1486/3015 1479/3013 1485/3012
f 1470/3016 1487/3017 1469/3018
f 1470/3016 1488/3007 1487/3017
f 1474/3000 1484/3019 1473/3020
f 1477/3002 1484/3019 1474/3000
f 1482/3010 1486/3015 1485/3012
f 1483/3009 1486/3015 1482/3010
f 1489/3021 1472/3022 1490/3023
f 1489/3021 1491/3024 1472/3022
f 1492/3025 1482/3010 1485/3012
f 1490/3026 1482/3010 1492/3025
f 1469/3027 1493/3028 1468/3029
f 1469/3027 1494/3030 1493/3028
f 1476/3031 1471/2995 1495/3032
f 1474/2998 1471/2995 1476/3031
f 1493/3028 1478/3014 1468/3029
f 1493/3028 1496/3033 1478/3014
f 1476/3031 1497/3034 1487/3035
f 1476/3031 1495/3032 1497/3034
f 1472/2997 1482/3010 1490/3026
f 1472/2997 1473/2996 1482/3010
f 1496/3033 1485/3012 1478/3014
f 1492/3025 1485/3012 1496/3033
f 1487/3035 1494/3030 1469/3027
f 1487/3035 1497/3034 1494/3030
f 1498/3036 1492/3037 1496/3038
f 1498/3036 1499/3039 1492/3037
f 1497/3034 1500/3040 1494/3030
f 1501/3041 1500/3040 1497/3034
f 1491/3042 1471/3043 1472/3044
f 1491/3042 1502/3045 1471/3043
f 1499/3046 1490/3023 1492/3047
f 1499/3046 1489/3021 1490/3023
f 1494/3048 1503/3049 1493/3050
f 1500/3051 1503/3049 1494/3048
f 1471/3043 1504/3052 1495/3053
f 1502/3045 1504/3052 1471/3043
f 1503/3049 1496/3054 1493/3050
f 1503/3049 1498/3055 1496/3054
f 1495/3032 1501/3041 1497/3034
f 1504/3056 1501/3041 1495/3032
f 1451/3057 1466/2989 1456/3058
f 1457/2976 1451/3059 1456/2974
f 1466/2989 1451/3057 1465/2988
f 1457/3060 1465/2988 1451/3057
f 1454/3061 1505/3062 1450/3063
f 1464/3064 1455/2975 1449/3065
f 1464/3064 1505/3066 1455/2975
f 1450/3067 1464/3064 1449/3065
f 1505/3066 1454/2973 1455/2975
f 1464/3068 1450/3069 1505/3070
f 1480/3006 1476/3071 1487/3017
f 1480/3006 1481/3005 1476/3071
f 1481/3072 1475/2999 1476/3001
f 1488/3007 1480/3006 1487/3017
f 1446/2965 1452/2987 1462/2984
f 1446/2965 1444/2964 1452/2987
f 1444/2964 1447/3073 1452/2987
f 1444/2964 1442/3074 1447/3073
f 1442/3074 1450/3075 1447/3073
f 1442/3074 1440/3076 1450/3075
f 1440/3076 1454/3077 1450/3075
f 1440/3076 1438/3078 1454/3077
f 1438/3078 1457/3079 1454/3077
f 1438/2953 1436/2952 1457/3080
f 1430/2943 1461/2981 1458/2980
f 1430/2943 1431/2942 1461/2981
f 1457/3079 1433/3081 1465/3082
f 1436/3083 1433/3081 1457/3079
f 1433/3081 1458/2980 1465/3082
f 1433/3081 1430/2943 1458/2980
f 1431/2942 1462/2984 1461/2981
f 1431/2942 1446/2965 1462/2984
f 1449/3084 1488/3085 1470/3086
f 1449/3084 1455/3087 1488/3085
f 1484/3011 1466/3088 1459/3089
f 1477/3090 1466/3088 1484/3011
f 1463/2986 1483/3009 1460/2982
f 1463/2986 1486/3015 1483/3009
f 1448/3091 1470/3086 1467/3092
f 1449/3084 1470/3086 1448/3091
f 1477/3090 1456/3093 1466/3088
f 1475/3094 1456/3093 1477/3090
f 1448/3091 1479/3013 1453/2985
f 1448/3091 1467/3092 1479/3013
f 1488/3085 1456/3093 1475/3094
f 1488/3085 1455/3087 1456/3093
f 1483/3009 1459/3089 1460/2982
f 1484/3011 1459/3089 1483/3009
f 1453/2985 1486/3015 1463/2986
f 1453/2985 1479/3013 1486/3015
f 1458/2980 1461/2981 1506/2983
f 1506/2983 1460/2982 1459/3089
f 1506/2978 1507/2977 1458/2990
f 1507/2977 1459/2979 1465/2988
f 1441/2957 1514/3095 1513/3096 1439/2960
f 1439/2955 1513/3097 1512/3098 1437/2951
f 1432/2944 1509/3099 1516/3100 1445/2963
f 1429/2941 1508/3101 1509/3099 1432/2944
f 1437/2951 1512/3098 1511/3102 1435/2954
f 1435/2954 1511/3102 1510/3103 1434/3104
f 1434/3105 1510/3106 1508/3101 1429/2941
f 1445/2963 1516/3100 1515/3107 1443/2966
f 1443/2961 1515/3108 1514/3095 1441/2957
s 1
f 1517/3109 1518/3110 1519/3111 1520/3112 1521/3113 1522/3114 1523/3115
f 1524/3116 1525/3117 1526/3118 1517/3109 1523/3115 1527/3119
f 1528/3120 1529/3121 1530/3122 1531/3123 1532/3124 1533/3125
f 1523/3126 1522/3127 1534/3128 1535/3129 1536/3130
f 1520/3131 1537/3132 1538/3133
f 1539/3134 1540/3135 1517/3109 1526/3118 1541/3136
f 1540/3137 1542/3138 1518/3139 1517/3140
f 1543/3141 1544/3142 1545/3143 1519/3144
f 1519/3111 1545/3145 1546/3146 1547/3147 1548/3148 1549/3149 1537/3150 1520/3112
f 1550/3151 1551/3152 1552/3153 1548/3154 1547/3155
f 1522/3127 1521/3156 1534/3128
f 1521/3156 1520/3131 1538/3133 1553/3157 1534/3128
f 1535/3129 1528/3120 1536/3130
f 1535/3129 1534/3128 1554/3158 1529/3121 1528/3120
f 1528/3120 1533/3125 1536/3130
f 1534/3159 1553/3160 1555/3161 1556/3162
f 1551/3152 1557/3163 1552/3153
f 1549/3164 1548/3154 1552/3153 1557/3163 1558/3165
f 1557/3163 1559/3166 1558/3165
f 1537/3167 1549/3168 1558/3169 1559/3170 1553/3171 1538/3172
f 1534/3159 1556/3162 1554/3173
f 1524/3174 1527/3175 1532/3176 1531/3177
f 1533/3125 1532/3124 1527/3178 1523/3126 1536/3130
f 1560/3179 1550/3180 1547/3181 1546/3182
f 1553/3183 1561/3184 1562/3185
f 1541/3186 1530/3187 1539/3188
f 1531/3177 1530/3189 1541/3190 1526/3191 1525/3192
f 1525/3192 1524/3174 1531/3177
f 1560/3193 1544/3194 1562/3195
f 1550/3151 1561/3184 1551/3152
f 1542/3196 1563/3197 1518/3110
f 1563/3197 1543/3198 1519/3111 1518/3110
f 1561/3184 1553/3183 1559/3166 1557/3163 1551/3152
f 1529/3199 1540/3200 1539/3188 1530/3187
f 1554/3158 1540/3201 1529/3121
f 1556/3162 1543/3202 1542/3203 1540/3204 1554/3173
f 1561/3184 1550/3151 1560/3205 1562/3185
f 1555/3161 1553/3160 1562/3195
f 1555/3161 1543/3202 1556/3162
f 1544/3206 1560/3207 1546/3146 1545/3145
f 1544/3194 1543/3202 1555/3161 1562/3195
f 1543/3202 1563/3208 1542/3203
f 1564/3209 1565/3210 1566/3211 1567/3212 1568/3213 1569/3214 1570/3215 1571/3216 1572/3217 1573/3218 1574/3219
f 1564/3220 1575/3221 1576/3222 1565/3223
f 1577/3224 1578/3225 1579/3226 1580/3227
f 1581/3228 1582/3229 1583/3230
f 1573/3231 1584/3232 1585/3233 1574/3234
f 1567/3235 1577/3236 1580/3237 1586/3238 1568/3239
f 1570/3240 1583/3230 1582/3229 1587/3241 1571/3242
f 1568/3239 1586/3238 1569/3243
f 1569/3243 1586/3238 1581/3228 1583/3230 1570/3240
f 1565/3244 1576/3245 1578/3225 1566/3246
f 1566/3247 1578/3248 1577/3249 1567/3250
f 1579/3226 1578/3225 1576/3245
f 1588/3251 1589/3252 1590/3253
f 1591/3254 1579/3255 1576/3256
f 1571/3257 1587/3258 1572/3259
f 1572/3259 1587/3258 1584/3260 1573/3261
f 1575/3221 1564/3220 1574/3234
f 1586/3262 1580/3263 1579/3255 1591/3254 1589/3252 1588/3251 1585/3264
f 1576/3256 1575/3265 1590/3253 1589/3252 1591/3254
f 1574/3234 1585/3233 1588/3266 1590/3267 1575/3221
f 1586/3262 1585/3264 1584/3268 1587/3269 1582/3270 1581/3271
f 1592/3272 1593/3273 1594/3274 1595/3275 1596/3276
f 1597/3277 1598/3278 1599/3279
f 1600/3280 1601/3281 1602/3282 1603/3283 1604/3284 1605/3285 1606/3286 1607/3287 1608/3288
f 1609/3289 1610/3290 1611/3291 1612/3292
f 1613/3293 1614/3294 1615/3295 1616/3296 1617/3297
f 1618/3298 1619/3299 1620/3300 1594/3301 1593/3302 1599/3279
f 1621/3303 1622/3304 1623/3305 1604/3306 1603/3307
f 1615/3295 1614/3294 1624/3308 1625/3309 1626/3310 1627/3311
f 1592/3272 1596/3276 1628/3312 1608/3313 1607/3314
f 1599/3279 1593/3302 1609/3315 1629/3316 1597/3277
f 1630/3317 1625/3309 1624/3308 1631/3318 1632/3319
f 1633/3320 1634/3321 1619/3299 1618/3298 1635/3322
f 1617/3297 1616/3296 1634/3321 1633/3320
f 1620/3300 1627/3311 1626/3310 1595/3323 1594/3301
f 1613/3324 1617/3325 1633/3326 1635/3327 1636/3328 1602/3329
f 1610/3330 1592/3331 1607/3287 1606/3286
f 1609/3315 1612/3332 1637/3333 1629/3316
f 1602/3329 1636/3328 1638/3334 1621/3303 1603/3307
f 1639/3335 1613/3293 1602/3336 1601/3337
f 1638/3334 1622/3304 1621/3303
f 1631/3318 1639/3335 1632/3319
f 1631/3318 1614/3294 1613/3293 1639/3335
f 1631/3318 1624/3308 1614/3294
f 1623/3338 1598/3278 1640/3339
f 1618/3298 1638/3340 1636/3341 1635/3322
f 1618/3298 1599/3279 1622/3342 1638/3340
f 1623/3338 1622/3342 1599/3279 1598/3278
f 1641/3343 1611/3344 1610/3345 1606/3346 1605/3347
f 1634/3321 1627/3311 1620/3300 1619/3299
f 1615/3295 1627/3311 1634/3321 1616/3296
f 1628/3312 1626/3348 1625/3349
f 1609/3289 1593/3273 1592/3272 1610/3290
f 1629/3316 1637/3333 1642/3350 1640/3339 1598/3278 1597/3277
f 1628/3312 1596/3276 1595/3275 1626/3348
f 1643/3351 1630/3352 1632/3353 1639/3354 1601/3355 1600/3356
f 1625/3349 1630/3357 1643/3358 1628/3312
f 1628/3359 1643/3351 1600/3356 1608/3360
f 1637/3361 1641/3343 1642/3362
f 1611/3344 1641/3343 1637/3361 1612/3363
f 1623/3305 1640/3364 1642/3365 1641/3366 1605/3367 1604/3306
s 0
f 1644/3368 1645/3369 1646/3370
f 1647/3371 1645/3372 1648/3373
f 1644/3368 1646/3370 1649/3374
f 1644/3368 1649/3374 1650/3375
f 1644/3368 1650/3375 1651/3376
f 1647/3371 1648/3373 1652/3377
f 1653/3378 1654/3379 1655/3380
f 1656/3381 1657/3382 1658/3383
f 1659/3384 1660/3385 1661/3386
f 1662/3387 1663/3388 1664/3389
f 1647/3390 1652/3391 1665/3392
f 1653/3378 1655/3380 1666/3393
f 1656/3394 1658/3395 1667/3396
f 1659/3397 1661/3398 1668/3399
f 1662/3387 1664/3389 1669/3400
f 1670/3401 1671/3402 1672/3403
f 1673/3404 1674/3405 1675/3406
f 1676/3407 1677/3408 1678/3409
f 1679/3410 1680/3411 1681/3412
s 1
f 1682/3413 1683/3414 1684/3415
s 0
f 1684/3415 1681/3416 1685/3417
f 1684/3415 1683/3414 1681/3416
f 1683/3414 1679/3418 1681/3416
f 1681/3416 1678/3419 1685/3417
f 1681/3412 1680/3411 1678/3409
f 1680/3411 1676/3407 1678/3409
s 1
f 1678/3419 1675/3420 1685/3417
s 0
f 1678/3419 1677/3421 1675/3420
f 1677/3422 1673/3423 1675/3424
f 1675/3420 1672/3425 1685/3417
f 1675/3406 1674/3405 1672/3403
s 1
f 1674/3405 1670/3401 1672/3403
s 0
f 1672/3425 1684/3415 1685/3417
f 1672/3425 1671/3426 1684/3415
s 1
f 1671/3426 1682/3413 1684/3415
s 0
f 1669/3427 1683/3414 1682/3413
f 1669/3400 1664/3389 1683/3428
f 1664/3429 1679/3410 1683/3430
f 1668/3399 1680/3411 1679/3410
f 1668/3399 1661/3398 1680/3411
f 1661/3398 1676/3407 1680/3411
f 1667/3431 1677/3408 1676/3407
f 1667/3396 1658/3395 1677/3422
f 1658/3395 1673/3423 1677/3422
f 1666/3432 1674/3433 1673/3423
f 1666/3393 1655/3380 1674/3434
f 1655/3380 1670/3435 1674/3434
f 1665/3436 1671/3402 1670/3401
f 1665/3392 1652/3391 1671/3437
f 1652/3438 1682/3413 1671/3426
f 1664/3429 1668/3399 1679/3410
f 1664/3389 1663/3388 1668/3439
f 1663/3440 1659/3384 1668/3441
f 1661/3398 1667/3431 1676/3407
f 1661/3398 1660/3442 1667/3431
f 1660/3443 1656/3381 1667/3444
f 1658/3395 1666/3432 1673/3423
f 1658/3395 1657/3445 1666/3432
f 1657/3446 1653/3378 1666/3393
f 1655/3380 1665/3392 1670/3435
f 1655/3380 1654/3379 1665/3392
f 1654/3379 1647/3390 1665/3392
f 1652/3447 1669/3400 1682/3448
f 1652/3447 1648/3449 1669/3400
f 1648/3449 1662/3387 1669/3400
f 1651/3450 1663/3388 1662/3387
f 1651/3451 1650/3452 1663/3440
f 1650/3452 1659/3384 1663/3440
f 1650/3452 1660/3385 1659/3384
f 1650/3375 1649/3374 1660/3443
s 1
f 1649/3374 1656/3381 1660/3443
f 1649/3374 1657/3382 1656/3381
s 0
f 1649/3374 1646/3370 1657/3382
f 1646/3370 1653/3453 1657/3382
f 1648/3449 1651/3450 1662/3387
f 1648/3373 1645/3372 1651/3454
s 1
f 1645/3369 1644/3368 1651/3376
s 0
f 1646/3455 1654/3379 1653/3378
f 1646/3370 1645/3369 1654/3456
f 1645/3457 1647/3390 1654/3379
f 1686/3458 1687/3459 1688/3460
f 1689/3461 1687/3462 1690/3463
f 1686/3458 1688/3460 1691/3464
f 1686/3458 1691/3464 1692/3465
f 1686/3458 1692/3465 1693/3466
f 1689/3461 1690/3463 1694/3467
f 1695/3468 1696/3469 1697/3470
f 1698/3471 1699/3472 1700/3473
f 1701/3474 1702/3475 1703/3476
f 1704/3477 1705/3478 1706/3479
f 1689/3461 1694/3467 1707/3480
f 1695/3468 1697/3470 1708/3481
f 1698/3471 1700/3473 1709/3482
f 1701/3483 1703/3484 1710/3485
f 1704/3477 1706/3479 1711/3486
f 1712/3487 1713/3488 1714/3489
f 1715/3490 1716/3491 1717/3492
f 1718/3493 1719/3494 1720/3495
f 1721/3496 1722/3497 1723/3498
s 1
f 1724/3499 1725/3500 1726/3501
s 0
f 1726/3501 1723/3502 1727/3503
f 1726/3501 1725/3500 1723/3502
f 1725/3500 1721/3504 1723/3502
f 1723/3502 1720/3505 1727/3503
f 1723/3498 1722/3497 1720/3495
f 1722/3497 1718/3493 1720/3495
s 1
f 1720/3505 1717/3506 1727/3503
s 0
f 1720/3505 1719/3507 1717/3506
f 1719/3508 1715/3490 1717/3492
f 1717/3506 1714/3509 1727/3503
f 1717/3510 1716/3511 1714/3489
s 1
f 1716/3511 1712/3487 1714/3489
s 0
f 1714/3509 1726/3501 1727/3503
f 1714/3509 1713/3512 1726/3501
s 1
f 1713/3512 1724/3499 1726/3501
s 0
f 1711/3513 1725/3500 1724/3499
f 1711/3486 1706/3479 1725/3514
f 1706/3515 1721/3504 1725/3500
f 1710/3485 1722/3497 1721/3496
f 1710/3485 1703/3484 1722/3497
f 1703/3484 1718/3493 1722/3497
f 1709/3516 1719/3494 1718/3493
f 1709/3517 1700/3518 1719/3519
f 1700/3520 1715/3490 1719/3508
f 1708/3521 1716/3491 1715/3490
f 1708/3521 1697/3522 1716/3491
f 1697/3522 1712/3523 1716/3491
f 1707/3524 1713/3488 1712/3487
f 1707/3480 1694/3467 1713/3525
f 1694/3526 1724/3499 1713/3512
f 1706/3479 1710/3527 1721/3528
f 1706/3479 1705/3478 1710/3527
f 1705/3478 1701/3529 1710/3527
f 1703/3484 1709/3516 1718/3493
f 1703/3476 1702/3475 1709/3530
f 1702/3531 1698/3471 1709/3482
f 1700/3520 1708/3521 1715/3490
f 1700/3520 1699/3532 1708/3521
f 1699/3472 1695/3533 1708/3534
f 1697/3470 1707/3480 1712/3535
f 1697/3470 1696/3469 1707/3480
f 1696/3469 1689/3461 1707/3480
f 1694/3526 1711/3513 1724/3499
f 1694/3536 1690/3537 1711/3486
f 1690/3537 1704/3477 1711/3486
f 1693/3538 1705/3478 1704/3477
f 1693/3539 1692/3540 1705/3541
f 1692/3540 1701/3474 1705/3541
f 1692/3540 1702/3475 1701/3474
f 1692/3465 1691/3464 1702/3531
s 1
f 1691/3464 1698/3471 1702/3531
f 1691/3464 1699/3472 1698/3471
s 0
f 1691/3464 1688/3460 1699/3472
f 1688/3460 1695/3533 1699/3472
f 1690/3537 1693/3538 1704/3477
f 1690/3542 1687/3543 1693/3544
s 1
f 1687/3459 1686/3458 1693/3466
s 0
f 1688/3545 1696/3469 1695/3468
f 1688/3460 1687/3459 1696/3546
f 1687/3462 1689/3461 1696/3469
f 1728/3547 1729/3548 1730/3549
f 1731/3550 1729/3548 1732/3551
f 1728/3547 1730/3549 1733/3552
f 1728/3547 1733/3552 1734/3553
f 1728/3547 1734/3553 1735/3554
f 1731/3550 1732/3551 1736/3555
f 1737/3556 1738/3557 1739/3558
f 1740/3559 1741/3560 1742/3561
f 1743/3562 1744/3563 1745/3564
f 1746/3565 1747/3566 1748/3567
f 1731/3550 1736/3555 1749/3568
f 1737/3569 1739/3570 1750/3571
f 1740/3559 1742/3561 1751/3572
f 1743/3562 1745/3564 1752/3573
f 1746/3565 1748/3567 1753/3574
f 1754/3575 1755/3576 1756/3577
f 1757/3578 1758/3579 1759/3580
f 1760/3581 1761/3582 1762/3583
f 1763/3584 1764/3585 1765/3586
s 1
f 1766/3587 1767/3588 1768/3589
s 0
f 1768/3590 1765/3586 1769/3591
f 1768/3590 1767/3592 1765/3586
f 1767/3592 1763/3584 1765/3586
f 1765/3586 1762/3583 1769/3591
f 1765/3586 1764/3585 1762/3583
f 1764/3585 1760/3581 1762/3583
s 1
f 1762/3583 1759/3580 1769/3591
s 0
f 1762/3583 1761/3582 1759/3580
f 1761/3582 1757/3578 1759/3580
f 1759/3580 1756/3593 1769/3591
f 1759/3594 1758/3595 1756/3577
s 1
f 1758/3595 1754/3575 1756/3577
s 0
f 1756/3593 1768/3590 1769/3591
f 1756/3577 1755/3576 1768/3596
s 1
f 1755/3576 1766/3597 1768/3596
s 0
f 1753/3598 1767/3588 1766/3587
f 1753/3598 1748/3599 1767/3588
f 1748/3599 1763/3600 1767/3588
f 1752/3601 1764/3585 1763/3584
f 1752/3601 1745/3602 1764/3585
f 1745/3602 1760/3581 1764/3585
f 1751/3603 1761/3582 1760/3581
f 1751/3603 1742/3604 1761/3582
f 1742/3605 1757/3606 1761/3607
f 1750/3608 1758/3609 1757/3606
f 1750/3608 1739/3610 1758/3609
f 1739/3611 1754/3575 1758/3595
f 1749/3612 1755/3576 1754/3575
f 1749/3612 1736/3613 1755/3576
f 1736/3613 1766/3597 1755/3576
f 1748/3599 1752/3614 1763/3600
f 1748/3615 1747/3616 1752/3573
f 1747/3616 1743/3562 1752/3573
f 1745/3602 1751/3603 1760/3581
f 1745/3564 1744/3563 1751/3617
f 1744/3563 1740/3618 1751/3617
f 1742/3605 1750/3608 1757/3606
f 1742/3561 1741/3560 1750/3571
f 1741/3560 1737/3569 1750/3571
f 1739/3611 1749/3612 1754/3575
f 1739/3558 1738/3557 1749/3568
f 1738/3557 1731/3550 1749/3568
f 1736/3619 1753/3598 1766/3587
f 1736/3555 1732/3551 1753/3620
f 1732/3621 1746/3565 1753/3574
f 1735/3554 1747/3622 1746/3623
f 1735/3624 1734/3625 1747/3616
f 1734/3625 1743/3562 1747/3616
f 1734/3625 1744/3563 1743/3562
f 1734/3625 1733/3626 1744/3563
s 1
f 1733/3626 1740/3618 1744/3563
f 1733/3627 1741/3560 1740/3559
s 0
f 1733/3552 1730/3549 1741/3628
f 1730/3549 1737/3556 1741/3628
f 1732/3551 1735/3554 1746/3623
f 1732/3551 1729/3548 1735/3554
s 1
f 1729/3548 1728/3547 1735/3554
s 0
f 1730/3549 1738/3557 1737/3556
f 1730/3549 1729/3548 1738/3557
f 1729/3548 1731/3550 1738/3557
f 1770/3629 1771/3630 1772/3631
f 1773/3632 1771/3630 1774/3633
f 1770/3629 1772/3631 1775/3634
f 1770/3629 1775/3634 1776/3635
f 1770/3629 1776/3635 1777/3636
f 1773/3632 1774/3633 1778/3637
f 1779/3638 1780/3639 1781/3640
f 1782/3641 1783/3642 1784/3643
f 1785/3644 1786/3645 1787/3646
f 1788/3647 1789/3648 1790/3649
f 1773/3632 1778/3637 1791/3650
f 1779/3638 1781/3640 1792/3651
f 1782/3652 1784/3653 1793/3654
f 1785/3644 1787/3646 1794/3655
f 1788/3647 1790/3649 1795/3656
f 1796/3657 1797/3658 1798/3659
f 1799/3660 1800/3661 1801/3662
f 1802/3663 1803/3664 1804/3665
f 1805/3666 1806/3667 1807/3668
s 1
f 1808/3669 1809/3670 1810/3671
s 0
f 1810/3672 1807/3668 1811/3673
f 1810/3672 1809/3674 1807/3668
f 1809/3670 1805/3675 1807/3676
f 1807/3668 1804/3665 1811/3673
f 1807/3668 1806/3667 1804/3665
f 1806/3667 1802/3663 1804/3665
s 1
f 1804/3665 1801/3662 1811/3673
s 0
f 1804/3665 1803/3664 1801/3662
f 1803/3664 1799/3660 1801/3662
f 1801/3662 1798/3677 1811/3673
f 1801/3662 1800/3661 1798/3677
s 1
f 1800/3661 1796/3678 1798/3677
s 0
f 1798/3677 1810/3672 1811/3673
f 1798/3659 1797/3658 1810/3679
s 1
f 1797/3658 1808/3680 1810/3679
s 0
f 1795/3681 1809/3670 1808/3669
f 1795/3681 1790/3682 1809/3670
f 1790/3682 1805/3675 1809/3670
f 1794/3683 1806/3684 1805/3675
f 1794/3685 1787/3686 1806/3687
f 1787/3688 1802/3663 1806/3667
f 1793/3689 1803/3664 1802/3663
f 1793/3689 1784/3690 1803/3664
f 1784/3690 1799/3660 1803/3664
f 1792/3691 1800/3692 1799/3693
f 1792/3691 1781/3694 1800/3692
f 1781/3694 1796/3695 1800/3692
f 1791/3696 1797/3658 1796/3657
f 1791/3696 1778/3697 1797/3658
f 1778/3697 1808/3680 1797/3658
f 1790/3682 1794/3683 1805/3675
f 1790/3649 1789/3648 1794/3698
f 1789/3648 1785/3699 1794/3698
f 1787/3700 1793/3701 1802/3702
f 1787/3646 1786/3645 1793/3654
f 1786/3645 1782/3652 1793/3654
f 1784/3703 1792/3691 1799/3693
f 1784/3643 1783/3642 1792/3651
f 1783/3642 1779/3638 1792/3651
f 1781/3694 1791/3704 1796/3695
f 1781/3640 1780/3639 1791/3705
f 1780/3706 1773/3632 1791/3650
f 1778/3697 1795/3707 1808/3680
f 1778/3637 1774/3633 1795/3708
f 1774/3633 1788/3709 1795/3708
f 1777/3636 1789/3710 1788/3709
f 1777/3636 1776/3635 1789/3710
f 1776/3635 1785/3711 1789/3710
f 1776/3712 1786/3645 1785/3644
f 1776/3712 1775/3713 1786/3645
s 1
f 1775/3713 1782/3652 1786/3645
f 1775/3714 1783/3642 1782/3641
s 0
f 1775/3634 1772/3631 1783/3715
f 1772/3716 1779/3638 1783/3642
f 1774/3633 1777/3636 1788/3709
f 1774/3633 1771/3630 1777/3636
s 1
f 1771/3630 1770/3629 1777/3636
s 0
f 1772/3631 1780/3706 1779/3717
f 1772/3631 1771/3630 1780/3706
f 1771/3630 1773/3632 1780/3706
f 1812/3718 1813/3719 1814/3720
f 1815/3721 1813/3722 1816/3723
f 1812/3718 1814/3720 1817/3724
f 1812/3718 1817/3724 1818/3725
f 1812/3718 1818/3725 1819/3726
f 1815/3721 1816/3723 1820/3727
f 1821/3728 1822/3729 1823/3730
f 1824/3731 1825/3732 1826/3733
f 1827/3734 1828/3735 1829/3736
f 1830/3737 1831/3738 1832/3739
f 1815/3721 1820/3727 1833/3740
f 1821/3728 1823/3730 1834/3741
f 1824/3742 1826/3743 1835/3744
f 1827/3734 1829/3736 1836/3745
f 1830/3737 1832/3739 1837/3746
f 1838/3747 1839/3748 1840/3749
f 1841/3750 1842/3751 1843/3752
f 1844/3753 1845/3754 1846/3755
f 1847/3756 1848/3757 1849/3758
s 1
f 1850/3759 1851/3760 1852/3761
s 0
f 1852/3761 1849/3758 1853/3762
f 1852/3761 1851/3760 1849/3758
f 1851/3760 1847/3756 1849/3758
f 1849/3758 1846/3763 1853/3762
f 1849/3758 1848/3757 1846/3763
f 1848/3757 1844/3764 1846/3763
s 1
f 1846/3763 1843/3752 1853/3762
s 0
f 1846/3763 1845/3765 1843/3752
f 1845/3754 1841/3766 1843/3767
f 1843/3752 1840/3749 1853/3762
f 1843/3752 1842/3751 1840/3749
s 1
f 1842/3751 1838/3747 1840/3749
s 0
f 1840/3749 1852/3761 1853/3762
f 1840/3749 1839/3748 1852/3761
s 1
f 1839/3748 1850/3759 1852/3761
s 0
f 1837/3768 1851/3760 1850/3759
f 1837/3769 1832/3770 1851/3771
f 1832/3770 1847/3772 1851/3771
f 1836/3773 1848/3774 1847/3772
f 1836/3773 1829/3775 1848/3774
f 1829/3775 1844/3776 1848/3774
f 1835/3777 1845/3754 1844/3753
f 1835/3777 1826/3778 1845/3754
f 1826/3778 1841/3766 1845/3754
f 1834/3779 1842/3780 1841/3781
f 1834/3779 1823/3782 1842/3780
f 1823/3782 1838/3783 1842/3780
f 1833/3784 1839/3785 1838/3786
f 1833/3784 1820/3787 1839/3785
f 1820/3788 1850/3759 1839/3748
f 1832/3770 1836/3773 1847/3772
f 1832/3739 1831/3738 1836/3745
f 1831/3738 1827/3734 1836/3745
f 1829/3789 1835/3777 1844/3753
f 1829/3790 1828/3791 1835/3744
f 1828/3791 1824/3742 1835/3744
f 1826/3792 1834/3779 1841/3781
f 1826/3793 1825/3794 1834/3741
f 1825/3794 1821/3728 1834/3741
f 1823/3782 1833/3795 1838/3783
f 1823/3730 1822/3729 1833/3796
f 1822/3797 1815/3721 1833/3740
f 1820/3798 1837/3799 1850/3800
f 1820/3727 1816/3723 1837/3801
f 1816/3723 1830/3802 1837/3801
f 1819/3726 1831/3803 1830/3804
f 1819/3726 1818/3725 1831/3803
f 1818/3725 1827/3805 1831/3803
f 1818/3725 1828/3806 1827/3805
f 1818/3725 1817/3724 1828/3806
s 1
f 1817/3724 1824/3731 1828/3806
f 1817/3724 1825/3732 1824/3731
s 0
f 1817/3724 1814/3720 1825/3732
f 1814/3720 1821/3807 1825/3732
f 1816/3808 1819/3726 1830/3804
f 1816/3808 1813/3719 1819/3726
s 1
f 1813/3719 1812/3718 1819/3726
s 0
f 1814/3720 1822/3809 1821/3807
f 1814/3720 1813/3719 1822/3809
f 1813/3719 1815/3810 1822/3809
f 1854/3811 1855/3812 1856/3813
f 1857/3814 1855/3815 1858/3816
f 1854/3811 1856/3813 1859/3817
f 1854/3811 1859/3817 1860/3818
f 1854/3811 1860/3818 1861/3819
f 1857/3814 1858/3816 1862/3820
f 1863/3821 1864/3822 1865/3823
f 1866/3824 1867/3825 1868/3826
f 1869/3827 1870/3828 1871/3829
f 1872/3830 1873/3831 1874/3832
f 1857/3814 1862/3820 1875/3833
f 1863/3821 1865/3823 1876/3834
f 1866/3835 1868/3836 1877/3837
f 1869/3827 1871/3829 1878/3838
f 1872/3839 1874/3840 1879/3841
f 1880/3842 1881/3843 1882/3844
f 1883/3845 1884/3846 1885/3847
f 1886/3848 1887/3849 1888/3850
f 1889/3851 1890/3852 1891/3853
s 1
f 1892/3854 1893/3855 1894/3856
s 0
f 1894/3856 1891/3853 1895/3857
f 1894/3856 1893/3855 1891/3853
f 1893/3855 1889/3851 1891/3853
f 1891/3853 1888/3850 1895/3857
f 1891/3853 1890/3852 1888/3850
f 1890/3852 1886/3848 1888/3850
s 1
f 1888/3850 1885/3858 1895/3857
s 0
f 1888/3850 1887/3849 1885/3858
f 1887/3859 1883/3845 1885/3847
f 1885/3858 1882/3844 1895/3857
f 1885/3858 1884/3860 1882/3844
s 1
f 1884/3860 1880/3842 1882/3844
s 0
f 1882/3844 1894/3856 1895/3857
f 1882/3844 1881/3843 1894/3856
s 1
f 1881/3843 1892/3854 1894/3856
s 0
f 1879/3861 1893/3855 1892/3854
f 1879/3861 1874/3862 1893/3855
f 1874/3863 1889/3864 1893/3865
f 1878/3866 1890/3867 1889/3864
f 1878/3866 1871/3868 1890/3867
f 1871/3868 1886/3869 1890/3867
f 1877/3870 1887/3859 1886/3871
f 1877/3870 1868/3872 1887/3859
f 1868/3872 1883/3845 1887/3859
f 1876/3873 1884/3846 1883/3845
f 1876/3874 1865/3875 1884/3876
f 1865/3875 1880/3877 1884/3876
f 1875/3878 1881/3879 1880/3877
f 1875/3878 1862/3880 1881/3879
f 1862/3881 1892/3854 1881/3843
f 1874/3863 1878/3866 1889/3864
f 1874/3832 1873/3831 1878/3838
f 1873/3831 1869/3827 1878/3838
f 1871/3868 1877/3882 1886/3869
f 1871/3829 1870/3828 1877/3883
f 1870/3884 1866/3824 1877/3885
f 1868/3872 1876/3873 1883/3845
f 1868/3826 1867/3825 1876/3886
f 1867/3825 1863/3887 1876/3886
f 1865/3875 1875/3878 1880/3877
f 1865/3823 1864/3822 1875/3888
f 1864/3822 1857/3889 1875/3888
f 1862/3890 1879/3891 1892/3892
f 1862/3820 1858/3816 1879/3841
f 1858/3816 1872/3839 1879/3841
f 1861/3893 1873/3894 1872/3839
f 1861/3819 1860/3818 1873/3895
f 1860/3818 1869/3896 1873/3895
f 1860/3818 1870/3884 1869/3896
f 1860/3818 1859/3817 1870/3884
s 1
f 1859/3817 1866/3824 1870/3884
f 1859/3817 1867/3825 1866/3824
s 0
f 1859/3817 1856/3813 1867/3825
f 1856/3813 1863/3887 1867/3825
f 1858/3816 1861/3893 1872/3839
f 1858/3897 1855/3812 1861/3819
s 1
f 1855/3812 1854/3811 1861/3819
s 0
f 1856/3813 1864/3898 1863/3887
f 1856/3813 1855/3812 1864/3898
f 1855/3812 1857/3899 1864/3898
