# Blender 5.1.1
# www.blender.org
mtllib mercurio.mtl
o Cylinder_Material_0.002
v 0.000000 -1.000000 0.000000
v 0.723607 -0.447219 0.525726
v -0.276388 -0.447220 0.850649
v -0.894426 -0.447215 0.000000
v -0.276388 -0.447220 -0.850649
v 0.723607 -0.447219 -0.525725
v 0.276388 0.447220 0.850649
v -0.723607 0.447219 0.525725
v -0.723607 0.447220 -0.525725
v 0.276388 0.447220 -0.850649
v 0.894426 0.447216 0.000000
v -0.257936 -0.550685 0.793861
v -0.232821 -0.657519 0.716563
v -0.200688 -0.760403 0.617666
v -0.162455 -0.850654 0.499996
v -0.120413 -0.920954 0.370599
v -0.077607 -0.967950 0.238853
v -0.036848 -0.992865 0.113408
v 0.096471 -0.992865 0.070090
v 0.203181 -0.967949 0.147618
v 0.425323 -0.850654 0.309012
v 0.525420 -0.760403 0.381736
v 0.609547 -0.657519 0.442857
v 0.675300 -0.550685 0.490629
v 0.638453 -0.476987 0.604038
v 0.531941 -0.502301 0.681713
v 0.405008 -0.519572 0.752339
v 0.262869 -0.525737 0.809012
v 0.114564 -0.519572 0.846711
v -0.029639 -0.502302 0.864184
v -0.161465 -0.476987 0.863951
v 0.771771 -0.476987 -0.420538
v 0.812729 -0.502300 -0.295237
v 0.840673 -0.519571 -0.152694
v 0.850648 -0.525736 0.000000
v 0.840673 -0.519571 0.152695
v 0.812729 -0.502300 0.295238
v 0.771771 -0.476987 0.420539
v 0.096471 -0.992865 -0.070089
v 0.203181 -0.967949 -0.147617
v 0.315251 -0.920955 -0.229040
v 0.425323 -0.850654 -0.309011
v 0.525419 -0.760402 -0.381735
v 0.609547 -0.657519 -0.442856
v 0.675300 -0.550685 -0.490628
v -0.834716 -0.550681 0.000000
v -0.753442 -0.657515 0.000000
v -0.649456 -0.760399 0.000000
v -0.389673 -0.920953 0.000000
v -0.251147 -0.967949 0.000000
v -0.119245 -0.992865 0.000000
v -0.483971 -0.502301 0.716565
v -0.688189 -0.525736 0.499997
v -0.769872 -0.519570 0.370600
v -0.831051 -0.502298 0.238854
v -0.871565 -0.476984 0.113408
v -0.232822 -0.657519 -0.716563
v -0.200688 -0.760403 -0.617666
v -0.162456 -0.850654 -0.499995
v -0.077607 -0.967950 -0.238852
v -0.036848 -0.992865 -0.113407
v -0.871565 -0.476984 -0.113408
v -0.831050 -0.502299 -0.238853
v -0.769872 -0.519570 -0.370599
v -0.688189 -0.525736 -0.499997
v -0.590366 -0.519572 -0.617668
v -0.483971 -0.502302 -0.716564
v -0.377183 -0.476988 -0.793861
v -0.161465 -0.476988 -0.863951
v -0.029639 -0.502302 -0.864184
v 0.114564 -0.519572 -0.846711
v 0.262869 -0.525738 -0.809011
v 0.531941 -0.502302 -0.681712
v 0.638453 -0.476987 -0.604037
v 0.931188 0.357738 0.070090
v 0.956626 0.251150 0.147619
v 0.964712 0.129893 0.229042
v 0.951058 0.000000 0.309013
v 0.915098 -0.129893 0.381737
v 0.794547 -0.357740 0.490629
v 0.794547 -0.357740 -0.490629
v 0.860698 -0.251151 -0.442857
v 0.915098 -0.129893 -0.381736
v 0.951058 0.000000 -0.309012
v 0.956626 0.251150 -0.147618
v 0.931188 0.357738 -0.070089
v 0.221089 0.357741 0.907271
v 0.155215 0.251152 0.955422
v 0.080276 0.129894 0.988273
v 0.000000 0.000000 1.000000
v -0.080276 -0.129893 0.988273
v -0.221089 -0.357741 0.907271
v 0.712150 -0.357741 0.604039
v 0.687159 -0.251152 0.681716
v 0.645839 -0.129894 0.752343
v 0.587786 0.000000 0.809017
v 0.515946 0.129894 0.846716
v 0.436007 0.251152 0.864188
v 0.354409 0.357742 0.863953
v -0.794547 0.357741 0.490629
v -0.860697 0.251151 0.442858
v -0.915098 0.129893 0.381737
v -0.951058 0.000000 0.309013
v -0.964711 -0.129892 0.229041
v -0.956626 -0.251149 0.147619
v -0.931188 -0.357738 0.070090
v -0.354409 -0.357741 0.863953
v -0.436007 -0.251152 0.864188
v -0.515945 -0.129894 0.846716
v -0.587785 0.000000 0.809017
v -0.645839 0.129894 0.752343
v -0.687158 0.251152 0.681715
v -0.712150 0.357741 0.604039
v -0.712150 0.357741 -0.604039
v -0.687158 0.251152 -0.681715
v -0.645839 0.129894 -0.752342
v -0.587785 0.000000 -0.809016
v -0.515945 -0.129894 -0.846716
v -0.436007 -0.251152 -0.864188
v -0.354409 -0.357741 -0.863953
v -0.931188 -0.357738 -0.070089
v -0.956626 -0.251149 -0.147618
v -0.964711 -0.129892 -0.229041
v -0.951058 0.000000 -0.309012
v -0.915098 0.129893 -0.381736
v -0.860697 0.251151 -0.442857
v -0.794547 0.357741 -0.490629
v 0.354409 0.357742 -0.863953
v 0.436007 0.251152 -0.864187
v 0.515946 0.129894 -0.846716
v 0.587786 0.000000 -0.809016
v 0.645839 -0.129894 -0.752342
v 0.687159 -0.251152 -0.681715
v 0.712150 -0.357741 -0.604039
v -0.221089 -0.357741 -0.907271
v -0.155215 -0.251151 -0.955422
v -0.080276 -0.129893 -0.988273
v 0.080276 0.129894 -0.988273
v 0.221089 0.357741 -0.907271
v 0.871565 0.476984 0.113408
v 0.831051 0.502299 0.238854
v 0.769872 0.519570 0.370600
v 0.688190 0.525736 0.499997
v 0.590366 0.519572 0.617668
v 0.483972 0.502302 0.716565
v 0.377183 0.476988 0.793861
v 0.029640 0.502302 0.864184
v -0.114564 0.519573 0.846711
v -0.262868 0.525738 0.809012
v -0.531941 0.502302 0.681713
v -0.638452 0.476988 0.604038
v -0.771771 0.476987 0.420539
v -0.812729 0.502301 0.295238
v -0.840672 0.519571 0.152695
v -0.850648 0.525736 0.000000
v -0.840672 0.519571 -0.152694
v -0.812729 0.502301 -0.295237
v -0.771771 0.476987 -0.420538
v -0.638452 0.476987 -0.604037
v -0.531941 0.502302 -0.681712
v -0.405008 0.519572 -0.752338
v -0.262869 0.525738 -0.809011
v -0.114564 0.519572 -0.846711
v 0.029639 0.502302 -0.864184
v 0.161465 0.476988 -0.863951
v 0.377183 0.476988 -0.793861
v 0.483972 0.502302 -0.716564
v 0.590366 0.519572 -0.617668
v 0.688190 0.525736 -0.499997
v 0.769872 0.519570 -0.370599
v 0.831051 0.502299 -0.238853
v 0.871565 0.476984 -0.113408
v 0.036848 0.992865 0.113408
v 0.077607 0.967950 0.238853
v 0.120413 0.920955 0.370599
v 0.162456 0.850655 0.499995
v 0.200689 0.760403 0.617666
v 0.232822 0.657519 0.716563
v 0.257937 0.550685 0.793861
v 0.834716 0.550681 0.000000
v 0.753442 0.657515 0.000000
v 0.649456 0.760399 0.000000
v 0.389674 0.920953 0.000000
v 0.251147 0.967949 0.000000
v 0.119245 0.992865 0.000000
v -0.096470 0.992865 0.070089
v -0.203181 0.967950 0.147618
v -0.315250 0.920955 0.229041
v -0.425322 0.850654 0.309012
v -0.525419 0.760403 0.381736
v -0.609546 0.657519 0.442857
v -0.675300 0.550685 0.490628
v -0.096470 0.992865 -0.070089
v -0.203181 0.967950 -0.147618
v -0.315251 0.920955 -0.229040
v -0.425322 0.850654 -0.309011
v -0.525419 0.760403 -0.381735
v -0.609546 0.657519 -0.442856
v -0.675300 0.550685 -0.490628
v 0.036848 0.992865 -0.113407
v 0.077607 0.967950 -0.238853
v 0.120413 0.920955 -0.370598
v 0.162456 0.850654 -0.499995
v 0.200689 0.760403 -0.617666
v 0.232822 0.657519 -0.716563
v 0.257937 0.550685 -0.793860
v 0.166198 0.978672 -0.120749
v 0.307168 0.943208 -0.126518
v 0.215245 0.943209 -0.253036
v 0.451375 0.882854 -0.129730
v 0.361801 0.894429 -0.262863
v 0.262862 0.882855 -0.389192
v 0.587783 0.798549 -0.129731
v 0.506729 0.819912 -0.266402
v 0.409951 0.819913 -0.399604
v 0.305014 0.798552 -0.518923
v 0.706258 0.696558 -0.126518
v 0.638194 0.723610 -0.262864
v 0.550008 0.733353 -0.399605
v 0.447209 0.723612 -0.525728
v 0.338569 0.696561 -0.632593
v 0.801022 0.586331 -0.120750
v 0.747366 0.614342 -0.253038
v 0.672087 0.629942 -0.389194
v 0.577831 0.629943 -0.518926
v 0.362366 0.586334 -0.724502
v -0.063482 0.978672 -0.195376
v -0.025408 0.943209 -0.331227
v -0.174138 0.943209 -0.282901
v 0.016098 0.882855 -0.469369
v -0.138197 0.894430 -0.425319
v -0.288916 0.882855 -0.370262
v 0.058250 0.798552 -0.599100
v -0.253366 0.819913 -0.513368
v -0.399272 0.798552 -0.450440
v 0.097915 0.696561 -0.710784
v -0.052789 0.723612 -0.688185
v -0.210087 0.733355 -0.646571
v -0.361803 0.723612 -0.587778
v -0.497009 0.696561 -0.517479
v 0.132684 0.586334 -0.799128
v -0.009708 0.614345 -0.788978
v -0.162463 0.629944 -0.759458
v -0.314970 0.629944 -0.709904
v -0.455902 0.614344 -0.643998
v -0.577066 0.586334 -0.568513
v -0.205431 0.978672 0.000000
v -0.322868 0.943208 -0.078191
v -0.322868 0.943208 0.078192
v -0.441422 0.882855 -0.160354
v -0.441422 0.882855 0.160355
v -0.551779 0.798551 -0.240532
v -0.566539 0.819912 -0.082322
v -0.566539 0.819912 0.082322
v -0.551779 0.798551 0.240532
v -0.645739 0.696561 -0.312768
v -0.670816 0.723611 -0.162457
v -0.679848 0.733353 0.000000
v -0.670816 0.723611 0.162457
v -0.645739 0.696560 0.312768
v -0.719015 0.586334 -0.373135
v -0.753363 0.614343 -0.234576
v -0.772492 0.629942 -0.080177
v -0.772492 0.629942 0.080178
v -0.719015 0.586334 0.373135
v -0.063482 0.978672 0.195376
v -0.174138 0.943209 0.282901
v -0.025408 0.943209 0.331228
v -0.288916 0.882855 0.370262
v -0.138197 0.894430 0.425320
v -0.399272 0.798552 0.450441
v -0.253366 0.819914 0.513369
v -0.096779 0.819914 0.564248
v -0.497009 0.696561 0.517479
v -0.210087 0.733355 0.646571
v -0.052789 0.723612 0.688185
v 0.097915 0.696561 0.710785
v -0.577066 0.586334 0.568513
v -0.455902 0.614345 0.643999
v -0.314970 0.629944 0.709905
v -0.162463 0.629944 0.759458
v -0.009708 0.614345 0.788978
v 0.132685 0.586335 0.799129
v 0.166198 0.978672 0.120750
v 0.215245 0.943209 0.253036
v 0.307168 0.943208 0.126518
v 0.262862 0.882855 0.389192
v 0.361801 0.894429 0.262863
v 0.451375 0.882854 0.129731
v 0.305014 0.798552 0.518924
v 0.409951 0.819913 0.399604
v 0.506729 0.819912 0.266403
v 0.587783 0.798549 0.129731
v 0.338569 0.696561 0.632593
v 0.447210 0.723612 0.525728
v 0.550008 0.733353 0.399605
v 0.638194 0.723610 0.262864
v 0.706258 0.696558 0.126519
v 0.362366 0.586334 0.724502
v 0.471599 0.614344 0.632595
v 0.672087 0.629942 0.389195
v 0.747366 0.614342 0.253038
v 0.801022 0.586331 0.120751
v 0.903740 0.380897 -0.195376
v 0.921508 0.266063 -0.282902
v 0.854992 0.399094 -0.331228
v 0.918856 0.136410 -0.370264
v 0.861804 0.276396 -0.425322
v 0.782447 0.409229 -0.469371
v 0.892805 0.000000 -0.450442
v 0.846660 0.140059 -0.513372
v 0.776630 0.280118 -0.564251
v 0.688190 0.409230 -0.599103
v 0.845290 -0.133032 -0.517481
v 0.809019 0.000000 -0.587782
v 0.749882 0.140060 -0.646575
v 0.670821 0.276397 -0.688189
v 0.579226 0.399097 -0.710788
v 0.782501 -0.253933 -0.568515
v 0.636088 0.136411 -0.759463
v 0.553820 0.266065 -0.788982
v 0.465085 0.380900 -0.799131
v 0.093451 0.380900 -0.919881
v 0.015700 0.266064 -0.963827
v -0.050816 0.399096 -0.915500
v -0.068205 0.136410 -0.988301
v -0.138198 0.276397 -0.951055
v -0.204615 0.409230 -0.889192
v -0.152508 -0.000000 -0.988302
v -0.226618 0.140059 -0.963861
v -0.296647 0.280118 -0.912980
v -0.230948 -0.133033 -0.963828
v -0.383207 0.140059 -0.912982
v -0.447215 0.276397 -0.850648
v -0.497012 0.399096 -0.770520
v -0.298885 -0.253934 -0.919883
v -0.379680 -0.133033 -0.915502
v -0.457527 -0.000000 -0.889195
v -0.525732 0.136410 -0.839641
v -0.579229 0.266065 -0.770521
v -0.616302 0.380900 -0.689265
v -0.845982 0.380899 -0.373135
v -0.911803 0.266063 -0.312769
v -0.886395 0.399095 -0.234576
v -0.961008 0.136410 -0.240533
v -0.908902 0.409229 -0.080177
v -0.987059 0.000000 -0.160355
v -0.986715 0.140059 -0.082322
v -0.959966 0.280117 0.000000
v -0.908902 0.409229 0.080178
v -0.988023 -0.133031 -0.078192
v -1.000000 0.000001 0.000001
v -0.986715 0.140059 0.082323
v -0.947213 0.276397 0.162458
v -0.967222 -0.253931 0.000001
v -0.988023 -0.133030 0.078193
v -0.987059 0.000001 0.160356
v -0.961007 0.136411 0.240534
v -0.911803 0.266065 0.312770
v -0.845981 0.380900 0.373136
v -0.616302 0.380900 0.689266
v -0.525732 0.136410 0.839641
v -0.447216 0.276397 0.850649
v -0.357124 0.409230 0.839639
v -0.457527 -0.000000 0.889196
v -0.383207 0.140059 0.912982
v -0.204615 0.409230 0.889193
v -0.379681 -0.133033 0.915503
v -0.309017 -0.000001 0.951057
v -0.226619 0.140059 0.963861
v -0.138199 0.276397 0.951055
v -0.050816 0.399096 0.915500
v -0.230948 -0.133033 0.963829
v -0.152509 -0.000000 0.988302
v -0.068205 0.136410 0.988302
v 0.015700 0.266064 0.963828
v 0.093451 0.380900 0.919882
v 0.465085 0.380900 0.799132
v 0.553820 0.266065 0.788983
v 0.579226 0.399096 0.710789
v 0.636088 0.136410 0.759464
v 0.670820 0.276396 0.688190
v 0.688190 0.409229 0.599105
v 0.704293 -0.000001 0.709910
v 0.749882 0.140058 0.646577
v 0.776630 0.280117 0.564253
v 0.782447 0.409228 0.469372
v 0.753368 -0.133033 0.644003
v 0.809019 -0.000002 0.587783
v 0.846659 0.140057 0.513374
v 0.854992 0.399093 0.331230
v 0.782501 -0.253934 0.568516
v 0.892805 -0.000002 0.450444
v 0.918856 0.136408 0.370266
v 0.921508 0.266061 0.282904
v 0.903740 0.380897 0.195377
v 0.298886 0.253934 -0.919883
v 0.379681 0.133033 -0.915502
v 0.230949 0.133033 -0.963828
v 0.309017 0.000000 -0.951056
v 0.152509 0.000000 -0.988302
v 0.525733 -0.136410 -0.839641
v 0.383207 -0.140059 -0.912981
v 0.226619 -0.140059 -0.963860
v 0.068206 -0.136410 -0.988301
v 0.579229 -0.266065 -0.770521
v 0.447216 -0.276398 -0.850648
v 0.296648 -0.280119 -0.912980
v 0.138199 -0.276397 -0.951055
v -0.015699 -0.266065 -0.963827
v 0.616302 -0.380900 -0.689265
v 0.497012 -0.399096 -0.770519
v 0.357124 -0.409230 -0.839638
v 0.204615 -0.409230 -0.889192
v 0.050817 -0.399096 -0.915499
v -0.093451 -0.380900 -0.919881
v -0.782501 0.253934 -0.568515
v -0.753368 0.133032 -0.644002
v -0.845290 0.133032 -0.517482
v -0.704293 0.000000 -0.709909
v -0.809018 0.000000 -0.587783
v -0.892805 0.000000 -0.450443
v -0.636087 -0.136410 -0.759463
v -0.749881 -0.140059 -0.646577
v -0.846658 -0.140059 -0.513373
v -0.918856 -0.136410 -0.370265
v -0.553819 -0.266065 -0.788983
v -0.670819 -0.276397 -0.688190
v -0.776628 -0.280118 -0.564253
v -0.861803 -0.276396 -0.425324
v -0.921507 -0.266063 -0.282903
v -0.465084 -0.380900 -0.799132
v -0.579224 -0.399096 -0.710789
v -0.688188 -0.409230 -0.599105
v -0.782445 -0.409229 -0.469373
v -0.854991 -0.399094 -0.331231
v -0.782501 0.253934 0.568515
v -0.845290 0.133032 0.517482
v -0.753368 0.133033 0.644003
v -0.892805 0.000000 0.450444
v -0.704292 0.000000 0.709910
v -0.918856 -0.136410 0.370266
v -0.846658 -0.140059 0.513374
v -0.749881 -0.140059 0.646577
v -0.636087 -0.136410 0.759464
v -0.921507 -0.266063 0.282904
v -0.861803 -0.276396 0.425324
v -0.776628 -0.280118 0.564253
v -0.670819 -0.276397 0.688191
v -0.553819 -0.266065 0.788983
v -0.903739 -0.380897 0.195378
v -0.854991 -0.399094 0.331231
v -0.782445 -0.409229 0.469374
v -0.688188 -0.409229 0.599106
v -0.579224 -0.399096 0.710790
v -0.465083 -0.380900 0.799132
v 0.230949 0.133033 0.963829
v 0.379681 0.133033 0.915502
v 0.152509 0.000000 0.988302
v 0.309017 0.000000 0.951057
v 0.457527 0.000000 0.889196
v 0.068206 -0.136410 0.988302
v 0.226619 -0.140059 0.963861
v 0.383208 -0.140059 0.912982
v -0.015699 -0.266064 0.963828
v 0.138199 -0.276397 0.951055
v 0.296648 -0.280119 0.912981
v 0.447216 -0.276397 0.850649
v 0.579229 -0.266065 0.770522
v 0.050817 -0.399096 0.915500
v 0.204615 -0.409230 0.889193
v 0.357124 -0.409230 0.839639
v 0.497012 -0.399096 0.770520
v 0.967222 0.253932 0.000000
v 0.988023 0.133032 0.078192
v 0.988023 0.133032 -0.078192
v 0.987059 0.000000 0.160355
v 1.000000 0.000000 0.000000
v 0.987059 0.000000 -0.160355
v 0.961008 -0.136409 0.240533
v 0.986715 -0.140058 0.082323
v 0.986715 -0.140058 -0.082322
v 0.961008 -0.136409 -0.240533
v 0.911804 -0.266063 0.312769
v 0.947213 -0.276396 0.162458
v 0.959966 -0.280117 0.000000
v 0.947213 -0.276396 -0.162457
v 0.911804 -0.266063 -0.312768
v 0.845982 -0.380899 0.373136
v 0.886395 -0.399095 0.234577
v 0.908902 -0.409228 0.080178
v 0.908902 -0.409228 -0.080177
v 0.886395 -0.399095 -0.234576
v 0.845982 -0.380899 -0.373135
v 0.577066 -0.586334 -0.568513
v 0.497009 -0.696561 -0.517479
v 0.455902 -0.614344 -0.643998
v 0.361804 -0.723611 -0.587779
v 0.314971 -0.629943 -0.709904
v 0.288916 -0.882855 -0.370263
v 0.210087 -0.733353 -0.646572
v 0.162463 -0.629943 -0.759458
v 0.174138 -0.943208 -0.282902
v 0.138197 -0.894429 -0.425321
v 0.063482 -0.978671 -0.195377
v 0.025407 -0.943208 -0.331229
v -0.016099 -0.882854 -0.469371
v -0.058250 -0.798550 -0.599102
v -0.097915 -0.696560 -0.710786
v -0.132684 -0.586333 -0.799129
v -0.362367 -0.586334 -0.724501
v -0.338569 -0.696561 -0.632592
v -0.471601 -0.614344 -0.632593
v -0.305014 -0.798552 -0.518923
v -0.447211 -0.723611 -0.525727
v -0.577832 -0.629943 -0.518924
v -0.262862 -0.882855 -0.389191
v -0.409952 -0.819912 -0.399603
v -0.550009 -0.733353 -0.399603
v -0.215245 -0.943208 -0.253035
v -0.361801 -0.894429 -0.262862
v -0.506730 -0.819911 -0.266402
v -0.638195 -0.723609 -0.262863
v -0.747367 -0.614341 -0.253036
v -0.166198 -0.978671 -0.120749
v -0.307168 -0.943208 -0.126517
v -0.451375 -0.882853 -0.129730
v -0.587784 -0.798549 -0.129730
v -0.706258 -0.696557 -0.126518
v -0.801022 -0.586330 -0.120749
v -0.801022 -0.586330 0.120750
v -0.706258 -0.696557 0.126519
v -0.587783 -0.798549 0.129731
v -0.638194 -0.723609 0.262864
v -0.672088 -0.629941 0.389193
v -0.451375 -0.882853 0.129732
v -0.506730 -0.819911 0.266403
v -0.550009 -0.733352 0.399605
v -0.307168 -0.943208 0.126519
v -0.361801 -0.894428 0.262865
v -0.409952 -0.819912 0.399605
v -0.471600 -0.614343 0.632594
v -0.166198 -0.978671 0.120751
v -0.215246 -0.943208 0.253038
v -0.262863 -0.882854 0.389194
v -0.338569 -0.696559 0.632594
v -0.362366 -0.586333 0.724503
v 0.719015 -0.586333 -0.373135
v 0.753363 -0.614343 -0.234576
v 0.645740 -0.696560 -0.312767
v 0.772492 -0.629942 -0.080177
v 0.670817 -0.723610 -0.162456
v 0.551780 -0.798551 -0.240531
v 0.772493 -0.629942 0.080178
v 0.679849 -0.733352 0.000001
v 0.566540 -0.819912 -0.082321
v 0.441423 -0.882854 -0.160354
v 0.753364 -0.614342 0.234577
v 0.670817 -0.723610 0.162458
v 0.566541 -0.819911 0.082323
v 0.447211 -0.894428 0.000001
v 0.322869 -0.943208 -0.078191
v 0.719016 -0.586332 0.373136
v 0.645741 -0.696559 0.312769
v 0.441424 -0.882853 0.160356
v 0.322870 -0.943207 0.078193
v 0.205432 -0.978671 0.000001
v -0.132684 -0.586334 0.799129
v -0.097914 -0.696561 0.710785
v 0.009709 -0.614344 0.788978
v -0.058249 -0.798551 0.599101
v 0.052790 -0.723612 0.688186
v 0.162464 -0.629943 0.759459
v 0.096780 -0.819913 0.564249
v 0.210089 -0.733353 0.646572
v 0.025409 -0.943208 0.331228
v 0.138199 -0.894429 0.425321
v 0.253368 -0.819912 0.513370
v 0.361805 -0.723611 0.587779
v 0.455903 -0.614343 0.643999
v 0.063484 -0.978671 0.195377
v 0.174140 -0.943208 0.282903
v 0.288918 -0.882854 0.370264
v 0.399274 -0.798550 0.450442
v 0.497011 -0.696559 0.517480
v 0.577067 -0.586333 0.568514
v -0.037462 -1.035933 0.116982
v 0.001041 -1.043389 -0.001521
v 0.807493 -0.496873 0.437915
v 0.757165 -0.465769 0.547828
v -0.909689 -0.496870 0.116983
v -0.933577 -0.465765 -0.001521
v -0.037462 -1.035933 -0.120025
v 0.831292 -0.372269 0.511155
v 0.371376 0.375365 0.901254
v 0.289849 0.468864 0.887353
v -0.971991 -0.372266 0.071718
v -0.805411 0.499968 -0.440957
v -0.755082 0.468863 -0.550871
v 0.270569 0.576979 0.828012
v -0.704604 0.576978 -0.514197
v -0.242242 -0.685518 0.747242
v -0.208665 -0.793025 0.643901
v -0.168714 -0.887332 0.520942
v -0.080053 -1.009899 0.248065
v 0.101847 -1.035933 0.071718
v 0.213352 -1.009898 0.152730
v 0.330458 -0.960792 0.237811
v 0.445476 -0.887332 0.321376
v 0.550071 -0.793025 0.397368
v 0.637979 -0.685518 0.461236
v 0.424249 -0.541373 0.784624
v 0.275723 -0.547815 0.843845
v -0.029930 -0.523326 0.901496
v -0.167680 -0.496874 0.901253
v 0.807493 -0.496873 -0.440957
v 0.850291 -0.523325 -0.310026
v 0.879491 -0.541371 -0.161077
v 0.889914 -0.547813 -0.001521
v 0.879491 -0.541371 0.158035
v 0.850291 -0.523325 0.306983
v 0.101847 -1.035933 -0.074760
v 0.445476 -0.887332 -0.324418
v 0.550071 -0.793025 -0.400410
v -0.677599 -0.793021 -0.001521
v -0.548313 -0.887329 -0.001521
v -0.406143 -0.960790 -0.001521
v -0.261391 -1.009898 -0.001521
v -0.504678 -0.523326 0.747243
v -0.615853 -0.541372 0.643902
v -0.718073 -0.547813 0.520944
v -0.867354 -0.523323 -0.251108
v -0.803426 -0.541370 -0.388774
v -0.718073 -0.547814 -0.523986
v -0.029930 -0.523326 -0.904539
v 0.120753 -0.541373 -0.886280
v 0.957261 -0.134182 0.397369
v 0.900416 -0.260889 0.461237
v 0.232065 0.375364 0.946519
v 0.084925 0.137278 1.031161
v 0.001041 0.001547 1.043415
v -0.082842 -0.134183 1.031161
v -0.161148 -0.260890 0.996834
v -0.229982 -0.372269 0.946519
v 0.675902 -0.134183 0.784629
v 0.615240 0.001548 0.843850
v -0.755082 0.468863 0.547828
v -0.829210 0.375364 0.511155
v -1.007021 -0.134182 0.237812
v -0.998572 -0.260888 0.152731
v -0.369294 -0.372270 0.901255
v -0.454558 -0.260890 0.901500
v -0.538089 -0.134183 0.883243
v -0.673820 0.137278 0.784629
v -0.716995 0.263985 0.710828
v -0.743110 0.375364 -0.632704
v -0.716996 0.263985 -0.713870
v -0.673820 0.137278 -0.787671
v -0.613157 0.001547 -0.846892
v -0.538089 -0.134184 -0.886285
v -0.454558 -0.260891 -0.904543
v -0.369294 -0.372270 -0.904297
v -1.007021 -0.134182 -0.240855
v -0.992754 0.001547 -0.324420
v -0.955178 0.137277 -0.400412
v 0.540172 0.137278 -0.886286
v 0.615240 0.001547 -0.846892
v 0.675902 -0.134183 -0.787671
v 0.719078 -0.260890 -0.713870
v -0.082842 -0.134183 -1.034204
v 0.001041 0.001547 -1.046458
v 0.084925 0.137278 -1.034204
v 0.163231 0.263985 -0.999877
v 0.232065 0.375364 -0.949562
v 0.911771 0.499965 0.116983
v 0.869437 0.526418 0.248065
v 0.805509 0.544465 0.385732
v 0.720155 0.550908 0.520944
v 0.617936 0.544467 0.643903
v 0.506761 0.526421 0.747243
v 0.169762 0.499969 0.901253
v 0.032013 0.526421 0.901496
v -0.273640 0.550910 0.843844
v -0.422167 0.544468 0.784624
v -0.554803 0.526421 0.710825
v -0.666101 0.499969 0.629660
v -0.805410 0.499968 0.437915
v -0.848209 0.526420 0.306983
v -0.877408 0.544466 0.158035
v -0.877408 0.544466 -0.161077
v -0.848209 0.526420 -0.310026
v -0.666101 0.499969 -0.632702
v -0.554803 0.526421 -0.713867
v -0.273640 0.550910 -0.846887
v -0.118671 0.544468 -0.886280
v 0.032013 0.526421 -0.904539
v 0.720155 0.550908 -0.523986
v 0.805509 0.544465 -0.388774
v 0.869436 0.526418 -0.251108
v 0.126865 0.963887 0.385730
v 0.170797 0.890427 0.520942
v 0.210748 0.796120 0.643900
v 0.788340 0.688609 -0.001521
v 0.679682 0.796116 -0.001521
v -0.211270 1.012993 0.152730
v -0.328375 0.963886 0.237811
v -0.328376 0.963886 -0.240854
v -0.443394 0.890427 -0.324419
v 0.039545 1.039028 -0.120025
v 0.082136 1.012993 -0.251107
v 0.126865 0.963887 -0.388773
v 0.170797 0.890427 -0.523984
v 0.210748 0.796120 -0.646943
v 0.244325 0.688613 -0.750284
v 0.174708 1.024197 -0.127697
v 0.322012 0.987140 -0.133725
v 0.225959 0.987140 -0.265928
v 0.472700 0.924073 -0.137082
v 0.379100 0.936169 -0.276196
v 0.530541 0.858303 -0.279895
v 0.429414 0.858304 -0.419082
v 0.354824 0.729409 -0.662541
v 0.739036 0.729406 -0.133725
v 0.781991 0.643496 -0.265930
v 0.703329 0.659797 -0.408205
v 0.667913 0.757674 -0.276197
v -0.065294 1.024197 -0.205676
v -0.180922 0.987140 -0.297135
v -0.025508 0.987140 -0.347633
v -0.300857 0.924075 -0.388422
v 0.017863 0.924075 -0.491982
v -0.263710 0.858305 -0.537959
v -0.416173 0.835983 -0.472203
v 0.103356 0.729410 -0.744246
v -0.054120 0.757676 -0.720631
v -0.009103 0.643498 -0.825953
v -0.168722 0.659799 -0.795107
v -0.377020 0.757676 -0.615712
v -0.460217 0.924074 -0.169081
v -0.575533 0.835983 -0.252862
v -0.590956 0.858304 -0.087543
v -0.673716 0.729409 -0.328344
v -0.699919 0.757675 -0.171279
v -0.709357 0.767855 -0.001521
v -0.750284 0.614229 -0.391424
v -0.806164 0.659797 -0.085302
v -0.065294 1.024197 0.202634
v -0.025508 0.987141 0.344590
v -0.180922 0.987140 0.294092
v 0.017863 0.924075 0.488939
v -0.143366 0.936170 0.442911
v 0.061908 0.835983 0.624501
v -0.100087 0.858305 0.588082
v -0.054120 0.757676 0.717588
v 0.103356 0.729410 0.741203
v 0.139688 0.614230 0.833517
v -0.475347 0.643498 0.671416
v -0.328083 0.659799 0.740284
v 0.615237 0.835981 0.134039
v 0.319761 0.835983 0.540721
v 0.429414 0.858304 0.416039
v 0.530541 0.858303 0.276852
v 0.739036 0.729406 0.130683
v 0.667913 0.757674 0.273155
v 0.379100 0.936169 0.273154
v 0.781991 0.643496 0.262887
v 0.945392 0.399561 -0.205677
v 0.894454 0.418575 -0.347634
v 0.818648 0.429165 -0.491984
v 0.812570 0.294253 -0.591128
v 0.720156 0.429166 -0.627546
v 0.884316 -0.137463 -0.542256
v 0.846415 0.001548 -0.615716
v 0.784621 0.147901 -0.677152
v 0.818705 -0.263797 -0.595583
v 0.788263 -0.137463 -0.674462
v 0.736983 0.001548 -0.743331
v 0.665713 0.144088 -0.795112
v 0.098692 0.399564 -0.962739
v -0.052058 0.418577 -0.958160
v 0.017447 0.279568 -1.008660
v -0.070229 0.144087 -1.034234
v -0.158320 0.001547 -1.034234
v -0.642955 0.399564 -0.721760
v -0.311275 -0.263798 -0.962741
v -0.395701 -0.137464 -0.958163
v -0.882956 0.399562 -0.391424
v -0.925186 0.418576 -0.246639
v -1.003151 0.144087 -0.252863
v -0.948704 0.429165 0.082259
v -1.002062 0.294252 -0.001521
v -0.925185 0.418577 0.243596
v -0.998572 -0.260888 -0.155773
v -1.031380 -0.137462 -0.083227
v -0.988736 0.290364 0.168237
v -0.882956 0.399563 0.388382
v -1.009645 -0.263794 -0.001521
v -1.031379 -0.137461 0.080185
v -0.951735 0.279568 0.325303
v -0.642955 0.399564 0.718717
v -0.518305 0.418577 0.803623
v -0.604216 0.279568 0.803625
v -0.372131 0.429167 0.875848
v -0.548316 0.144087 0.875850
v -0.466271 0.290365 0.887352
v -0.477046 0.001547 0.927631
v -0.399386 0.147900 0.952486
v -0.052059 0.418578 0.955118
v -0.395701 -0.137464 0.955121
v 0.098692 0.399564 0.959696
v -0.311275 -0.263797 0.959698
v -0.240285 -0.137463 1.005618
v -0.158321 0.001547 1.031191
v -0.070229 0.144087 1.031191
v 0.606296 0.418577 0.741207
v 0.579748 0.279568 0.822915
v 0.720156 0.429166 0.624505
v 0.665713 0.144087 0.792070
v 0.702006 0.290364 0.717593
v 0.818648 0.429165 0.488943
v 0.894454 0.418575 0.344593
v 0.788263 -0.137464 0.671420
v 0.846414 0.001545 0.612675
v 0.945392 0.399560 0.202635
v 0.818705 -0.263798 0.592541
v 0.884315 -0.137465 0.539215
v 0.933965 0.001545 0.469164
v 0.784620 0.147899 0.674110
v 0.313358 0.266892 -0.962741
v 0.242368 0.140558 -1.008661
v 0.160404 0.001547 -1.034234
v 0.072312 -0.140993 -1.034234
v 0.606299 -0.276473 -0.806667
v -0.882233 0.140557 -0.542257
v -0.786180 0.140558 -0.674463
v -0.931883 0.001547 -0.472206
v -0.734900 0.001547 -0.743332
v -0.844331 0.001547 -0.615717
v -0.959105 -0.140992 -0.388425
v -0.663629 -0.140993 -0.795113
v -0.782537 -0.144806 -0.677153
v -0.883663 -0.144806 -0.537964
v -0.577664 -0.276474 -0.825958
v -0.699922 -0.287270 -0.720637
v -0.899488 -0.287269 -0.445958
v -0.961875 -0.276472 -0.297138
v -0.816564 -0.426071 -0.491987
v -0.786180 0.140558 0.671420
v -0.992754 0.001547 0.321377
v -0.931883 0.001547 0.469163
v -0.959105 -0.140992 0.385383
v -0.883663 -0.144805 0.534922
v -0.961875 -0.276472 0.294095
v -0.943309 -0.396466 0.202636
v -0.718072 -0.426071 0.624506
v -0.604211 -0.415483 0.741208
v -0.734900 0.001548 0.740289
v -0.899488 -0.287269 0.442915
v -0.699922 -0.287270 0.717594
v 0.479128 0.001547 0.927631
v 0.323945 0.001547 0.992272
v 0.550398 -0.140993 0.875851
v 0.401469 -0.144806 0.952486
v -0.015364 -0.276473 1.005617
v 0.468353 -0.287270 0.887352
v 0.606299 -0.276473 0.803625
v -0.096609 -0.396469 0.959697
v 0.054141 -0.415483 0.955117
v 1.032455 0.001548 -0.169082
v 0.994836 0.001548 -0.324420
v 1.045978 0.001548 -0.001521
v 1.032096 -0.144805 -0.087543
v 1.005234 -0.140992 -0.252863
v 0.953818 -0.276472 0.325302
v 0.885039 -0.396468 0.388382
v 0.950786 -0.426070 0.082259
v 0.950786 -0.426070 -0.085302
v 0.927268 -0.415481 -0.246639
v 0.990819 -0.287269 -0.171279
v 0.520384 -0.726314 -0.542254
v 0.418255 -0.832888 -0.472203
v 0.379103 -0.754581 -0.615713
v 0.170804 -0.656703 -0.795107
v 0.302940 -0.920980 -0.388423
v 0.265792 -0.855209 -0.537960
v 0.220569 -0.764761 -0.677148
v 0.011186 -0.640403 -0.825954
v 0.145448 -0.933074 -0.445955
v 0.102169 -0.855209 -0.591126
v 0.056202 -0.754580 -0.720632
v -0.015781 -0.920979 -0.491984
v -0.059827 -0.832887 -0.627546
v -0.101274 -0.726313 -0.744247
v -0.137606 -0.611134 -0.836561
v -0.602757 -0.656703 -0.543764
v -0.317679 -0.832888 -0.543763
v -0.466265 -0.754581 -0.550873
v -0.701248 -0.656702 -0.408203
v -0.273633 -0.920980 -0.408202
v -0.427332 -0.855209 -0.419081
v -0.573684 -0.764760 -0.419081
v -0.779910 -0.640400 -0.265928
v -0.665832 -0.754578 -0.276196
v -0.319930 -0.984045 -0.133724
v -0.470618 -0.920978 -0.137081
v -0.613155 -0.832886 -0.137081
v -0.491751 -0.640403 -0.662541
v -0.835976 -0.611131 -0.127697
v -0.736954 -0.726311 0.130682
v -0.701248 -0.656701 0.405161
v -0.613155 -0.832885 0.134040
v -0.602756 -0.656702 0.540722
v -0.470617 -0.920978 0.134040
v -0.528459 -0.855208 0.276853
v -0.573684 -0.764759 0.416040
v -0.491751 -0.640402 0.659499
v -0.427332 -0.855208 0.416041
v -0.466265 -0.754579 0.547832
v -0.273634 -0.920979 0.405162
v -0.317679 -0.832887 0.540723
v -0.352742 -0.726313 0.659499
v 0.752366 -0.611134 -0.391424
v 0.788258 -0.640402 -0.246638
v 0.675798 -0.726314 -0.328344
v 0.702002 -0.754580 -0.171278
v 0.577616 -0.832888 -0.252861
v 0.808247 -0.656702 0.082259
v 0.711440 -0.764759 -0.001521
v 0.593039 -0.855208 -0.087542
v 0.462300 -0.920979 -0.169081
v 0.788258 -0.640401 0.243596
v 0.215705 -1.021102 -0.001521
v 0.752367 -0.611133 0.388382
v 0.675799 -0.726312 0.325302
v 0.462302 -0.920978 0.166040
v 0.338420 -0.984045 0.080185
v 0.468348 -0.933073 -0.001520
v -0.137605 -0.611135 0.833518
v 0.170805 -0.656703 0.792064
v -0.059825 -0.832888 0.624501
v 0.330166 -0.656703 0.740284
v 0.220571 -0.764760 0.674105
v 0.027592 -0.984045 0.344591
v 0.265794 -0.855209 0.534918
v 0.379104 -0.754580 0.612671
v 0.477431 -0.640403 0.671416
v 0.067377 -1.021102 0.202635
v 0.183006 -0.984045 0.294094
v 0.302942 -0.920979 0.385381
v 0.520386 -0.726313 0.539212
v -0.266405 -0.423589 -0.666202
v -0.223552 -0.410933 -0.690345
v 0.050803 0.834996 -0.001984
v 0.000106 0.838030 -0.001984
v -0.269737 -0.382389 0.686377
v -0.261893 -0.426377 0.662234
v -0.074784 -0.719639 0.402870
v -0.056909 -0.749527 0.347858
v 0.406708 -0.685488 0.226827
v 0.449263 -0.647118 0.257745
v 0.523085 -0.355651 0.537946
v 0.477802 -0.366414 0.570969
v -0.312590 -0.395045 0.662234
v -0.357991 -0.405807 0.629372
v -0.632094 -0.470270 0.259463
v -0.658104 -0.462927 0.203452
v -0.215708 -0.454921 -0.666201
v -0.205030 -0.500341 -0.633339
v -0.117928 -0.736098 -0.365261
v -0.100054 -0.765986 -0.310249
v -0.081855 -0.785966 -0.254238
v -0.740356 -0.355649 -0.131400
v -0.723132 -0.366411 -0.184733
v -0.174693 -0.423589 -0.696000
v 0.278398 -0.433335 -0.653208
v 0.338828 -0.430714 -0.629114
v 0.392793 -0.423371 -0.599088
v 0.799019 0.056558 -0.226501
v 0.804824 0.111781 -0.192501
v 0.801386 0.163333 -0.157885
v 0.216565 0.257390 0.760647
v 0.188559 0.212073 0.781118
v 0.554417 -0.304954 0.537947
v 0.543792 -0.259638 0.570971
v 0.307937 0.212074 0.742330
v 0.273246 0.257390 0.742231
v -0.302908 -0.344348 0.692033
v -0.765705 -0.304952 -0.112984
v -0.776520 -0.259636 -0.145945
v 0.405926 0.057128 -0.725638
v 0.436468 0.001904 -0.709610
v 0.528586 0.484255 0.422124
v 0.486996 0.481634 0.472152
v -0.653149 0.468132 0.218698
v -0.665029 0.475475 0.158096
v -0.317876 0.389967 -0.665439
v -0.257446 0.392588 -0.689534
v 0.398884 0.468133 -0.564494
v 0.444118 0.475476 -0.522449
v 0.015772 0.834996 0.046231
v 0.491173 0.673686 -0.001984
v 0.438572 0.712057 -0.001984
v 0.380728 0.741945 -0.001984
v -0.040908 0.834996 0.027814
v -0.040908 0.834996 -0.031782
v 0.015772 0.834996 -0.050199
v 0.406960 0.725747 -0.057139
v 0.464953 0.689906 -0.057139
v 0.383255 0.562222 -0.483361
v 0.337067 0.550722 -0.528794
v 0.438788 0.522399 -0.480469
v 0.393624 0.515768 -0.528795
v 0.347184 0.503859 -0.567869
v -0.032940 0.712707 -0.432034
v -0.098538 0.717628 -0.413306
v -0.015019 0.676866 -0.487189
v -0.080929 0.685948 -0.472371
v -0.147502 0.685948 -0.450740
v -0.062227 0.645006 -0.525062
v -0.129102 0.649148 -0.507370
v -0.320515 0.768698 -0.035227
v -0.320515 0.768698 0.031259
v -0.370918 0.743039 -0.070158
v -0.373378 0.747959 -0.001984
v -0.370918 0.743039 0.066190
v -0.424111 0.716279 -0.036983
v -0.424111 0.716279 0.033015
v -0.592815 0.562222 0.162246
v -0.582154 0.550721 0.226150
v -0.636042 0.522399 0.127265
v -0.627910 0.515767 0.192907
v -0.613307 0.503859 0.251815
v -0.316809 0.638059 0.429656
v -0.254778 0.647140 0.456409
v -0.358362 0.594698 0.458157
v -0.300879 0.606198 0.488044
v -0.236378 0.610340 0.513040
v -0.340885 0.559743 0.511946
v -0.280969 0.566376 0.539966
v 0.406960 0.725747 0.053171
v 0.464953 0.689906 0.053171
v 0.426134 0.568381 0.433064
v 0.469838 0.572522 0.379443
v 0.436503 0.521926 0.478498
v 0.481667 0.528558 0.430172
v 0.521740 0.528557 0.375017
v 0.786456 0.169673 -0.215400
v 0.785329 0.114552 -0.252542
v -0.232680 0.343055 -0.723622
v -0.297518 0.343055 -0.702555
v -0.190981 0.003326 -0.810710
v -0.222488 0.062872 -0.800319
v -0.271807 0.288164 -0.733736
v -0.224329 -0.053232 -0.800305
v -0.257519 0.003326 -0.794875
v -0.289061 0.062872 -0.778688
v -0.335820 0.286582 -0.707236
v -0.356991 0.338747 -0.673169
v -0.287562 -0.053232 -0.779760
v -0.320658 0.003326 -0.768575
v -0.774727 0.228315 -0.200712
v -0.763925 0.284873 -0.167469
v -0.795646 0.173193 -0.170001
v -0.789781 0.232708 -0.136808
v -0.773494 0.289181 -0.101827
v -0.806575 0.174745 -0.102738
v -0.795203 0.234290 -0.067739
v -0.311209 0.234144 0.732625
v -0.272907 0.290618 0.727944
v -0.283996 0.176180 0.759125
v -0.247196 0.235726 0.759125
v -0.208068 0.290618 0.749012
v -0.217423 0.176180 0.780756
v -0.179831 0.234144 0.775312
v 0.682176 0.234289 0.412288
v 0.684649 0.289180 0.371950
v 0.711949 0.174743 0.390657
v 0.718388 0.232707 0.353222
v 0.715492 0.284872 0.313219
v 0.742643 0.173192 0.329815
v 0.743771 0.228314 0.292673
v 0.347993 0.058462 -0.754882
v 0.381089 0.001904 -0.743698
v 0.317950 0.001904 -0.769998
v 0.410086 -0.056091 -0.722630
v 0.349492 -0.057642 -0.753811
v 0.377943 -0.379494 -0.636844
v 0.318470 -0.383802 -0.666229
v -0.761589 -0.265977 -0.203461
v -0.754035 -0.314798 -0.166249
v -0.733310 -0.322535 -0.224007
v -0.689789 0.058436 0.458160
v -0.650709 0.058436 0.511949
v -0.709990 0.001877 0.429659
v -0.674368 0.001877 0.488048
v -0.629845 0.001877 0.539970
v -0.690371 -0.057668 0.456413
v -0.649226 -0.057668 0.513044
v -0.349961 -0.354194 0.664475
v 0.249640 0.213256 0.766009
v 0.220757 0.161856 0.784692
v 0.283990 0.161856 0.764147
v 0.497907 -0.265979 0.608726
v 0.513668 -0.314800 0.574181
v 0.462952 -0.322536 0.608725
v 0.814734 0.113115 -0.128368
v 0.814325 0.056558 -0.163300
v 0.360465 -0.471006 -0.583054
v 0.300549 -0.477637 -0.611074
v -0.162457 -0.470077 -0.668441
v -0.038059 -0.775447 -0.293511
v -0.055705 -0.749788 -0.352242
v -0.260106 -0.470077 -0.636713
v -0.160616 -0.749788 -0.318154
v -0.140371 -0.775447 -0.260268
v -0.645337 -0.498653 0.153240
v -0.622526 -0.510561 0.209481
v -0.605049 -0.545515 0.155693
v -0.576112 -0.557016 0.213659
v -0.590522 -0.517194 0.267368
v -0.306291 -0.441533 0.632746
v 0.511079 -0.631476 0.164520
v 0.466746 -0.672418 0.130451
v 0.500418 -0.619975 0.228425
v 0.460471 -0.663336 0.197714
v 0.413553 -0.699178 0.163627
v -0.030481 -0.697487 0.445005
v -0.012560 -0.733329 0.389850
v 0.035430 -0.706569 0.430187
v 0.005086 -0.758988 0.331120
v 0.053038 -0.738249 0.371123
v -0.017066 0.914416 0.632316
v -0.006780 0.926999 0.608308
v -0.040801 0.916275 0.601985
v 0.090160 0.920371 0.632993
v 0.063721 0.886286 0.696660
v 0.132713 0.860631 0.663211
v 0.160990 0.842208 0.538689
v 0.173784 0.859779 0.546533
v 0.184970 0.833098 0.549172
v -0.004926 0.772387 0.656545
v -0.008801 0.805524 0.721964
v -0.061803 0.906640 0.582739
v -0.052093 0.849722 0.550775
v 0.084250 0.918825 0.512082
v 0.079972 0.871187 0.505848
v 0.145681 0.839699 0.656417
v 0.135091 0.795923 0.607798
v 0.093645 0.770109 0.649237
v 0.124050 0.824740 0.679081
v 0.096435 0.890230 0.624437
v 0.068461 0.826436 0.571216
v 0.198281 0.785078 0.616561
v 0.188756 0.815917 0.638328
v 0.158934 0.886958 0.575580
v 0.069580 0.942764 0.580213
v 0.026664 0.872993 0.713773
v 0.876130 0.527404 -0.341735
v 0.827883 0.552042 -0.353948
v 0.873100 0.560611 -0.320619
v 0.896411 0.427790 -0.310497
v 0.913128 0.432101 -0.307345
v 0.906692 0.425293 -0.287750
v 0.901892 0.457301 -0.252342
v 0.916832 0.481530 -0.272881
v 0.884444 0.564415 -0.286615
v 0.838013 0.559722 -0.263966
v 0.915444 0.444060 -0.309062
v 0.813287 0.544893 -0.349760
v -0.965179 0.392742 0.304976
v -0.954123 0.401319 0.261765
v -0.999177 0.367597 0.271425
v -0.920532 0.392872 0.341973
v -0.908169 0.402255 0.328438
v -0.923540 0.392252 0.322440
v -0.944237 0.297599 0.311522
v -0.966983 0.326661 0.312905
v -1.005616 0.344817 0.267773
v -0.961314 0.323565 0.232061
v -0.908665 0.373248 0.328598
v -0.950283 0.385741 0.322378
v -0.925741 0.399215 0.249138
v -0.917392 0.349006 0.330909
v -0.930625 0.360391 0.333595
v -0.928264 0.380338 0.310832
v -0.916583 0.377533 0.300628
v -0.896287 0.376053 0.361450
v -0.921345 0.382117 0.355796
v -0.897885 0.403244 0.325682
v -1.000050 0.398672 0.184358
v -0.997463 0.379240 0.143895
v -0.985414 0.343734 0.176418
v -0.920276 0.407813 0.211120
v -0.978938 0.420179 0.190415
v -0.924745 0.424192 0.117413
v -0.947416 0.450894 0.131936
v -0.914348 0.434788 0.165637
v -0.956659 0.338261 0.155544
v -0.949952 0.345986 0.183554
v -0.978194 0.339153 0.176055
v -0.963836 0.447390 0.131692
v -0.981709 0.391484 0.107023
v -0.946255 0.377553 0.103793
v -0.717383 0.877388 -0.210088
v -0.746056 0.874264 -0.194950
v -0.691985 0.879373 -0.170743
v -0.785103 0.942428 -0.125372
v -0.805840 0.932836 -0.138345
v -0.793563 0.924954 -0.116043
v -0.729059 0.903187 -0.193754
v -0.696188 0.851115 -0.073061
v -0.655515 0.851975 -0.085428
v -0.691758 0.855772 -0.111952
v -0.713047 0.738468 -0.084389
v -0.724140 0.751822 -0.102471
v -0.702975 0.742659 -0.112740
v -0.603080 0.806399 -0.248162
v -0.611398 0.822675 -0.233966
v -0.603551 0.811361 -0.212925
v -0.623933 0.791089 -0.233073
v -0.585292 0.840783 -0.120839
v -0.679366 0.769684 -0.066108
v -0.695657 0.742061 -0.157287
v -0.741552 0.845931 -0.093738
v -0.796647 0.847827 -0.166991
v -0.667453 0.874981 -0.144077
v -0.617448 0.802203 -0.195995
v -0.637917 0.815076 -0.215557
v -0.646924 0.795505 -0.228768
v -0.644238 0.775666 -0.221764
v -0.632777 0.804623 -0.248046
v -0.619518 0.790012 -0.264656
v -0.624907 0.823199 -0.235004
v -0.758837 0.944532 -0.132058
v -0.807715 0.924307 -0.157146
v -0.776003 0.944162 -0.176684
v -0.688103 0.776290 -0.021185
v -0.714352 0.810505 -0.038932
v -0.727481 0.766198 -0.101427
v -0.609144 0.827193 -0.077791
v -0.697751 0.835420 -0.141221
v -0.642205 0.788987 -0.145466
v -0.389135 0.895502 -0.371364
v -0.417021 0.892407 -0.348659
v -0.360246 1.008660 -0.326720
v -0.354629 1.006193 -0.295092
v -0.396731 0.935624 -0.245567
v -0.406768 0.953287 -0.242315
v -0.416869 0.934107 -0.227071
v -0.319391 0.964787 -0.248452
v -0.339832 0.987309 -0.275290
v -0.429154 0.953677 -0.281134
v -0.437472 0.917845 -0.251102
v -0.300408 0.932104 -0.365490
v -0.322859 0.957255 -0.364476
v -0.411421 0.932928 -0.367097
v -0.411979 0.967688 -0.353913
v -0.351796 0.987207 -0.361140
v -0.330518 0.962477 -0.361635
v -0.427979 0.964832 -0.288905
v -0.425577 0.997645 -0.309589
v -0.346166 0.994632 -0.283683
v -0.423121 0.959932 -0.289634
v -0.347067 0.987994 -0.284657
v -0.332280 0.959546 -0.358563
v -0.408333 0.931484 -0.363539
v -0.413106 0.923340 -0.370065
v -0.454451 0.916565 -0.235513
v -0.446379 0.947275 -0.253588
v -0.442863 0.937726 -0.285473
v -0.444499 0.900026 -0.295134
v -0.410463 0.949240 -0.288735
v -0.400096 0.922647 -0.279627
v -0.414799 0.958934 -0.255495
v -0.766935 0.114337 -0.775015
v -0.760477 0.080979 -0.783388
v -0.777459 0.087393 -0.748125
v -0.724304 0.036449 -0.783789
v -0.740927 0.067839 -0.798255
v -0.717759 0.113981 -0.808511
v -0.688129 0.116466 -0.807166
v -0.754661 0.138783 -0.780449
v -0.740565 0.164193 -0.743906
v -0.710993 0.049752 -0.761477
v -0.674855 0.121657 -0.779807
v -0.715218 0.142997 -0.743218
v -0.747285 0.087414 -0.725650
v -0.778805 0.080454 -0.719386
v -0.700327 -0.673247 -0.289408
v -0.731613 -0.727315 -0.360896
v -0.667386 -0.745458 -0.426129
v -0.599354 -0.725946 -0.403229
v -0.712533 -0.684356 -0.487060
v -0.661898 -0.606230 -0.521292
v -0.775563 -0.669591 -0.417214
v -0.761060 -0.565428 -0.385794
v -0.758015 -0.602460 -0.312474
v -0.783751 -0.621886 -0.361737
v -0.749924 -0.650148 -0.404152
v -0.692089 -0.634799 -0.391268
v -0.769265 -0.604648 -0.447411
v -0.726612 -0.568679 -0.456518
v -0.806454 -0.577789 -0.406914
v -0.795170 -0.526670 -0.392726
v -0.886837 0.578593 -0.312658
v -0.914062 0.573841 -0.341168
v -0.893556 0.574208 -0.354960
v -0.904791 0.521946 -0.389626
v -0.944363 0.482995 -0.401783
v -0.968670 0.457410 -0.326014
v -0.954994 0.532260 -0.334088
v -0.968295 0.487350 -0.316301
v -0.958305 0.553292 -0.271757
v -0.913192 0.601905 -0.313164
v -0.936028 0.592314 -0.278325
v -0.883212 0.476650 -0.267555
v -0.902993 0.441438 -0.261817
v -0.933039 0.443574 -0.266821
v -0.924834 0.493945 -0.285631
v -0.900677 0.409404 -0.320507
v -0.866947 0.422882 -0.388677
v -0.891967 0.439318 -0.386870
v -0.915889 0.423150 -0.327254
v -0.837319 0.508137 -0.351512
v -0.830816 0.532162 -0.335880
v -0.870193 0.497247 -0.357278
v -0.892976 0.469208 -0.379036
v -0.838819 0.530524 -0.315818
v -0.867514 0.498608 -0.281752
v -0.881160 0.543669 -0.331464
v -0.912737 0.516169 -0.311185
v -0.948483 0.447323 -0.341514
v -0.951863 0.488423 -0.283170
v -0.886722 0.502308 -0.380887
v -0.930134 0.467868 -0.388480
v -0.874893 0.537022 -0.348713
v -0.976866 0.482829 -0.287744
v -0.939281 0.550670 -0.262221
v -0.906954 0.585836 -0.285101
v -0.964020 0.413800 0.281363
v -0.996232 0.358775 0.232008
v -1.058654 0.398338 0.232859
v -1.037799 0.428203 0.267487
v -0.948921 0.352621 0.190347
v -0.934598 0.395252 0.175749
v -1.017364 0.438090 0.190601
v -1.005874 0.400908 0.206235
v -0.888993 0.454903 0.284632
v -0.907223 0.388603 0.284285
v -0.956386 0.482686 0.279478
v -0.948397 0.334097 0.235993
v -0.911504 0.446603 0.192190
v -0.984266 0.452242 0.198091
v -1.052275 0.427864 0.208676
v -1.077142 0.489129 0.223135
v -1.151163 0.487588 0.237865
v -1.033054 0.490571 0.253239
v -1.172984 0.495750 0.266890
v -1.149545 0.513738 0.258936
v -0.592965 0.468573 0.881557
v -0.530136 0.396406 0.825171
v -0.552088 0.368352 0.953714
v -0.626323 0.383598 0.754174
v -0.622907 0.341912 0.779887
v -0.564464 0.382683 0.808686
v -0.615421 0.314600 0.839935
v -0.575900 0.295622 0.876962
v -0.552976 0.326727 0.892409
v -0.525833 0.410815 0.768498
v -0.471062 0.311180 0.842708
v -0.539387 0.308593 0.923349
v -0.440507 0.342863 0.922751
v -0.469683 0.397911 0.984317
v -0.436830 0.472761 0.925725
v -0.460255 0.514353 0.955943
v -0.520847 0.541948 0.925160
v -0.512715 0.478028 0.922960
v -0.568336 0.500176 0.872977
v -0.456444 0.511850 0.772928
v -0.492460 0.457209 0.771496
v -0.424916 0.491198 0.801178
v -0.389232 0.394551 0.862036
v -0.388299 0.450993 0.840381
v -0.456729 0.326046 0.845989
v -0.423194 0.337014 0.863055
v -0.559948 0.390756 0.754646
v -0.600370 0.413733 0.719807
v -0.644632 0.381717 0.704197
v -0.612658 0.274061 0.767027
v -0.560276 0.254127 0.808296
v -0.525407 0.315544 0.806325
v -0.615467 0.326947 0.744388
v -1.009812 0.067132 -0.410220
v -0.989746 0.081514 -0.430488
v -0.993597 0.029953 -0.441081
v -0.966252 0.033936 -0.452638
v -0.986360 0.020403 -0.377887
v -0.998960 0.057015 -0.351839
v -1.008566 0.047241 -0.396574
v -0.948851 -0.102331 -0.458398
v -0.965259 -0.108437 -0.435182
v -0.986455 -0.058154 -0.423666
v -0.979982 -0.017707 -0.452752
v -0.984825 -0.050144 -0.455557
v -0.999988 -0.048178 -0.409667
v -1.029274 -0.008155 -0.385748
v -0.957257 0.106837 -0.417592
v -0.954963 0.090124 -0.428176
v -0.954446 -0.083802 -0.404615
v -0.975246 -0.072984 -0.358686
v -0.982894 -0.064664 -0.367386
v -0.954262 -0.117772 -0.404076
v -0.967156 -0.103279 -0.409162
v -0.943295 0.039305 -0.450198
v -0.985660 -0.036213 -0.337967
v -0.999163 -0.026906 -0.357082
v -0.944290 -0.001017 -0.442776
v -0.964550 -0.005587 -0.443503
v -0.976388 0.024728 -0.368042
v -0.936719 -0.049559 -0.455132
v -0.957862 -0.060462 -0.449201
v -0.987549 0.061436 -0.341659
v -0.929804 -0.101693 -0.465451
v -0.975878 0.116907 -0.380720
v -1.006467 0.086959 -0.373408
v -0.943249 -0.130977 -0.429174
v -0.967582 0.103398 -0.399184
v -0.940792 0.107678 -0.410810
v -0.937982 -0.082960 -0.397834
v -0.958782 -0.072143 -0.351905
v -0.937797 -0.116930 -0.397295
v -0.926830 0.040147 -0.443416
v -0.969196 -0.035371 -0.331186
v -0.927826 -0.000175 -0.435994
v -0.959924 0.025569 -0.361260
v -0.920255 -0.048717 -0.448351
v -0.971084 0.062278 -0.334877
v -0.913340 -0.100851 -0.458670
v -0.959414 0.117749 -0.373939
v -0.926785 -0.130135 -0.422392
v -0.951118 0.104240 -0.392403
v 0.231254 0.354945 -1.002411
v 0.199504 0.317844 -0.958080
v 0.179979 0.325435 -1.010736
v 0.260465 0.334829 -1.007710
v 0.237304 0.244547 -1.012488
v 0.234230 0.298415 -1.030657
v 0.248182 0.261869 -1.049902
v 0.223658 0.271113 -0.987447
v 0.170082 0.257067 -0.984189
v 0.126081 0.323625 -1.020460
v 0.085135 0.238711 -1.013214
v 0.092668 0.294886 -1.019556
v 0.088298 0.283122 -1.045575
v 0.113138 0.278376 -1.053945
v 0.068506 0.218581 -1.043115
v 0.065683 0.256722 -1.029201
v 0.090679 0.197358 -1.010627
v 0.092953 0.198048 -1.071703
v 0.125642 0.171021 -1.038003
v 0.230993 0.217030 -0.989119
v 0.206660 0.182706 -0.992343
v 0.150895 0.180040 -1.014264
v 0.178890 0.190046 -1.047559
v 0.225717 0.185332 -1.030968
v 0.268858 0.227361 -1.035620
v 0.230645 0.182832 -1.056787
v 0.183543 0.279270 -1.081112
v 0.191587 0.300284 -1.057735
v 0.201334 0.325913 -1.029961
v 0.156245 0.308688 -1.055056
v 0.100828 0.234629 -1.075302
v 0.136549 0.254451 -1.074807
v 0.163188 0.223156 -1.068064
v 0.120512 0.199730 -1.075558
v 0.206110 0.217790 -1.064263
v -0.917393 0.457844 0.326098
v -0.918927 0.426445 0.370077
v -0.965837 0.440980 0.376690
v -0.961911 0.462503 0.351062
v -0.901069 0.391226 0.354456
v -0.914854 0.383343 0.327019
v -0.970436 0.410561 0.340179
v -0.946221 0.415315 0.353659
v -0.897721 0.451218 0.272585
v -0.878594 0.447982 0.314407
v -0.943176 0.461643 0.287606
v -0.884505 0.418804 0.361942
v -0.922306 0.394757 0.290130
v -0.958950 0.411164 0.318375
v -0.979717 0.427058 0.359760
v -1.015034 0.446077 0.338544
v -1.047615 0.467718 0.370665
v -0.988636 0.458236 0.317633
v -1.056283 0.490756 0.374763
v -1.053980 0.483383 0.355757
v -0.082252 0.996501 0.428754
v -0.085136 0.991512 0.383701
v -0.131868 1.008928 0.411506
v -0.044514 0.960990 0.454773
v -0.035478 0.956048 0.436939
v -0.053604 0.962657 0.437291
v -0.140485 0.924498 0.459707
v -0.130435 0.959892 0.456521
v -0.153941 1.000910 0.416221
v -0.158540 0.951718 0.380885
v -0.057653 0.939665 0.445971
v -0.073188 0.980686 0.444293
v -0.075708 0.966885 0.367149
v -0.079955 0.932797 0.457133
v -0.077618 0.950231 0.458708
v -0.069353 0.959358 0.430959
v -0.068727 0.947990 0.420059
v -0.037027 0.931915 0.473446
v -0.048166 0.955728 0.471094
v -0.030087 0.948178 0.432110
v -0.132018 1.044224 0.334893
v -0.158186 1.039040 0.298700
v -0.171619 1.002951 0.330016
v -0.076593 0.980284 0.333104
v -0.102115 1.038307 0.330930
v -0.092531 1.011401 0.244521
v -0.078064 1.041845 0.261895
v -0.064760 0.999672 0.284983
v -0.167571 0.980889 0.301920
v -0.149826 0.974430 0.324998
v -0.171805 0.994646 0.327960
v -0.089275 1.053061 0.267413
v -0.150898 1.040540 0.257441
v -0.145265 1.004886 0.244851
v -0.071920 1.001965 0.407653
v -0.147900 1.004759 0.380812
v -0.146567 1.077743 0.392395
v -0.101205 1.072345 0.413348
v -0.142428 0.968577 0.329114
v -0.105354 0.982674 0.303375
v -0.107090 1.072126 0.333397
v -0.126615 1.039789 0.351619
v -0.000373 0.962978 0.381379
v -0.063229 0.941042 0.398590
v -0.012926 1.034331 0.390941
v -0.142904 0.951307 0.375248
v -0.047163 0.990007 0.302631
v -0.076860 1.051845 0.328221
v -0.127046 1.092417 0.362380
v -0.085247 1.144799 0.371845
v -0.118624 1.202410 0.407419
v -0.052789 1.105217 0.387067
v -0.113770 1.220658 0.439492
v -0.090054 1.212627 0.421904
v -0.002765 0.989288 0.419948
v -0.012129 0.970852 0.469896
v -0.028200 1.016203 0.481749
v -0.018560 1.026700 0.451214
v -0.031678 0.934321 0.460584
v -0.054683 0.939442 0.439382
v -0.064785 0.999677 0.455905
v -0.042175 0.984373 0.462633
v -0.012832 0.969254 0.367109
v 0.010072 0.953084 0.403706
v -0.028258 1.010961 0.387680
v 0.000783 0.939474 0.457319
v -0.062944 0.951999 0.403042
v -0.064380 0.990982 0.432842
v -0.052220 1.017653 0.472052
v -0.066969 1.056643 0.454126
v -0.060887 1.095932 0.485447
v -0.048810 1.043974 0.425988
v -0.048237 1.117440 0.485149
v -0.058301 1.110683 0.468598
v 0.188561 0.567660 0.976336
v 0.160725 0.577167 0.990329
v 0.179197 0.521806 0.978944
v 0.128445 0.548170 1.085876
v 0.119830 0.572776 1.082618
v 0.108714 0.549148 1.077292
v 0.184513 0.561635 1.008211
v 0.100136 0.458063 0.985577
v 0.132001 0.438453 0.965378
v 0.129855 0.482172 0.976127
v 0.040303 0.488951 0.893014
v 0.052198 0.508216 0.903773
v 0.066335 0.501684 0.883901
v 0.242893 0.522140 0.855794
v 0.237307 0.516234 0.877464
v 0.222684 0.496925 0.870707
v 0.213417 0.527438 0.856031
v 0.189529 0.415840 0.915481
v 0.064027 0.449428 0.910852
v 0.098658 0.528321 0.867050
v 0.084416 0.504860 0.994252
v 0.100173 0.595117 0.997494
v 0.174170 0.486199 0.972698
v 0.199192 0.495466 0.873801
v 0.206357 0.522358 0.887687
v 0.199609 0.539950 0.870845
v 0.186611 0.535054 0.854816
v 0.224723 0.542909 0.866912
v 0.235553 0.546926 0.843853
v 0.230415 0.526327 0.883336
v 0.148981 0.534428 1.074543
v 0.126389 0.588289 1.070534
v 0.167298 0.578147 1.068253
v 0.033697 0.422920 0.933557
v 0.047214 0.450444 0.968690
v 0.056909 0.508384 0.917797
v 0.141373 0.403178 0.926769
v 0.134689 0.509160 0.952567
v 0.145935 0.478078 0.888015
v 0.023225 -0.092246 -1.161515
v -0.005830 -0.097584 -1.175238
v 0.012723 -0.049334 -1.145855
v -0.049351 -0.037358 -1.249339
v -0.057052 -0.061901 -1.254687
v -0.067952 -0.042635 -1.239847
v 0.015455 -0.075129 -1.188261
v -0.067821 0.007418 -1.120364
v -0.034256 0.020076 -1.097537
v -0.036749 -0.016622 -1.123586
v -0.116099 -0.059058 -1.040664
v -0.105130 -0.072223 -1.058959
v -0.088953 -0.072649 -1.039580
v 0.090026 -0.091270 -1.038670
v 0.081893 -0.078127 -1.055897
v 0.067757 -0.063608 -1.041008
v 0.060825 -0.097887 -1.037971
v 0.028125 0.026106 -1.048723
v -0.095346 -0.014378 -1.044670
v -0.054401 -0.101610 -1.037178
v -0.083501 -0.033725 -1.144316
v -0.066438 -0.115261 -1.182603
v 0.007738 -0.018930 -1.126287
v 0.044041 -0.062540 -1.041006
v 0.050107 -0.081909 -1.064571
v 0.045670 -0.104854 -1.054953
v 0.034488 -0.107027 -1.037062
v 0.071122 -0.107524 -1.054903
v 0.084585 -0.119111 -1.036204
v 0.074577 -0.085735 -1.064409
v -0.027931 -0.027555 -1.235768
v -0.048853 -0.080352 -1.249988
v -0.008159 -0.069303 -1.248115
v -0.128582 0.016747 -1.052715
v -0.118615 0.005027 -1.096737
v -0.102044 -0.066911 -1.072419
v -0.021244 0.039090 -1.049663
v -0.028732 -0.050057 -1.112424
v -0.010821 -0.044402 -1.042376
v 0.559789 -0.211813 0.913838
v 0.559112 -0.167950 0.902067
v 0.534337 -0.182562 0.951392
v 0.559939 -0.248932 0.869292
v 0.564984 -0.234180 0.855838
v 0.556391 -0.229752 0.872538
v 0.465206 -0.234969 0.906669
v 0.497011 -0.230971 0.925007
v 0.512423 -0.182785 0.961058
v 0.479229 -0.151966 0.920585
v 0.536812 -0.239323 0.860479
v 0.553846 -0.230392 0.899937
v 0.550836 -0.156320 0.874396
v 0.514829 -0.245636 0.872565
v 0.528274 -0.246113 0.884006
v 0.543448 -0.220296 0.879025
v 0.537288 -0.210913 0.867960
v 0.543453 -0.271393 0.847525
v 0.551959 -0.264385 0.871508
v 0.564006 -0.231456 0.845545
v 0.566569 -0.105080 0.959951
v 0.548013 -0.064466 0.965221
v 0.510283 -0.095007 0.954861
v 0.563005 -0.121910 0.877079
v 0.584519 -0.108654 0.935254
v 0.582267 -0.029581 0.890257
v 0.611674 -0.046971 0.906713
v 0.589951 -0.076239 0.872652
v 0.501115 -0.070721 0.929987
v 0.507031 -0.097750 0.918868
v 0.504687 -0.093727 0.948514
v 0.610668 -0.048719 0.923383
v 0.558709 -0.026029 0.952347
v 0.539728 -0.018369 0.920059
v 0.573237 -0.193245 0.906339
v 0.523201 -0.149513 0.952003
v 0.572854 -0.154401 1.006530
v 0.599649 -0.185624 0.977667
v 0.507924 -0.103972 0.910718
v 0.547069 -0.086274 0.890967
v 0.603803 -0.106822 0.963526
v 0.565644 -0.122932 0.956942
v 0.600994 -0.187785 0.825536
v 0.538798 -0.192006 0.854554
v 0.639730 -0.187669 0.887503
v 0.490832 -0.150137 0.908818
v 0.594148 -0.098264 0.858099
v 0.612291 -0.110603 0.927952
v 0.600187 -0.128470 0.997707
v 0.665169 -0.142484 1.010422
v 0.676696 -0.164035 1.081845
v 0.659879 -0.168299 0.963972
v 0.689254 -0.194567 1.099030
v 0.702750 -0.183710 1.073808
v 0.613144 -0.222211 0.854737
v 0.588433 -0.270134 0.858649
v 0.606597 -0.273795 0.904607
v 0.623999 -0.245470 0.899098
v 0.550333 -0.259941 0.842904
v 0.539507 -0.233643 0.856909
v 0.571660 -0.241847 0.910781
v 0.576783 -0.254957 0.886439
v 0.597825 -0.170522 0.835034
v 0.599373 -0.212720 0.816532
v 0.613029 -0.183111 0.879877
v 0.577628 -0.263772 0.824704
v 0.546023 -0.195388 0.863290
v 0.568469 -0.220384 0.899082
v 0.591297 -0.258745 0.919182
v 0.609247 -0.234436 0.953035
v 0.637164 -0.262607 0.984477
v 0.616689 -0.212500 0.925732
v 0.661037 -0.263269 0.991713
v 0.650923 -0.245533 0.989707
v 0.773422 -0.075299 -0.771385
v 0.782427 -0.046351 -0.737563
v 0.815771 -0.092425 -0.742627
v 0.717605 -0.077998 -0.786853
v 0.713040 -0.060611 -0.776806
v 0.728466 -0.071087 -0.771844
v 0.742604 -0.153579 -0.721824
v 0.765349 -0.135845 -0.744891
v 0.820920 -0.112265 -0.730233
v 0.793901 -0.102446 -0.676724
v 0.710624 -0.085689 -0.762421
v 0.751995 -0.084392 -0.777037
v 0.761921 -0.034556 -0.717321
v 0.715191 -0.109983 -0.754797
v 0.727100 -0.105200 -0.766930
v 0.736457 -0.077728 -0.758022
v 0.729933 -0.072405 -0.744698
v 0.685923 -0.093680 -0.786218
v 0.711494 -0.093336 -0.792751
v 0.705014 -0.055610 -0.771815
v 0.813993 0.027036 -0.768269
v 0.833920 0.034361 -0.728635
v 0.805532 -0.005801 -0.721948
v 0.732794 0.048612 -0.758029
v 0.793288 0.047978 -0.777080
v 0.788371 0.109062 -0.709797
v 0.799583 0.113805 -0.745710
v 0.753233 0.095506 -0.743376
v 0.792988 0.011333 -0.692938
v 0.772040 0.004909 -0.713164
v 0.799656 -0.006542 -0.715770
v 0.813376 0.105337 -0.750184
v 0.841245 0.068903 -0.706033
v 0.813290 0.072623 -0.680223
v 0.745823 -0.031713 -0.799694
v 0.798083 -0.061704 -0.746115
v 0.851512 -0.050779 -0.796000
v 0.816163 -0.037319 -0.829094
v 0.779582 -0.030366 -0.694275
v 0.775881 0.015807 -0.703765
v 0.839333 0.015716 -0.773620
v 0.820631 -0.018172 -0.757473
v 0.681061 0.024130 -0.795599
v 0.695477 -0.034836 -0.763297
v 0.741646 0.026982 -0.836363
v 0.754814 -0.067869 -0.714448
v 0.748590 0.056324 -0.736231
v 0.807511 0.034135 -0.773604
v 0.859350 -0.012923 -0.794336
v 0.874099 0.020874 -0.851090
v 0.929318 -0.011900 -0.890779
v 0.820809 0.021383 -0.854545
v 0.932804 -0.026986 -0.924624
v 0.917383 -0.000926 -0.920234
v 0.708682 -0.047013 -0.813251
v 0.687123 -0.093353 -0.830865
v 0.728805 -0.100958 -0.856561
v 0.739144 -0.070257 -0.847288
v 0.672034 -0.108696 -0.794255
v 0.694469 -0.107391 -0.771896
v 0.743219 -0.110678 -0.812096
v 0.716663 -0.104485 -0.818958
v 0.711966 -0.021001 -0.762190
v 0.677098 -0.036108 -0.788295
v 0.748250 -0.035307 -0.791844
v 0.658354 -0.083797 -0.811103
v 0.718089 -0.083774 -0.751138
v 0.741952 -0.096166 -0.792209
v 0.746071 -0.109434 -0.839152
v 0.789467 -0.096558 -0.842342
v 0.808897 -0.105028 -0.888302
v 0.776226 -0.067788 -0.825638
v 0.818574 -0.091129 -0.906629
v 0.823170 -0.087633 -0.886943
v -0.604233 -0.990331 -0.070376
v -0.597215 -1.013773 -0.048876
v -0.621274 -0.960375 -0.038608
v -0.666530 -1.058899 0.015709
v -0.649312 -1.077736 0.009464
v -0.649950 -1.060071 0.029408
v -0.629078 -1.006194 -0.056238
v -0.615005 -0.939336 0.060770
v -0.623596 -0.903476 0.039600
v -0.612008 -0.943164 0.021653
v -0.502175 -0.923631 0.071937
v -0.507918 -0.941094 0.054894
v -0.502504 -0.920228 0.041752
v -0.558576 -0.868305 -0.121162
v -0.574857 -0.878545 -0.108289
v -0.570844 -0.864237 -0.088004
v -0.542096 -0.880787 -0.099492
v -0.623419 -0.840182 -0.008404
v -0.544243 -0.898154 0.076865
v -0.494068 -0.920741 -0.002597
v -0.593894 -0.983932 0.051948
v -0.565416 -1.048706 -0.006348
v -0.629313 -0.931490 -0.017794
v -0.562352 -0.871699 -0.067128
v -0.564899 -0.898078 -0.083405
v -0.541265 -0.902970 -0.090900
v -0.524824 -0.893362 -0.081560
v -0.549270 -0.895661 -0.114083
v -0.535301 -0.881683 -0.130655
v -0.571637 -0.891571 -0.106333
v -0.673821 -1.035979 0.003036
v -0.636684 -1.080157 -0.006796
v -0.659265 -1.059578 -0.035920
v -0.558049 -0.900696 0.120922
v -0.579585 -0.938541 0.104229
v -0.520811 -0.948327 0.054319
v -0.613911 -0.851245 0.040524
v -0.584898 -0.947719 -0.001822
v -0.554603 -0.882451 -0.010869
v 0.678128 -0.906287 -0.181398
v 0.677049 -0.928569 -0.157661
v 0.632655 -0.909475 -0.192307
v 0.645558 -1.027933 -0.169798
v 0.664456 -1.028634 -0.151559
v 0.638015 -1.025863 -0.149729
v 0.673604 -0.937549 -0.189823
v 0.543762 -0.937002 -0.151097
v 0.536664 -0.907110 -0.180491
v 0.576748 -0.920048 -0.164447
v 0.541073 -0.868789 -0.059218
v 0.564265 -0.876281 -0.065086
v 0.562217 -0.852749 -0.073999
v 0.647976 -0.772891 -0.210562
v 0.642130 -0.794926 -0.214553
v 0.618152 -0.792073 -0.207534
v 0.641280 -0.782398 -0.182962
v 0.534481 -0.840979 -0.224450
v 0.515621 -0.876616 -0.100859
v 0.597942 -0.828079 -0.086387
v 0.581170 -0.952273 -0.121436
v 0.670309 -0.954781 -0.100150
v 0.597553 -0.903399 -0.200249
v 0.607846 -0.802144 -0.188668
v 0.636421 -0.814418 -0.188334
v 0.648525 -0.801302 -0.170442
v 0.637638 -0.789816 -0.156321
v 0.660774 -0.790008 -0.189867
v 0.666836 -0.764956 -0.190760
v 0.649148 -0.803097 -0.206316
v 0.640110 -1.010217 -0.189685
v 0.680264 -1.015867 -0.147457
v 0.686843 -1.000685 -0.186288
v 0.481271 -0.906246 -0.091900
v 0.514642 -0.936804 -0.103181
v 0.567405 -0.888179 -0.073301
v 0.504895 -0.865869 -0.191105
v 0.601461 -0.897439 -0.150849
v 0.572165 -0.831157 -0.153656
v 0.345394 -0.904657 -0.389064
v 0.400857 -0.942124 -0.456389
v 0.470531 -0.886485 -0.483946
v 0.478434 -0.828388 -0.438167
v 0.423938 -0.870335 -0.567926
v 0.398886 -0.777062 -0.590548
v 0.355751 -0.928188 -0.535170
v 0.267871 -0.864361 -0.519333
v 0.270721 -0.902182 -0.446409
v 0.292803 -0.920853 -0.497695
v 0.347434 -0.900385 -0.516095
v 0.357652 -0.850043 -0.482812
v 0.318678 -0.877865 -0.570699
v 0.313743 -0.821670 -0.567003
v 0.264306 -0.901260 -0.555183
v 0.223617 -0.866403 -0.546739
v -0.017238 -0.675775 -0.857180
v 0.027869 -0.668023 -0.829202
v 0.001833 -0.730224 -0.830053
v -0.058521 -0.621253 -0.860766
v -0.041023 -0.606163 -0.853172
v -0.040097 -0.628412 -0.848328
v -0.092691 -0.697554 -0.772737
v -0.070457 -0.707670 -0.808872
v -0.009647 -0.748608 -0.811873
v 0.002792 -0.718263 -0.748068
v -0.061296 -0.620471 -0.829544
v -0.040686 -0.659990 -0.856023
v 0.034187 -0.641180 -0.804875
v -0.079084 -0.640869 -0.815369
v -0.071767 -0.649031 -0.833115
v -0.036760 -0.641289 -0.832832
v -0.030790 -0.632102 -0.817782
v -0.092119 -0.599802 -0.848329
v -0.078923 -0.624648 -0.861756
v -0.039230 -0.595263 -0.847054
v 0.075124 -0.743487 -0.837656
v 0.107860 -0.758180 -0.798511
v 0.054798 -0.754335 -0.773892
v 0.050948 -0.648255 -0.819255
v 0.079762 -0.709888 -0.850602
v 0.158827 -0.665763 -0.792684
v 0.157517 -0.674848 -0.836518
v 0.113167 -0.639500 -0.820554
v 0.073859 -0.730519 -0.744355
v 0.048153 -0.713840 -0.761715
v 0.052743 -0.748755 -0.765719
v 0.156069 -0.694052 -0.841250
v 0.153203 -0.743713 -0.784862
v 0.149108 -0.712760 -0.752248
v -0.004815 -0.679066 -0.871500
v 0.016327 -0.749079 -0.810511
v 0.041233 -0.797092 -0.879024
v 0.021494 -0.753892 -0.914625
v 0.053409 -0.710012 -0.758603
v 0.092114 -0.677922 -0.782903
v 0.105475 -0.743242 -0.872218
v 0.067502 -0.745062 -0.840466
v 0.011486 -0.579295 -0.873307
v -0.025120 -0.629607 -0.821116
v 0.036112 -0.639310 -0.930234
v -0.004324 -0.708718 -0.765702
v 0.103315 -0.626075 -0.827463
v 0.104147 -0.699840 -0.872582
v 0.082747 -0.781521 -0.890099
v 0.104099 -0.776620 -0.966972
v 0.091777 -0.853256 -1.010832
v 0.071605 -0.722775 -0.962173
v 0.067589 -0.866794 -1.044948
v 0.084888 -0.835070 -1.045454
v -0.007734 -0.607138 -0.895718
v -0.071464 -0.610004 -0.893135
v -0.068708 -0.657036 -0.927856
v -0.029529 -0.650970 -0.931323
v -0.078317 -0.603695 -0.843854
v -0.055971 -0.626884 -0.824757
v -0.051659 -0.678529 -0.878592
v -0.062120 -0.647255 -0.882510
v 0.041298 -0.597337 -0.849943
v -0.002447 -0.568775 -0.865281
v 0.033068 -0.642373 -0.885333
v -0.068297 -0.575199 -0.868536
v -0.011973 -0.638869 -0.815938
v -0.029592 -0.669624 -0.861818
v -0.060658 -0.680156 -0.909430
v -0.027371 -0.718134 -0.927369
v -0.045536 -0.741974 -0.979087
v 0.001111 -0.688755 -0.916699
v -0.034965 -0.743889 -1.006530
v -0.020728 -0.747210 -0.987209
v -0.325756 -0.727359 0.671151
v -0.322396 -0.846684 0.690703
v -0.232590 -0.902522 0.636326
v -0.169391 -0.840780 0.602014
v -0.312758 -0.951588 0.555310
v -0.297320 -0.925530 0.432604
v -0.399728 -0.892193 0.615580
v -0.446972 -0.794646 0.527196
v -0.429607 -0.734975 0.611498
v -0.442351 -0.808868 0.609213
v -0.383377 -0.857402 0.593668
v -0.328254 -0.812710 0.561316
v -0.427159 -0.886169 0.528383
v -0.398883 -0.859558 0.467713
v -0.488922 -0.841780 0.545533
v -0.507272 -0.793637 0.499473
v 1.058920 -0.051460 -0.258043
v 1.049903 -0.020840 -0.259226
v 1.066844 -0.033713 -0.210927
v 1.048918 -0.011227 -0.202545
v 1.030188 -0.086291 -0.216325
v 1.021740 -0.098789 -0.260486
v 1.054145 -0.069848 -0.243127
v 1.059060 -0.051965 -0.071617
v 1.062153 -0.080270 -0.077509
v 1.066152 -0.079139 -0.133124
v 1.068917 -0.036877 -0.160145
v 1.079665 -0.049158 -0.131560
v 1.068897 -0.092443 -0.150274
v 1.075104 -0.108859 -0.202462
v 1.011778 -0.008026 -0.274891
v 1.017899 -0.004841 -0.256209
v 1.033521 -0.091314 -0.104275
v 1.026080 -0.133563 -0.132889
v 1.035628 -0.126399 -0.140692
v 1.038562 -0.104831 -0.073516
v 1.049724 -0.100441 -0.089588
v 1.027382 -0.001540 -0.200506
v 1.018458 -0.140708 -0.175087
v 1.038089 -0.127057 -0.183001
v 1.030954 -0.023664 -0.166160
v 1.049209 -0.033320 -0.168482
v 1.016055 -0.088527 -0.219535
v 1.038634 -0.029137 -0.116386
v 1.055277 -0.047083 -0.114983
v 1.006202 -0.100661 -0.263397
v 1.046413 -0.037948 -0.064098
v 1.007209 -0.042212 -0.299752
v 1.034215 -0.072621 -0.284524
v 1.044103 -0.084716 -0.051375
v 1.011732 -0.028801 -0.279955
v 0.994264 -0.006376 -0.272007
v 1.016007 -0.089664 -0.101392
v 1.008566 -0.131914 -0.130005
v 1.021049 -0.103181 -0.070632
v 1.009868 0.000110 -0.197622
v 1.000945 -0.139058 -0.172204
v 1.013440 -0.022014 -0.163276
v 0.998541 -0.086878 -0.216652
v 1.021120 -0.027487 -0.113502
v 0.988688 -0.099011 -0.260513
v 1.028899 -0.036298 -0.061214
v 0.989695 -0.040562 -0.296868
v 1.026589 -0.083066 -0.048491
v 0.994218 -0.027151 -0.277071
v 0.260087 -1.024868 0.253124
v 0.253983 -1.024172 0.221779
v 0.305501 -1.017587 0.231164
v 0.304832 -1.003377 0.204804
v 0.287901 -0.975115 0.276148
v 0.244737 -0.981958 0.292513
v 0.272539 -1.010653 0.268167
v 0.430118 -0.952260 0.229198
v 0.427249 -0.950943 0.258103
v 0.378133 -0.976433 0.265047
v 0.352780 -0.998945 0.227975
v 0.383770 -0.994643 0.238204
v 0.364203 -0.982570 0.280762
v 0.319882 -1.004746 0.304751
v 0.223561 -0.999111 0.204183
v 0.242954 -0.998017 0.199786
v 0.391630 -0.933313 0.266973
v 0.364354 -0.928300 0.310447
v 0.360829 -0.941480 0.306293
v 0.422323 -0.922790 0.277045
v 0.412041 -0.940006 0.276981
v 0.297465 -0.985531 0.191055
v 0.323082 -0.936323 0.321499
v 0.323293 -0.960010 0.312945
v 0.331204 -0.970360 0.208758
v 0.336970 -0.985393 0.221897
v 0.279296 -0.963240 0.276085
v 0.379958 -0.956597 0.209004
v 0.388824 -0.966873 0.229420
v 0.235815 -0.968794 0.291792
v 0.431190 -0.941193 0.212189
v 0.200526 -0.997017 0.239857
v 0.226776 -1.008356 0.272543
v 0.443892 -0.923642 0.255606
v 0.219835 -0.996365 0.225060
v 0.218960 -0.982719 0.198903
v 0.387030 -0.916920 0.261692
v 0.359753 -0.911907 0.305166
v 0.417723 -0.906397 0.271764
v 0.292864 -0.969139 0.185774
v 0.318482 -0.919930 0.316218
v 0.326603 -0.953967 0.203477
v 0.274695 -0.946847 0.270805
v 0.375357 -0.940205 0.203723
v 0.231214 -0.952402 0.286511
v 0.426589 -0.924800 0.206908
v 0.195925 -0.980624 0.234577
v 0.439291 -0.907250 0.250326
v 0.215234 -0.979972 0.219780
v 0.926681 -0.163799 0.624218
v 0.886346 -0.141095 0.548410
v 0.992287 -0.128958 0.551383
v 0.856704 -0.232543 0.546207
v 0.883687 -0.229275 0.517870
v 0.884234 -0.172766 0.542048
v 0.932339 -0.212329 0.505027
v 0.955360 -0.176126 0.488731
v 0.955536 -0.150826 0.510350
v 0.840359 -0.150176 0.549690
v 0.904415 -0.104368 0.474932
v 0.979374 -0.135392 0.498763
v 0.950831 -0.057013 0.505591
v 0.991395 -0.055661 0.562684
v 0.925430 -0.035565 0.604085
v 0.944265 -0.039682 0.644947
v 0.928582 -0.088846 0.672844
v 0.938421 -0.092166 0.622339
v 0.908545 -0.143213 0.642138
v 0.808030 -0.083310 0.613759
v 0.825909 -0.118101 0.578967
v 0.826577 -0.055515 0.596367
v 0.884156 -0.026904 0.525491
v 0.856216 -0.023864 0.564837
v 0.900735 -0.090789 0.483972
v 0.904016 -0.059945 0.488483
v 0.841466 -0.181899 0.538881
v 0.819435 -0.217671 0.558733
v 0.823863 -0.259063 0.540523
v 0.885970 -0.234246 0.462304
v 0.909604 -0.187507 0.443455
v 0.888043 -0.153492 0.483088
v 0.858828 -0.234738 0.499517
vt 0.320397 0.869091
vt 0.318338 0.889209
vt 0.310719 0.891806
vt 0.312871 0.870783
vt 0.718699 0.177211
vt 0.716025 0.157493
vt 0.737765 0.165664
vt 0.118060 0.173594
vt 0.133466 0.189349
vt 0.107558 0.193250
vt 0.096010 0.169837
vt 0.994467 0.038776
vt 0.994467 0.065069
vt 0.987124 0.065832
vt 0.987124 0.038358
vt 0.897797 0.599850
vt 0.897911 0.570074
vt 0.905676 0.569996
vt 0.905557 0.601110
vt 0.136283 0.356909
vt 0.155385 0.368557
vt 0.131814 0.377972
vt 0.977341 0.381792
vt 0.977341 0.353242
vt 0.985149 0.353241
vt 0.985149 0.383074
vt 0.037664 0.352872
vt 0.035689 0.337264
vt 0.054928 0.338754
vt 0.032197 0.549519
vt 0.025528 0.530063
vt 0.046250 0.544212
vt 0.733830 0.190410
vt 0.709657 0.197534
vt 0.114146 0.358842
vt 0.613811 0.332407
vt 0.598251 0.347615
vt 0.595180 0.321541
vt 0.051352 0.360692
vt 0.048647 0.564694
vt 0.618875 0.815008
vt 0.634434 0.821926
vt 0.609999 0.831336
vt 0.601649 0.640892
vt 0.606322 0.655010
vt 0.582466 0.646105
vt 0.115099 0.277753
vt 0.145529 0.273172
vt 0.147277 0.278005
vt 0.115479 0.282792
vt 0.334490 0.449415
vt 0.340868 0.428054
vt 0.355665 0.449108
vt 0.506374 0.363472
vt 0.511685 0.344901
vt 0.525489 0.367244
vt 0.456222 0.072993
vt 0.478800 0.087327
vt 0.450801 0.100884
vt 0.441202 0.094790
vt 0.316550 0.178810
vt 0.299407 0.157022
vt 0.322913 0.155117
vt 0.310467 0.203722
vt 0.291839 0.182044
vt 0.822364 0.314793
vt 0.807369 0.294970
vt 0.831775 0.275840
vt 0.838150 0.284268
vt 0.916682 0.199739
vt 0.942032 0.199739
vt 0.930399 0.230998
vt 0.919622 0.230998
vt 0.969138 0.508639
vt 0.969138 0.478625
vt 0.977243 0.478359
vt 0.977243 0.509722
vt 0.531843 0.348060
vt 0.545139 0.372374
vt 0.307243 0.134199
vt 0.113154 0.582689
vt 0.113058 0.608377
vt 0.106666 0.606592
vt 0.106766 0.579750
vt 0.756765 0.656982
vt 0.749835 0.682666
vt 0.741754 0.681848
vt 0.748995 0.655010
vt 0.909446 0.231255
vt 0.903618 0.207300
vt 0.910593 0.207331
vt 0.916682 0.232362
vt 0.554343 0.798632
vt 0.532391 0.781575
vt 0.555117 0.772987
vt 0.285266 0.207819
vt 0.997755 0.387743
vt 0.997755 0.413117
vt 0.991417 0.416605
vt 0.991417 0.390090
vt 0.942386 0.885119
vt 0.940038 0.856821
vt 0.948285 0.855420
vt 0.950739 0.884990
vt 0.555117 0.825715
vt 0.531211 0.808042
vt 0.510737 0.789812
vt 0.147757 0.894243
vt 0.175402 0.894243
vt 0.168321 0.926966
vt 0.156568 0.926966
vt 0.342289 0.754384
vt 0.364831 0.734542
vt 0.366721 0.759980
vt 0.602746 0.908057
vt 0.594612 0.882927
vt 0.601358 0.880994
vt 0.609858 0.907253
vt 0.985906 0.025769
vt 0.985906 0.000680
vt 0.993699 -0.000000
vt 0.993699 0.026216
vt 0.532272 0.835113
vt 0.509884 0.816187
vt 0.410043 0.471636
vt 0.400899 0.447862
vt 0.421951 0.446899
vt 0.323566 0.774631
vt 0.320816 0.750916
vt 0.341043 0.730203
vt 0.364832 0.711102
vt 0.389917 0.716847
vt 0.399223 0.521590
vt 0.394352 0.496837
vt 0.416793 0.496476
vt 0.387024 0.471916
vt 0.981100 0.229164
vt 0.981100 0.257648
vt 0.972926 0.257844
vt 0.972926 0.228080
vt 0.552060 0.353021
vt 0.536660 0.328095
vt 0.320816 0.728652
vt 0.889804 0.928688
vt 0.887542 0.948619
vt 0.878890 0.949860
vt 0.881253 0.929033
vt 0.401045 0.544164
vt 0.379121 0.543912
vt 0.375818 0.520555
vt 0.756329 0.047919
vt 0.773153 0.031415
vt 0.795234 0.050015
vt 0.788082 0.057032
vt 0.259620 0.313575
vt 0.283684 0.326235
vt 0.272952 0.349591
vt 0.262721 0.344208
vt 0.135410 0.934497
vt 0.135410 0.958175
vt 0.113316 0.943966
vt 0.113316 0.933900
vt 0.363347 0.471467
vt 0.378236 0.448600
vt 0.516066 0.325317
vt 0.749540 0.708770
vt 0.749835 0.735150
vt 0.741754 0.736690
vt 0.741446 0.709125
vt 0.982959 0.919769
vt 0.982959 0.949477
vt 0.975237 0.950378
vt 0.975237 0.919335
vt 0.358305 0.562218
vt 0.355999 0.541168
vt 0.352015 0.517735
vt 0.587824 0.945479
vt 0.563913 0.945479
vt 0.570414 0.912578
vt 0.580580 0.912578
vt 0.876540 0.397224
vt 0.873198 0.425343
vt 0.842287 0.412015
vt 0.843708 0.400060
vt 0.366228 0.847390
vt 0.338450 0.847390
vt 0.351267 0.818187
vt 0.363077 0.818187
vt 0.346730 0.493634
vt 0.340705 0.470490
vt 0.519501 0.880428
vt 0.509884 0.864402
vt 0.542522 0.855667
vt 0.546611 0.862481
vt 0.934855 0.427256
vt 0.941426 0.451059
vt 0.934549 0.450844
vt 0.927682 0.425971
vt 0.766113 0.975454
vt 0.766113 0.999177
vt 0.759399 0.998049
vt 0.759399 0.973259
vt 0.961019 0.169686
vt 0.958993 0.200017
vt 0.951980 0.200789
vt 0.954097 0.169095
vt 0.410229 0.423092
vt 0.890395 0.877587
vt 0.898323 0.852411
vt 0.905657 0.852483
vt 0.897372 0.878791
vt 0.363520 0.426283
vt 0.298515 0.111785
vt 0.322076 0.112631
vt 0.314786 0.089327
vt 0.937038 0.321105
vt 0.942073 0.295399
vt 0.950563 0.296243
vt 0.945302 0.323104
vt 0.273423 0.111310
vt 0.289970 0.087248
vt 0.307730 0.064882
vt 0.754560 0.759616
vt 0.746692 0.762255
vt 0.248457 0.111359
vt 0.264212 0.086052
vt 0.282392 0.062013
vt 0.974780 0.476291
vt 0.974780 0.449833
vt 0.983157 0.450617
vt 0.983157 0.478264
vt 0.320508 0.835497
vt 0.320508 0.865536
vt 0.314453 0.866188
vt 0.314453 0.834799
vt 0.857713 0.954856
vt 0.857713 0.928688
vt 0.878890 0.937214
vt 0.781135 0.873055
vt 0.779982 0.852241
vt 0.809183 0.864250
vt 0.809673 0.873099
vt 0.276848 0.933559
vt 0.248457 0.933559
vt 0.254951 0.903083
vt 0.267022 0.903083
vt 0.349507 0.924098
vt 0.320816 0.924098
vt 0.328570 0.891683
vt 0.340768 0.891683
vt 0.256941 0.060729
vt 0.359919 0.311513
vt 0.338337 0.295562
vt 0.340977 0.289210
vt 0.363529 0.305877
vt 0.822646 0.598914
vt 0.822646 0.571513
vt 0.829277 0.570513
vt 0.829277 0.599146
vt 0.276540 0.037993
vt 0.296585 0.019137
vt 0.301496 0.040905
vt 0.387205 0.424574
vt 0.394729 0.398476
vt 0.693165 0.919381
vt 0.693165 0.947998
vt 0.666529 0.939007
vt 0.666529 0.926840
vt 0.832577 0.020188
vt 0.855128 0.000000
vt 0.870257 0.027930
vt 0.860669 0.036512
vt 0.499439 0.453348
vt 0.475367 0.470441
vt 0.466144 0.449562
vt 0.476379 0.442295
vt 0.826842 0.800861
vt 0.849962 0.780928
vt 0.849962 0.804721
vt 0.320364 0.967538
vt 0.320364 0.996116
vt 0.314051 0.996333
vt 0.314051 0.966470
vt 0.252354 0.037382
vt 0.272848 0.016972
vt 0.293236 0.000879
vt 0.370698 0.401086
vt 0.397196 0.761724
vt 0.397196 0.787931
vt 0.389917 0.789060
vt 0.389917 0.761675
vt 0.893421 0.627583
vt 0.900984 0.630089
vt 0.376376 0.374923
vt 0.399795 0.372062
vt 0.379865 0.349736
vt 0.401798 0.347442
vt 0.380905 0.327398
vt 0.250593 0.017609
vt 0.271279 -0.000000
vt 0.327922 0.589279
vt 0.324752 0.604969
vt 0.304007 0.602612
vt 0.347072 0.404257
vt 0.819757 0.623855
vt 0.826258 0.625207
vt 0.645821 0.256018
vt 0.645821 0.225986
vt 0.651011 0.224986
vt 0.651011 0.256367
vt 0.107194 0.687661
vt 0.106666 0.660744
vt 0.111965 0.661856
vt 0.112517 0.689983
vt 0.356715 0.354074
vt 0.359190 0.331093
vt 0.379757 0.309069
vt 0.352893 0.579215
vt 0.347963 0.593860
vt 0.814904 0.645510
vt 0.821186 0.647835
vt 0.748122 0.843350
vt 0.750943 0.871496
vt 0.718084 0.867896
vt 0.716884 0.855930
vt 0.340753 0.096899
vt 0.334226 0.071651
vt 0.978092 0.610478
vt 0.978092 0.581127
vt 0.985447 0.579511
vt 0.985447 0.610181
vt 0.321919 0.022000
vt 0.317103 0.001375
vt 0.307155 0.620359
vt 0.346913 0.120218
vt 0.367096 0.105308
vt 0.361933 0.080115
vt 0.388893 0.089677
vt 0.327771 0.046020
vt 0.346355 0.924098
vt 0.346355 0.952290
vt 0.320816 0.940807
vt 0.320816 0.928822
vt 0.187185 0.940783
vt 0.187185 0.911580
vt 0.214498 0.921636
vt 0.214498 0.934052
vt 0.150761 0.539168
vt 0.152091 0.509410
vt 0.177083 0.521796
vt 0.176518 0.534448
vt 0.384595 0.063380
vt 0.410997 0.074358
vt 0.350128 0.027888
vt 0.808344 0.256349
vt 0.804966 0.274069
vt 0.773831 0.264681
vt 0.775267 0.257148
vt 0.639588 0.910084
vt 0.609999 0.910084
vt 0.617171 0.876983
vt 0.629751 0.876983
vt 0.918135 0.940301
vt 0.890394 0.940301
vt 0.893634 0.911672
vt 0.905427 0.911672
vt 0.379299 0.036800
vt 0.407154 0.048040
vt 0.431857 0.060463
vt 0.469626 0.831555
vt 0.465450 0.858365
vt 0.459395 0.859981
vt 0.463759 0.831966
vt 0.978007 0.761289
vt 0.978007 0.789537
vt 0.969512 0.790135
vt 0.969512 0.760617
vt 0.596633 0.976432
vt 0.596633 0.994432
vt 0.588214 0.993730
vt 0.588214 0.974921
vt 0.373291 0.012137
vt 0.401871 0.022564
vt 0.427936 0.035235
vt 0.450167 0.048821
vt 0.284771 0.619726
vt 0.288906 0.639899
vt 0.785371 0.104677
vt 0.793844 0.129897
vt 0.774568 0.129897
vt 0.271357 0.663218
vt 0.265689 0.641275
vt 0.492793 0.075881
vt 0.485478 0.052606
vt 0.490840 0.049003
vt 0.498483 0.073324
vt 0.256023 0.689041
vt 0.248457 0.666479
vt 0.395450 -0.000000
vt 0.791096 0.591612
vt 0.791096 0.579963
vt 0.402721 0.846600
vt 0.384221 0.845245
vt 0.404266 0.817902
vt 0.412131 0.818479
vt 0.748122 0.889401
vt 0.716884 0.875508
vt 0.445741 0.025509
vt 0.465239 0.039758
vt 0.320397 0.908531
vt 0.312871 0.911995
vt 0.113154 0.634351
vt 0.106766 0.633733
vt 0.311813 0.640696
vt 0.295000 0.661922
vt 0.279263 0.685895
vt 0.265796 0.711102
vt 0.753927 0.869812
vt 0.750943 0.843350
vt 0.778686 0.855525
vt 0.779955 0.866775
vt 0.475280 0.876688
vt 0.470006 0.849939
vt 0.503388 0.851055
vt 0.505630 0.862427
vt 0.099418 0.846336
vt 0.103835 0.869986
vt 0.070760 0.869171
vt 0.068883 0.859116
vt 0.567489 0.612750
vt 0.585290 0.628641
vt 0.563913 0.632555
vt 0.804967 0.234289
vt 0.773831 0.247769
vt 0.367749 0.132936
vt 0.968795 0.382429
vt 0.968795 0.353839
vt 0.977341 0.353241
vt 0.977341 0.383116
vt 0.413599 0.102097
vt 0.436158 0.086757
vt 0.472738 0.061546
vt 0.347431 0.146476
vt 0.368187 0.160611
vt 0.554277 0.862812
vt 0.555955 0.882287
vt 0.548365 0.881675
vt 0.546611 0.861325
vt 0.984650 0.126253
vt 0.984650 0.097889
vt 0.991673 0.097623
vt 0.991673 0.127262
vt 0.390797 0.147167
vt 0.390585 0.175485
vt 0.390219 0.117874
vt 0.414929 0.132096
vt 0.135960 0.900530
vt 0.138059 0.872917
vt 0.146680 0.873078
vt 0.144486 0.901932
vt 0.961019 0.228485
vt 0.954097 0.230536
vt 0.996288 0.681741
vt 0.996288 0.706063
vt 0.989076 0.706734
vt 0.989076 0.681319
vt 0.357329 0.873338
vt 0.353013 0.848400
vt 0.361560 0.847390
vt 0.366070 0.873448
vt 0.438859 0.116305
vt 0.439467 0.147146
vt 0.980254 0.707290
vt 0.980254 0.736960
vt 0.972395 0.738411
vt 0.972395 0.707408
vt 0.865234 0.248638
vt 0.860498 0.224679
vt 0.867813 0.225533
vt 0.872761 0.250569
vt 0.557386 0.426025
vt 0.552425 0.397676
vt 0.558729 0.396352
vt 0.563913 0.425975
vt 0.622630 0.443261
vt 0.642083 0.422325
vt 0.646242 0.425949
vt 0.625916 0.447827
vt 0.337507 0.313246
vt 0.337289 0.350740
vt 0.328071 0.343152
vt 0.832173 0.684563
vt 0.836760 0.655010
vt 0.867592 0.669238
vt 0.865641 0.681802
vt 0.779982 0.698633
vt 0.779856 0.709731
vt 0.462630 0.131396
vt 0.461840 0.161876
vt 0.037025 0.900566
vt 0.032869 0.877577
vt 0.040261 0.878252
vt 0.044604 0.902273
vt 0.155865 0.973227
vt 0.155865 0.995135
vt 0.147757 0.994919
vt 0.147757 0.972026
vt 0.977701 0.157473
vt 0.977701 0.128185
vt 0.985298 0.127541
vt 0.985298 0.158145
vt 0.458532 0.190168
vt 0.453438 0.214732
vt 0.434677 0.203475
vt 0.636226 0.941177
vt 0.609999 0.941177
vt 0.617372 0.910084
vt 0.628523 0.910084
vt 0.761298 0.792256
vt 0.764066 0.818008
vt 0.735268 0.804652
vt 0.734091 0.793703
vt 0.857713 0.805120
vt 0.857713 0.833923
vt 0.827391 0.821052
vt 0.827391 0.808806
vt 0.482462 0.116152
vt 0.483054 0.146189
vt 0.480533 0.175208
vt 0.475494 0.201336
vt 0.468864 0.223566
vt 0.639587 0.907705
vt 0.639588 0.877701
vt 0.647801 0.876983
vt 0.647801 0.908335
vt 0.976697 0.570288
vt 0.976697 0.540196
vt 0.984221 0.539026
vt 0.984221 0.570470
vt 0.889804 0.968922
vt 0.881253 0.971076
vt 0.500227 0.131003
vt 0.131309 0.525208
vt 0.131440 0.553827
vt 0.113316 0.541571
vt 0.115416 0.570784
vt 0.134174 0.581072
vt 0.120338 0.597504
vt 0.952574 0.294859
vt 0.950563 0.265636
vt 0.958732 0.264178
vt 0.960833 0.294714
vt 0.969921 0.293616
vt 0.969921 0.264407
vt 0.978086 0.264179
vt 0.978086 0.294700
vt 0.413601 0.815671
vt 0.412131 0.793534
vt 0.420342 0.792653
vt 0.421878 0.815785
vt 0.886473 0.305043
vt 0.877746 0.319741
vt 0.849825 0.303121
vt 0.853535 0.296873
vt 0.342196 0.170094
vt 0.364023 0.186101
vt 0.413280 0.190125
vt 0.387330 0.202094
vt 0.647883 0.857047
vt 0.653743 0.833379
vt 0.660957 0.831335
vt 0.654833 0.856066
vt 0.431758 0.229102
vt 0.449941 0.238495
vt 0.336672 0.195741
vt 0.359302 0.212987
vt 0.331238 0.221863
vt 0.594612 0.912578
vt 0.563913 0.912578
vt 0.574186 0.880994
vt 0.587238 0.880994
vt 0.410482 0.216791
vt 0.383091 0.229126
vt 0.980397 0.195706
vt 0.980397 0.169736
vt 0.988405 0.169095
vt 0.988405 0.196232
vt 0.354295 0.239275
vt 0.326343 0.246445
vt 0.863776 0.425343
vt 0.879255 0.445804
vt 0.848868 0.457406
vt 0.842287 0.448707
vt 0.421951 0.876954
vt 0.452419 0.876954
vt 0.442995 0.909301
vt 0.430042 0.909301
vt 0.406212 0.242767
vt 0.378066 0.254366
vt 0.349385 0.262795
vt 0.756329 0.076473
vt 0.759662 0.103676
vt 0.753026 0.104677
vt 0.749544 0.076252
vt 0.421358 0.938492
vt 0.421358 0.968313
vt 0.412745 0.968738
vt 0.412745 0.937577
vt 0.551115 0.369913
vt 0.978674 0.322258
vt 0.978674 0.295062
vt 0.986638 0.294700
vt 0.986638 0.323117
vt 0.426986 0.253075
vt 0.829276 0.593469
vt 0.829276 0.570513
vt 0.860877 0.571295
vt 0.860877 0.581054
vt 0.447733 0.296551
vt 0.472155 0.311818
vt 0.453599 0.332218
vt 0.443216 0.325727
vt 0.775097 0.926594
vt 0.775097 0.953581
vt 0.750943 0.950752
vt 0.750943 0.939279
vt 0.372647 0.275840
vt 0.540174 0.446174
vt 0.537390 0.417405
vt 0.532191 0.390679
vt 0.464585 0.245056
vt 0.510800 0.536129
vt 0.515904 0.515770
vt 0.531115 0.524836
vt 0.444427 0.259992
vt 0.871054 0.728965
vt 0.861905 0.706335
vt 0.881902 0.706335
vt 0.367131 0.823835
vt 0.397000 0.808800
vt 0.686129 0.448870
vt 0.686129 0.426845
vt 0.717510 0.427244
vt 0.717510 0.436608
vt 0.857713 0.829955
vt 0.859738 0.805120
vt 0.890395 0.818354
vt 0.889534 0.828913
vt 0.520887 0.464700
vt 0.519908 0.436723
vt 0.357258 0.896612
vt 0.365996 0.897768
vt 0.516755 0.409620
vt 0.512012 0.384928
vt 0.489677 0.348777
vt 0.469713 0.333480
vt 0.493712 0.328398
vt 0.099512 0.889438
vt 0.099512 0.920219
vt 0.068883 0.910736
vt 0.068883 0.897649
vt 0.217982 0.892871
vt 0.247176 0.892871
vt 0.237895 0.924506
vt 0.225484 0.924506
vt 0.220862 0.743871
vt 0.229019 0.768978
vt 0.207793 0.767241
vt 0.230578 0.721713
vt 0.240432 0.744802
vt 0.065356 0.559402
vt 0.068735 0.579750
vt 0.496708 0.307494
vt 0.749544 0.046415
vt 0.711541 0.865656
vt 0.712041 0.889989
vt 0.704060 0.890300
vt 0.703538 0.864874
vt 0.655681 0.785167
vt 0.636808 0.801793
vt 0.622541 0.776934
vt 0.630565 0.769866
vt 0.473621 0.290444
vt 0.310645 0.575554
vt 0.334506 0.559404
vt 0.336488 0.579215
vt 0.465954 0.884227
vt 0.469626 0.910481
vt 0.463759 0.914439
vt 0.459922 0.887006
vt 0.759897 0.019953
vt 0.753272 0.017192
vt 0.422414 0.305315
vt 0.421951 0.284023
vt 0.447890 0.275840
vt 0.282758 0.568177
vt 0.307605 0.553402
vt 0.922312 0.582399
vt 0.912870 0.610674
vt 0.905676 0.610118
vt 0.915542 0.580572
vt 0.958889 0.097372
vt 0.960659 0.069264
vt 0.968218 0.068107
vt 0.966368 0.097478
vt 0.331203 0.536047
vt 0.056760 0.937538
vt 0.062509 0.961322
vt 0.040368 0.961322
vt 0.258603 0.579215
vt 0.254918 0.557383
vt 0.279367 0.544195
vt 0.303952 0.528226
vt 0.326825 0.510878
vt 0.088235 0.574113
vt 0.606218 0.833131
vt 0.609636 0.853193
vt 0.602157 0.853059
vt 0.598585 0.832095
vt 0.898102 0.496708
vt 0.898159 0.468481
vt 0.906280 0.467672
vt 0.906221 0.497167
vt 0.882853 0.209041
vt 0.879051 0.182598
vt 0.887178 0.180741
vt 0.891150 0.208372
vt 0.883004 0.883302
vt 0.883004 0.853703
vt 0.890319 0.853994
vt 0.890319 0.884924
vt 0.603343 0.985449
vt 0.603343 0.956825
vt 0.609938 0.956994
vt 0.609938 0.986904
vt 0.276197 0.518111
vt 0.300003 0.502132
vt 0.321820 0.485886
vt 0.063686 0.536612
vt 0.587167 0.946300
vt 0.587167 0.974691
vt 0.578517 0.975146
vt 0.578517 0.945479
vt 0.111976 0.919023
vt 0.107405 0.939726
vt 0.099512 0.941948
vt 0.104288 0.920314
vt 0.882583 0.237592
vt 0.890868 0.238206
vt 0.353013 0.916571
vt 0.361560 0.918624
vt 0.950563 0.322028
vt 0.958732 0.323104
vt 0.995572 0.329563
vt 0.995572 0.353241
vt 0.988247 0.351959
vt 0.988247 0.327217
vt 0.273448 0.492116
vt 0.296093 0.477123
vt 0.316663 0.462650
vt 0.316763 0.436423
vt 0.237411 0.567330
vt 0.244206 0.595569
vt 0.236293 0.597806
vt 0.229193 0.568298
vt 0.903618 0.163275
vt 0.899335 0.192649
vt 0.891151 0.191503
vt 0.895626 0.160809
vt 0.877627 0.266295
vt 0.885689 0.268198
vt 0.957297 0.124260
vt 0.954867 0.099256
vt 0.962552 0.099191
vt 0.965092 0.125319
vt 0.068291 0.370961
vt 0.090942 0.357700
vt 0.088282 0.383726
vt 0.071268 0.346750
vt 0.322100 0.412777
vt 0.964894 0.457698
vt 0.961405 0.438351
vt 0.969040 0.438748
vt 0.972686 0.458965
vt 0.300408 0.396272
vt 0.327299 0.386935
vt 0.452419 0.907139
vt 0.452419 0.876954
vt 0.459218 0.877274
vt 0.459218 0.908816
vt 0.273776 0.406410
vt 0.276727 0.379561
vt 0.304561 0.369074
vt 0.331875 0.360412
vt 0.352546 0.379060
vt 0.692618 0.135256
vt 0.673238 0.157229
vt 0.668530 0.153698
vt 0.688781 0.130737
vt 0.252642 0.363948
vt 0.280102 0.352095
vt 0.308414 0.342265
vt 0.666133 0.201899
vt 0.677642 0.178233
vt 0.700340 0.197527
vt 0.695447 0.207588
vt 0.555009 0.576873
vt 0.555009 0.605701
vt 0.530793 0.600773
vt 0.530793 0.588517
vt 0.922811 0.508312
vt 0.922811 0.478359
vt 0.948620 0.488262
vt 0.948620 0.500996
vt 0.113316 0.371593
vt 0.750943 0.893303
vt 0.778188 0.893303
vt 0.769371 0.926595
vt 0.757787 0.926595
vt 0.287416 0.825101
vt 0.287416 0.851419
vt 0.257066 0.850171
vt 0.257066 0.838983
vt 0.819361 0.831318
vt 0.803334 0.852241
vt 0.779982 0.828912
vt 0.786796 0.820017
vt 0.311630 0.318040
vt 0.563913 0.852561
vt 0.568020 0.832095
vt 0.598585 0.846380
vt 0.596839 0.855081
vt 0.808670 0.466620
vt 0.785551 0.467570
vt 0.798841 0.443078
vt 0.808670 0.442675
vt 0.217047 0.911580
vt 0.187185 0.911580
vt 0.195834 0.878983
vt 0.208530 0.878983
vt 0.094932 0.333225
vt 0.926097 0.411398
vt 0.926097 0.437145
vt 0.902989 0.434679
vt 0.902989 0.423733
vt 0.470006 0.910494
vt 0.494293 0.910494
vt 0.486143 0.943466
vt 0.475817 0.943466
vt 0.095218 0.948888
vt 0.068883 0.948888
vt 0.076361 0.920219
vt 0.087557 0.920219
vt 0.287194 0.304000
vt 0.314018 0.298020
vt 0.958889 0.044276
vt 0.966368 0.041996
vt 0.968955 0.265473
vt 0.969921 0.285374
vt 0.961843 0.284974
vt 0.960833 0.264178
vt 0.242358 0.159974
vt 0.242111 0.131104
vt 0.248199 0.129553
vt 0.248457 0.159721
vt 0.812108 0.163567
vt 0.816141 0.142163
vt 0.838087 0.150504
vt 0.841898 0.130737
vt 0.263889 0.293902
vt 0.290387 0.286493
vt 0.719111 -0.000000
vt 0.700920 0.019706
vt 0.694581 0.003668
vt 0.678179 0.024881
vt 0.685932 0.039712
vt 0.561872 0.904114
vt 0.554548 0.904483
vt 0.995449 0.651311
vt 0.995449 0.679949
vt 0.989013 0.681319
vt 0.989013 0.651395
vt 0.691283 0.060740
vt 0.674178 0.079655
vt 0.674194 0.058764
vt 0.712190 0.063994
vt 0.693095 0.083496
vt 0.736598 0.068716
vt 0.716179 0.088543
vt 0.890395 0.829074
vt 0.897372 0.828098
vt 0.766569 0.494703
vt 0.743835 0.510660
vt 0.740763 0.482796
vt 0.791096 0.506933
vt 0.770443 0.522814
vt 0.576969 0.337051
vt 0.573360 0.309581
vt 0.972960 0.683873
vt 0.972960 0.655010
vt 0.980964 0.655104
vt 0.980964 0.685264
vt 0.697097 0.109644
vt 0.234973 0.540618
vt 0.226645 0.540386
vt 0.600159 0.462566
vt 0.602435 0.467999
vt 0.742767 0.094741
vt 0.421951 0.939270
vt 0.421951 0.909301
vt 0.449279 0.922803
vt 0.449279 0.935544
vt 0.326935 0.799935
vt 0.351630 0.786083
vt 0.353063 0.796841
vt 0.838824 0.852659
vt 0.819361 0.829017
vt 0.321490 0.660147
vt 0.304769 0.683980
vt 0.577371 0.467999
vt 0.593199 0.491137
vt 0.563913 0.493298
vt 0.580307 0.518161
vt 0.788082 0.069171
vt 0.666529 0.859378
vt 0.678857 0.845154
vt 0.703538 0.861039
vt 0.698297 0.867086
vt 0.832577 0.076711
vt 0.832577 0.047482
vt 0.861253 0.056768
vt 0.861253 0.069194
vt 0.317068 0.709114
vt 0.289434 0.709803
vt 0.747491 0.540538
vt 0.610489 0.515776
vt 0.598172 0.543296
vt 0.568103 0.545515
vt 0.586405 0.569757
vt 0.961969 0.824329
vt 0.958801 0.849883
vt 0.950938 0.850511
vt 0.954249 0.823809
vt 0.993444 0.264179
vt 0.993444 0.289613
vt 0.986079 0.291854
vt 0.986079 0.265276
vt 0.651470 0.193631
vt 0.651470 0.224054
vt 0.645821 0.224986
vt 0.645821 0.193196
vt 0.236013 0.516804
vt 0.227733 0.515501
vt 0.949745 0.201216
vt 0.951980 0.230111
vt 0.944368 0.230998
vt 0.942032 0.200804
vt 0.922312 0.633731
vt 0.915542 0.634211
vt 0.774175 0.551865
vt 0.751490 0.570237
vt 0.627997 0.540097
vt 0.616111 0.566738
vt 0.604588 0.591152
vt 0.354832 0.974422
vt 0.354832 0.994298
vt 0.346355 0.993032
vt 0.346355 0.972263
vt 0.129062 0.988284
vt 0.129062 0.959006
vt 0.135260 0.958174
vt 0.135260 0.988768
vt 0.586856 0.975860
vt 0.586856 0.994598
vt 0.578517 0.994727
vt 0.578517 0.975146
vt 0.899441 0.221104
vt 0.891261 0.221237
vt 0.940002 0.849155
vt 0.940002 0.875760
vt 0.933687 0.878147
vt 0.933687 0.850347
vt 0.678885 0.994769
vt 0.678885 0.970985
vt 0.684854 0.967431
vt 0.684854 0.992284
vt 0.716304 0.916858
vt 0.708515 0.918377
vt 0.777502 0.579799
vt 0.755514 0.597603
vt 0.644430 0.562347
vt 0.632812 0.587024
vt 0.621408 0.608771
vt 0.594178 0.611949
vt 0.610891 0.626752
vt 0.240471 0.741614
vt 0.240471 0.711674
vt 0.248457 0.711102
vt 0.248457 0.742387
vt 0.402730 0.738556
vt 0.395700 0.737466
vt 0.623889 0.643049
vt 0.910243 0.103306
vt 0.909408 0.130673
vt 0.894867 0.114942
vt 0.993696 0.855420
vt 0.993696 0.881815
vt 0.986401 0.883233
vt 0.986401 0.855653
vt 0.273362 0.876325
vt 0.248457 0.890506
vt 0.249664 0.865278
vt 0.466770 0.743272
vt 0.469690 0.770865
vt 0.445091 0.760331
vt 0.934855 0.477391
vt 0.927682 0.478359
vt 0.988247 0.327293
vt 0.988247 0.351605
vt 0.979683 0.353241
vt 0.979683 0.327836
vt 0.895368 0.140594
vt 0.606217 0.878691
vt 0.598585 0.879702
vt 0.988193 0.258503
vt 0.988193 0.229954
vt 0.994644 0.228080
vt 0.994644 0.257912
vt 0.656999 0.180634
vt 0.651561 0.178155
vt 0.183874 0.939103
vt 0.186096 0.964437
vt 0.177724 0.965536
vt 0.175402 0.939063
vt 0.992855 0.478359
vt 0.992855 0.504517
vt 0.985838 0.507465
vt 0.985838 0.480131
vt 0.978673 0.882845
vt 0.978673 0.855420
vt 0.986400 0.855962
vt 0.986400 0.884619
vt 0.959732 0.603705
vt 0.961639 0.581717
vt 0.969754 0.580572
vt 0.967761 0.603547
vt 0.893714 0.439851
vt 0.901635 0.437756
vt 0.961904 0.708295
vt 0.959710 0.736936
vt 0.951206 0.737218
vt 0.953499 0.707290
vt 0.980563 0.639726
vt 0.980563 0.611100
vt 0.987747 0.610478
vt 0.987747 0.640390
vt 0.951476 0.607467
vt 0.948863 0.581559
vt 0.957001 0.580572
vt 0.959732 0.607644
vt 0.273703 0.903083
vt 0.561872 0.837727
vt 0.554548 0.835113
vt 0.453073 0.993886
vt 0.453073 0.974156
vt 0.461510 0.973335
vt 0.461510 0.993951
vt 0.879255 0.467801
vt 0.848868 0.466758
vt 0.897085 0.655010
vt 0.896547 0.684707
vt 0.867592 0.680311
vt 0.867821 0.667685
vt 0.475280 0.827376
vt 0.505630 0.841462
vt 0.984465 0.414466
vt 0.984465 0.387743
vt 0.991417 0.389954
vt 0.991417 0.417878
vt 0.893421 0.585290
vt 0.868430 0.599988
vt 0.868775 0.570513
vt 0.226645 0.494513
vt 0.224985 0.523942
vt 0.200035 0.508329
vt 0.198670 0.538883
vt 0.716333 0.919381
vt 0.716333 0.950228
vt 0.693165 0.941052
vt 0.693165 0.927938
vt 0.869882 0.326524
vt 0.885409 0.349458
vt 0.853796 0.360761
vt 0.847196 0.351011
vt 0.187185 0.863762
vt 0.187185 0.835213
vt 0.217938 0.840755
vt 0.217938 0.852892
vt 0.173732 0.554102
vt 0.151934 0.568440
vt 0.935214 0.656031
vt 0.926120 0.681962
vt 0.919002 0.682107
vt 0.928504 0.655010
vt 0.986079 0.264946
vt 0.986079 0.292556
vt 0.978085 0.293029
vt 0.978085 0.264179
vt 0.893421 0.614340
vt 0.868775 0.630089
vt 0.223985 0.554029
vt 0.198690 0.568914
vt 0.175305 0.582945
vt 0.155191 0.595267
vt 0.979392 0.066344
vt 0.979392 0.038589
vt 0.987124 0.038358
vt 0.987124 0.067360
vt 0.995726 0.419786
vt 0.995726 0.444893
vt 0.988527 0.444930
vt 0.988527 0.418694
vt 0.972394 0.707791
vt 0.970175 0.726790
vt 0.961904 0.727143
vt 0.964223 0.707290
vt 0.988405 0.195741
vt 0.988405 0.169095
vt 0.994987 0.171044
vt 0.994987 0.198887
vt 0.872475 0.986839
vt 0.872475 0.956615
vt 0.878864 0.954856
vt 0.878864 0.986437
vt 0.637048 0.224798
vt 0.631238 0.195139
vt 0.638849 0.193196
vt 0.644919 0.224189
vt 0.186096 0.915406
vt 0.177724 0.914301
vt 0.817140 0.881598
vt 0.819222 0.911530
vt 0.811849 0.912376
vt 0.809673 0.881099
vt 0.563678 0.776529
vt 0.562187 0.796810
vt 0.555117 0.794180
vt 0.556675 0.772987
vt 0.866756 0.470214
vt 0.867537 0.490363
vt 0.860240 0.489053
vt 0.859425 0.467999
vt 0.199899 0.596315
vt 0.178296 0.608456
vt 0.159823 0.618488
vt 0.819222 0.853981
vt 0.811849 0.852241
vt 0.978008 0.788817
vt 0.978008 0.760617
vt 0.985670 0.761200
vt 0.985670 0.790667
vt 0.654188 0.807579
vt 0.446479 0.536676
vt 0.472070 0.524122
vt 0.468862 0.544807
vt 0.422414 0.525484
vt 0.448107 0.513717
vt 0.692958 0.247116
vt 0.710750 0.267349
vt 0.686888 0.274199
vt 0.700818 0.221081
vt 0.717653 0.239343
vt 0.725601 0.213288
vt 0.493200 0.531514
vt 0.496987 0.508741
vt 0.857713 0.992157
vt 0.857713 0.973905
vt 0.865713 0.976296
vt 0.865713 0.995369
vt 0.977860 0.510155
vt 0.977860 0.537911
vt 0.969138 0.538725
vt 0.969138 0.509722
vt 0.995870 0.446541
vt 0.995870 0.476127
vt 0.990033 0.478264
vt 0.990033 0.447349
vt 0.951980 0.170870
vt 0.944368 0.169095
vt 0.971581 0.826210
vt 0.971581 0.798446
vt 0.980041 0.797867
vt 0.980041 0.826878
vt 0.861677 0.706665
vt 0.861677 0.728618
vt 0.853472 0.728776
vt 0.853472 0.705837
vt 0.422788 0.500661
vt 0.449133 0.486634
vt 0.935214 0.703447
vt 0.928504 0.704557
vt 0.474379 0.498972
vt 0.499208 0.482175
vt 0.991883 0.976249
vt 0.991883 0.950378
vt 0.998535 0.950595
vt 0.998535 0.977629
vt 0.937038 0.275874
vt 0.945302 0.275840
vt 0.737765 0.259453
vt 0.423077 0.472517
vt 0.449370 0.457035
vt 0.170922 0.954562
vt 0.147757 0.954862
vt 0.161073 0.927093
vt 0.170922 0.926966
vt 0.859738 0.853703
vt 0.890395 0.839009
vt 0.609999 0.858953
vt 0.609999 0.831335
vt 0.642844 0.838399
vt 0.642844 0.850141
vt 0.242249 0.679032
vt 0.240567 0.651486
vt 0.246437 0.653024
vt 0.248195 0.681809
vt 0.958999 0.528286
vt 0.961236 0.503803
vt 0.969138 0.503503
vt 0.966801 0.529087
vt 0.980041 0.826099
vt 0.980041 0.797441
vt 0.987456 0.796933
vt 0.987456 0.826878
vt 0.762893 0.781945
vt 0.755399 0.785588
vt 0.647883 0.904457
vt 0.655813 0.880771
vt 0.663120 0.880857
vt 0.654833 0.905607
vt 0.423250 0.443007
vt 0.448801 0.427236
vt 0.832577 0.045990
vt 0.860669 0.047482
vt 0.795234 0.104236
vt 0.797964 0.077957
vt 0.824871 0.080004
vt 0.823710 0.091177
vt 0.204180 0.878983
vt 0.225163 0.859363
vt 0.472971 0.411669
vt 0.494275 0.397356
vt 0.497663 0.424401
vt 0.994492 0.709643
vt 0.994492 0.736174
vt 0.987681 0.735013
vt 0.987681 0.707290
vt 0.563678 0.816143
vt 0.556675 0.814381
vt 0.950939 0.799215
vt 0.948809 0.827770
vt 0.940038 0.827705
vt 0.942263 0.797867
vt 0.948863 0.581731
vt 0.946544 0.611492
vt 0.938486 0.611671
vt 0.940908 0.580572
vt 0.960186 0.682696
vt 0.962378 0.704390
vt 0.953705 0.705579
vt 0.951414 0.682911
vt 0.958801 0.799502
vt 0.950938 0.797867
vt 0.573701 0.733152
vt 0.592231 0.755031
vt 0.563913 0.759222
vt 0.423305 0.414381
vt 0.447580 0.399426
vt 0.470139 0.385582
vt 0.489879 0.373515
vt 0.296328 0.449614
vt 0.273293 0.464127
vt 0.919705 0.922398
vt 0.945221 0.922398
vt 0.941980 0.950908
vt 0.931132 0.950908
vt 0.084313 0.526515
vt 0.082185 0.500466
vt 0.107255 0.514145
vt 0.948863 0.640412
vt 0.940908 0.641890
vt 0.040740 0.522529
vt 0.659210 0.399368
vt 0.664139 0.401961
vt 0.273405 0.434868
vt 0.991139 0.571075
vt 0.991139 0.540302
vt 0.996880 0.539026
vt 0.996880 0.571182
vt 0.502402 0.928602
vt 0.506965 0.956721
vt 0.499061 0.958465
vt 0.494293 0.929082
vt 0.421951 0.854074
vt 0.421951 0.831555
vt 0.453375 0.833668
vt 0.453375 0.843242
vt 0.636226 0.940075
vt 0.636226 0.910084
vt 0.663009 0.917329
vt 0.663009 0.930080
vt 0.248457 0.449264
vt 0.249038 0.419137
vt 0.988527 0.419183
vt 0.988527 0.445448
vt 0.980753 0.446139
vt 0.980753 0.418694
vt 0.562377 0.977469
vt 0.562377 0.998707
vt 0.555469 0.996156
vt 0.555469 0.973963
vt 0.701640 0.466938
vt 0.724105 0.444290
vt 0.678409 0.224595
vt 0.700666 0.217237
vt 0.779982 0.894722
vt 0.809183 0.882311
vt 0.081405 0.471078
vt 0.082261 0.440285
vt 0.107088 0.456784
vt 0.108391 0.426679
vt 0.084686 0.410494
vt 0.535333 0.975854
vt 0.535333 0.996914
vt 0.527901 0.995235
vt 0.527901 0.973229
vt 0.637910 0.254031
vt 0.645821 0.254735
vt 0.059769 0.512629
vt 0.057368 0.484757
vt 0.057067 0.454460
vt 0.059058 0.423990
vt 0.063022 0.395638
vt 0.036652 0.496845
vt 0.034777 0.468096
vt 0.035611 0.438105
vt 0.039092 0.409101
vt 0.044621 0.382958
vt 0.020043 0.506813
vt 0.367131 0.897091
vt 0.367432 0.869514
vt 0.396668 0.872981
vt 0.396540 0.884705
vt 0.845696 0.932290
vt 0.819361 0.932290
vt 0.826842 0.899319
vt 0.838038 0.899319
vt 0.568020 0.880994
vt 0.598585 0.867169
vt 0.015898 0.451766
vt 0.018186 0.423164
vt 0.023114 0.396379
vt 0.029901 0.372761
vt 0.705610 0.040968
vt 0.961904 0.759328
vt 0.953499 0.760617
vt 0.665364 0.349310
vt 0.675196 0.324021
vt 0.680843 0.323228
vt 0.670569 0.349654
vt 0.860498 0.250569
vt 0.877471 0.250569
vt 0.868569 0.275633
vt 0.989400 0.199277
vt 0.989400 0.223214
vt 0.980871 0.224292
vt 0.980871 0.199280
vt 0.054591 0.321804
vt 0.075824 0.324756
vt 0.723322 0.020524
vt 0.729292 0.043983
vt 0.950939 0.854293
vt 0.942263 0.855420
vt 0.743971 0.000941
vt 0.749544 0.023731
vt 0.412148 0.713325
vt 0.405541 0.711101
vt 0.972276 0.198734
vt 0.972276 0.169849
vt 0.980397 0.169095
vt 0.980397 0.199277
vt 0.263183 0.287475
vt 0.290872 0.279733
vt 0.987019 0.910440
vt 0.987019 0.886349
vt 0.994951 0.885630
vt 0.994951 0.910804
vt 0.970490 0.884390
vt 0.970490 0.855480
vt 0.978673 0.855420
vt 0.978673 0.885630
vt 0.456819 0.547833
vt 0.467856 0.573865
vt 0.440185 0.564378
vt 0.449955 0.592005
vt 0.421951 0.583168
vt 0.315575 0.282767
vt 0.317192 0.275840
vt 0.859536 0.622578
vt 0.832766 0.622578
vt 0.829276 0.616933
vt 0.857249 0.616933
vt 0.966784 0.357051
vt 0.968795 0.380417
vt 0.960720 0.381505
vt 0.958618 0.357088
vt 0.244206 0.496718
vt 0.236293 0.494513
vt 0.668557 0.055751
vt 0.680822 0.035843
vt 0.984405 0.950955
vt 0.984405 0.979471
vt 0.976423 0.980176
vt 0.976423 0.950378
vt 0.493149 0.585405
vt 0.476794 0.602660
vt 0.457824 0.621203
vt 0.430657 0.611213
vt 0.068247 0.342326
vt 0.092975 0.328194
vt 0.765013 0.467999
vt 0.791096 0.481209
vt 0.077458 0.307088
vt 0.524379 0.583960
vt 0.514351 0.597982
vt 0.505862 0.570631
vt 0.500370 0.614300
vt 0.482936 0.631968
vt 0.463344 0.649672
vt 0.437852 0.639552
vt 0.466596 0.675570
vt 0.442412 0.666851
vt 0.441029 0.655841
vt 0.115835 0.317225
vt 0.143052 0.322545
vt 0.130580 0.344516
vt 0.119009 0.342254
vt 0.365902 0.059819
vt 0.353500 0.056030
vt 0.035302 0.321617
vt 0.530793 0.610514
vt 0.519432 0.625941
vt 0.504308 0.642665
vt 0.240567 0.703830
vt 0.246437 0.707720
vt 0.486230 0.659588
vt 0.621850 0.876983
vt 0.647883 0.857806
vt 0.348877 0.495784
vt 0.358996 0.496983
vt 0.267168 0.803515
vt 0.248457 0.829805
vt 0.617156 0.310518
vt 0.635276 0.627290
vt 0.647650 0.607225
vt 0.660266 0.583219
vt 0.782687 0.605564
vt 0.861002 0.517365
vt 0.853412 0.517269
vt 0.111629 0.705050
vt 0.101234 0.728980
vt 0.093657 0.727074
vt 0.104519 0.702069
vt 0.892875 0.090643
vt 0.662151 0.625406
vt 0.910243 0.077015
vt 0.994919 0.610478
vt 0.994919 0.635424
vt 0.987748 0.637858
vt 0.987748 0.611791
vt 0.028072 0.850003
vt 0.032869 0.871546
vt 0.002039 0.872330
vt -0.000000 0.863171
vt 0.933687 0.878211
vt 0.905657 0.878211
vt 0.919585 0.849155
vt 0.931502 0.849155
vt 0.824947 0.537900
vt 0.851102 0.537900
vt 0.844259 0.569870
vt 0.833139 0.569870
vt 0.846138 0.920891
vt 0.849482 0.896857
vt 0.857549 0.896911
vt 0.854055 0.922025
vt 0.273703 0.851419
vt 0.245838 0.357256
vt 0.247997 0.383502
vt 0.240421 0.385795
vt 0.238166 0.358369
vt 0.695782 0.649112
vt 0.724063 0.649112
vt 0.725926 0.654702
vt 0.696373 0.654702
vt 0.746835 0.920706
vt 0.716884 0.920706
vt 0.727944 0.889401
vt 0.740677 0.889401
vt 0.858080 0.728965
vt 0.861906 0.753073
vt 0.828468 0.754973
vt 0.826842 0.744723
vt 0.367131 0.897091
vt 0.396567 0.897091
vt 0.390831 0.927021
vt 0.378316 0.927021
vt 0.421951 0.720561
vt 0.444191 0.731942
vt 0.422461 0.749923
vt 0.284940 0.928936
vt 0.286861 0.957856
vt 0.278881 0.958766
vt 0.276873 0.928546
vt 0.586028 0.389102
vt 0.591860 0.414966
vt 0.563913 0.408118
vt 0.922811 0.478931
vt 0.913257 0.503427
vt 0.906280 0.503955
vt 0.916263 0.478359
vt 0.596727 0.440151
vt 0.568686 0.434169
vt 0.572892 0.458289
vt 0.424299 0.691621
vt 0.445392 0.702944
vt 0.467490 0.715242
vt 0.488851 0.727465
vt 0.579829 0.364497
vt 0.605660 0.370236
vt 0.612662 0.394784
vt 0.618535 0.419769
vt 0.448764 0.675570
vt 0.684994 0.977863
vt 0.684994 0.948563
vt 0.693014 0.947998
vt 0.693014 0.978614
vt 0.469719 0.687754
vt 0.490532 0.700807
vt 0.509884 0.713673
vt 0.658103 0.791337
vt 0.655680 0.760678
vt 0.663540 0.759221
vt 0.666072 0.791258
vt 0.622125 0.352707
vt 0.630111 0.375222
vt 0.637017 0.398942
vt 0.286861 0.902674
vt 0.278881 0.901104
vt 0.655680 0.821248
vt 0.663540 0.822513
vt 0.908294 0.183810
vt 0.915479 0.182784
vt 0.493060 0.675570
vt 0.696381 0.919381
vt 0.666529 0.919381
vt 0.675908 0.887030
vt 0.688599 0.887030
vt 0.858229 0.652424
vt 0.846848 0.652424
vt 0.353013 0.875996
vt 0.350025 0.891683
vt 0.320816 0.874764
vt 0.322086 0.868095
vt 0.680254 0.298653
vt 0.686129 0.296720
vt 0.353013 0.847390
vt 0.322086 0.855933
vt 0.199973 0.623263
vt 0.223671 0.582530
vt 0.223985 0.610255
vt 0.120135 0.428925
vt 0.140458 0.447347
vt 0.113316 0.456511
vt 0.727718 0.998307
vt 0.727718 0.971816
vt 0.733317 0.969613
vt 0.733317 0.997294
vt 0.842025 0.993562
vt 0.842025 0.972688
vt 0.850422 0.972665
vt 0.850423 0.994477
vt 0.819361 0.805120
vt 0.786796 0.808879
vt 0.366876 0.486899
vt 0.363761 0.476304
vt 0.452358 0.113139
vt 0.509884 0.835113
vt 0.542522 0.843215
vt 0.743221 0.839340
vt 0.726406 0.813721
vt 0.201271 0.649076
vt 0.203699 0.671926
vt 0.180745 0.657188
vt 0.224985 0.637869
vt 0.226645 0.663192
vt 0.421951 0.547833
vt 0.133238 0.475794
vt 0.161582 0.466387
vt 0.153564 0.494513
vt 0.181855 0.484538
vt 0.986237 0.068009
vt 0.986237 0.095417
vt 0.978289 0.096000
vt 0.978289 0.067360
vt 0.909446 0.162779
vt 0.916682 0.160809
vt 0.951892 0.420187
vt 0.949685 0.449862
vt 0.941426 0.449726
vt 0.943733 0.418718
vt 0.412131 0.845162
vt 0.420342 0.846600
vt 0.146710 0.418780
vt 0.168193 0.436872
vt 0.189268 0.455329
vt 0.208199 0.472690
vt 0.954147 0.447559
vt 0.951892 0.418694
vt 0.959049 0.418812
vt 0.961405 0.448974
vt 0.985838 0.478769
vt 0.985838 0.504992
vt 0.977243 0.505760
vt 0.977243 0.478359
vt 0.107194 0.634421
vt 0.112517 0.634351
vt 0.778331 0.003500
vt 0.772534 -0.000000
vt 0.860499 0.162893
vt 0.856431 0.189163
vt 0.848223 0.188259
vt 0.852473 0.160809
vt 0.173007 0.408277
vt 0.194386 0.425807
vt 0.214130 0.443484
vt 0.230773 0.459996
vt 0.656230 0.228811
vt 0.698834 0.619720
vt 0.710858 0.619720
vt 0.886473 0.275840
vt 0.853535 0.284457
vt 0.907048 0.728965
vt 0.934284 0.728965
vt 0.925633 0.760617
vt 0.914054 0.760617
vt 0.853938 0.236704
vt 0.860499 0.262366
vt 0.852473 0.264752
vt 0.845617 0.237937
vt 0.867397 0.617817
vt 0.867397 0.647829
vt 0.859536 0.648293
vt 0.859536 0.616933
vt 0.940038 0.912789
vt 0.948285 0.913903
vt 0.176043 0.382414
vt 0.197163 0.398158
vt 0.217238 0.415002
vt 0.234765 0.431824
vt 0.849825 0.319957
vt 0.849825 0.286464
vt 0.897085 0.705883
vt 0.867821 0.689314
vt 0.432452 0.329453
vt 0.698653 0.177190
vt 0.470494 0.358864
vt 0.448054 0.371338
vt 0.423251 0.385881
vt 0.601022 0.727821
vt 0.991139 0.539026
vt 0.991139 0.567240
vt 0.984221 0.569308
vt 0.984221 0.539827
vt 0.948069 0.387029
vt 0.950310 0.359819
vt 0.958618 0.359310
vt 0.956276 0.387743
vt 0.447828 0.343740
vt 0.885409 0.369601
vt 0.853797 0.369325
vt 0.423077 0.356767
vt 0.422788 0.329283
vt 0.857713 0.897875
vt 0.886130 0.897875
vt 0.874312 0.928688
vt 0.862231 0.928688
vt 0.907048 0.760617
vt 0.935364 0.760617
vt 0.929928 0.790923
vt 0.917890 0.790923
vt 0.620408 0.750750
vt 0.630116 0.722652
vt 0.649173 0.746261
vt 0.658815 0.718108
vt 0.954867 0.150125
vt 0.962552 0.152346
vt 0.951892 0.477263
vt 0.943733 0.478359
vt 0.267870 0.975309
vt 0.267870 0.994571
vt 0.260236 0.996658
vt 0.260236 0.976530
vt 0.199035 0.740789
vt 0.581751 0.706039
vt 0.609894 0.699802
vt 0.638911 0.694566
vt 0.666529 0.690835
vt 0.177500 0.885910
vt 0.175402 0.857295
vt 0.184122 0.855851
vt 0.186314 0.885751
vt 0.187185 0.713250
vt 0.211191 0.717310
vt 0.968955 0.314983
vt 0.960833 0.315913
vt 0.563913 0.686757
vt 0.590105 0.679362
vt 0.618154 0.673113
vt 0.646105 0.668687
vt 0.198463 0.690939
vt 0.219940 0.696212
vt 0.236934 0.701936
vt 0.958999 0.479740
vt 0.966801 0.478359
vt 0.958754 0.885101
vt 0.960900 0.913269
vt 0.952981 0.914115
vt 0.950739 0.884682
vt 0.572044 0.662281
vt 0.598171 0.655010
vt 0.320774 0.914991
vt 0.320774 0.944943
vt 0.312395 0.945268
vt 0.312395 0.913970
vt 0.175402 0.913232
vt 0.184122 0.914301
vt 0.987904 0.828627
vt 0.987904 0.855091
vt 0.980299 0.854531
vt 0.980299 0.826878
vt 0.285450 0.959640
vt 0.285450 0.984922
vt 0.276873 0.985185
vt 0.276873 0.958766
vt 0.858814 0.543889
vt 0.851126 0.544985
vt 0.206550 0.671926
vt 0.225525 0.678297
vt 0.240432 0.685082
vt 0.015119 0.541800
vt 0.092723 0.029242
vt 0.068036 0.022730
vt 0.088904 0.012604
vt 0.097084 0.050013
vt 0.071200 0.042071
vt 0.970490 0.858029
vt 0.968951 0.879414
vt 0.960900 0.877767
vt 0.962508 0.855420
vt 0.106479 0.100433
vt 0.080271 0.092068
vt 0.101773 0.074237
vt 0.110890 0.126730
vt 0.085634 0.119528
vt 0.114781 0.151466
vt 0.090996 0.145939
vt 0.065820 0.007831
vt 0.007595 0.519962
vt 0.045447 0.036746
vt 0.044105 0.019189
vt 0.816804 0.124357
vt 0.832881 0.099731
vt 0.375507 0.997594
vt 0.375507 0.976439
vt 0.382366 0.974059
vt 0.382366 0.996164
vt 0.894957 0.335524
vt 0.899790 0.364729
vt 0.891524 0.366366
vt 0.886474 0.335849
vt 0.048229 0.058846
vt 0.022525 0.054673
vt 0.841898 0.181057
vt 0.830853 0.186611
vt 0.024739 0.952186
vt 0.000000 0.952186
vt 0.011219 0.922892
vt 0.021736 0.922892
vt 0.867035 0.200873
vt 0.869890 0.179725
vt 0.877626 0.178560
vt 0.874643 0.200658
vt 0.274784 0.975894
vt 0.274784 0.998214
vt 0.267870 0.998633
vt 0.267870 0.975309
vt 0.594612 0.931460
vt 0.601358 0.931708
vt 0.741610 0.994975
vt 0.741610 0.976008
vt 0.749582 0.974088
vt 0.749582 0.993908
vt 0.025451 0.079083
vt 0.001053 0.075688
vt 0.000000 0.053194
vt 0.000000 0.435347
vt 0.058225 0.112489
vt 0.248457 0.743141
vt 0.248457 0.767677
vt 0.240449 0.768026
vt 0.240449 0.742387
vt 0.093619 0.756408
vt 0.085699 0.755735
vt 0.999359 0.478359
vt 0.999359 0.504319
vt 0.992855 0.506125
vt 0.992855 0.478999
vt 0.961639 0.630616
vt 0.969754 0.631669
vt 0.037025 0.850543
vt 0.044604 0.850003
vt 0.237356 0.409774
vt 0.239170 0.387122
vt 0.247363 0.385795
vt 0.245467 0.409465
vt 0.551299 0.550670
vt 0.558757 0.547833
vt 0.562634 0.575213
vt 0.996973 0.739295
vt 0.996973 0.760185
vt 0.989577 0.758885
vt 0.989577 0.737056
vt 0.064693 0.140022
vt 0.037326 0.134097
vt 0.991883 0.951510
vt 0.991883 0.978148
vt 0.984405 0.978214
vt 0.984405 0.950378
vt 0.951892 0.475680
vt 0.959049 0.478359
vt 0.948069 0.331543
vt 0.956276 0.329764
vt 0.922811 0.529230
vt 0.916263 0.530918
vt 0.962378 0.655995
vt 0.953705 0.655010
vt 0.992435 0.789869
vt 0.992435 0.763487
vt 0.998623 0.760617
vt 0.998623 0.788184
vt 0.979248 0.886361
vt 0.979248 0.913213
vt 0.970490 0.913689
vt 0.970490 0.885630
vt 0.011475 0.380391
vt 0.071356 0.165421
vt 0.724105 0.452531
vt 0.724105 0.426845
vt 0.756843 0.433710
vt 0.756843 0.444631
vt 0.320816 0.827054
vt 0.343770 0.809541
vt 0.000430 0.796614
vt 0.014661 0.772545
vt 0.027388 0.797257
vt 0.039361 0.773296
vt 0.051314 0.797567
vt 0.060606 0.774259
vt 0.070962 0.797567
vt 0.509884 0.880428
vt 0.539455 0.880428
vt 0.529455 0.913216
vt 0.516883 0.913216
vt 0.082694 0.800997
vt 0.111629 0.800121
vt 0.106240 0.831304
vt 0.093938 0.831676
vt 0.779982 0.720946
vt 0.732266 0.467634
vt 0.760312 0.451052
vt 0.421668 0.767980
vt 0.421668 0.779122
vt 0.050894 0.750263
vt 0.026957 0.748753
vt 0.436111 0.876954
vt 0.459395 0.852969
vt 0.873198 0.375573
vt 0.842287 0.390855
vt 0.083306 0.190428
vt 0.359590 0.777475
vt 0.070562 0.752420
vt 0.077480 0.731283
vt 0.085699 0.754929
vt 0.059832 0.727500
vt 0.065541 0.706617
vt 0.037488 0.724637
vt 0.954734 0.078230
vt 0.954734 0.108415
vt 0.948129 0.108556
vt 0.948129 0.077015
vt 0.045287 0.702069
vt 0.522734 0.653560
vt 0.000000 0.748110
vt 0.851703 0.209111
vt 0.843283 0.209104
vt 0.536288 0.943184
vt 0.536288 0.973000
vt 0.527900 0.973229
vt 0.527900 0.942073
vt 0.988192 0.228080
vt 0.988192 0.256005
vt 0.981100 0.257820
vt 0.981100 0.228640
vt 0.895082 0.305898
vt 0.886605 0.304891
vt 0.280130 0.900626
vt 0.273703 0.876662
vt 0.280146 0.876063
vt 0.286861 0.901104
vt 0.970490 0.903632
vt 0.962508 0.903072
vt 0.367131 0.802984
vt 0.397000 0.799935
vt 0.056635 0.186636
vt 0.041484 0.209338
vt 0.029064 0.181895
vt 0.013549 0.204419
vt 0.027113 0.231918
vt 0.000000 0.226313
vt 0.014745 0.252544
vt 0.989400 0.224580
vt 0.989400 0.201533
vt 0.996586 0.199277
vt 0.996586 0.223360
vt 0.964894 0.419160
vt 0.972686 0.418694
vt 0.867537 0.567190
vt 0.860240 0.569333
vt 0.750735 0.921564
vt 0.750735 0.947900
vt 0.742785 0.948225
vt 0.742785 0.920706
vt 0.069518 0.212756
vt 0.055484 0.235461
vt 0.042287 0.256784
vt 0.030910 0.275142
vt 0.662758 0.275840
vt 0.659820 0.302244
vt 0.641241 0.280755
vt 0.638228 0.306326
vt 0.893367 0.807084
vt 0.900479 0.805120
vt 0.619644 0.286366
vt 0.095677 0.214732
vt 0.865713 0.997268
vt 0.865713 0.974966
vt 0.872260 0.973905
vt 0.872260 0.997209
vt 0.993580 0.511482
vt 0.993580 0.537154
vt 0.986182 0.536548
vt 0.986182 0.509722
vt 0.135960 0.855985
vt 0.144485 0.855385
vt 0.100784 0.778196
vt 0.093187 0.778502
vt 0.057744 0.277584
vt 0.654718 0.326935
vt 0.633809 0.329780
vt 0.643519 0.351246
vt 0.239765 0.438636
vt 0.247984 0.439623
vt 0.849765 0.104576
vt 0.856132 0.128875
vt 0.850218 0.128134
vt 0.843565 0.102743
vt 0.111304 0.234524
vt 0.082876 0.236975
vt 0.123186 0.211203
vt 0.749544 0.129766
vt 0.749544 0.104677
vt 0.774568 0.111897
vt 0.774568 0.122563
vt 0.317069 0.345190
vt 0.563651 0.942673
vt 0.537083 0.942673
vt 0.541312 0.913216
vt 0.552608 0.913216
vt 0.980964 0.706769
vt 0.980964 0.682235
vt 0.989077 0.681320
vt 0.989077 0.706956
vt 0.907048 0.742193
vt 0.887661 0.757764
vt 0.889821 0.728965
vt 0.666529 0.887030
vt 0.698297 0.878843
vt 0.335198 0.682218
vt 0.328088 0.692351
vt 0.915276 0.045263
vt 0.941205 0.045263
vt 0.939402 0.076609
vt 0.928378 0.076609
vt 0.562634 0.605336
vt 0.860498 0.162738
vt 0.867813 0.160809
vt 0.907048 0.772188
vt 0.888993 0.788272
vt 0.763909 0.843350
vt 0.995795 0.919900
vt 0.995795 0.949628
vt 0.989895 0.948685
vt 0.989895 0.917621
vt 0.247592 0.770318
vt 0.245359 0.797934
vt 0.236559 0.797835
vt 0.238892 0.768978
vt 0.893714 0.524100
vt 0.901635 0.525790
vt 0.098331 0.257781
vt 0.128301 0.254564
vt 0.950792 0.508886
vt 0.948620 0.479803
vt 0.956729 0.478359
vt 0.958999 0.508749
vt 0.989895 0.920844
vt 0.989895 0.949628
vt 0.982959 0.949412
vt 0.982959 0.919335
vt 0.987019 0.886437
vt 0.987019 0.914191
vt 0.979248 0.914631
vt 0.979248 0.885630
vt 0.849638 0.875349
vt 0.846138 0.854508
vt 0.854055 0.852659
vt 0.857713 0.874437
vt 0.899790 0.278096
vt 0.891524 0.275840
vt 0.968795 0.330901
vt 0.960720 0.329764
vt 0.140207 0.230172
vt 0.157605 0.248857
vt 0.468844 0.974638
vt 0.468844 0.996773
vt 0.461510 0.996464
vt 0.461510 0.973335
vt 0.877627 0.163524
vt 0.885689 0.160809
vt 0.865687 0.153632
vt 0.860202 0.154003
vt 0.160494 0.307580
vt 0.132061 0.300882
vt 0.919705 0.911672
vt 0.890395 0.911672
vt 0.900486 0.878791
vt 0.912947 0.878791
vt 0.150243 0.206516
vt 0.167539 0.224227
vt 0.184152 0.241255
vt 0.112495 0.847024
vt 0.112495 0.877461
vt 0.103835 0.878140
vt 0.103835 0.846336
vt 0.976420 0.417137
vt 0.976420 0.388698
vt 0.984465 0.387743
vt 0.984465 0.417459
vt 0.948620 0.536057
vt 0.956729 0.537141
vt 0.631238 0.272948
vt 0.638849 0.274502
vt 0.169515 0.329871
vt 0.152285 0.343609
vt 0.068883 0.818254
vt 0.088067 0.839013
vt 0.858080 0.780927
vt 0.826842 0.766815
vt 0.107740 0.001520
vt 0.085710 -0.000000
vt 0.111629 0.798885
vt 0.104519 0.800121
vt 0.696380 0.916181
vt 0.696380 0.887030
vt 0.703294 0.887345
vt 0.703294 0.917806
vt 0.824947 0.495533
vt 0.803032 0.493435
vt 0.817064 0.470408
vt 0.093170 0.974261
vt 0.093170 0.998466
vt 0.086376 0.999259
vt 0.086376 0.973966
vt 0.734109 0.994978
vt 0.734109 0.974088
vt 0.741610 0.974645
vt 0.741610 0.996474
vt 0.438858 0.994179
vt 0.438858 0.971711
vt 0.447439 0.970673
vt 0.447439 0.994151
vt 0.112670 0.016010
vt 0.948863 0.635050
vt 0.957001 0.636468
vt 0.383594 0.548720
vt 0.361843 0.567848
vt 0.117966 0.035030
vt 0.796867 0.467999
vt 0.934164 0.029232
vt 0.915276 0.014761
vt 0.932240 0.000000
vt 0.280130 0.853078
vt 0.286861 0.851419
vt 0.145393 0.044217
vt 0.123291 0.058373
vt 0.812630 0.520057
vt 0.791096 0.518791
vt 0.915276 0.045263
vt 0.985906 0.000061
vt 0.985906 0.027195
vt 0.977701 0.028353
vt 0.977701 -0.000000
vt 0.237356 0.467073
vt 0.245467 0.469338
vt 0.245064 0.331074
vt 0.237356 0.331010
vt 0.128225 0.084848
vt 0.824947 0.545888
vt 0.802693 0.545708
vt 0.199049 0.072168
vt 0.178225 0.084027
vt 0.173159 0.056844
vt 0.151036 0.069863
vt 0.155390 0.097860
vt 0.550719 0.635254
vt 0.558151 0.636218
vt 0.132400 0.112487
vt 0.980964 0.681320
vt 0.980964 0.657426
vt 0.989013 0.655010
vt 0.989013 0.679977
vt 0.396661 0.927021
vt 0.396661 0.949430
vt 0.390038 0.952703
vt 0.390038 0.929288
vt 0.816889 0.570513
vt 0.809476 0.924923
vt 0.779982 0.924923
vt 0.785796 0.894722
vt 0.798335 0.894722
vt 0.028072 0.892407
vt -0.000000 0.881199
vt 0.847041 0.616933
vt 0.868430 0.591030
vt 0.181186 0.112437
vt 0.158225 0.125940
vt 0.135630 0.139219
vt 0.736572 0.144306
vt 0.714230 0.136749
vt 0.985149 0.377552
vt 0.985149 0.353241
vt 0.993217 0.353449
vt 0.993217 0.378853
vt 0.893421 0.540436
vt 0.900984 0.539026
vt 0.836760 0.705837
vt 0.867592 0.690846
vt 0.716884 0.948969
vt 0.716884 0.920706
vt 0.742785 0.932932
vt 0.742785 0.944947
vt 0.367131 0.846600
vt 0.396540 0.863240
vt 0.903618 0.249400
vt 0.895626 0.250804
vt 0.986237 0.091474
vt 0.986237 0.067361
vt 0.994117 0.068021
vt 0.994117 0.093218
vt 0.865687 0.079954
vt 0.860202 0.077015
vt 0.159644 0.152128
vt 0.137930 0.163525
vt 0.986182 0.509726
vt 0.986182 0.536442
vt 0.977860 0.537639
vt 0.977860 0.509722
vt 0.972686 0.448644
vt 0.972686 0.419651
vt 0.980753 0.448990
vt 0.173490 0.355501
vt 0.187033 0.316633
vt 0.192386 0.342110
vt 0.107405 0.889475
vt 0.099512 0.889438
vt 0.102657 0.485924
vt 0.113316 0.491740
vt 0.174090 0.197011
vt 0.716304 0.846783
vt 0.708515 0.845154
vt 0.555469 0.973786
vt 0.555469 0.943842
vt 0.563623 0.942673
vt 0.563623 0.973963
vt 0.195844 0.369942
vt 0.210711 0.329422
vt 0.215643 0.357224
vt 0.217804 0.386498
vt 0.803303 0.924923
vt 0.803303 0.953602
vt 0.779982 0.944527
vt 0.779982 0.932334
vt 0.750943 0.893302
vt 0.778686 0.876762
vt 0.795234 0.130323
vt 0.233715 0.345307
vt 0.237356 0.374609
vt 0.986638 0.324966
vt 0.986638 0.296018
vt 0.993366 0.294700
vt 0.993366 0.324949
vt 0.500854 0.907736
vt 0.500854 0.877400
vt 0.509493 0.876688
vt 0.509493 0.908386
vt 0.247592 0.827738
vt 0.238892 0.828978
vt 0.099418 0.889438
vt 0.068883 0.877441
vt 0.343996 0.063739
vt 0.500854 0.910494
vt 0.470006 0.910494
vt 0.478985 0.876688
vt 0.492100 0.876688
vt 0.198699 0.185666
vt 0.222117 0.173015
vt 0.216874 0.203346
vt 0.238998 0.190327
vt 0.506965 0.910813
vt 0.499061 0.910494
vt 0.346307 0.954477
vt 0.346307 0.983763
vt 0.338849 0.982892
vt 0.338849 0.952290
vt 0.984650 0.098668
vt 0.984650 0.127299
vt 0.976709 0.127541
vt 0.976709 0.097623
vt 0.993507 0.580209
vt 0.993507 0.604552
vt 0.985447 0.604948
vt 0.985447 0.579511
vt 0.850423 0.996442
vt 0.850423 0.972665
vt 0.857297 0.973343
vt 0.857297 0.998188
vt 0.155524 0.179554
vt 0.179070 0.168202
vt 0.202561 0.155772
vt 0.224108 0.143092
vt 0.980188 0.740521
vt 0.980188 0.759355
vt 0.972394 0.758091
vt 0.972394 0.738411
vt 0.694927 0.156579
vt 0.847972 0.326524
vt 0.819276 0.321128
vt 0.546565 0.880948
vt 0.546565 0.909946
vt 0.539455 0.910729
vt 0.994694 0.828063
vt 0.994694 0.855216
vt 0.987904 0.855252
vt 0.987904 0.826878
vt 0.969754 0.609690
vt 0.969754 0.581070
vt 0.978092 0.580572
vt 0.203832 0.127403
vt 0.223162 0.115692
vt 0.960900 0.857098
vt 0.952981 0.855420
vt 0.796988 0.676157
vt 0.820102 0.678901
vt 0.801269 0.698781
vt 0.779982 0.660124
vt 0.806946 0.655010
vt 0.563347 0.176952
vt 0.556275 0.154759
vt 0.580455 0.164804
vt 0.298217 0.711102
vt 0.319532 0.719536
vt 0.298409 0.733836
vt 0.668540 0.077581
vt 0.651902 0.067823
vt 0.822393 0.394117
vt 0.842287 0.375573
vt 0.841165 0.400494
vt 0.803872 0.178558
vt 0.787345 0.155256
vt 0.812108 0.154726
vt 0.795912 0.204688
vt 0.777693 0.180267
vt 0.788990 0.231608
vt 0.769067 0.207232
vt 0.762471 0.234289
vt 0.743290 0.208578
vt 0.914209 0.701421
vt 0.897085 0.681808
vt 0.919002 0.672803
vt 0.384511 0.569822
vt 0.406503 0.548983
vt 0.290471 0.892471
vt 0.310719 0.895512
vt 0.287416 0.913970
vt 0.803034 0.131287
vt 0.761966 0.155844
vt 0.776815 0.130737
vt 0.737765 0.156457
vt 0.750728 0.130737
vt 0.897085 0.655010
vt 0.760790 0.438845
vt 0.776394 0.416162
vt 0.790633 0.438684
vt 0.806090 0.417919
vt 0.760790 0.394585
vt 0.792137 0.395680
vt 0.776812 0.375573
vt 0.576359 0.832095
vt 0.583142 0.802873
vt 0.601922 0.819763
vt 0.607469 0.789059
vt 0.564207 0.786688
vt 0.587640 0.773389
vt 0.609999 0.759222
vt 0.659493 0.042028
vt 0.819112 0.442675
vt 0.181728 0.800514
vt 0.172428 0.827633
vt 0.159606 0.801193
vt 0.147757 0.828875
vt 0.159113 0.855851
vt 0.181728 0.853740
vt 0.651561 0.092249
vt 0.670615 0.102842
vt 0.153525 0.671926
vt 0.141382 0.698807
vt 0.125816 0.676137
vt 0.113316 0.702169
vt 0.128022 0.726354
vt 0.157640 0.723771
vt 0.143235 0.751703
vt 0.114390 0.752617
vt 0.128573 0.777015
vt 0.173345 0.749425
vt 0.157816 0.776371
vt 0.142160 0.799596
vt 0.187185 0.773754
vt 0.170683 0.798525
vt 0.686723 0.755999
vt 0.710987 0.768591
vt 0.693235 0.779394
vt 0.605272 0.931707
vt 0.609858 0.956825
vt 0.588214 0.956825
vt 0.738363 0.779437
vt 0.720067 0.792256
vt 0.812189 0.010149
vt 0.813069 0.036114
vt 0.795234 0.024858
vt 0.798447 0.049785
vt 0.815736 0.058628
vt 0.113316 0.800514
vt 0.923900 0.361668
vt 0.923900 0.329764
vt 0.948069 0.343829
vt 0.842287 0.457254
vt 0.819112 0.447596
vt 0.840417 0.427159
vt 0.819427 0.418896
vt 0.747251 0.326955
vt 0.737988 0.299989
vt 0.760790 0.303336
vt 0.287416 0.869091
vt 0.309237 0.872375
vt 0.847195 0.367040
vt 0.829592 0.355952
vt 0.847195 0.338141
vt 0.828363 0.326524
vt 0.807369 0.374271
vt 0.808217 0.343674
vt 0.189463 0.818148
vt 0.211137 0.811197
vt 0.212193 0.835213
vt 0.236559 0.827465
vt 0.236029 0.801291
vt 0.287512 0.869091
vt 0.287416 0.842912
vt 0.314453 0.858283
vt 0.314240 0.830828
vt 0.189450 0.794270
vt 0.211712 0.785310
vt 0.236559 0.774157
vt 0.288398 0.815790
vt 0.314453 0.803515
vt 0.534339 0.746784
vt 0.556987 0.764227
vt 0.533220 0.772987
vt 0.535103 0.718236
vt 0.559130 0.735825
vt 0.535376 0.689002
vt 0.560323 0.705563
vt 0.868788 0.482956
vt 0.893714 0.467999
vt 0.893260 0.496329
vt 0.563913 0.759222
vt 0.560323 0.675570
vt 0.672720 0.020345
vt 0.651561 0.027964
vt 0.051173 0.333971
vt 0.073008 0.319344
vt 0.098239 0.306051
vt 0.851126 0.523364
vt 0.824947 0.537900
vt 0.825694 0.509961
vt 0.688307 0.081595
vt 0.692488 0.108917
vt 0.675356 0.130737
vt 0.807369 0.275840
vt 0.806489 0.307568
vt 0.782080 0.289797
vt 0.782684 0.319979
vt 0.760790 0.302393
vt 0.762997 0.330315
vt 0.251731 0.725052
vt 0.275041 0.742222
vt 0.248457 0.752078
vt 0.272854 0.770558
vt 0.807369 0.336894
vt 0.785302 0.347076
vt 0.767157 0.354900
vt 0.297789 0.759940
vt 0.296122 0.788523
vt 0.789284 0.370063
vt 0.772514 0.375573
vt 0.689367 0.683691
vt 0.694140 0.713082
vt 0.672788 0.701281
vt 0.013969 0.652505
vt 0.028620 0.675352
vt -0.000000 0.677205
vt 0.027831 0.630176
vt 0.042266 0.650388
vt 0.678453 0.729325
vt 0.666529 0.742761
vt 0.701521 0.742065
vt 0.713427 0.694540
vt 0.719994 0.725012
vt 0.728563 0.753979
vt 0.735333 0.674824
vt 0.741446 0.705552
vt 0.014913 0.702069
vt 0.058909 0.673348
vt 0.832577 -0.000000
vt 0.831573 0.028220
vt 0.054981 0.628380
vt 0.071152 0.648722
vt 0.088724 0.671335
vt 0.077029 0.697960
vt 0.106666 0.694995
vt 0.867537 0.525790
vt 0.893038 0.541178
vt 0.867537 0.556459
vt 0.892854 0.569891
vt 0.832577 0.052943
vt 0.739912 0.405587
vt 0.759044 0.383098
vt 0.760790 0.408544
vt 0.691121 0.421567
vt 0.714653 0.400655
vt 0.717904 0.426845
vt 0.736254 0.377971
vt 0.754489 0.355298
vt 0.686129 0.393689
vt 0.730062 0.348491
vt 0.721795 0.319336
vt 0.601686 0.178754
vt 0.624731 0.163856
vt 0.626216 0.193196
vt 0.651561 0.177677
vt 0.649937 0.146883
vt 0.712305 0.292482
vt 0.727640 0.275840
vt 0.600746 0.150446
vt 0.623730 0.134241
vt 0.187185 0.768978
vt 0.510039 0.762566
vt 0.509939 0.734085
vt 0.509884 0.703779
vt 0.893714 0.525790
vt 0.867537 0.511151
vt 0.896687 0.028530
vt 0.915276 0.040096
vt 0.898547 0.056492
vt 0.898052 0.000000
vt 0.915276 0.010359
vt 0.074715 0.300882
vt 0.850830 0.467999
vt 0.850777 0.495358
vt 0.824947 0.483023
vt 0.470006 0.820126
vt 0.486888 0.798048
vt 0.488752 0.827377
vt 0.508421 0.805329
vt 0.892875 0.077015
vt 0.892875 0.105466
vt 0.865687 0.091241
vt 0.866577 0.119234
vt 0.892669 0.133418
vt 0.470006 0.792612
vt 0.488400 0.770865
vt 0.508033 0.776280
vt 0.947756 0.525416
vt 0.922810 0.538863
vt 0.922810 0.508312
vt 0.804817 0.731596
vt 0.793333 0.754783
vt 0.779982 0.728965
vt 0.320816 0.773085
vt 0.320816 0.744633
vt 0.666529 0.674531
vt 0.685115 0.655010
vt 0.887661 0.728965
vt 0.886839 0.758541
vt 0.862620 0.740030
vt 0.861906 0.770551
vt 0.319131 0.803515
vt 0.887661 0.788597
vt 0.378248 0.592917
vt 0.358414 0.608671
vt 0.352893 0.579215
vt 0.399520 0.607004
vt 0.381379 0.621674
vt 0.361385 0.636023
vt 0.830012 0.077015
vt 0.097932 0.643074
vt 0.079510 0.621494
vt 0.044653 0.859043
vt 0.045938 0.827724
vt 0.068224 0.846896
vt 0.068224 0.816556
vt 0.113316 0.855385
vt 0.123727 0.827498
vt 0.136561 0.853098
vt 0.147757 0.826343
vt 0.044653 0.797567
vt 0.113316 0.800797
vt 0.136905 0.800514
vt 0.106666 0.614804
vt 0.062810 0.603039
vt 0.087640 0.595350
vt 0.596272 0.123309
vt 0.574525 0.140056
vt 0.421951 0.831555
vt 0.422775 0.800470
vt 0.447651 0.818732
vt 0.447651 0.788779
vt 0.470006 0.807434
vt 0.421951 0.770865
vt 0.563462 0.052819
vt 0.563526 0.025778
vt 0.588435 0.033650
vt 0.549819 0.129290
vt 0.544713 0.101415
vt 0.541638 0.072731
vt 0.565435 0.082324
vt 0.540957 0.045223
vt 0.542556 0.020642
vt 0.698353 0.615805
vt 0.716164 0.592841
vt 0.723836 0.619720
vt 0.740763 0.597051
vt 0.732347 0.568546
vt 0.688380 0.588373
vt 0.705395 0.563711
vt 0.720457 0.539011
vt 0.676051 0.559494
vt 0.691930 0.534424
vt 0.705773 0.510749
vt 0.732387 0.516202
vt 0.716698 0.490135
vt 0.740763 0.496673
vt 0.927099 0.399721
vt 0.944472 0.385865
vt 0.944472 0.414323
vt 0.662151 0.531325
vt 0.676819 0.507267
vt 0.689602 0.485779
vt 0.699870 0.467999
vt 0.929489 0.371635
vt 0.607835 0.243217
vt 0.615513 0.219478
vt 0.631238 0.245743
vt 0.569159 0.268520
vt 0.580372 0.242233
vt 0.597335 0.268631
vt 0.589704 0.216999
vt 0.596425 0.194791
vt 0.826842 0.735500
vt 0.816261 0.759180
vt 0.569159 0.193196
vt 0.824973 0.788861
vt 0.802684 0.782938
vt 0.779982 0.777621
vt 0.787457 0.805120
vt 0.569159 0.206331
vt 0.547400 0.222006
vt 0.545099 0.193196
vt 0.521967 0.208780
vt 0.525830 0.236889
vt 0.500227 0.223409
vt 0.505998 0.249866
vt 0.531427 0.263096
vt 0.553167 0.248468
vt 0.511922 0.274700
vt 0.560543 0.274700
vt 0.686129 0.400799
vt 0.668419 0.426508
vt 0.400194 0.636829
vt 0.133119 0.300882
vt 0.164085 0.294260
vt 0.417007 0.653173
vt 0.397360 0.668191
vt 0.379816 0.651496
vt 0.159895 0.252597
vt 0.177075 0.270216
vt 0.390969 0.698744
vt 0.375318 0.681687
vt 0.187635 0.244654
vt 0.202994 0.260415
vt 0.368203 0.710110
vt 0.352893 0.693021
vt 0.525106 0.013438
vt 0.545929 0.000000
vt 0.521364 0.036986
vt 0.522202 0.093816
vt 0.527134 0.123310
vt 0.534285 0.150752
vt 0.937038 0.304117
vt 0.917812 0.287400
vt 0.934899 0.275840
vt 0.917812 0.317625
vt 0.787464 0.652336
vt 0.765511 0.636924
vt 0.787464 0.620463
vt 0.764438 0.605564
vt 0.741389 0.621709
vt 0.740763 0.653176
vt 0.511947 0.145724
vt 0.521147 0.171604
vt 0.500227 0.167069
vt 0.691409 0.845154
vt 0.691704 0.819015
vt 0.716884 0.832683
vt 0.716884 0.804849
vt 0.692544 0.792256
vt 0.832172 0.656426
vt 0.213379 0.234684
vt 0.826128 0.703031
vt 0.805925 0.723428
vt 0.064089 0.579750
vt 0.044653 0.803140
vt 0.023033 0.825211
vt 0.021400 0.797567
vt -0.000000 0.818292
vt 0.000618 0.843670
vt 0.785550 0.442675
vt 0.785550 0.467835
vt 0.760790 0.447705
vt 0.044653 0.830277
vt 0.022077 0.850003
vt 0.832172 0.728965
vt 0.666181 0.131517
vt 0.667776 0.801239
vt 0.666529 0.828982
vt 0.514349 0.193196
vt 0.247997 0.302241
vt 0.240421 0.300882
vt 0.985670 0.790889
vt 0.985670 0.761975
vt 0.992435 0.760617
vt 0.992435 0.790830
vt 0.972394 0.747432
vt 0.964223 0.748712
vt 0.320805 0.803515
vt 0.320805 0.833340
vt 0.314453 0.834799
vt 0.314453 0.803633
vt 0.991673 0.124584
vt 0.991673 0.097623
vt 0.998013 0.098108
vt 0.998013 0.126280
vt 0.181728 0.827421
vt 0.181728 0.801158
vt 0.186992 0.800514
vt 0.186992 0.827957
vt 0.948863 0.639795
vt 0.959465 0.636468
vt 0.956567 0.645303
vt 0.361064 0.788072
vt 0.369977 0.779854
vt 0.371412 0.790614
vt 0.356665 0.486445
vt 0.353694 0.476113
vt 0.346630 0.485537
vt 0.966017 0.645463
vt 0.919705 0.974498
vt 0.923841 0.962689
vt 0.929249 0.972732
vt 0.934214 0.961071
vt 0.929504 0.950908
vt 0.750943 0.993982
vt 0.750943 0.981614
vt 0.759399 0.986093
vt 0.758749 0.973259
vt 0.919705 0.952721
vt 0.959464 0.654350
vt 0.356065 0.066981
vt 0.346739 0.074636
vt 0.358519 0.078234
vt 0.368154 0.071119
vt 0.294850 0.971760
vt 0.295312 0.984194
vt 0.287416 0.978409
vt 0.287416 0.990731
vt 0.294445 0.995731
vt 0.655608 0.972285
vt 0.663091 0.979302
vt 0.655295 0.984610
vt 0.663091 0.990698
vt 0.656222 0.995800
vt 0.948863 0.650847
vt 0.443080 0.106703
vt 0.432672 0.100641
vt 0.433821 0.113204
vt 0.443927 0.119620
vt 0.363450 0.799220
vt 0.986102 0.152588
vt 0.985298 0.140166
vt 0.993519 0.146092
vt 0.993519 0.133149
vt 0.985956 0.127541
vt 0.337012 0.994831
vt 0.329464 0.990919
vt 0.337785 0.983404
vt 0.329464 0.979457
vt 0.337238 0.971160
vt 0.442870 0.335095
vt 0.452561 0.341428
vt 0.315702 0.355489
vt 0.327160 0.352496
vt 0.325676 0.363204
vt 0.336237 0.360510
vt 0.829649 0.197085
vt 0.840493 0.191239
vt 0.839429 0.202537
vt 0.259754 0.365625
vt 0.261080 0.354355
vt 0.271429 0.360585
vt 0.352893 0.692416
vt 0.340256 0.692080
vt 0.347293 0.682250
vt 0.346051 0.703070
vt 0.333317 0.703037
vt 0.197467 0.521337
vt 0.186425 0.527835
vt 0.187430 0.515163
vt 0.196886 0.534327
vt 0.186284 0.540797
vt 0.455092 0.443862
vt 0.465923 0.436859
vt 0.475624 0.429988
vt 0.454850 0.431193
vt 0.465126 0.424575
vt 0.014401 0.976570
vt 0.014032 0.964888
vt 0.024441 0.970528
vt 0.024516 0.958628
vt 0.014032 0.952186
vt 0.113090 0.480055
vt 0.102326 0.473430
vt 0.113245 0.467353
vt 0.099419 0.838286
vt 0.091836 0.846335
vt 0.104084 0.846335
vt 0.111535 0.838778
vt 0.432484 0.662860
vt 0.430192 0.651538
vt 0.421951 0.658728
vt 0.424328 0.669037
vt 0.434043 0.672893
vt 0.819361 0.979175
vt 0.829456 0.982906
vt 0.820152 0.990678
vt 0.829456 0.994021
vt 0.301213 0.983449
vt 0.309747 0.988716
vt 0.301213 0.995603
vt 0.123119 0.974935
vt 0.122757 0.987351
vt 0.113316 0.979379
vt 0.113316 0.991734
vt 0.831501 0.990909
vt 0.840392 0.983062
vt 0.840392 0.995547
vt 0.123670 0.350918
vt 0.113316 0.351411
vt 0.118291 0.359947
vt 0.127702 0.359125
vt 0.609999 0.767150
vt 0.620608 0.768908
vt 0.612776 0.775645
vt 0.617854 0.759222
vt 0.628747 0.760660
vt 0.704806 0.206445
vt 0.710193 0.215743
vt 0.713951 0.205732
vt 0.709272 0.197083
vt 0.443256 0.345790
vt 0.432611 0.339643
vt 0.883004 0.897295
vt 0.883004 0.884923
vt 0.890018 0.889936
vt 0.871903 0.076711
vt 0.871603 0.065372
vt 0.881857 0.071658
vt 0.881857 0.059753
vt 0.871429 0.054046
vt 0.636226 0.990855
vt 0.643239 0.988914
vt 0.643624 0.998782
vt 0.062509 0.958374
vt 0.062509 0.948266
vt 0.068601 0.952476
vt 0.068559 0.943400
vt 0.065337 0.937538
vt 0.637193 0.980697
vt 0.861253 0.060620
vt 0.861763 0.072503
vt 0.643624 0.979603
vt 0.726085 0.802914
vt 0.724881 0.792256
vt 0.716885 0.800768
vt 0.717295 0.811263
vt 0.134505 0.353471
vt 0.354783 0.809746
vt 0.367131 0.808840
vt 0.358874 0.799935
vt 0.347354 0.800626
vt 0.834533 0.077015
vt 0.833276 0.088220
vt 0.843565 0.084765
vt 0.843092 0.096276
vt 0.026813 0.904194
vt 0.022913 0.900762
vt 0.028320 0.897137
vt 0.008736 0.913024
vt 0.018951 0.922211
vt 0.005133 0.922892
vt 0.946604 0.971942
vt 0.950071 0.974531
vt 0.945221 0.976833
vt 0.954867 0.144687
vt 0.943437 0.152346
vt 0.938893 0.120212
vt 0.951230 0.120212
vt 0.849962 0.781936
vt 0.861586 0.780928
vt 0.861586 0.804030
vt 0.852597 0.803562
vt 0.897085 0.706958
vt 0.904168 0.701421
vt 0.908569 0.726967
vt 0.897085 0.726920
vt 0.915690 0.973345
vt 0.907320 0.972136
vt 0.907320 0.940301
vt 0.917630 0.945395
vt 0.602237 0.974921
vt 0.591280 0.972709
vt 0.588214 0.956826
vt 0.603343 0.956826
vt 0.365045 0.990494
vt 0.358653 0.989975
vt 0.354832 0.979700
vt 0.365045 0.972263
vt 0.962378 0.689928
vt 0.976498 0.693940
vt 0.976498 0.706813
vt 0.962636 0.704483
vt 0.030475 0.892407
vt 0.007519 0.902030
vt 0.000000 0.892407
vt 0.973307 0.025004
vt 0.977701 0.000000
vt 0.977701 0.026535
vt 0.966619 0.007973
vt 0.965713 0.014425
vt 0.912771 0.725775
vt 0.918920 0.716327
vt 0.916343 0.707735
vt 0.933714 0.144919
vt 0.933759 0.127710
vt 0.935876 0.122526
vt 0.026807 0.922301
vt 0.878890 0.974714
vt 0.888809 0.987006
vt 0.881702 0.988581
vt 0.890148 0.971075
vt 0.882246 0.971075
vt 0.958771 0.963999
vt 0.945221 0.956786
vt 0.956172 0.973051
vt 0.244267 0.548999
vt 0.244267 0.531946
vt 0.247514 0.535656
vt 0.972026 0.109326
vt 0.967641 0.099922
vt 0.976709 0.104281
vt 0.792902 0.648654
vt 0.795581 0.650402
vt 0.792902 0.653354
vt 0.968218 0.046536
vt 0.971735 0.051955
vt 0.968925 0.067062
vt 0.596633 0.974921
vt 0.603225 0.993335
vt 0.596633 0.997483
vt 0.975877 0.041996
vt 0.979365 0.046334
vt 0.979392 0.044043
vt 0.965092 0.126123
vt 0.965092 0.099191
vt 0.968034 0.127541
vt 0.969628 0.126106
vt 0.040368 0.992036
vt 0.049432 0.977031
vt 0.050012 0.993234
vt 0.040378 0.985468
vt 0.046487 0.977031
vt 0.979392 0.062069
vt 0.974266 0.067360
vt 0.645523 0.972717
vt 0.641857 0.965043
vt 0.650886 0.966019
vt 0.931567 0.576352
vt 0.929147 0.573630
vt 0.932083 0.572739
vt 0.248183 0.561491
vt 0.244267 0.557267
vt 0.248183 0.548999
vt 0.064611 0.995159
vt 0.055408 0.983990
vt 0.064611 0.979513
vt 0.877628 0.804583
vt 0.869525 0.803173
vt 0.871449 0.791701
vt 0.877628 0.788597
vt 0.779789 0.843215
vt 0.777713 0.842050
vt 0.777941 0.836399
vt 0.779789 0.835429
vt 0.936442 0.580279
vt 0.932084 0.577969
vt 0.933199 0.572906
vt 0.936442 0.572739
vt 0.636226 0.963847
vt 0.643491 0.976613
vt 0.636226 0.979603
vt 0.651769 0.981673
vt 0.643624 0.995531
vt 0.643624 0.979603
vt 0.648153 0.994432
vt 0.652516 0.986073
vt 0.861906 0.794395
vt 0.862647 0.789972
vt 0.866132 0.802507
vt 0.927207 0.573130
vt 0.931837 0.579209
vt 0.927207 0.580519
vt 0.763126 0.785588
vt 0.763126 0.791819
vt 0.760691 0.787004
vt 0.562634 0.578065
vt 0.562634 0.570422
vt 0.563648 0.576663
vt 0.563886 0.573056
vt 0.772042 0.842362
vt 0.774898 0.836490
vt 0.772356 0.839100
vt 0.793297 0.984374
vt 0.800596 0.980167
vt 0.802820 0.988989
vt 0.482843 0.981733
vt 0.471723 0.978127
vt 0.470006 0.972632
vt 0.119421 0.958175
vt 0.122699 0.961237
vt 0.114865 0.965800
vt 0.810846 0.989946
vt 0.812440 0.994922
vt 0.807044 0.993957
vt 0.802820 0.973223
vt 0.791856 0.971213
vt 0.125641 0.962212
vt 0.129062 0.974935
vt 0.124986 0.974205
vt 0.113316 0.974935
vt 0.224274 0.878983
vt 0.217047 0.888931
vt 0.217327 0.878983
vt 0.222550 0.892531
vt 0.225025 0.890790
vt 0.482843 0.968094
vt 0.478647 0.964360
vt 0.477064 0.964530
vt 0.805721 0.994000
vt 0.803303 0.987324
vt 0.812440 0.979390
vt 0.805917 0.980053
vt 0.093170 0.977776
vt 0.097937 0.973966
vt 0.097937 0.985038
vt 0.096159 0.952455
vt 0.093413 0.948888
vt 0.098074 0.950424
vt 0.942330 0.736009
vt 0.948175 0.734351
vt 0.951206 0.742558
vt 0.162288 0.961858
vt 0.156368 0.956547
vt 0.164641 0.954862
vt 0.749448 0.785951
vt 0.753593 0.785588
vt 0.753593 0.789850
vt 0.628100 0.268631
vt 0.630627 0.272094
vt 0.628100 0.274956
vt 0.958889 0.042034
vt 0.958384 0.057911
vt 0.945786 0.062713
vt 0.941205 0.041996
vt 0.379372 0.954630
vt 0.377278 0.938710
vt 0.390038 0.927021
vt 0.962631 0.950378
vt 0.962631 0.922398
vt 0.975237 0.935927
vt 0.922788 0.538964
vt 0.918310 0.537088
vt 0.919729 0.532861
vt 0.922788 0.530989
vt 0.859425 0.273246
vt 0.856184 0.270961
vt 0.855749 0.267002
vt 0.859425 0.264752
vt 0.852124 0.272318
vt 0.851860 0.268381
vt 0.969512 0.765053
vt 0.969512 0.793679
vt 0.954915 0.783611
vt 0.367131 0.927021
vt 0.247514 0.544241
vt 0.247514 0.531946
vt 0.248268 0.538565
vt 0.934214 0.975762
vt 0.940302 0.951843
vt 0.944716 0.968951
vt 0.937232 0.950908
vt 0.934214 0.954399
vt 0.958889 0.073889
vt 0.951584 0.076074
vt 0.955389 0.076609
vt 0.943078 0.721528
vt 0.934284 0.733168
vt 0.948416 0.722853
vt 0.092337 0.970252
vt 0.095672 0.957525
vt 0.098074 0.973966
vt 0.086376 0.964335
vt 0.086997 0.955635
vt 0.090142 0.948986
vt 0.934284 0.760617
vt 0.246877 0.952643
vt 0.246877 0.978955
vt 0.234916 0.964312
vt 0.968968 0.760617
vt 0.509884 0.955342
vt 0.523327 0.963889
vt 0.509884 0.962822
vt 0.525207 0.960066
vt 0.523850 0.957685
vt 0.147757 0.954862
vt 0.162445 0.970160
vt 0.156396 0.972026
vt 0.563874 0.578065
vt 0.563874 0.584361
vt 0.562634 0.580538
vt 0.527900 0.961013
vt 0.525392 0.943105
vt 0.936951 0.695169
vt 0.948681 0.706089
vt 0.935214 0.706678
vt 0.935214 0.719628
vt 0.944721 0.716679
vt 0.950292 0.711163
vt 0.518881 0.942073
vt 0.512622 0.945932
vt 0.575508 0.271084
vt 0.580927 0.274563
vt 0.575508 0.275388
vt 0.581335 0.270022
vt 0.579215 0.268631
vt 0.590477 0.269727
vt 0.586895 0.273731
vt 0.586895 0.268631
vt 0.591901 0.273801
vt 0.590084 0.275522
vt 0.949391 0.114743
vt 0.952345 0.116591
vt 0.948129 0.119109
vt 0.853472 0.728290
vt 0.847731 0.724810
vt 0.846934 0.707865
vt 0.853427 0.705837
vt 0.417007 0.630831
vt 0.421009 0.633626
vt 0.421882 0.651350
vt 0.417007 0.653549
vt 0.430439 0.983300
vt 0.436788 0.985937
vt 0.436154 0.996830
vt 0.430439 0.998990
vt 0.477139 0.997701
vt 0.470006 0.996471
vt 0.472099 0.986521
vt 0.477139 0.981733
vt 0.901153 0.998354
vt 0.904576 0.982582
vt 0.905624 0.983333
vt 0.902373 0.998007
vt 0.845925 0.723519
vt 0.845230 0.709095
vt 0.711650 0.950228
vt 0.712024 0.966168
vt 0.710900 0.965612
vt 0.710900 0.950639
vt 0.833136 0.726509
vt 0.832172 0.728290
vt 0.482844 0.976568
vt 0.492139 0.964360
vt 0.492450 0.965011
vt 0.483740 0.976509
vt 0.692697 0.980306
vt 0.692126 0.995052
vt 0.690960 0.996134
vt 0.691536 0.978614
vt 0.492450 0.987001
vt 0.244303 0.509660
vt 0.244303 0.494161
vt 0.245128 0.509102
vt 0.563693 0.561794
vt 0.562634 0.548703
vt 0.563693 0.547833
vt 0.980254 0.755275
vt 0.982987 0.738865
vt 0.981730 0.756556
vt 0.113023 0.701650
vt 0.106665 0.699903
vt 0.106770 0.693643
vt 0.113023 0.689983
vt 0.835294 0.458131
vt 0.841478 0.461996
vt 0.840506 0.467876
vt 0.835294 0.467908
vt 0.846138 0.922025
vt 0.852339 0.922394
vt 0.853404 0.927960
vt 0.847375 0.927824
vt 0.684994 0.998191
vt 0.684994 0.980735
vt 0.899047 0.996646
vt 0.899047 0.982984
vt 0.974091 0.566014
vt 0.976161 0.579436
vt 0.970265 0.578202
vt 0.989577 0.741248
vt 0.989577 0.760294
vt 0.988232 0.737056
vt 0.964452 0.579436
vt 0.966656 0.568097
vt 0.714525 0.965544
vt 0.716766 0.960805
vt 0.715373 0.953190
vt 0.560323 0.765119
vt 0.560323 0.755661
vt 0.563098 0.762356
vt 0.791093 0.616968
vt 0.791093 0.627657
vt 0.787464 0.620778
vt 0.846138 0.930547
vt 0.953698 0.115014
vt 0.948129 0.108556
vt 0.953141 0.108627
vt 0.808344 0.260910
vt 0.808344 0.250893
vt 0.810883 0.256457
vt 0.755198 0.963560
vt 0.759557 0.958712
vt 0.762101 0.965064
vt 0.891151 0.250804
vt 0.896605 0.254463
vt 0.896107 0.263187
vt 0.891151 0.265417
vt 0.903241 0.266663
vt 0.901397 0.273659
vt 0.248362 0.490084
vt 0.243704 0.494161
vt 0.237356 0.479504
vt 0.242961 0.480431
vt 0.248129 0.530775
vt 0.244267 0.531946
vt 0.244267 0.515536
vt 0.248362 0.516105
vt 0.245126 0.469338
vt 0.248362 0.472293
vt 0.447439 0.972606
vt 0.452636 0.970673
vt 0.452636 0.984692
vt 0.448745 0.982136
vt 0.903504 0.262041
vt 0.900384 0.256305
vt 0.766743 0.953581
vt 0.766171 0.968824
vt 0.760213 0.954799
vt 0.750943 0.973259
vt 0.750943 0.965109
vt 0.892290 0.160730
vt 0.879442 0.155997
vt 0.880203 0.139301
vt 0.892290 0.133417
vt 0.748250 0.974089
vt 0.735829 0.967768
vt 0.734109 0.953232
vt 0.748250 0.948969
vt 0.558946 0.636218
vt 0.561738 0.651385
vt 0.548772 0.656361
vt 0.532743 0.644227
vt 0.547158 0.671669
vt 0.530793 0.671669
vt 0.865687 0.135512
vt 0.865707 0.152751
vt 0.040111 0.922892
vt 0.030615 0.919508
vt 0.030475 0.909972
vt 0.040111 0.904399
vt 0.978289 0.095343
vt 0.968218 0.089948
vt 0.968787 0.080979
vt 0.978151 0.081472
vt 0.969710 0.072806
vt 0.978289 0.067360
vt 0.470006 0.943465
vt 0.478502 0.948230
vt 0.478716 0.960192
vt 0.470006 0.964360
vt 0.487901 0.946595
vt 0.488508 0.958465
vt 0.886130 0.922667
vt 0.886130 0.914839
vt 0.890339 0.916715
vt 0.392769 0.966132
vt 0.395414 0.955876
vt 0.395414 0.977151
vt 0.857713 0.955507
vt 0.872475 0.958162
vt 0.857713 0.973904
vt 0.243003 0.947750
vt 0.243003 0.924506
vt 0.248242 0.936969
vt 0.245914 0.946659
vt 0.965092 0.127541
vt 0.967711 0.132798
vt 0.965555 0.141420
vt 0.977701 0.143609
vt 0.965092 0.148768
vt 0.971043 0.153160
vt 0.977396 0.150713
vt 0.988764 0.165604
vt 0.994039 0.156086
vt 0.994816 0.161754
vt 0.985298 0.157528
vt 0.575652 0.959639
vt 0.574083 0.946632
vt 0.578517 0.945479
vt 0.572585 0.958846
vt 0.175808 0.983594
vt 0.181207 0.979950
vt 0.175402 0.988846
vt 0.184478 0.972981
vt 0.221660 0.988001
vt 0.217982 0.980333
vt 0.228560 0.982068
vt 0.560323 0.707459
vt 0.560323 0.694855
vt 0.563317 0.695291
vt 0.578062 0.969614
vt 0.572381 0.970090
vt 0.177746 0.965536
vt 0.182968 0.967401
vt 0.217982 0.989687
vt 0.184717 0.988846
vt 0.985298 0.168245
vt 0.222180 0.974019
vt 0.566018 0.957297
vt 0.969612 0.326743
vt 0.960833 0.329297
vt 0.960833 0.315913
vt 0.560323 0.675570
vt 0.563101 0.687093
vt 0.560586 0.681354
vt 0.382509 0.954630
vt 0.391384 0.955541
vt 0.387787 0.965192
vt 0.716885 0.948969
vt 0.724403 0.950429
vt 0.725806 0.953806
vt 0.227402 0.971346
vt 0.985811 0.152588
vt 0.567115 0.947529
vt 0.183873 0.987139
vt 0.560323 0.694855
vt 0.562634 0.594183
vt 0.562634 0.584361
vt 0.563286 0.589091
vt 0.106881 0.976287
vt 0.101913 0.986497
vt 0.098147 0.971756
vt 0.563913 0.945479
vt 0.870807 0.954856
vt 0.388656 0.973407
vt 0.734109 0.963237
vt 0.720811 0.959610
vt 0.732515 0.957175
vt 0.945801 0.371607
vt 0.941341 0.364882
vt 0.944591 0.361668
vt 0.941024 0.371607
vt 0.731272 0.950183
vt 0.727705 0.969613
vt 0.716885 0.965069
vt 0.105244 0.993503
vt 0.099897 0.993504
vt 0.407489 0.795194
vt 0.411752 0.791332
vt 0.411152 0.799293
vt 0.098147 0.985727
vt 0.407489 0.789060
vt 0.581335 0.275135
vt 0.581335 0.268631
vt 0.586895 0.271607
vt 0.972937 0.131276
vt 0.888749 0.413715
vt 0.899584 0.397583
vt 0.902155 0.411137
vt 0.891789 0.399726
vt 0.929952 0.904625
vt 0.927074 0.921337
vt 0.999876 0.368826
vt 0.993217 0.360911
vt 0.993261 0.353241
vt 0.876540 0.423675
vt 0.889106 0.425343
vt 0.876540 0.409995
vt 0.902989 0.421212
vt 0.922312 0.622847
vt 0.938400 0.616846
vt 0.938486 0.629396
vt 0.925021 0.609509
vt 0.993217 0.375217
vt 0.106881 0.992093
vt 0.107299 0.983208
vt 0.112804 0.981119
vt 0.934781 0.909483
vt 0.938037 0.922103
vt 0.926973 0.899965
vt 0.932439 0.879738
vt 0.936541 0.891788
vt 0.935242 0.601975
vt 0.930842 0.593024
vt 0.112105 0.972629
vt 0.106881 0.971756
vt 0.925159 0.909726
vt 0.881347 0.395722
vt 0.889409 0.371635
vt 0.885049 0.374185
vt 0.938486 0.580572
vt 0.276586 0.933559
vt 0.271955 0.950978
vt 0.270476 0.937172
vt 0.276586 0.954537
vt 0.938037 0.878791
vt 0.274057 0.956865
vt 0.861405 0.874708
vt 0.879370 0.873504
vt 0.870226 0.896446
vt 0.989013 0.638156
vt 0.996251 0.638156
vt 0.990829 0.651311
vt 0.147226 0.968585
vt 0.143895 0.980069
vt 0.135410 0.970749
vt 0.135410 0.986070
vt 0.494094 0.964089
vt 0.488508 0.961526
vt 0.494094 0.943466
vt 0.945488 0.679047
vt 0.951414 0.695169
vt 0.940814 0.684344
vt 0.883004 0.863161
vt 0.037013 0.958739
vt 0.034869 0.978364
vt 0.029403 0.974647
vt 0.175402 0.855851
vt 0.173036 0.868017
vt 0.156411 0.863391
vt 0.883004 0.891120
vt 0.882854 0.897875
vt 0.147757 0.881017
vt 0.518569 0.936530
vt 0.509884 0.942073
vt 0.510552 0.919568
vt 0.163582 0.894243
vt 0.164088 0.882217
vt 0.175402 0.888714
vt 0.152415 0.886197
vt 0.867794 0.853703
vt 0.875943 0.858974
vt 0.857713 0.870198
vt 0.241599 0.924506
vt 0.243003 0.952643
vt 0.230463 0.952096
vt 0.233396 0.924506
vt 0.217982 0.948741
vt 0.536280 0.926510
vt 0.537083 0.937715
vt 0.837566 0.956371
vt 0.840388 0.956898
vt 0.840388 0.983062
vt 0.831501 0.973894
vt 0.222783 0.925737
vt 0.964657 0.389855
vt 0.971342 0.387743
vt 0.976420 0.397994
vt 0.964657 0.415827
vt 0.537083 0.915371
vt 0.525606 0.913216
vt 0.935214 0.674951
vt 0.940184 0.670250
vt 0.943703 0.660585
vt 0.950456 0.655010
vt 0.951414 0.664810
vt 0.993444 0.264179
vt 0.999893 0.275058
vt 0.993444 0.285419
vt 0.039811 0.944562
vt 0.024739 0.958739
vt 0.025517 0.950890
vt 0.563913 0.970090
vt 0.575841 0.970090
vt 0.568752 0.984555
vt 0.030387 0.922892
vt 0.034439 0.935203
vt 0.028104 0.938796
vt 0.024739 0.930236
vt 0.024739 0.958739
vt 0.574293 0.987077
vt 0.931544 0.562963
vt 0.927207 0.564458
vt 0.927403 0.554685
vt 0.852220 0.968262
vt 0.849662 0.958342
vt 0.854054 0.958546
vt 0.939332 0.555423
vt 0.942609 0.563348
vt 0.934855 0.559878
vt 0.518833 0.988032
vt 0.514854 0.990194
vt 0.509884 0.981576
vt 0.927207 0.545320
vt 0.928041 0.539366
vt 0.936377 0.541826
vt 0.934203 0.539235
vt 0.939158 0.550532
vt 0.845421 0.972639
vt 0.845737 0.969190
vt 0.818769 0.920375
vt 0.809673 0.921377
vt 0.810504 0.919269
vt 0.667636 0.985608
vt 0.670404 0.991254
vt 0.666529 0.989089
vt 0.845341 0.958926
vt 0.946667 0.539026
vt 0.948960 0.546729
vt 0.945110 0.547843
vt 0.944750 0.540299
vt 0.845623 0.951782
vt 0.849363 0.951342
vt 0.563585 0.660868
vt 0.561738 0.648384
vt 0.563585 0.647895
vt 0.928302 0.317625
vt 0.923787 0.326078
vt 0.924915 0.317815
vt 0.845453 0.942327
vt 0.849092 0.940953
vt 0.986357 0.465779
vt 0.986788 0.473404
vt 0.984180 0.472905
vt 0.984024 0.465242
vt 0.845341 0.932290
vt 0.848425 0.932792
vt 0.783314 0.987649
vt 0.784112 0.978538
vt 0.788855 0.982715
vt 0.983157 0.478264
vt 0.342705 0.983764
vt 0.342973 0.991595
vt 0.338684 0.991610
vt 0.339893 0.986326
vt 0.562759 0.746423
vt 0.560323 0.744256
vt 0.562759 0.733993
vt 0.934817 0.572739
vt 0.937448 0.568033
vt 0.515194 0.994815
vt 0.509884 0.993690
vt 0.509896 0.990667
vt 0.783862 0.975181
vt 0.783314 0.971213
vt 0.789771 0.971899
vt 0.791856 0.977157
vt 0.815962 0.912376
vt 0.819282 0.913263
vt 0.666529 0.998132
vt 0.852750 0.949148
vt 0.917812 0.328866
vt 0.917812 0.318386
vt 0.854146 0.943208
vt 0.514842 0.980937
vt 0.602615 0.268631
vt 0.598761 0.274599
vt 0.597433 0.268631
vt 0.247997 0.315156
vt 0.247997 0.300882
vt 0.248321 0.311443
vt 0.842025 0.958952
vt 0.842307 0.951808
vt 0.780530 0.975219
vt 0.779982 0.971250
vt 0.780780 0.978576
vt 0.779982 0.987687
vt 0.842105 0.972665
vt 0.989603 0.465349
vt 0.990033 0.472974
vt 0.983506 0.455672
vt 0.986751 0.455242
vt 0.983157 0.448172
vt 0.986402 0.447742
vt 0.342796 0.996408
vt 0.346307 0.991595
vt 0.346130 0.996408
vt 0.346039 0.983763
vt 0.842137 0.942352
vt 0.842025 0.932316
vt 0.819282 0.923669
vt 0.810187 0.924672
vt 0.670668 0.984374
vt 0.673436 0.990020
vt 0.968795 0.351016
vt 0.975253 0.343591
vt 0.979683 0.353241
vt 0.409706 0.965361
vt 0.407925 0.969583
vt 0.396668 0.965224
vt 0.404883 0.949027
vt 0.412745 0.950349
vt 0.410297 0.958012
vt 0.401001 0.955138
vt 0.050328 0.936570
vt 0.040675 0.933423
vt 0.052277 0.926739
vt 0.537083 0.986613
vt 0.545522 0.981419
vt 0.545522 0.995026
vt 0.040368 0.928048
vt 0.040368 0.917781
vt 0.055492 0.909990
vt 0.045316 0.911492
vt 0.993714 0.807297
vt 0.989929 0.809393
vt 0.052342 0.905963
vt 0.059789 0.905772
vt 0.063154 0.910853
vt 0.961969 0.848039
vt 0.971007 0.847155
vt 0.971007 0.854976
vt 0.877471 0.270709
vt 0.883544 0.268283
vt 0.883544 0.275633
vt 0.963376 0.854489
vt 0.060475 0.937538
vt 0.399225 0.945166
vt 0.066658 0.932743
vt 0.067100 0.921704
vt 0.635975 0.958490
vt 0.631424 0.966615
vt 0.630498 0.952248
vt 0.624843 0.961940
vt 0.396668 0.939070
vt 0.404560 0.937577
vt 0.409987 0.944501
vt 0.963733 0.529087
vt 0.963733 0.537731
vt 0.958999 0.530317
vt 0.961904 0.760450
vt 0.961904 0.748712
vt 0.967721 0.757805
vt 0.635975 0.968256
vt 0.247629 0.564684
vt 0.248457 0.572263
vt 0.244258 0.575988
vt 0.248457 0.579215
vt 0.811999 0.245484
vt 0.808344 0.250893
vt 0.808344 0.242715
vt 0.987456 0.826304
vt 0.994203 0.818615
vt 0.677093 0.642101
vt 0.666530 0.634697
vt 0.679713 0.637522
vt 0.668067 0.642228
vt 0.673944 0.647662
vt 0.662151 0.649429
vt 0.683347 0.644119
vt 0.973065 0.334852
vt 0.969909 0.343861
vt 0.667150 0.653624
vt 0.979683 0.329764
vt 0.801805 0.967898
vt 0.797046 0.960365
vt 0.802937 0.957166
vt 0.687952 0.633681
vt 0.694473 0.630403
vt 0.691143 0.639048
vt 0.682854 0.627871
vt 0.690977 0.623765
vt 0.797046 0.953601
vt 0.695782 0.623885
vt 0.964362 0.843397
vt 0.688277 0.619720
vt 0.679071 0.622317
vt 0.969836 0.837299
vt 0.674909 0.626552
vt 0.670161 0.620117
vt 0.662151 0.628619
vt 0.417007 0.668800
vt 0.417007 0.653548
vt 0.421687 0.660008
vt 0.631978 0.941177
vt 0.953535 0.949361
vt 0.960385 0.937810
vt 0.962060 0.946361
vt 0.955497 0.940150
vt 0.964452 0.566014
vt 0.968188 0.553315
vt 0.969529 0.563628
vt 0.650885 0.269445
vt 0.645821 0.261335
vt 0.646696 0.256367
vt 0.945221 0.955554
vt 0.953760 0.956786
vt 0.945221 0.946771
vt 0.962631 0.952848
vt 0.082066 0.984680
vt 0.082066 0.997683
vt 0.075760 0.992704
vt 0.295312 0.971760
vt 0.300892 0.975170
vt 0.295312 0.984555
vt 0.645821 0.273002
vt 0.563887 0.647895
vt 0.561738 0.641724
vt 0.563887 0.636218
vt 0.972142 0.555666
vt 0.976697 0.562656
vt 0.964976 0.551523
vt 0.964452 0.539026
vt 0.969660 0.545252
vt 0.991883 0.999360
vt 0.995270 0.989506
vt 0.998967 0.995260
vt 0.991883 0.987413
vt 0.142228 0.932344
vt 0.147315 0.921972
vt 0.146853 0.928423
vt 0.143265 0.923434
vt 0.965540 0.557756
vt 0.948236 0.937012
vt 0.954001 0.922397
vt 0.950925 0.923683
vt 0.993914 0.977629
vt 0.145516 0.907459
vt 0.142228 0.904164
vt 0.505630 0.868163
vt 0.505630 0.859909
vt 0.509394 0.866559
vt 0.508297 0.870921
vt 0.913395 0.802315
vt 0.905657 0.805120
vt 0.906375 0.795364
vt 0.569599 0.272168
vt 0.569159 0.268631
vt 0.572340 0.269679
vt 0.523413 0.965995
vt 0.517280 0.968610
vt 0.509884 0.963888
vt 0.972712 0.041566
vt 0.965713 0.026535
vt 0.976962 0.026535
vt 0.523413 0.980937
vt 0.515443 0.979099
vt 0.666230 0.838839
vt 0.663120 0.837944
vt 0.663509 0.832479
vt 0.666230 0.831335
vt 0.941339 0.422787
vt 0.936916 0.420683
vt 0.938078 0.414829
vt 0.941339 0.414323
vt 0.978604 0.640670
vt 0.985956 0.652262
vt 0.978604 0.654350
vt 0.987885 0.649197
vt 0.984154 0.642307
vt 0.504193 0.982336
vt 0.494293 0.993143
vt 0.494293 0.978720
vt 0.499552 0.992794
vt 0.504889 0.986203
vt 0.915219 0.791350
vt 0.905657 0.791099
vt 0.917081 0.802412
vt 0.886130 0.897875
vt 0.890341 0.904839
vt 0.886130 0.906172
vt 0.890122 0.901587
vt 0.887921 0.898456
vt 0.562793 0.765561
vt 0.560323 0.772696
vt 0.560323 0.765119
vt 0.561997 0.771973
vt 0.563434 0.768726
vt 0.569159 0.275386
vt 0.575508 0.269698
vt 0.575122 0.275308
vt 0.615332 0.984136
vt 0.621498 0.978681
vt 0.622840 0.985897
vt 0.549923 0.981419
vt 0.538792 0.977396
vt 0.537083 0.972125
vt 0.935091 0.985826
vt 0.941223 0.989168
vt 0.934214 0.992818
vt 0.887528 0.800182
vt 0.887495 0.804658
vt 0.883422 0.803924
vt 0.621701 0.970883
vt 0.609999 0.970066
vt 0.609999 0.982488
vt 0.001480 0.981394
vt 0.010757 0.990019
vt 0.000000 0.991200
vt 0.010757 0.977697
vt 0.008377 0.976514
vt 0.941250 0.975762
vt 0.934214 0.976307
vt 0.943547 0.987359
vt 0.549923 0.967617
vt 0.545729 0.963946
vt 0.544147 0.964159
vt 0.881835 0.803769
vt 0.877628 0.795981
vt 0.887185 0.788597
vt 0.880039 0.788597
vt 0.885723 0.011643
vt 0.873639 0.027585
vt 0.870998 0.013992
vt 0.882514 0.025600
vt 0.930880 0.799015
vt 0.927114 0.817496
vt 0.925510 0.799921
vt 0.931871 0.812692
vt 0.896687 0.001688
vt 0.885322 0.000000
vt 0.896687 0.015377
vt 0.870257 0.003909
vt 0.125432 0.858644
vt 0.114468 0.869026
vt 0.113316 0.855385
vt 0.128966 0.871364
vt 0.940038 0.797867
vt 0.938748 0.807895
vt 0.135960 0.858369
vt 0.133981 0.875801
vt 0.135960 0.880825
vt 0.131219 0.902333
vt 0.127480 0.890000
vt 0.121220 0.882638
vt 0.931556 0.822726
vt 0.937698 0.821639
vt 0.891214 0.029562
vt 0.978674 0.299444
vt 0.969921 0.322987
vt 0.969921 0.294700
vt 0.974160 0.320707
vt 0.885205 0.053758
vt 0.125252 0.904164
vt 0.934990 0.844531
vt 0.940038 0.849155
vt 0.612095 0.271727
vt 0.607024 0.273947
vt 0.607024 0.268631
vt 0.813500 0.932687
vt 0.805295 0.943382
vt 0.803667 0.934536
vt 0.811453 0.942016
vt 0.967083 0.655674
vt 0.963811 0.668953
vt 0.962378 0.657318
vt 0.967443 0.665238
vt 0.819004 0.924923
vt 0.813225 0.925007
vt 0.819004 0.933958
vt 0.803303 0.927965
vt 0.733354 0.620083
vt 0.726460 0.628619
vt 0.725926 0.619720
vt 0.735689 0.628969
vt 0.972960 0.655010
vt 0.972498 0.661502
vt 0.740548 0.620414
vt 0.739048 0.632135
vt 0.740548 0.636208
vt 0.737205 0.650791
vt 0.734624 0.641855
vt 0.730686 0.637374
vt 0.967451 0.671883
vt 0.972046 0.670653
vt 0.775097 0.937481
vt 0.779690 0.942941
vt 0.775097 0.948984
vt 0.593856 0.916456
vt 0.587824 0.931098
vt 0.587824 0.912578
vt 0.590737 0.929938
vt 0.813307 0.960578
vt 0.733228 0.652081
vt 0.969794 0.686651
vt 0.972960 0.689928
vt 0.735607 0.654287
vt 0.509493 0.835005
vt 0.505630 0.838449
vt 0.505630 0.827376
vt 0.757250 0.785588
vt 0.757250 0.790417
vt 0.753593 0.787018
vt 0.175305 0.938070
vt 0.170922 0.934392
vt 0.175305 0.926965
vt 0.458177 0.965283
vt 0.461265 0.971282
vt 0.453073 0.969432
vt 0.893573 0.635464
vt 0.894793 0.637965
vt 0.891062 0.640198
vt 0.977327 0.162793
vt 0.979871 0.166281
vt 0.977327 0.168971
vt 0.469626 0.914532
vt 0.468724 0.932989
vt 0.454591 0.941792
vt 0.453073 0.914439
vt 0.976423 0.974609
vt 0.962631 0.969707
vt 0.962732 0.953284
vt 0.976423 0.950378
vt 0.175308 0.946415
vt 0.170922 0.943019
vt 0.172338 0.938637
vt 0.175308 0.938070
vt 0.827913 0.458376
vt 0.831273 0.460081
vt 0.831657 0.464853
vt 0.827913 0.467908
vt 0.835060 0.460308
vt 0.835294 0.464921
vt 0.919163 0.353325
vt 0.899790 0.329764
vt 0.923900 0.329764
vt 0.905737 0.345929
vt 0.911159 0.349944
vt 0.797046 0.953601
vt 0.781668 0.968846
vt 0.779982 0.953601
vt 0.784935 0.971213
vt 0.788988 0.970227
vt 0.469626 0.950298
vt 0.462830 0.952669
vt 0.466414 0.953246
vt 0.413811 0.937415
vt 0.406971 0.923127
vt 0.418200 0.923507
vt 0.406225 0.937577
vt 0.402759 0.927045
vt 0.903885 0.367414
vt 0.915287 0.357880
vt 0.912175 0.369560
vt 0.844345 0.269771
vt 0.851860 0.273223
vt 0.844141 0.272419
vt 0.851860 0.264752
vt 0.563814 0.835113
vt 0.563814 0.842896
vt 0.561872 0.838763
vt 0.418200 0.901193
vt 0.396668 0.900030
vt 0.401752 0.921006
vt 0.976233 0.996105
vt 0.983069 0.981727
vt 0.984405 0.996105
vt 0.979441 0.980176
vt 0.977392 0.981781
vt 0.468585 0.973335
vt 0.461975 0.955550
vt 0.468585 0.953246
vt 0.897288 0.639108
vt 0.902275 0.654262
vt 0.891062 0.655010
vt 0.955479 0.153654
vt 0.942032 0.169095
vt 0.942032 0.153396
vt 0.951637 0.166551
vt 0.957168 0.160170
vt 0.908495 0.638015
vt 0.907474 0.653691
vt 0.910438 0.648228
vt 0.889254 0.272508
vt 0.883974 0.270172
vt 0.889254 0.268283
vt 0.883544 0.274466
vt 0.885621 0.275499
vt 0.982153 0.161789
vt 0.978953 0.158194
vt 0.982191 0.165762
vt 0.050012 0.980709
vt 0.054803 0.977032
vt 0.054803 0.987862
vt 0.660784 0.830823
vt 0.663844 0.826979
vt 0.663691 0.831322
vt 0.261351 0.958563
vt 0.266407 0.961007
vt 0.261378 0.968570
vt 0.080402 0.977203
vt 0.082274 0.984680
vt 0.074923 0.982015
vt 0.965894 0.458965
vt 0.968417 0.461663
vt 0.964140 0.463671
vt 0.757250 0.786145
vt 0.760691 0.785588
vt 0.760691 0.790011
vt 0.934164 0.040186
vt 0.936296 0.021210
vt 0.951078 0.012659
vt 0.951078 0.039932
vt 0.910243 0.156704
vt 0.913389 0.143299
vt 0.930304 0.139002
vt 0.933714 0.156704
vt 0.942816 0.922398
vt 0.938037 0.919146
vt 0.939448 0.914762
vt 0.942816 0.914180
vt 0.787464 0.627657
vt 0.790930 0.629601
vt 0.791075 0.634349
vt 0.787464 0.636972
vt 0.402407 0.790336
vt 0.407066 0.790613
vt 0.407097 0.794472
vt 0.402590 0.793980
vt 0.206625 0.941345
vt 0.187185 0.963847
vt 0.187185 0.940783
vt 0.417007 0.605617
vt 0.417007 0.579215
vt 0.421635 0.593368
vt 0.260236 0.975309
vt 0.261273 0.959853
vt 0.926163 0.121830
vt 0.922512 0.120212
vt 0.918612 0.122773
vt 0.936602 0.003145
vt 0.943715 0.000530
vt 0.940092 0.000000
vt 0.910331 0.539026
vt 0.917003 0.553971
vt 0.905676 0.551932
vt 0.917979 0.539842
vt 0.921366 0.551464
vt 0.275071 0.966633
vt 0.275071 0.958158
vt 0.655681 0.822513
vt 0.663295 0.823298
vt 0.655824 0.831322
vt 0.905676 0.578836
vt 0.927207 0.580572
vt 0.922242 0.556903
vt 0.164641 0.996073
vt 0.171515 0.981668
vt 0.173254 0.996073
vt 0.167460 0.980093
vt 0.165272 0.981693
vt 0.506532 0.978721
vt 0.498709 0.960226
vt 0.506532 0.958465
vt 0.494293 0.969741
vt 0.498187 0.976126
vt 0.970791 0.462917
vt 0.974780 0.478264
vt 0.961405 0.478264
vt 0.704440 0.969970
vt 0.693165 0.986357
vt 0.693165 0.970763
vt 0.700937 0.982975
vt 0.705653 0.976234
vt 0.082274 0.969316
vt 0.068883 0.983243
vt 0.069307 0.971852
vt 0.403175 0.798891
vt 0.407489 0.798891
vt 0.401020 0.795767
vt 0.398547 0.794104
vt 0.398930 0.789060
vt 0.048013 0.967431
vt 0.050858 0.975380
vt 0.040368 0.973654
vt 0.914075 0.535439
vt 0.916589 0.538366
vt 0.913057 0.538964
vt 0.903647 0.788272
vt 0.901362 0.794430
vt 0.890965 0.796543
vt 0.887661 0.788272
vt 0.518833 0.980937
vt 0.526631 0.982026
vt 0.524863 0.993504
vt 0.518833 0.996768
vt 0.913057 0.531308
vt 0.911389 0.533643
vt 0.906109 0.533380
vt 0.905676 0.531308
vt 0.602615 0.268631
vt 0.607024 0.270028
vt 0.605861 0.274613
vt 0.602615 0.275254
vt 0.055408 0.977031
vt 0.049728 0.963712
vt 0.055408 0.961322
vt 0.907991 0.988483
vt 0.918288 0.973345
vt 0.918288 0.989118
vt 0.912880 0.974995
vt 0.907320 0.984062
vt 0.890564 0.800246
vt 0.900322 0.804033
vt 0.896313 0.804848
vt 0.918310 0.538964
vt 0.913366 0.532462
vt 0.917143 0.531309
vt 0.561738 0.668357
vt 0.561738 0.660868
vt 0.563814 0.667321
vt 0.113189 0.709795
vt 0.113189 0.716770
vt 0.111979 0.711376
vt 0.111706 0.714720
vt 0.912484 0.539026
vt 0.906612 0.536274
vt 0.909399 0.538706
vt 0.972715 0.974609
vt 0.972695 0.983018
vt 0.963744 0.980503
vt 0.396668 0.969583
vt 0.407685 0.972282
vt 0.409464 0.977606
vt 0.940225 0.158956
vt 0.933714 0.160805
vt 0.933714 0.152346
vt 0.612094 0.268631
vt 0.616936 0.271338
vt 0.612094 0.274188
vt 0.900692 0.071268
vt 0.915117 0.074511
vt 0.907359 0.075356
vt 0.913510 0.065334
vt 0.901595 0.065818
vt 0.910492 0.056516
vt 0.901479 0.056516
vt 0.914630 0.062528
vt 0.917699 0.803443
vt 0.925463 0.794039
vt 0.924833 0.803443
vt 0.919716 0.791099
vt 0.917081 0.792812
vt 0.396668 0.982195
vt 0.400881 0.985653
vt 0.402471 0.985497
vt 0.962901 0.985078
vt 0.962631 0.981072
vt 0.972715 0.991040
vt 0.563425 0.707459
vt 0.563425 0.719596
vt 0.560323 0.712815
vt 0.408477 0.858218
vt 0.397878 0.872577
vt 0.396668 0.858783
vt 0.404558 0.871719
vt 0.063561 0.859923
vt 0.052580 0.877250
vt 0.055047 0.859877
vt 0.058568 0.873067
vt 0.421766 0.849274
vt 0.409164 0.846600
vt 0.420602 0.862875
vt 0.396668 0.848703
vt 0.960900 0.922188
vt 0.960900 0.903632
vt 0.970377 0.907288
vt 0.964657 0.387743
vt 0.962030 0.398821
vt 0.948069 0.389313
vt 0.819245 0.979390
vt 0.819245 0.995911
vt 0.812440 0.985456
vt 0.067100 0.859043
vt 0.065609 0.868985
vt 0.048111 0.872311
vt 0.044653 0.859043
vt 0.056627 0.882942
vt 0.052239 0.904306
vt 0.047377 0.891187
vt 0.951348 0.401701
vt 0.955918 0.409781
vt 0.062397 0.882453
vt 0.415380 0.876281
vt 0.404167 0.900030
vt 0.409197 0.897668
vt 0.948069 0.418254
vt 0.421509 0.605617
vt 0.421509 0.630831
vt 0.417007 0.626834
vt 0.047642 0.905772
vt 0.621382 0.270188
vt 0.616936 0.274315
vt 0.616936 0.268631
vt 0.430493 0.945372
vt 0.424137 0.957071
vt 0.422527 0.950272
vt 0.980299 0.826878
vt 0.979347 0.835780
vt 0.975579 0.836225
vt 0.068116 0.961322
vt 0.061394 0.972411
vt 0.062483 0.962347
vt 0.972270 0.156731
vt 0.977327 0.164707
vt 0.976489 0.168971
vt 0.438858 0.940063
vt 0.430285 0.939270
vt 0.438858 0.947366
vt 0.421951 0.944881
vt 0.666486 0.942682
vt 0.655295 0.949178
vt 0.655295 0.940075
vt 0.664877 0.950910
vt 0.977327 0.153396
vt 0.787464 0.636972
vt 0.789686 0.643022
vt 0.787464 0.648654
vt 0.058182 0.969111
vt 0.055408 0.961322
vt 0.949976 0.262685
vt 0.949976 0.274756
vt 0.945008 0.268398
vt 0.657664 0.958205
vt 0.660856 0.963133
vt 0.975080 0.826956
vt 0.972201 0.837627
vt 0.971580 0.830909
vt 0.058259 0.979513
vt 0.886130 0.906172
vt 0.890066 0.909140
vt 0.886130 0.914839
vt 0.624866 0.268631
vt 0.628100 0.273835
vt 0.624363 0.273835
vt 0.428627 0.953468
vt 0.436089 0.956503
vt 0.430006 0.967737
vt 0.433212 0.967010
vt 0.980299 0.854671
vt 0.655660 0.972285
vt 0.976489 0.851963
vt 0.787464 0.614581
vt 0.787464 0.605564
vt 0.791060 0.612365
vt 0.790436 0.616968
vt 0.917559 0.645208
vt 0.911889 0.649637
vt 0.910438 0.639069
vt 0.832841 0.269800
vt 0.834909 0.272753
vt 0.831336 0.272598
vt 0.969818 0.620281
vt 0.976152 0.621055
vt 0.980563 0.630912
vt 0.969754 0.632647
vt 0.973782 0.610478
vt 0.980563 0.615121
vt 0.621382 0.268631
vt 0.624363 0.269209
vt 0.624006 0.274490
vt 0.621382 0.275801
vt 0.947730 0.914180
vt 0.952140 0.916404
vt 0.950977 0.922098
vt 0.947730 0.922395
vt 0.283533 0.997354
vt 0.276873 0.989988
vt 0.283533 0.985185
vt 0.922028 0.645456
vt 0.913073 0.653571
vt 0.035730 0.980938
vt 0.024739 0.991895
vt 0.024739 0.978364
vt 0.030055 0.991757
vt 0.036054 0.985045
vt 0.922028 0.636106
vt 0.910438 0.635464
vt 0.836539 0.273171
vt 0.832587 0.266532
vt 0.836539 0.264752
vt 0.244873 0.596528
vt 0.247257 0.590410
vt 0.247257 0.597560
vt 0.245631 0.590743
vt 0.244240 0.593480
vt 0.829097 0.272930
vt 0.828343 0.267294
vt 0.217427 0.968711
vt 0.214808 0.974041
vt 0.207099 0.971268
vt 0.301213 0.966470
vt 0.312338 0.970550
vt 0.314051 0.974481
vt 0.022401 0.985401
vt 0.016297 0.981771
vt 0.023462 0.976570
vt 0.302158 0.983449
vt 0.301213 0.978147
vt 0.305408 0.981054
vt 0.367131 0.969719
vt 0.378846 0.973956
vt 0.371377 0.974059
vt 0.381544 0.965380
vt 0.369247 0.964533
vt 0.377035 0.955773
vt 0.367131 0.954630
vt 0.382509 0.962612
vt 0.016482 0.993206
vt 0.023462 0.993202
vt 0.014032 0.983021
vt 0.306990 0.980798
vt 0.205635 0.977827
vt 0.206024 0.972269
vt 0.213747 0.986161
vt 0.217427 0.980993
vt 0.233565 0.639849
vt 0.245471 0.624148
vt 0.247743 0.637793
vt 0.236462 0.625980
vt 0.771689 0.835429
vt 0.777619 0.816527
vt 0.779982 0.832677
vt 0.771911 0.821492
vt 0.226645 0.649383
vt 0.233965 0.651486
vt 0.226645 0.635709
vt 0.248195 0.647893
vt 0.827827 0.897570
vt 0.841323 0.885960
vt 0.844139 0.899319
vt 0.824432 0.885501
vt 0.764302 0.834555
vt 0.764302 0.826143
vt 0.819361 0.899319
vt 0.819889 0.881811
vt 0.771617 0.812487
vt 0.768661 0.791265
vt 0.776162 0.800703
vt 0.832957 0.873378
vt 0.825338 0.866903
vt 0.764605 0.813782
vt 0.187185 0.980211
vt 0.194319 0.991874
vt 0.187185 0.998702
vt 0.961019 0.223067
vt 0.971843 0.209553
vt 0.971843 0.228056
vt 0.966744 0.210363
vt 0.233757 0.597806
vt 0.828171 0.852659
vt 0.764879 0.785588
vt 0.822587 0.855274
vt 0.769910 0.786570
vt 0.818937 0.448191
vt 0.810322 0.456128
vt 0.808894 0.449422
vt 0.816462 0.454660
vt 0.953343 0.573673
vt 0.957889 0.560745
vt 0.959118 0.572405
vt 0.954006 0.564106
vt 0.249041 0.993366
vt 0.256154 0.988231
vt 0.256756 0.995446
vt 0.248457 0.985000
vt 0.818937 0.442675
vt 0.808670 0.444380
vt 0.135410 0.965617
vt 0.147307 0.960655
vt 0.146849 0.968585
vt 0.136598 0.956653
vt 0.948960 0.573691
vt 0.948960 0.567340
vt 0.960661 0.562719
vt 0.964452 0.570417
vt 0.953940 0.557533
vt 0.952650 0.542633
vt 0.957714 0.550197
vt 0.144650 0.951232
vt 0.141115 0.945710
vt 0.949331 0.558331
vt 0.135410 0.952294
vt 0.256756 0.980361
vt 0.772042 0.840633
vt 0.764302 0.843233
vt 0.764302 0.835429
vt 0.194319 0.994782
vt 0.201575 0.980211
vt 0.201575 0.998194
vt 0.198157 0.981527
vt 0.817640 0.467908
vt 0.146504 0.937116
vt 0.950587 0.539026
vt 0.143178 0.936472
vt 0.147051 0.933900
vt 0.925157 0.254132
vt 0.923159 0.259794
vt 0.917364 0.251025
vt 0.912919 0.079928
vt 0.916695 0.077015
vt 0.916320 0.080835
vt 0.766743 0.990286
vt 0.772977 0.989453
vt 0.774042 0.998638
vt 0.902379 0.147191
vt 0.896045 0.151869
vt 0.895955 0.143561
vt 0.745503 0.789059
vt 0.741446 0.790318
vt 0.741446 0.785588
vt 0.933188 0.361668
vt 0.933847 0.364610
vt 0.930036 0.367170
vt 0.929358 0.115778
vt 0.923599 0.097527
vt 0.930074 0.085056
vt 0.438858 0.970673
vt 0.438858 0.939270
vt 0.452651 0.959625
vt 0.903618 0.232362
vt 0.911637 0.247422
vt 0.903618 0.261846
vt 0.910243 0.120212
vt 0.942816 0.914180
vt 0.947730 0.916423
vt 0.946342 0.920469
vt 0.942816 0.922067
vt 0.828343 0.274332
vt 0.825571 0.272193
vt 0.825028 0.267520
vt 0.828343 0.264752
vt 0.821011 0.272579
vt 0.820683 0.268016
vt 0.923089 0.233794
vt 0.913021 0.103227
vt 0.910243 0.083340
vt 0.409464 0.986891
vt 0.409464 0.969583
vt 0.414334 0.974241
vt 0.113023 0.701651
vt 0.113023 0.709795
vt 0.111706 0.705096
vt 0.419692 0.985048
vt 0.421342 0.972793
vt 0.774042 0.979603
vt 0.914961 0.266489
vt 0.923577 0.257609
vt 0.923524 0.267958
vt 0.412534 0.970911
vt 0.917045 0.274438
vt 0.914458 0.271436
vt 0.296790 0.945979
vt 0.287416 0.971760
vt 0.287416 0.945288
vt 0.301213 0.968994
vt 0.300589 0.947992
vt 0.398547 0.789389
vt 0.389917 0.799459
vt 0.389917 0.789060
vt 0.897116 0.076711
vt 0.881857 0.072313
vt 0.897981 0.073783
vt 0.896056 0.072250
vt 0.892290 0.160730
vt 0.909810 0.150055
vt 0.909852 0.157460
vt 0.113108 0.716770
vt 0.113108 0.722076
vt 0.111706 0.719035
vt 0.900692 0.072283
vt 0.893439 0.056516
vt 0.693165 0.953186
vt 0.710900 0.950228
vt 0.704058 0.960660
vt 0.710900 0.969970
vt 0.892290 0.140619
vt 0.886837 0.056610
vt 0.881857 0.061840
vt 0.935695 0.370289
vt 0.930036 0.371324
vt 0.936027 0.365843
vt 0.792902 0.648654
vt 0.792902 0.654052
vt 0.790389 0.651760
vt 0.787464 0.653929
vt 0.787464 0.648654
vt 0.790389 0.651200
vt 0.790109 0.653636
vt 0.509590 0.846269
vt 0.505630 0.849146
vt 0.505630 0.838449
vt 0.749448 0.785588
vt 0.747500 0.790107
vt 0.745503 0.785588
vt 0.509507 0.859909
vt 0.505630 0.855657
vt 0.509507 0.849146
vt 0.425469 0.972899
vt 0.421951 0.967786
vt 0.430070 0.967774
vt 0.235171 0.993218
vt 0.238767 0.995748
vt 0.234916 0.997421
vt 0.779959 0.932720
vt 0.777053 0.929522
vt 0.779959 0.926594
vt 0.930074 0.116027
vt 0.932540 0.097454
vt 0.947244 0.088627
vt 0.948129 0.116027
vt 0.320816 0.971160
vt 0.329464 0.980632
vt 0.320816 0.994143
vt 0.922312 0.629396
vt 0.937930 0.653493
vt 0.922312 0.653518
vt 0.663844 0.822513
vt 0.666528 0.827654
vt 0.663844 0.830638
vt 0.811415 0.268673
vt 0.808344 0.269003
vt 0.750609 0.907854
vt 0.747154 0.906217
vt 0.746836 0.901515
vt 0.750609 0.898632
vt 0.559595 0.913076
vt 0.555090 0.912809
vt 0.556681 0.909289
vt 0.560992 0.909761
vt 0.907760 0.387843
vt 0.927099 0.411398
vt 0.902989 0.411398
vt 0.921186 0.395609
vt 0.915766 0.391439
vt 0.000000 0.976514
vt 0.007219 0.952345
vt 0.014032 0.966349
vt 0.003394 0.952186
vt 0.000000 0.955882
vt 0.933499 0.080006
vt 0.941171 0.077577
vt 0.937329 0.077015
vt 0.911605 0.437756
vt 0.917798 0.452941
vt 0.906280 0.451314
vt 0.919372 0.438375
vt 0.922531 0.449707
vt 0.923076 0.374378
vt 0.911638 0.383104
vt 0.914772 0.371635
vt 0.836887 0.269585
vt 0.844141 0.273576
vt 0.836539 0.272649
vt 0.844141 0.264752
vt 0.563527 0.668357
vt 0.563527 0.675005
vt 0.561738 0.671081
vt 0.906280 0.475768
vt 0.927682 0.478359
vt 0.923060 0.455694
vt 0.243185 0.980488
vt 0.234916 0.978955
vt 0.240977 0.994681
vt 0.624843 0.968256
vt 0.631424 0.988415
vt 0.624843 0.988316
vt 0.635120 0.980061
vt 0.631786 0.972903
vt 0.669953 0.982979
vt 0.676548 0.982459
vt 0.672347 0.984374
vt 0.666529 0.967431
vt 0.678885 0.967431
vt 0.958784 0.168343
vt 0.972270 0.153396
vt 0.972270 0.169061
vt 0.962745 0.155601
vt 0.957168 0.161781
vt 0.424099 0.983243
vt 0.435274 0.967737
vt 0.435274 0.983300
vt 0.558702 0.904483
vt 0.554486 0.904483
vt 0.561901 0.907841
vt 0.776072 0.934253
vt 0.779408 0.937481
vt 0.775097 0.930293
vt 0.934274 0.727122
vt 0.919002 0.720024
vt 0.921007 0.706036
vt 0.934274 0.704557
vt 0.961981 0.996754
vt 0.954252 0.986639
vt 0.961981 0.976833
vt 0.074415 0.969316
vt 0.068883 0.948888
vt 0.086376 0.948888
vt 0.655295 0.963847
vt 0.638195 0.960013
vt 0.636226 0.946198
vt 0.655295 0.940075
vt 0.113316 0.933900
vt 0.119878 0.919169
vt 0.137041 0.919293
vt 0.142228 0.933900
vt 0.120045 0.904164
vt 0.138222 0.904558
vt 0.537083 0.963946
vt 0.544452 0.957202
vt 0.555469 0.957899
vt 0.212636 0.968711
vt 0.206625 0.952664
vt 0.217427 0.953865
vt 0.207344 0.943901
vt 0.217427 0.940783
vt 0.929623 0.991239
vt 0.919705 0.987696
vt 0.920352 0.978051
vt 0.929623 0.974498
vt 0.544181 0.944913
vt 0.554979 0.946033
vt 0.328903 0.961143
vt 0.332775 0.970056
vt 0.320816 0.967680
vt 0.924814 0.367317
vt 0.927815 0.370746
vt 0.923900 0.371287
vt 0.666529 0.967431
vt 0.668677 0.960051
vt 0.679465 0.957306
vt 0.684994 0.967431
vt 0.555117 0.816143
vt 0.563810 0.819109
vt 0.561901 0.831337
vt 0.555117 0.833814
vt 0.818937 0.458819
vt 0.822086 0.460091
vt 0.822267 0.466693
vt 0.819670 0.467908
vt 0.936027 0.361668
vt 0.941024 0.363894
vt 0.939676 0.370846
vt 0.936027 0.371627
vt 0.338848 0.971160
vt 0.331145 0.956398
vt 0.338848 0.952290
vt 0.804119 0.977203
vt 0.815912 0.960578
vt 0.815912 0.979390
vt 0.809663 0.962016
vt 0.803303 0.972026
vt 0.680607 0.953066
vt 0.671637 0.949056
vt 0.675797 0.947998
vt 0.930036 0.371287
vt 0.924210 0.363594
vt 0.929302 0.361668
vt 0.809098 0.242715
vt 0.811979 0.234289
vt 0.811979 0.242532
vt 0.810022 0.235448
vt 0.808344 0.239333
vt 0.827913 0.458819
vt 0.825415 0.466104
vt 0.827842 0.462663
vt 0.318203 0.950912
vt 0.309990 0.956111
vt 0.306594 0.945784
vt 0.881902 0.706335
vt 0.894293 0.711283
vt 0.896569 0.717566
vt 0.554486 0.912604
vt 0.546611 0.912604
vt 0.548215 0.904483
vt 0.591901 0.274631
vt 0.591901 0.268631
vt 0.597433 0.272304
vt 0.306825 0.964406
vt 0.318203 0.966470
vt 0.219151 0.958012
vt 0.234916 0.952643
vt 0.233641 0.958188
vt 0.223724 0.970227
vt 0.234916 0.971346
vt 0.217982 0.961538
vt 0.383360 0.992902
vt 0.392288 0.981204
vt 0.391736 0.992902
vt 0.385557 0.977151
vt 0.382509 0.979226
vt 0.881902 0.722651
vt 0.886839 0.727079
vt 0.888701 0.726861
vt 0.301213 0.948954
vt 0.305235 0.945288
vt 0.301490 0.963267
vt 0.417007 0.695931
vt 0.417007 0.682779
vt 0.421363 0.690949
vt 0.824996 0.251291
vt 0.839294 0.233592
vt 0.842412 0.249233
vt 0.828787 0.235214
vt 0.225163 0.892871
vt 0.236929 0.871804
vt 0.234253 0.892302
vt 0.980871 0.220435
vt 0.972276 0.208505
vt 0.973087 0.199277
vt 0.812108 0.264450
vt 0.825471 0.264752
vt 0.812108 0.248655
vt 0.843282 0.260745
vt 0.899790 0.320190
vt 0.917328 0.316421
vt 0.917812 0.329764
vt 0.903207 0.305304
vt 0.972276 0.227125
vt 0.367131 0.994136
vt 0.367374 0.985096
vt 0.375507 0.982917
vt 0.242759 0.877461
vt 0.247176 0.892871
vt 0.232879 0.865493
vt 0.238304 0.840321
vt 0.243879 0.855388
vt 0.914019 0.299254
vt 0.909353 0.288405
vt 0.374762 0.974748
vt 0.367131 0.974059
vt 0.231047 0.877235
vt 0.818588 0.232700
vt 0.825603 0.202536
vt 0.821584 0.206562
vt 0.917812 0.275840
vt 0.980254 0.737056
vt 0.985735 0.712611
vt 0.987681 0.733538
vt 0.980254 0.707290
vt 0.244637 0.838546
vt 0.239490 0.835213
vt 0.926236 0.191326
vt 0.935041 0.178075
vt 0.937098 0.187809
vt 0.928681 0.180896
vt 0.886160 0.465459
vt 0.890068 0.450143
vt 0.891782 0.464038
vt 0.885757 0.454359
vt 0.916682 0.197662
vt 0.926527 0.199739
vt 0.916682 0.187702
vt 0.937750 0.195217
vt 0.900661 0.437546
vt 0.891782 0.425343
vt 0.902054 0.425343
vt 0.899047 0.995454
vt 0.890394 0.995454
vt 0.890719 0.982582
vt 0.879255 0.466532
vt 0.879770 0.458632
vt 0.812108 0.275798
vt 0.816538 0.267157
vt 0.820683 0.274387
vt 0.812108 0.264752
vt 0.123119 0.988290
vt 0.123119 0.974935
vt 0.128397 0.980448
vt 0.164641 0.980093
vt 0.171950 0.970395
vt 0.174329 0.979646
vt 0.168700 0.965780
vt 0.885732 0.446396
vt 0.880285 0.447684
vt 0.244240 0.587497
vt 0.248457 0.579215
vt 0.248457 0.590410
vt 0.887765 0.438308
vt 0.920604 0.176532
vt 0.926742 0.160809
vt 0.923397 0.161866
vt 0.174329 0.954862
vt 0.882970 0.429008
vt 0.879255 0.425343
vt 0.421458 0.672194
vt 0.421458 0.682779
vt 0.417007 0.674034
vt 0.418458 0.668800
vt 0.972926 0.262685
vt 0.962147 0.242891
vt 0.972926 0.228080
vt 0.951079 -0.000000
vt 0.965713 0.034448
vt 0.951079 0.035452
vt 0.773831 0.248125
vt 0.766982 0.260805
vt 0.746679 0.256118
vt 0.737765 0.234289
vt 0.737765 0.272614
vt 0.295422 0.913970
vt 0.312395 0.945288
vt 0.287416 0.945288
vt 0.921738 0.805120
vt 0.925510 0.824599
vt 0.906734 0.830078
vt 0.954915 0.760617
vt 0.954915 0.792732
vt 0.935364 0.781308
vt 0.925510 0.843692
vt 0.905657 0.849155
vt 0.867592 0.655010
vt 0.875301 0.643421
vt 0.889470 0.643554
vt 0.891062 0.655010
vt 0.978604 0.654350
vt 0.966017 0.652977
vt 0.966879 0.638702
vt 0.978604 0.633013
vt 0.902702 0.525790
vt 0.902847 0.538185
vt 0.893038 0.538185
vt 0.713820 0.990252
vt 0.705653 0.969970
vt 0.715743 0.969970
vt 0.819361 0.956371
vt 0.831403 0.960072
vt 0.831501 0.972975
vt 0.886746 0.631521
vt 0.872737 0.630555
vt 0.935573 0.233100
vt 0.941230 0.232362
vt 0.940439 0.240114
vt 0.945008 0.241879
vt 0.617124 0.953890
vt 0.616663 0.945763
vt 0.622452 0.949313
vt 0.942068 0.265344
vt 0.936632 0.265147
vt 0.934843 0.255240
vt 0.941636 0.248878
vt 0.940306 0.253588
vt 0.931770 0.252580
vt 0.932757 0.236638
vt 0.926860 0.243757
vt 0.968976 0.169138
vt 0.968345 0.172657
vt 0.962526 0.173492
vt 0.933877 0.262708
vt 0.925157 0.259743
vt 0.926124 0.257538
vt 0.075760 0.995450
vt 0.070241 0.992915
vt 0.074321 0.992004
vt 0.968157 0.183049
vt 0.964229 0.183581
vt 0.613617 0.970066
vt 0.613304 0.962219
vt 0.617284 0.961052
vt 0.615666 0.968760
vt 0.968736 0.190029
vt 0.965405 0.190410
vt 0.614576 0.952940
vt 0.944147 0.249742
vt 0.944840 0.258063
vt 0.941462 0.257907
vt 0.965979 0.200749
vt 0.613850 0.944821
vt 0.945008 0.266933
vt 0.194241 0.964128
vt 0.198325 0.972821
vt 0.191469 0.969238
vt 0.619880 0.941177
vt 0.936878 0.270956
vt 0.562634 0.570422
vt 0.562634 0.561794
vt 0.563815 0.567095
vt 0.197467 0.976297
vt 0.187185 0.975212
vt 0.932441 0.268196
vt 0.932593 0.264561
vt 0.198311 0.980211
vt 0.190354 0.980211
vt 0.068883 0.984680
vt 0.624843 0.958164
vt 0.962044 0.192623
vt 0.961019 0.198504
vt 0.746835 0.889401
vt 0.750737 0.895252
vt 0.746835 0.898632
vt 0.623920 0.946341
vt 0.560323 0.719596
vt 0.562604 0.725743
vt 0.560323 0.733993
vt 0.971458 0.183006
vt 0.972037 0.189986
vt 0.200539 0.976016
vt 0.201383 0.979930
vt 0.530793 0.675545
vt 0.530793 0.672116
vt 0.534064 0.671669
vt 0.534064 0.675099
vt 0.197313 0.963847
vt 0.201397 0.972540
vt 0.972276 0.169095
vt 0.611270 0.952940
vt 0.610544 0.944821
vt 0.609999 0.962219
vt 0.610311 0.970066
vt 0.420171 0.695931
vt 0.421332 0.700415
vt 0.418168 0.700441
vt 0.417007 0.695957
vt 0.420171 0.708668
vt 0.417007 0.708694
vt 0.968976 0.209553
vt 0.968810 0.199515
vt 0.972110 0.199472
vt 0.972276 0.209510
vt 0.563465 0.746802
vt 0.563465 0.755661
vt 0.560323 0.755283
vt 0.560323 0.746423
vt 0.074402 0.998464
vt 0.068883 0.995929
vt 0.352188 0.935184
vt 0.356738 0.931327
vt 0.360041 0.940584
vt 0.364563 0.938008
vt 0.952991 0.245116
vt 0.951002 0.237960
vt 0.958208 0.239858
vt 0.723803 0.988167
vt 0.718464 0.987519
vt 0.716885 0.978122
vt 0.365256 0.947945
vt 0.366506 0.953929
vt 0.358071 0.954546
vt 0.361856 0.958089
vt 0.356464 0.961023
vt 0.352941 0.959499
vt 0.351180 0.938526
vt 0.349671 0.949580
vt 0.357361 0.924629
vt 0.359863 0.927398
vt 0.356205 0.969174
vt 0.346775 0.969174
vt 0.347518 0.966742
vt 0.930199 0.425682
vt 0.930199 0.419338
vt 0.932555 0.422863
vt 0.366506 0.935467
vt 0.949696 0.262624
vt 0.948108 0.255498
vt 0.952346 0.253649
vt 0.951795 0.260997
vt 0.966912 0.810982
vt 0.968315 0.818469
vt 0.965631 0.819555
vt 0.963657 0.812260
vt 0.950335 0.244412
vt 0.727719 0.969613
vt 0.727719 0.978832
vt 0.723662 0.980337
vt 0.966482 0.829779
vt 0.948108 0.237259
vt 0.727193 0.988514
vt 0.948495 0.994065
vt 0.949986 0.983506
vt 0.954252 0.988391
vt 0.954601 0.232362
vt 0.425410 0.983300
vt 0.427330 0.990719
vt 0.421951 0.991104
vt 0.422769 0.985879
vt 0.349516 0.924098
vt 0.353690 0.925908
vt 0.346355 0.931424
vt 0.426364 0.995769
vt 0.423033 0.995716
vt 0.936916 0.414323
vt 0.959987 0.249829
vt 0.346355 0.954546
vt 0.962541 0.822065
vt 0.961969 0.828202
vt 0.363225 0.963451
vt 0.960008 0.236193
vt 0.962147 0.243534
vt 0.935710 0.424063
vt 0.968534 0.798261
vt 0.967645 0.801442
vt 0.969959 0.810588
vt 0.971362 0.818075
vt 0.948495 0.976833
vt 0.949212 0.980737
vt 0.945938 0.980813
vt 0.945221 0.976909
vt 0.946713 0.983582
vt 0.945221 0.994141
vt 0.971581 0.797867
vt 0.947236 0.244474
vt 0.945008 0.237320
vt 0.945008 0.255560
vt 0.946596 0.262685
vt 0.430439 0.990719
vt 0.429473 0.995769
vt 0.428519 0.983300
vt 0.968534 0.837300
vt 0.968307 0.827553
vt 0.971354 0.827159
vt 0.971581 0.836905
vt 0.356559 0.972263
vt 0.347128 0.972263
vt 0.927099 0.425664
vt 0.927099 0.419321
vt 0.270476 0.958158
vt 0.255264 0.952064
vt 0.270476 0.939205
vt 0.928303 0.317625
vt 0.934702 0.319723
vt 0.928303 0.329202
vt 0.103835 0.878140
vt 0.112123 0.881413
vt 0.103835 0.889286
vt 0.938486 0.653894
vt 0.938486 0.641890
vt 0.946562 0.642591
vt 0.948065 0.648507
vt 0.106645 0.960549
vt 0.111976 0.971756
vt 0.102338 0.964812
vt 0.249011 0.958081
vt 0.248457 0.938832
vt 0.262246 0.933559
vt 0.260442 0.938419
vt 0.238395 0.661415
vt 0.240529 0.671451
vt 0.226645 0.671451
vt 0.832897 0.932290
vt 0.819361 0.953683
vt 0.819361 0.935426
vt 0.901410 0.958017
vt 0.907302 0.964090
vt 0.890395 0.966805
vt 0.835604 0.956371
vt 0.831494 0.947745
vt 0.842025 0.947484
vt 0.824479 0.956290
vt 0.993367 0.294700
vt 0.999901 0.294885
vt 0.995840 0.314131
vt 0.258125 0.958158
vt 0.260236 0.980361
vt 0.248457 0.980361
vt 0.181728 0.829467
vt 0.186926 0.827957
vt 0.186926 0.853132
vt 0.155865 0.972026
vt 0.163787 0.992437
vt 0.155865 0.995641
vt 0.890395 0.945453
vt 0.898977 0.943228
vt 0.228782 0.651796
vt 0.231620 0.651486
vt 0.555315 0.963946
vt 0.555315 0.986043
vt 0.549923 0.977747
vt 0.228560 0.971346
vt 0.234279 0.975352
vt 0.228560 0.992903
vt 0.999901 0.315729
vt 0.907320 0.940301
vt 0.237438 0.652137
vt 0.984405 0.981709
vt 0.991333 0.978214
vt 0.991333 1.000000
vt 0.248362 0.494161
vt 0.248362 0.515536
vt 0.245128 0.502912
vt 0.098147 0.957358
vt 0.102842 0.953350
vt 0.105387 0.946934
vt 0.111865 0.941948
vt 0.111976 0.949890
vt 0.766743 0.960706
vt 0.766743 0.954206
vt 0.778656 0.953581
vt 0.778277 0.959472
vt 0.903709 0.966805
vt 0.903709 0.974887
vt 0.892769 0.967361
vt 0.769569 0.979603
vt 0.768276 0.969156
vt 0.773912 0.968031
vt 0.774294 0.975376
vt 0.899090 0.982582
vt 0.890395 0.972330
s 0
usemtl superficie
f 2/5 24/6 38/7
f 1/8 18/9 51/10
f 1/8 51/10 61/11
f 3/20 31/21 92/22
f 5/27 68/28 120/29
f 6/30 74/31 134/32
f 2/5 80/33 93/34
f 3/20 92/22 107/35
f 4/36 106/37 121/38
f 5/27 120/29 135/39
f 6/30 134/32 81/40
f 7/41 146/42 179/43
f 8/44 151/45 192/46
f 10/51 165/52 206/53
f 11/54 172/55 180/56
f 184/61 207/62 185/63
f 183/64 208/65 184/61
f 180/56 222/78 181/79
f 185/63 207/62 200/80
f 184/61 208/65 207/62
f 209/93 202/94 201/95
f 183/64 210/96 208/65
f 211/105 212/106 209/93
f 209/93 212/106 202/94
f 212/106 203/107 202/94
f 213/112 214/113 210/114
f 211/105 215/123 212/106
f 215/123 216/124 212/106
f 212/106 216/124 203/107
f 216/125 204/126 203/127
f 182/128 217/129 213/112
f 217/129 218/130 213/112
f 213/112 218/130 214/113
f 218/130 219/131 214/113
f 214/113 219/131 215/132
f 219/133 220/134 215/135
f 215/135 220/134 216/125
f 220/134 221/136 216/125
f 216/125 221/136 204/126
f 181/79 222/78 217/141
f 222/78 223/142 217/141
f 217/129 223/143 218/130
f 218/148 224/149 219/133
f 224/149 225/150 219/133
f 219/133 225/150 220/134
f 221/136 226/163 205/164
f 226/163 206/53 205/164
f 180/56 172/55 222/78
f 172/55 171/165 222/78
f 222/78 171/165 223/142
f 170/174 169/175 224/149
f 224/149 169/175 225/150
f 169/175 168/176 225/150
f 167/189 166/190 226/163
f 226/163 166/190 206/53
f 166/190 10/51 206/53
f 204/126 233/207 203/127
f 206/53 241/212 205/164
f 200/80 227/213 193/214
f 227/213 194/215 193/214
f 228/220 229/221 227/213
f 227/213 229/221 194/215
f 229/221 195/222 194/215
f 230/225 231/226 228/220
f 228/220 231/226 229/221
f 231/226 232/227 229/221
f 203/236 233/237 230/238
f 231/226 234/251 232/227
f 235/260 197/261 196/262
f 204/126 236/263 233/207
f 236/263 237/264 233/207
f 238/277 239/278 234/279
f 239/284 240/285 235/260
f 235/260 240/285 197/261
f 240/285 198/286 197/261
f 205/164 241/212 236/263
f 241/212 242/287 236/263
f 237/264 243/294 238/295
f 243/294 244/296 238/295
f 238/295 244/296 239/297
f 244/296 245/298 239/297
f 239/284 245/299 240/285
f 245/299 246/300 240/285
f 240/285 246/300 198/286
f 246/301 199/302 198/303
f 206/53 165/52 241/212
f 165/52 164/304 241/212
f 241/212 164/304 242/287
f 243/294 162/315 244/296
f 162/315 161/316 244/296
f 244/296 161/316 245/298
f 161/316 160/252 245/298
f 245/298 160/252 246/317
f 160/318 159/319 246/301
f 246/301 159/319 199/302
f 194/215 247/326 193/214
f 195/222 248/327 194/215
f 197/261 252/332 196/262
f 198/286 256/333 197/261
f 199/302 261/334 198/303
f 193/214 247/326 186/335
f 247/326 187/336 186/335
f 194/215 248/327 247/326
f 248/327 249/337 247/326
f 247/326 249/337 187/336
f 249/337 188/338 187/336
f 195/222 250/339 248/327
f 249/337 251/352 188/338
f 251/352 189/353 188/338
f 196/262 252/332 250/339
f 252/332 253/354 250/339
f 254/367 255/368 251/352
f 251/352 255/368 189/353
f 255/368 190/369 189/353
f 197/261 256/333 252/332
f 253/354 258/382 254/367
f 258/382 259/383 254/367
f 254/367 259/383 255/368
f 259/383 260/384 255/368
f 255/368 260/384 190/369
f 260/384 191/385 190/369
f 198/303 261/334 256/386
f 261/334 262/387 256/386
f 256/388 262/389 257/390
f 262/387 263/391 257/392
f 263/391 264/397 258/398
f 258/382 264/399 259/383
f 260/384 265/408 191/385
f 265/408 192/409 191/385
f 261/334 157/414 262/387
f 157/414 156/415 262/387
f 262/387 156/415 263/391
f 156/415 155/416 263/391
f 263/391 155/416 264/397
f 155/416 154/417 264/397
f 153/430 152/431 265/432
f 265/432 152/431 192/46
f 152/431 8/44 192/46
f 187/336 266/435 186/335
f 189/353 269/440 188/338
f 190/369 271/441 189/353
f 191/385 274/57 190/369
f 192/409 278/442 191/385
f 186/335 266/435 173/443
f 266/435 174/444 173/443
f 266/435 268/453 174/444
f 268/453 175/454 174/444
f 188/338 269/440 267/455
f 269/440 270/456 267/455
f 189/353 271/441 269/440
f 271/441 272/471 269/440
f 269/440 272/471 270/456
f 272/471 273/472 270/456
f 190/369 274/57 271/441
f 272/471 275/498 273/472
f 275/498 276/499 273/472
f 277/512 178/513 177/514
f 191/385 278/442 274/57
f 278/442 279/58 274/57
f 280/527 281/528 275/498
f 275/498 281/528 276/499
f 281/528 282/529 276/499
f 276/499 282/529 277/512
f 282/529 283/530 277/512
f 277/512 283/530 178/513
f 283/530 179/531 178/513
f 192/409 151/394 278/442
f 151/394 150/393 278/442
f 278/442 150/393 279/58
f 280/527 149/542 281/528
f 149/543 148/544 281/545
f 281/545 148/544 282/546
f 148/544 147/547 282/546
f 282/546 147/547 283/548
f 174/444 284/565 173/443
f 175/454 285/566 174/444
f 176/567 287/568 175/454
f 178/513 294/573 177/514
f 179/531 299/574 178/513
f 173/443 284/565 185/63
f 284/565 184/61 185/63
f 174/444 285/566 284/565
f 285/566 286/575 284/565
f 284/565 286/575 184/61
f 286/575 183/64 184/61
f 175/454 287/568 285/566
f 287/568 288/576 285/566
f 285/566 288/576 286/575
f 288/576 289/577 286/575
f 286/575 289/577 183/64
f 176/567 290/582 287/568
f 290/582 291/583 287/568
f 287/568 291/583 288/576
f 288/576 292/588 289/577
f 292/588 293/589 289/577
f 177/514 294/573 290/582
f 294/573 295/598 290/582
f 290/582 295/598 291/583
f 295/598 296/599 291/583
f 291/583 296/599 292/588
f 296/599 297/600 292/588
f 178/513 299/574 294/573
f 299/574 300/614 294/573
f 294/573 300/614 295/598
f 296/599 301/627 297/600
f 301/628 302/629 297/481
f 297/481 302/629 298/482
f 302/629 303/630 298/482
f 298/482 303/630 181/79
f 303/630 180/56 181/79
f 179/531 146/631 299/574
f 146/632 145/633 299/634
f 299/574 145/635 300/614
f 145/636 144/637 300/638
f 143/649 142/650 301/628
f 301/628 142/650 302/629
f 302/629 141/653 303/630
f 141/653 140/654 303/630
f 303/630 140/654 180/56
f 140/654 11/54 180/56
f 86/655 172/55 11/54
f 85/656 304/657 86/655
f 83/666 310/667 84/668
f 82/669 314/670 83/666
f 81/40 319/671 82/672
f 86/655 304/657 172/55
f 304/657 171/165 172/55
f 85/656 305/620 304/657
f 305/620 306/673 304/657
f 307/619 308/683 305/620
f 305/620 308/683 306/673
f 308/684 309/685 306/686
f 84/693 310/694 307/619
f 310/694 311/695 307/619
f 307/619 311/695 308/683
f 311/696 312/697 308/684
f 308/684 312/697 309/685
f 313/706 168/176 169/175
f 83/666 314/670 310/667
f 314/707 315/708 310/709
f 310/710 315/711 311/696
f 315/711 316/712 311/696
f 311/696 316/712 312/697
f 316/712 317/713 312/697
f 312/697 317/713 313/706
f 317/713 318/714 313/706
f 313/706 318/714 168/176
f 318/714 167/189 168/176
f 82/672 319/671 314/715
f 316/712 320/736 317/713
f 320/736 321/737 317/713
f 317/713 321/737 318/714
f 321/737 322/738 318/714
f 318/714 322/738 167/189
f 322/738 166/190 167/189
f 81/40 134/32 319/671
f 134/32 133/739 319/671
f 320/736 130/758 321/737
f 130/758 129/759 321/737
f 321/737 129/759 322/738
f 129/759 128/760 322/738
f 322/738 128/760 166/190
f 128/760 10/51 166/190
f 139/761 165/52 10/51
f 136/776 332/777 137/778
f 135/39 336/779 136/776
f 139/761 323/780 165/52
f 323/780 164/304 165/52
f 324/785 325/786 323/780
f 323/780 325/786 164/304
f 138/791 326/792 324/785
f 326/792 327/793 324/785
f 324/785 327/793 325/786
f 327/793 328/794 325/786
f 325/786 328/794 163/795
f 328/794 162/315 163/795
f 329/800 330/801 326/792
f 326/792 330/801 327/793
f 330/801 331/802 327/793
f 327/793 331/802 328/794
f 137/778 332/777 329/815
f 330/801 333/156 331/802
f 333/156 334/828 331/802
f 335/489 160/252 161/316
f 136/776 336/779 332/777
f 336/779 337/841 332/777
f 338/155 339/854 333/156
f 333/156 339/854 334/828
f 339/854 340/855 334/828
f 334/828 340/855 335/489
f 340/855 341/253 335/489
f 335/489 341/253 160/252
f 135/39 120/29 336/779
f 337/866 118/867 338/868
f 118/867 117/869 338/868
f 338/155 117/870 339/854
f 117/870 116/871 339/854
f 339/854 116/871 340/855
f 116/872 115/873 340/874
f 340/874 115/873 341/875
f 115/873 114/876 341/875
f 127/883 158/884 9/885
f 126/886 342/887 127/883
f 125/888 343/889 126/886
f 123/892 347/893 124/894
f 122/895 351/896 123/892
f 121/38 355/897 122/898
f 127/883 342/887 158/884
f 126/886 343/889 342/887
f 343/889 344/903 342/887
f 125/888 345/908 343/889
f 344/918 346/919 156/415
f 346/919 155/416 156/415
f 124/920 347/921 345/922
f 347/921 348/923 345/922
f 349/933 350/934 346/919
f 346/919 350/934 155/416
f 350/934 154/417 155/416
f 123/892 351/896 347/893
f 351/896 352/935 347/893
f 347/921 352/936 348/923
f 352/936 353/937 348/923
f 348/923 353/937 349/938
f 353/937 354/939 349/938
f 351/896 356/960 352/935
f 356/960 357/961 352/935
f 352/936 357/962 353/937
f 357/962 358/963 353/937
f 353/937 358/963 354/939
f 358/963 359/964 354/939
f 121/38 106/37 355/897
f 356/960 104/989 357/961
f 104/989 103/990 357/961
f 357/962 103/991 358/963
f 103/991 102/992 358/963
f 358/963 102/992 359/964
f 102/992 101/993 359/964
f 359/964 101/993 360/994
f 101/993 100/995 360/994
f 113/1002 151/45 8/44
f 112/1003 361/1004 113/1005
f 110/1010 362/1011 111/1012
f 109/1013 365/1014 110/1015
f 113/1005 361/1004 151/1022
f 110/1010 365/1061 362/1011
f 364/349 367/348 149/543
f 367/348 148/544 149/543
f 368/1080 369/1081 365/1082
f 365/1083 369/1084 366/1085
f 369/1084 370/1086 366/1085
f 371/1099 372/1100 367/348
f 367/348 372/1100 148/544
f 372/1100 147/547 148/544
f 368/1080 373/1109 369/1081
f 373/1109 374/1110 369/1081
f 369/1084 374/1111 370/1086
f 374/1111 375/1112 370/1086
f 370/1086 375/1112 371/1099
f 375/1112 376/1113 371/1099
f 371/1099 376/1113 372/1100
f 376/1113 377/1114 372/1100
f 375/1112 89/1153 376/1113
f 89/1153 88/1154 376/1113
f 376/1113 88/1154 377/1114
f 88/1154 87/1155 377/1114
f 99/680 146/42 7/41
f 98/679 378/1162 99/680
f 97/1163 379/1164 98/1165
f 96/1166 381/1167 97/1163
f 95/1168 384/1169 96/1170
f 94/1171 388/1172 95/1168
f 93/34 392/1173 94/1171
f 99/680 378/1162 146/42
f 378/1174 145/633 146/632
f 98/1165 379/1164 378/1174
f 379/1164 380/1175 378/1174
f 378/1174 380/1175 145/633
f 97/1163 381/1167 379/1164
f 96/1166 384/1198 381/1167
f 384/1198 385/1199 381/1167
f 385/1199 386/274 382/1202
f 382/1202 386/274 383/1203
f 386/274 387/273 383/1203
f 95/1168 388/1172 384/1169
f 388/1172 389/1210 384/1169
f 384/1198 389/1211 385/1199
f 389/1211 390/1212 385/1199
f 385/1199 390/1212 386/274
f 94/1171 392/1173 388/1172
f 389/1211 393/1241 390/1212
f 393/1241 394/1242 390/1212
f 395/1251 396/1252 391/1253
f 93/34 80/33 392/1173
f 79/1274 78/1275 393/1276
f 393/1241 78/1277 394/1242
f 78/1277 77/1278 394/1242
f 394/1242 77/1278 395/1251
f 77/1278 76/1279 395/1251
f 395/1251 76/1279 396/1252
f 76/1279 75/1280 396/1252
f 396/1252 75/1280 140/654
f 75/1280 11/54 140/654
f 128/760 139/761 10/51
f 129/759 397/1281 128/760
f 130/758 398/1282 129/759
f 132/1287 402/1288 131/1289
f 134/32 411/1292 133/739
f 128/760 397/1281 139/761
f 129/759 398/1282 397/1281
f 398/1282 399/1295 397/1281
f 398/1282 400/1312 399/1295
f 400/1312 401/1313 399/1295
f 403/1328 404/1329 400/1330
f 400/1330 404/1329 401/1331
f 404/1329 405/1332 401/1331
f 132/1287 406/1339 402/1288
f 406/1339 407/1340 402/1288
f 402/1288 407/1340 403/1328
f 407/1340 408/1341 403/1328
f 403/1328 408/1341 404/1329
f 408/1341 409/1342 404/1329
f 404/1329 409/1342 405/1332
f 409/1342 410/1343 405/1332
f 405/1332 410/1343 137/778
f 410/1343 136/776 137/778
f 133/739 411/1292 406/1339
f 411/1292 412/1344 406/1339
f 406/1339 412/1344 407/1340
f 412/1344 413/1345 407/1340
f 407/1340 413/1345 408/1341
f 413/1345 414/1346 408/1341
f 408/1341 414/1346 409/1342
f 414/1346 415/1347 409/1342
f 409/1342 415/1347 410/1343
f 415/1347 416/1348 410/1343
f 410/1343 416/1348 136/776
f 416/1348 135/39 136/776
f 134/32 74/31 411/1292
f 74/31 73/1349 411/1292
f 411/1292 73/1349 412/1344
f 413/1345 72/1360 414/1346
f 72/1360 71/1361 414/1346
f 414/1346 71/1361 415/1347
f 71/1361 70/1362 415/1347
f 415/1347 70/1362 416/1348
f 70/1362 69/1363 416/1348
f 416/1348 69/1363 135/39
f 69/1363 5/27 135/39
f 114/876 127/883 9/885
f 115/873 417/1364 114/876
f 118/1371 423/1372 117/1373
f 120/29 432/1378 119/1379
f 114/876 417/1364 127/883
f 417/1364 126/886 127/883
f 115/873 418/1380 417/1364
f 418/1380 419/1381 417/1364
f 417/1364 419/1381 126/886
f 419/1381 125/888 126/886
f 420/1384 421/1385 418/1380
f 418/1380 421/1385 419/1381
f 420/1402 424/1403 421/1404
f 424/1403 425/1405 421/1404
f 421/1404 425/1405 422/1406
f 428/1425 429/1426 424/1403
f 424/1403 429/1426 425/1405
f 429/1426 430/1427 425/1405
f 425/1405 430/1427 426/1428
f 426/1431 431/1432 123/892
f 431/1432 122/895 123/892
f 119/1379 432/1378 427/1433
f 432/1434 433/1435 427/1436
f 427/1436 433/1435 428/1425
f 433/1435 434/1437 428/1425
f 428/1425 434/1437 429/1426
f 434/1437 435/1438 429/1426
f 429/1426 435/1438 430/1427
f 435/1438 436/1439 430/1427
f 430/1427 436/1439 431/1440
f 120/29 68/28 432/1378
f 68/28 67/1450 432/1378
f 432/1434 67/1451 433/1435
f 67/1451 66/1452 433/1435
f 433/1435 66/1452 434/1437
f 66/1452 65/1453 434/1437
f 434/1437 65/1453 435/1438
f 435/1438 64/1456 436/1439
f 64/1456 63/1441 436/1439
f 62/1463 4/36 121/38
f 100/995 113/1002 8/44
f 101/993 437/1464 100/995
f 102/992 438/1465 101/993
f 103/991 440/1466 102/992
f 104/989 442/1467 103/990
f 100/995 437/1464 113/1002
f 437/1474 112/1003 113/1005
f 101/993 438/1465 437/1464
f 438/1465 439/1475 437/1464
f 437/1474 439/1476 112/1003
f 102/992 440/1466 438/1465
f 441/1497 110/1010 111/1012
f 444/1518 445/1519 441/1520
f 441/1520 445/1519 110/1015
f 445/1519 109/1013 110/1015
f 446/1525 447/1526 442/1527
f 447/1526 448/1532 443/1533
f 443/1533 448/1532 444/1534
f 448/1535 449/1536 444/1518
f 444/1518 449/1536 445/1519
f 449/1536 450/1537 445/1519
f 445/1519 450/1537 109/1013
f 450/1537 108/1538 109/1013
f 105/1539 451/1540 446/1525
f 451/1540 452/1541 446/1525
f 446/1525 452/1541 447/1526
f 452/1541 453/1542 447/1526
f 447/1526 453/1542 448/1532
f 453/1542 454/485 448/1532
f 448/1535 454/1543 449/1536
f 449/1536 455/1548 450/1537
f 455/1548 456/1549 450/1537
f 450/1537 456/1549 108/1538
f 456/1549 107/1550 108/1538
f 56/1555 55/1556 451/1540
f 451/1540 55/1556 452/1541
f 55/1556 54/1557 452/1541
f 452/1541 54/1557 453/1542
f 54/1557 53/486 453/1542
f 453/1542 53/486 454/485
f 455/1548 52/1564 456/1549
f 89/1153 457/1579 88/1154
f 90/1580 459/1581 89/1153
f 91/1582 462/1583 90/1584
f 458/1602 97/1603 98/1604
f 89/1153 459/1581 457/1579
f 459/1581 460/1605 457/1579
f 457/1579 460/1605 458/1602
f 460/1605 461/1606 458/1602
f 458/1602 461/1606 97/1603
f 461/1607 96/1166 97/1163
f 90/1584 462/1583 459/1608
f 462/1583 463/1609 459/1608
f 459/1608 463/1609 460/1610
f 463/1609 464/1611 460/1610
f 91/1582 465/1624 462/1583
f 465/1624 466/1625 462/1583
f 462/1583 466/1625 463/1609
f 466/1625 467/1626 463/1609
f 463/1609 467/1626 464/1611
f 467/1626 468/1627 464/1611
f 469/1324 94/1171 95/1168
f 465/1624 470/1644 466/1625
f 470/1644 471/1645 466/1625
f 466/1625 471/1645 467/1626
f 471/1645 472/1646 467/1626
f 467/1626 472/1646 468/1627
f 472/1646 473/1647 468/1627
f 468/1648 473/803 469/1324
f 30/1667 29/1668 470/1644
f 470/1644 29/1668 471/1645
f 29/1668 28/1669 471/1645
f 471/1645 28/1669 472/1646
f 28/1669 27/1670 472/1646
f 472/1646 27/1670 473/1647
f 27/1029 26/804 473/803
f 25/1676 2/5 93/34
f 75/1280 86/655 11/54
f 76/1279 474/1677 75/1280
f 77/1278 475/1678 76/1279
f 78/1277 477/1679 77/1278
f 79/1274 480/1680 78/1275
f 75/1280 474/1677 86/655
f 474/1677 85/656 86/655
f 76/1279 475/1678 474/1677
f 475/1678 476/1689 474/1677
f 474/1677 476/1689 85/656
f 77/1278 477/1679 475/1678
f 477/1679 478/1692 475/1678
f 475/1678 478/1692 476/1689
f 478/1692 479/1693 476/1689
f 78/1275 480/1680 477/1702
f 480/1680 481/1703 477/1702
f 477/1702 481/1703 478/1704
f 481/1703 482/1705 478/1704
f 483/1714 83/666 84/668
f 79/1274 484/1715 480/1680
f 484/1715 485/1716 480/1680
f 480/1680 485/1716 481/1703
f 485/1716 486/1717 481/1703
f 481/1703 486/1717 482/1705
f 486/1717 487/1718 482/1705
f 487/1723 488/1724 483/1714
f 483/1714 488/1724 83/666
f 488/1724 82/669 83/666
f 489/1727 490/1728 484/1715
f 484/1715 490/1728 485/1716
f 490/1728 491/1729 485/1716
f 485/1716 491/1729 486/1717
f 491/1729 492/1730 486/1717
f 486/1717 492/1730 487/1718
f 487/1723 493/1731 488/1724
f 493/1731 494/1732 488/1724
f 488/1724 494/1732 82/669
f 494/1732 81/1733 82/669
f 489/1727 37/1740 490/1728
f 37/1740 36/1741 490/1728
f 490/1728 36/1741 491/1729
f 493/1731 33/1758 494/1732
f 33/1758 32/1759 494/1732
f 494/1732 32/1759 81/1733
f 32/1759 6/1760 81/1733
f 45/1761 74/31 6/30
f 44/1762 495/1763 45/1764
f 43/1765 496/1766 44/1762
f 41/1771 500/1772 42/1773
f 40/1774 503/1775 41/1771
f 39/1776 505/1777 40/1774
f 45/1764 495/1763 74/1778
f 495/1779 73/1349 74/31
f 44/1762 496/1766 495/1763
f 496/1766 497/1780 495/1763
f 495/1763 497/1780 73/1781
f 496/1766 498/1792 497/1780
f 498/1792 499/1793 497/1780
f 498/1792 501/1814 499/1793
f 501/1814 502/1815 499/1793
f 499/1793 502/1815 72/1816
f 502/1817 71/1361 72/1360
f 41/1771 503/1775 500/1772
f 503/1775 504/1818 500/1772
f 40/1774 505/1777 503/1775
f 505/1777 506/1844 503/1775
f 503/1775 506/1844 504/1818
f 506/1844 507/1845 504/1818
f 510/1866 69/1363 70/1362
f 39/1776 61/11 505/1777
f 61/11 60/1867 505/1777
f 505/1777 60/1867 506/1844
f 507/1874 59/1875 508/1876
f 59/1875 58/1877 508/1876
f 508/1876 58/1877 509/1878
f 58/1877 57/1879 509/1878
f 509/1878 57/1879 510/1880
f 58/1877 512/1894 57/1879
f 59/1875 514/1895 58/1877
f 61/11 525/1900 60/1867
f 511/1902 67/1903 68/1904
f 57/1879 512/1894 511/1902
f 512/1894 513/1905 511/1902
f 511/1902 513/1905 67/1903
f 513/1905 66/1906 67/1903
f 58/1877 514/1895 512/1894
f 514/1895 515/1907 512/1894
f 512/1894 515/1907 513/1905
f 513/1905 516/1912 66/1906
f 516/1913 65/1453 66/1452
f 59/1875 517/1914 514/1895
f 520/1935 521/1936 517/1937
f 517/1937 521/1936 518/1938
f 521/1936 522/1939 518/1938
f 518/1938 522/1939 519/1940
f 522/1939 523/1941 519/1940
f 60/1867 525/1900 520/1935
f 525/1900 526/1954 520/1935
f 520/1935 526/1954 521/1936
f 526/1954 527/1955 521/1936
f 521/1936 527/1955 522/1939
f 527/1955 528/1956 522/1939
f 522/1939 528/1956 523/1941
f 528/1956 529/1957 523/1941
f 523/1958 529/1959 524/1960
f 529/1959 530/1961 524/1960
f 530/1961 62/1463 63/1964
f 61/11 51/10 525/1900
f 51/10 50/1965 525/1900
f 525/1900 50/1965 526/1954
f 528/1956 48/1978 529/1957
f 48/1368 47/1979 529/1959
f 529/1959 47/1979 530/1961
f 47/1979 46/1980 530/1961
f 530/1961 46/1980 62/1463
f 46/1980 4/36 62/1463
f 46/1980 56/1555 4/36
f 47/1979 531/1981 46/1980
f 48/1368 532/1367 47/1979
f 50/1965 539/1988 49/1989
f 51/10 543/1990 50/1965
f 46/1980 531/1981 56/1555
f 531/1981 55/1556 56/1555
f 47/1979 532/1367 531/1981
f 533/2004 534/2005 532/2006
f 535/1293 53/486 54/1557
f 533/2004 537/2018 534/2005
f 537/2018 538/2019 534/2005
f 534/520 538/2020 535/1600
f 49/1989 539/1988 536/2031
f 539/1988 540/2032 536/2031
f 536/2031 540/2032 537/47
f 540/2032 541/48 537/47
f 50/1965 543/1990 539/1988
f 543/1990 544/2053 539/1988
f 539/1988 544/2053 540/2032
f 544/2053 545/2054 540/2032
f 540/2032 545/2054 541/48
f 546/2063 547/1445 542/2064
f 542/2064 547/1445 52/1444
f 51/10 18/9 543/1990
f 18/9 17/2069 543/1990
f 543/1990 17/2069 544/2053
f 17/2069 16/2070 544/2053
f 544/2053 16/2070 545/2054
f 16/2070 15/2071 545/2054
f 546/2063 13/2084 547/1445
f 13/2084 12/2085 547/1445
f 32/2090 45/1764 6/2091
f 35/2098 551/2099 34/2100
f 32/2090 548/2113 45/1764
f 548/2113 44/1762 45/1764
f 548/2113 550/2118 44/1762
f 550/2118 43/1765 44/1762
f 34/2100 551/2099 549/2119
f 551/2120 552/2121 549/2122
f 552/2125 553/2126 550/2118
f 550/2118 553/2126 43/1765
f 553/2126 42/1773 43/1765
f 35/2098 554/2127 551/2099
f 554/2127 555/2128 551/2099
f 551/2120 555/2129 552/2121
f 553/2126 557/2138 42/1773
f 557/2138 41/1771 42/1773
f 558/2139 559/2140 554/2127
f 554/2127 559/2140 555/2128
f 559/2141 560/2142 555/2143
f 555/2143 560/2142 556/2144
f 560/2142 561/2145 556/2144
f 561/2145 562/2148 557/2138
f 557/2138 562/2148 41/1771
f 562/2148 40/1774 41/1771
f 558/2139 564/2157 559/2140
f 560/2142 565/2166 561/2145
f 565/2166 566/2167 561/2145
f 561/2145 566/2167 562/2148
f 566/2167 567/2168 562/2148
f 562/2148 567/2168 40/1774
f 567/2168 39/1776 40/1774
f 38/7 24/6 563/2169
f 24/6 23/2170 563/2169
f 566/2167 20/2193 567/2168
f 20/2193 19/2194 567/2168
f 12/2085 31/21 3/20
f 13/2084 568/2202 12/2085
f 14/2203 569/2204 13/2084
f 17/2069 576/2209 16/2070
f 12/2085 568/2202 31/21
f 13/2084 569/2204 568/2202
f 569/2204 570/2216 568/2202
f 568/2202 570/2216 30/1667
f 570/2216 29/1668 30/1667
f 14/2203 571/2217 569/2204
f 571/2217 572/2218 569/2204
f 569/2204 572/2218 570/2216
f 572/2218 573/2219 570/2216
f 570/2216 573/2219 29/1668
f 573/2219 28/1669 29/1668
f 571/1245 574/1782 572/2226
f 574/2227 575/2228 572/2218
f 572/2218 575/2228 573/2219
f 577/2246 578/2247 574/2248
f 574/2248 578/2247 575/2249
f 580/797 26/804 27/1029
f 581/2268 582/2269 576/2209
f 576/2209 582/2269 577/2246
f 582/2269 583/2270 577/2246
f 577/2246 583/2270 578/2247
f 583/2270 584/2271 578/2247
f 578/2247 584/2271 579/862
f 584/2271 585/863 579/862
f 585/796 586/2276 580/797
f 580/797 586/2276 26/804
f 586/2276 25/1676 26/804
f 19/2194 20/2193 581/2268
f 581/2268 20/2193 582/2269
f 583/2270 21/2289 584/2271
f 21/2289 22/2290 584/2271
f 584/2271 22/2290 585/863
f 585/796 23/2170 586/2276
f 23/2170 24/6 586/2276
f 586/2276 24/6 25/1676
f 24/6 2/5 25/1676
f 845/2533 846/2534 839/2535
f 1173/2966 1174/2967 1175/2968
f 1183/2979 1184/2980 1185/2981
f 1183/2979 1185/2981 1186/2982
f 1187/2983 1188/2984 1184/2985
f 1187/2983 1184/2985 1183/2986
f 1189/2998 1188/2999 1187/3000
f 1188/2999 1189/2998 1173/2966
f 1173/2966 1189/2998 1174/2967
f 1185/3001 1189/3002 1186/3003
f 1189/3004 1185/3005 1174/3006
f 1174/3006 1185/3005 1175/3007
f 1188/3008 1185/2981 1184/2980
f 1185/2981 1188/3008 1175/3009
f 1175/3009 1188/3008 1173/3010
f 1500/3744 1501/3745 1502/3746
f 1510/3755 1511/3756 1512/3757
f 1510/3755 1512/3757 1513/3758
f 1514/3759 1515/3760 1511/3761
f 1514/3759 1511/3761 1510/3762
f 1516/3776 1515/3777 1514/3778
f 1515/3777 1516/3776 1500/3779
f 1500/3779 1516/3776 1501/3780
f 1512/3781 1516/3782 1513/3783
f 1516/3782 1512/3781 1501/3784
f 1501/3784 1512/3781 1502/3785
f 1515/3786 1512/3787 1511/3788
f 1512/3787 1515/3786 1502/3746
f 1502/3746 1515/3786 1500/3744
f 1584/3910 1585/3911 1586/3912
f 1594/3921 1595/3922 1596/3923
f 1594/3921 1596/3923 1597/3924
f 1597/3925 1596/3926 1598/3927
f 1597/3925 1598/3927 1599/3928
f 1598/3927 1596/3926 1595/3929
f 1598/3927 1595/3929 1600/3930
f 1586/3981 1595/3982 1594/3983
f 1595/3982 1586/3981 1600/3984
f 1600/3984 1586/3981 1585/3985
f 1598/3986 1584/3910 1599/3987
f 1584/3910 1598/3986 1600/3988
f 1584/3910 1600/3988 1585/3911
f 1652/4083 1653/4084 1654/4085
f 1662/4094 1663/4095 1664/4096
f 1662/4094 1664/4096 1665/4097
f 1666/4098 1667/4099 1663/4100
f 1666/4098 1663/4100 1662/4101
f 1668/4113 1667/4114 1666/4115
f 1667/4114 1668/4113 1652/4083
f 1652/4083 1668/4113 1653/4084
f 1664/4116 1668/4117 1665/4118
f 1668/4119 1664/4120 1653/4121
f 1653/4121 1664/4120 1654/4122
f 1667/4123 1664/4096 1663/4095
f 1664/4096 1667/4123 1654/4124
f 1654/4124 1667/4123 1652/4125
f 1894/4633 1895/4634 1896/4635
f 1904/4644 1905/4645 1906/4646
f 1904/4644 1906/4646 1907/4647
f 1908/4648 1909/4649 1905/4650
f 1908/4648 1905/4650 1904/4651
f 1910/4663 1909/4664 1908/4665
f 1909/4664 1910/4663 1894/4633
f 1894/4633 1910/4663 1895/4634
f 1906/4666 1910/4667 1907/4668
f 1910/4667 1906/4666 1895/4669
f 1895/4669 1906/4666 1896/4670
f 1909/4671 1906/4646 1905/4645
f 1906/4646 1909/4671 1896/4672
f 1896/4672 1909/4671 1894/4673
usemtl monte
f 22/1 564/2 934/3 610/4
f 145/12 380/13 815/14 680/15
f 500/16 504/17 888/18 884/19
f 163/23 162/24 694/25 695/26
f 537/47 541/48 917/49 914/50
f 461/74 460/75 861/76 860/77
f 563/81 23/82 611/83 933/84
f 365/85 366/86 807/87 806/88
f 365/89 109/90 653/91 806/92
f 204/97 221/98 722/99 713/100
f 118/101 337/102 786/103 660/104
f 63/115 64/116 633/117 632/118
f 159/119 160/120 693/121 692/122
f 96/137 461/138 860/139 646/140
f 162/144 243/145 737/146 694/147
f 363/166 364/167 803/168 805/169
f 492/170 491/171 876/172 877/173
f 406/195 132/196 668/197 833/198
f 336/199 120/200 662/201 785/202
f 501/203 498/204 882/205 886/206
f 156/208 157/209 691/210 690/211
f 242/216 164/217 696/218 736/219
f 364/167 149/223 683/224 803/168
f 401/228 405/229 832/230 831/231
f 535/232 538/233 915/234 910/235
f 160/252 341/253 784/254 693/255
f 153/256 154/257 689/258 688/259
f 313/280 169/281 697/282 771/283
f 87/288 99/289 595/290 639/291
f 42/292 500/16 884/19 623/293
f 152/305 153/256 688/259 687/306
f 537/307 533/308 911/309 914/310
f 361/311 112/312 655/313 800/314
f 8/320 152/305 687/306 647/321
f 309/328 312/329 770/330 769/331
f 217/370 182/371 704/372 723/373
f 188/374 267/375 749/376 706/377
f 396/378 140/379 675/380 824/381
f 150/393 151/394 686/395 685/396
f 564/2 558/410 931/411 934/3
f 23/82 585/412 950/413 611/83
f 175/436 268/437 748/438 700/439
f 52/445 455/446 856/447 629/448
f 585/449 22/450 610/451 950/452
f 266/457 187/458 705/459 747/460
f 498/204 496/461 880/462 882/205
f 360/463 100/464 648/465 796/466
f 399/467 401/468 831/469 830/470
f 215/473 211/474 719/475 721/476
f 389/477 388/478 822/479 823/480
f 297/481 298/482 763/483 764/484
f 454/485 53/486 631/487 855/488
f 21/500 583/501 949/502 609/503
f 431/504 426/505 839/506 846/507
f 533/508 532/509 909/510 911/511
f 210/532 214/533 720/534 718/535
f 561/536 557/537 930/538 937/539
f 243/145 237/540 735/541 737/146
f 306/549 309/550 769/551 768/552
f 426/553 430/554 845/555 839/556
f 556/557 561/558 937/559 929/560
f 236/569 242/570 736/571 734/572
f 582/584 20/585 607/586 948/587
f 144/601 145/602 680/603 679/604
f 479/605 478/606 871/607 869/608
f 298/482 181/79 703/609 763/483
f 50/610 49/611 627/612 628/613
f 397/651 399/467 830/470 829/652
f 143/151 144/601 679/604 678/674
f 19/675 581/676 947/677 606/678
f 293/687 292/688 762/689 759/690
f 142/691 143/151 678/674 677/692
f 428/698 424/699 841/700 844/701
f 211/702 209/703 717/704 719/705
f 56/716 451/717 854/718 591/719
f 104/720 356/721 798/722 649/723
f 509/724 510/725 894/726 893/727
f 291/728 292/729 762/730 761/731
f 558/732 554/733 927/734 931/735
f 84/740 479/741 869/742 870/743
f 382/744 383/745 817/746 819/747
f 508/748 509/724 893/727 892/749
f 139/750 397/651 829/652 674/751
f 304/752 306/549 768/552 767/753
f 140/754 141/755 676/756 675/757
f 208/762 210/763 718/764 716/765
f 239/766 235/767 733/768 738/769
f 507/770 508/748 892/749 891/771
f 177/772 290/773 760/774 702/775
f 355/781 106/782 597/783 797/784
f 234/787 239/788 738/789 732/790
f 585/796 580/797 946/798 950/799
f 182/371 293/687 759/690 704/372
f 209/703 201/856 710/857 717/704
f 557/858 553/859 926/860 930/861
f 579/862 585/863 950/864 945/865
f 455/446 449/877 859/878 856/447
f 380/879 379/880 816/881 815/882
f 157/209 261/890 745/891 691/210
f 422/899 425/900 842/901 836/902
f 207/904 208/762 716/765 715/905
f 449/906 454/485 855/488 859/907
f 43/940 42/941 623/942 624/943
f 514/944 517/945 899/946 896/947
f 552/948 555/949 928/950 925/951
f 200/952 207/904 715/905 709/953
f 354/954 359/955 799/956 795/957
f 424/699 420/958 837/959 841/700
f 236/965 204/966 713/967 734/968
f 516/969 513/970 907/971 895/972
f 554/973 35/974 619/975 927/976
f 235/767 196/977 708/978 733/768
f 513/979 515/980 897/981 907/982
f 117/983 423/984 840/985 659/986
f 581/676 576/987 943/988 947/677
f 232/996 234/997 732/998 730/999
f 377/1000 87/288 639/291 810/1001
f 36/1006 37/1007 621/1008 620/1009
f 132/196 131/1016 667/1017 668/197
f 329/1018 326/1019 782/1020 783/1021
f 451/717 105/1023 650/1024 854/718
f 552/1025 550/1026 924/1027 925/1028
f 580/797 27/1029 612/1030 946/798
f 502/1031 501/1032 886/1033 883/1034
f 131/1035 130/1036 666/1037 667/1038
f 419/1039 421/1040 838/1041 834/1042
f 549/1043 552/1044 925/1045 923/1046
f 356/721 351/1047 794/1048 798/722
f 263/1049 258/1050 744/1051 746/1052
f 35/1053 34/1054 618/1055 619/1056
f 133/1057 406/1058 833/1059 669/1060
f 542/1062 52/445 629/448 916/1063
f 257/1064 263/1065 746/1066 743/1067
f 316/1076 315/1077 773/1078 774/1079
f 420/1101 418/1102 835/1103 837/1104
f 122/1105 355/1106 797/1107 793/1108
f 89/1115 375/1116 814/1117 640/1118
f 32/1119 33/1120 617/1121 616/1122
f 283/1123 147/1124 682/1125 756/1126
f 315/1127 314/1128 772/1129 773/1130
f 538/1131 537/1132 914/1133 915/1134
f 575/1135 578/1136 944/1137 942/1138
f 71/1139 502/1031 883/1034 636/1140
f 536/1141 537/1142 914/1143 913/1144
f 550/1145 548/1146 922/1147 924/1148
f 30/1149 470/1150 868/1151 614/1152
f 49/1156 536/1141 913/1144 627/1157
f 229/1158 232/1159 730/1160 728/1161
f 312/1176 313/1177 771/1178 770/1179
f 326/1180 138/1181 672/1182 782/1183
f 447/1184 443/1185 852/1186 858/1187
f 349/1188 354/954 795/957 791/1189
f 405/1190 137/1191 670/1192 832/1193
f 123/1194 124/1195 664/1196 663/1197
f 418/1102 115/1200 657/1201 835/1103
f 181/1204 217/1205 723/1206 703/1207
f 164/217 325/1208 780/1209 696/218
f 442/1223 447/1224 858/1225 851/1226
f 92/1227 31/1228 615/1229 644/1230
f 27/1231 28/1232 613/1233 612/1234
f 149/223 280/1235 758/1236 683/224
f 221/1237 205/1238 714/1239 722/1240
f 446/1254 442/1255 851/1256 853/1257
f 548/1146 32/1258 616/1259 922/1147
f 230/1260 228/1261 729/1262 731/1263
f 528/1264 527/1265 905/1266 906/1267
f 324/1268 323/1269 779/1270 781/1271
f 496/1272 43/940 624/943 880/1273
f 527/1265 526/1290 904/1291 905/1266
f 53/486 535/1293 910/1294 631/487
f 214/1296 215/1297 721/1298 720/1299
f 566/1300 565/1301 935/1302 936/1303
f 107/1314 92/1315 644/1316 651/1317
f 279/1318 150/1319 685/1320 757/1321
f 120/1333 119/1334 661/1335 662/1336
f 573/1337 575/1135 942/1138 939/1338
f 258/1050 253/1365 741/1366 744/1051
f 532/1367 48/1368 625/1369 909/1370
f 323/1374 139/1375 674/1376 779/1377
f 228/1261 227/1382 727/1383 729/1262
f 372/1386 377/1000 810/1001 808/1387
f 523/1388 524/1389 902/1390 903/1391
f 116/871 117/870 659/1392 658/1393
f 38/1394 563/1395 933/1396 589/1397
f 252/1398 256/1399 742/1400 740/1401
f 115/1407 116/871 658/1393 657/1408
f 443/1409 440/1410 850/1411 852/1412
f 39/1413 567/1414 932/1415 622/1416
f 227/1417 200/952 709/953 727/1418
f 114/876 9/885 599/1419 656/1420
f 430/1421 431/1422 846/1423 845/1424
f 337/841 336/779 785/1429 786/1430
f 103/1454 442/1223 851/1226 849/1455
f 470/1150 465/1468 864/1469 868/1151
f 33/1470 493/1471 878/1472 617/1473
f 441/1477 111/1478 654/1479 857/1480
f 17/1493 18/1494 587/1495 605/1496
f 171/1498 304/1499 767/1500 699/1501
f 439/1502 441/1503 857/1504 848/1505
f 427/1521 428/1522 844/1523 843/1524
f 469/1528 95/1529 645/1530 866/1531
f 373/1544 368/1545 809/1546 812/1547
f 518/1551 519/1552 901/1553 900/1554
f 119/1558 427/1521 843/1524 661/1559
f 517/1560 518/1551 900/1554 899/1561
f 109/90 108/1562 652/1563 653/91
f 48/1368 528/1575 906/1576 625/1369
f 571/1585 14/1586 603/1587 940/1588
f 491/1589 36/1590 620/1591 876/1592
f 14/1612 13/1613 602/1614 603/1615
f 108/1562 107/1616 651/1617 652/1563
f 425/1618 426/1619 839/1620 842/1621
f 555/1622 556/557 929/560 928/1623
f 464/1628 468/1629 865/1630 863/1631
f 141/1632 302/1633 766/1634 676/1635
f 112/312 439/1636 848/1637 655/313
f 302/1638 142/691 677/692 766/1639
f 37/1640 489/1641 875/1642 621/1643
f 79/1657 393/1658 827/1659 637/1660
f 515/1661 514/1662 896/1663 897/1664
f 423/1665 118/101 660/104 840/1666
f 237/1681 236/1682 734/1683 735/1684
f 345/1685 125/1686 665/1687 789/1688
f 277/1706 177/772 702/775 755/1707
f 426/1619 123/1708 663/1709 839/1620
f 526/1710 50/1711 628/1712 904/1713
f 202/1719 203/1720 712/1721 711/1722
f 553/859 552/1725 925/1726 926/860
f 205/1238 236/569 734/572 714/1239
f 31/1228 568/1734 938/1735 615/1229
f 65/1736 516/1737 895/1738 634/1739
f 421/1742 422/1743 836/1744 838/1745
f 201/1746 202/1719 711/1722 710/1747
f 342/1748 344/1749 788/1750 787/1751
f 137/1752 329/1753 783/1754 670/1755
f 465/1468 91/1756 642/1757 864/1469
f 250/1767 195/1768 707/1769 739/1770
f 7/1784 179/1785 600/1786 596/1787
f 273/1788 276/1789 754/1790 753/1791
f 392/1800 80/1801 594/1802 825/1803
f 100/1804 8/1805 647/1806 648/1807
f 530/1808 63/115 632/118 908/1809
f 158/1810 342/1811 787/1812 598/1813
f 368/1819 365/1820 806/1821 809/1822
f 493/1471 487/1823 879/1824 878/1472
f 524/1825 530/1826 908/1827 902/1828
f 34/1829 549/1043 923/1046 618/1830
f 583/501 582/1831 948/1832 949/502
f 487/1833 492/1834 877/1835 879/1836
f 391/807 396/1837 824/1838 821/1839
f 9/1840 158/1841 598/1842 599/1843
f 359/1846 360/1847 796/1848 799/1849
f 460/1850 464/1628 863/1631 861/1851
f 125/1686 419/1852 834/1853 665/1687
f 95/1529 96/1854 646/1855 645/1530
f 138/1856 324/1268 781/1271 672/1857
f 203/1858 230/1859 731/1860 712/1861
f 325/1862 163/1863 695/1864 780/1865
f 578/1908 579/1909 945/1910 944/1911
f 366/86 363/166 805/169 807/87
f 489/1641 484/1915 874/1916 875/1642
f 393/1917 389/1918 823/1919 827/1920
f 362/1921 365/1922 806/1923 804/1924
f 270/1925 273/1788 753/1791 751/1926
f 13/1927 546/1928 921/1929 602/1930
f 195/1768 229/1931 728/1932 707/1769
f 576/1942 17/1943 605/1944 943/1945
f 106/782 4/1946 592/1947 597/783
f 91/1756 90/1948 641/1949 642/1757
f 105/1950 446/1951 853/1952 650/1953
f 261/890 199/1962 601/1963 745/891
f 388/478 392/1800 825/1803 822/479
f 99/1966 7/1967 596/1968 595/1969
f 90/1970 89/1971 640/1972 641/1973
f 187/458 188/1974 706/1975 705/459
f 487/1823 483/1976 873/1977 879/1824
f 482/1982 487/1833 879/1836 872/1983
f 545/1984 15/1985 604/1986 919/1987
f 351/2000 122/2001 793/2002 794/2003
f 387/808 391/807 821/1839 820/2015
f 80/1801 2/2016 590/2017 594/1802
f 519/2021 523/2022 903/2023 901/2024
f 130/2025 320/2026 778/2027 666/2028
f 442/2029 104/720 649/723 851/2030
f 350/2033 349/2034 791/2035 790/2036
f 256/2037 257/2038 743/2039 742/2040
f 111/2041 362/2042 804/2043 654/2044
f 1/2045 61/2046 593/2047 588/2048
f 267/2049 270/1925 751/1926 749/2050
f 61/2051 39/1413 622/1416 593/2052
f 4/2055 56/2056 591/2057 592/2058
f 510/725 70/2059 635/2060 894/726
f 15/1985 571/2061 940/2062 604/1986
f 484/1915 79/1657 637/1660 874/1916
f 292/2072 297/2073 764/2074 762/2075
f 440/2076 103/2077 849/2078 850/2079
f 154/2080 350/2033 790/2036 689/2081
f 28/2082 573/1337 939/1338 613/2083
f 483/1976 84/2092 870/2093 873/1977
f 253/2094 252/2095 740/2096 741/2097
f 151/2101 361/2102 800/2103 686/2104
f 2/2105 38/2106 589/2107 590/2108
f 268/2109 266/2110 747/2111 748/2112
f 319/2114 133/1057 669/1060 775/2115
f 170/174 224/149 725/2116 698/2117
f 546/1928 542/2123 916/2124 921/1929
f 124/2130 345/2131 789/2132 664/2133
f 478/2134 482/1982 872/1983 871/2135
f 223/2136 171/1498 699/1501 724/2137
f 18/1494 1/2045 588/2048 587/1495
f 383/2146 387/808 820/2015 817/2147
f 176/2149 175/2150 700/2151 701/2152
f 568/2153 30/2154 614/2155 938/2156
f 375/2171 374/2172 813/2173 814/2174
f 504/17 507/2175 891/2176 888/18
f 196/977 250/2185 739/2186 708/978
f 374/2187 373/2188 812/2189 813/2190
f 541/2191 545/1984 919/1987 917/2192
f 344/2195 156/2196 690/2197 788/2198
f 468/2199 469/2200 866/1317 865/2201
f 385/2205 382/744 819/747 828/2206
f 567/2210 19/675 606/678 932/2211
f 381/2212 385/2213 828/2214 818/2215
f 280/2229 279/2230 757/2231 758/2232
f 292/2233 288/2234 765/2235 762/2236
f 320/2026 316/2237 774/2238 778/2027
f 20/2250 566/1300 936/1303 607/2251
f 288/2252 291/2253 761/2254 765/2255
f 169/2256 170/2257 698/2258 697/2259
f 341/2260 114/2261 656/2262 784/2263
f 179/2264 283/2265 756/2266 600/2267
f 64/2272 435/2273 847/2274 633/2275
f 565/66 21/1671 609/2277 935/2278
f 276/2279 277/2280 755/2281 754/1882
f 70/2282 71/2283 636/2284 635/2285
f 290/2286 176/2287 701/2288 760/328
f 435/2291 65/1736 634/1739 847/2292
f 588/2293 606/2294 587/2295
f 588/2293 593/2296 622/2297
f 590/2298 589/2299 594/2300
f 592/2301 591/2302 597/2303
f 599/1419 598/2304 601/2305
f 703/2306 723/2307 704/2308
f 715/2309 710/2310 709/2311
f 716/2312 717/2313 715/2309
f 715/2309 717/2313 710/2310
f 718/2314 719/2315 716/2312
f 716/2312 719/2315 717/2313
f 718/2314 720/2316 719/2315
f 720/2316 721/2317 719/2315
f 722/2318 714/2319 713/2320
f 724/2321 725/2116 726/2322
f 699/2323 698/2324 724/2325
f 724/2321 698/2117 725/2116
f 710/2310 727/2326 709/2311
f 711/2327 729/2328 710/2310
f 712/2329 731/2330 711/2327
f 714/2319 734/2331 713/2320
f 710/2310 729/2328 727/2326
f 711/2327 731/2330 729/2328
f 728/2332 730/2333 707/2334
f 730/2333 708/2335 707/2334
f 732/2336 733/2337 730/2333
f 730/2333 733/2337 708/2335
f 732/2336 738/2338 733/2337
f 734/2339 736/2340 735/2341
f 736/2340 737/2342 735/2341
f 696/2343 695/2344 736/2340
f 736/2340 695/2344 737/2342
f 695/2344 694/2345 737/2342
f 692/2346 599/1419 601/2305
f 708/2335 739/2347 707/2334
f 742/2348 743/2349 740/2350
f 740/2350 743/2349 741/2351
f 743/2349 744/2352 741/2351
f 743/2349 746/2353 744/2352
f 601/2305 598/2304 745/2354
f 598/2304 691/2355 745/2354
f 706/2356 749/2357 705/2358
f 705/2358 749/2357 747/2359
f 749/2357 748/2360 747/2359
f 749/2357 751/2361 748/2360
f 751/2361 750/2362 748/2360
f 748/2360 750/2362 700/2363
f 750/2362 701/2364 700/2363
f 751/2361 753/2365 750/2362
f 753/2365 752/2366 750/2362
f 750/2362 752/2366 701/2364
f 752/2366 702/2367 701/2364
f 753/2365 754/2368 752/2366
f 754/2368 755/2369 752/2366
f 752/2366 755/2369 702/2367
f 685/2370 684/2371 757/2372
f 757/2373 684/2374 758/2375
f 684/2371 683/2376 758/2377
f 682/2378 681/2379 756/2380
f 756/2380 681/2379 600/2381
f 681/2379 596/2382 600/2381
f 702/2367 760/2383 701/2364
f 761/2384 762/2385 765/2386
f 762/2387 764/2388 759/2389
f 764/2388 763/2390 759/2389
f 759/2389 763/2390 704/2308
f 763/2390 703/2306 704/2308
f 677/2391 676/2392 766/2393
f 767/2394 768/2395 699/2323
f 768/2395 698/2324 699/2323
f 768/2396 769/2397 698/2398
f 769/2397 697/2399 698/2398
f 770/2400 771/2401 769/2397
f 769/2397 771/2401 697/2399
f 775/2402 776/2403 772/2404
f 772/2404 776/2403 773/2405
f 776/2403 777/2406 773/2405
f 773/2407 777/2408 774/2409
f 777/2408 778/2410 774/2409
f 775/2402 669/2411 776/2403
f 669/2411 668/2412 776/2403
f 776/2403 668/2412 777/2406
f 668/2412 667/2413 777/2406
f 777/2408 667/2414 778/2410
f 667/2414 666/2415 778/2410
f 673/2416 779/2417 674/2418
f 672/2419 781/2420 673/2416
f 671/2421 782/2422 672/2419
f 670/2423 783/2424 671/2425
f 673/2416 781/2420 779/2417
f 780/2426 695/2344 696/2343
f 671/2421 783/2427 782/2422
f 784/2428 692/2346 693/2429
f 662/2430 661/2431 785/1429
f 785/1429 661/2431 786/1430
f 661/2431 660/2432 786/1430
f 784/2428 656/1420 692/2346
f 656/1420 599/1419 692/2346
f 664/2433 789/2434 665/2435
f 787/2436 691/2355 598/2304
f 787/2436 788/2437 691/2355
f 788/2437 690/2438 691/2355
f 791/2439 795/2440 790/2441
f 795/2440 792/2442 790/2441
f 790/2441 792/2442 689/2443
f 792/2442 688/2444 689/2443
f 793/2445 797/2446 794/2447
f 797/2446 798/2448 794/2447
f 795/2440 799/2449 792/2442
f 799/2449 796/2450 792/2442
f 792/2442 796/2450 688/2444
f 796/2450 687/2451 688/2444
f 597/2303 650/2452 797/2446
f 797/2446 650/2452 798/2448
f 650/2452 649/2453 798/2448
f 796/2450 648/2454 687/2451
f 648/2454 647/2455 687/2451
f 654/2456 802/2457 655/2458
f 652/2459 809/2460 653/2461
f 651/2462 811/2463 652/2459
f 800/2464 685/2370 686/2465
f 655/2458 802/2457 800/2464
f 802/2457 801/2466 800/2464
f 800/2464 801/2466 685/2370
f 801/2466 684/2371 685/2370
f 654/2456 804/2467 802/2457
f 804/2467 805/2468 802/2457
f 802/2457 805/2468 801/2466
f 805/2468 803/2469 801/2466
f 801/2466 803/2469 684/2371
f 803/2469 683/2376 684/2371
f 806/2470 807/2471 804/2467
f 804/2467 807/2471 805/2468
f 653/2461 809/2460 806/2472
f 652/2459 811/2463 809/2460
f 811/2463 812/2473 809/2460
f 808/2474 810/2475 682/2378
f 810/2475 681/2379 682/2378
f 651/2462 644/2476 811/2463
f 644/2476 643/2477 811/2463
f 811/2463 643/2477 812/2473
f 643/2477 642/2478 812/2473
f 812/2473 642/2478 813/2479
f 642/2478 641/2480 813/2479
f 813/2481 641/2482 814/2483
f 641/2482 640/2484 814/2483
f 810/2475 639/2485 681/2379
f 639/2485 596/2382 681/2379
f 815/2486 679/2487 680/2488
f 818/2489 819/2490 816/2491
f 816/2491 819/2490 815/2486
f 819/2490 817/2492 815/2486
f 815/2486 817/2492 679/2487
f 817/2492 678/2493 679/2487
f 818/2489 828/2494 819/2490
f 817/2492 820/2495 678/2493
f 820/2495 677/2391 678/2493
f 820/2495 821/2496 677/2391
f 821/2496 676/2392 677/2391
f 825/2497 826/2498 822/2499
f 822/2499 826/2498 823/2500
f 826/2498 827/2501 823/2500
f 821/2496 824/2502 676/2392
f 824/2502 675/2503 676/2392
f 594/2300 638/2504 825/2497
f 825/2497 638/2504 826/2498
f 638/2504 637/2505 826/2498
f 826/2498 637/2505 827/2501
f 669/2411 833/2506 668/2412
f 829/2507 673/2416 674/2418
f 829/2507 830/2508 673/2416
f 830/2508 672/2419 673/2416
f 830/2508 831/2509 672/2419
f 831/2509 671/2421 672/2419
f 831/2510 832/2511 671/2425
f 832/2511 670/2423 671/2425
f 658/2512 835/2513 657/2514
f 659/2515 837/2516 658/2512
f 661/2431 843/2517 660/2432
f 658/2512 837/2516 835/2513
f 838/2518 836/2519 834/2520
f 834/2520 836/2519 665/2435
f 836/2519 664/2433 665/2435
f 659/2521 840/2522 837/2523
f 840/2522 841/2524 837/2523
f 842/2525 839/2526 836/2527
f 836/2527 839/2526 664/2528
f 839/2526 663/2529 664/2528
f 660/2530 843/2531 840/2522
f 843/2531 844/2532 840/2522
f 840/2522 844/2532 841/2524
f 634/2536 633/2537 847/2538
f 650/2452 853/2539 649/2453
f 597/2303 854/2540 650/2452
f 848/2541 654/2456 655/2458
f 848/2541 857/2542 654/2456
f 849/2543 851/2544 850/2545
f 851/2544 852/2546 850/2545
f 649/2453 853/2539 851/2547
f 851/2544 858/2548 852/2546
f 855/2549 856/2550 859/2551
f 597/2303 591/2302 854/2540
f 631/2552 630/2553 855/2549
f 855/2549 630/2553 856/2550
f 630/2553 629/2554 856/2550
f 639/2485 595/2555 596/2382
f 643/2477 864/2556 642/2478
f 644/2476 867/2557 643/2477
f 861/2558 863/2559 860/2560
f 863/2559 862/2561 860/2560
f 860/2562 862/2563 646/2564
f 862/2563 645/2565 646/2564
f 863/2559 865/2566 862/2561
f 865/2567 866/2568 862/2563
f 862/2563 866/2568 645/2565
f 643/2477 867/2557 864/2556
f 867/2557 868/2569 864/2556
f 644/2476 615/2570 867/2557
f 615/2570 614/2571 867/2557
f 867/2557 614/2571 868/2569
f 638/2504 874/2572 637/2505
f 594/2300 875/2573 638/2504
f 871/2574 872/2575 869/2576
f 872/2575 873/2577 869/2576
f 869/2576 873/2577 870/2578
f 872/2575 879/2579 873/2577
f 638/2504 875/2573 874/2572
f 877/2580 878/2581 879/2582
f 594/2300 589/2299 875/2573
f 589/2299 621/2583 875/2573
f 620/2584 619/2585 876/2586
f 876/2586 619/2585 877/2580
f 619/2585 618/2587 877/2580
f 877/2580 618/2587 878/2581
f 618/2587 617/2588 878/2581
f 623/2589 881/2590 624/2591
f 624/2591 881/2590 880/2592
f 881/2590 882/2593 880/2592
f 623/2589 884/2594 881/2590
f 884/2594 885/2595 881/2590
f 881/2590 885/2595 882/2593
f 885/2595 886/2596 882/2593
f 884/2594 888/2597 885/2595
f 888/2597 889/2598 885/2595
f 885/2595 889/2598 886/2596
f 889/2598 890/2599 886/2596
f 886/2596 890/2599 883/2600
f 890/2599 887/2601 883/2600
f 883/2600 887/2601 636/2602
f 887/2603 635/2604 636/2605
f 888/2597 891/2606 889/2598
f 891/2606 892/2607 889/2598
f 889/2598 892/2607 890/2599
f 892/2607 893/2608 890/2599
f 890/2599 893/2608 887/2601
f 893/2608 894/2609 887/2601
f 887/2603 894/2610 635/2604
f 897/2611 895/2612 907/2613
f 899/2614 900/2615 896/2616
f 896/2616 900/2615 897/2611
f 900/2615 901/2617 897/2611
f 897/2611 901/2617 895/2612
f 901/2617 898/2618 895/2612
f 895/2619 898/2620 634/2536
f 898/2620 633/2537 634/2536
f 901/2617 903/2621 898/2618
f 903/2622 902/2623 898/2620
f 898/2620 902/2623 633/2537
f 902/2623 632/2624 633/2537
f 902/2623 908/2625 632/2624
f 628/2626 627/2627 904/2628
f 904/2628 627/2627 905/2629
f 627/2627 626/2630 905/2629
f 905/2629 626/2630 906/2631
f 626/2630 625/2632 906/2631
f 626/2630 911/2633 625/2632
f 627/2627 913/2634 626/2630
f 625/2632 911/2633 909/2635
f 626/2630 913/2634 911/2633
f 913/2634 914/2636 911/2633
f 915/2637 912/2638 910/1294
f 910/1294 912/2638 631/487
f 912/2639 630/2553 631/2552
f 914/50 917/49 915/2640
f 917/49 918/2641 915/2640
f 915/2642 918/2643 912/2639
f 918/2643 916/2644 912/2639
f 912/2639 916/2644 630/2553
f 916/2644 629/2554 630/2553
f 919/2645 920/2646 917/49
f 917/49 920/2646 918/2641
f 920/2647 921/2648 918/2643
f 918/2643 921/2648 916/2644
f 919/2645 604/2649 920/2646
f 604/2649 603/2650 920/2646
f 920/2647 603/2651 921/2648
f 603/2651 602/2652 921/2648
f 617/2588 922/2653 616/2654
f 618/2587 923/2655 617/2588
f 620/2584 927/2656 619/2585
f 621/2583 931/2657 620/2584
f 589/2299 933/2658 621/2583
f 617/2588 923/2655 922/2653
f 923/2659 924/2660 922/2661
f 923/2659 925/2662 924/2660
f 928/2663 929/2664 925/2665
f 925/2665 929/2664 926/2666
f 929/2664 930/2667 926/2666
f 620/2584 931/2657 927/2656
f 929/2664 937/2668 930/2667
f 621/2583 933/2658 931/2657
f 933/2658 934/2669 931/2657
f 933/2658 611/2670 934/2669
f 611/2670 610/2671 934/2669
f 609/2672 608/2673 935/2674
f 935/2674 608/2673 936/2675
f 608/2673 607/2676 936/2675
f 932/2677 606/2294 622/2297
f 606/2294 588/2293 622/2297
f 604/2649 940/2678 603/2650
f 587/2295 947/2679 605/2680
f 938/2681 614/2571 615/2570
f 942/2682 941/2683 939/2684
f 939/2684 941/2683 613/2685
f 941/2683 612/2686 613/2685
f 944/2687 945/2688 942/2689
f 942/2682 945/2690 941/2683
f 945/2690 946/2691 941/2683
f 941/2683 946/2691 612/2686
f 605/2680 947/2679 943/2692
f 945/2693 950/799 946/798
f 587/2295 606/2294 947/2679
f 607/2676 608/2673 948/2694
f 948/2694 608/2673 949/2695
f 608/2673 609/2672 949/2695
f 610/2671 611/2670 950/2696
f 218/2697 223/2136 724/2137 726/2698
f 379/2699 381/2700 818/2701 816/2702
f 147/1124 372/2703 808/2704 682/1125
f 224/2705 218/2706 726/2707 725/2708
f 314/2709 319/2710 775/2711 772/2712
f 199/2713 159/2714 692/2715 601/2716
usemtl crater
f 274/57 279/58 1038/59 1035/60
f 565/66 560/67 1123/68 1126/69
f 400/70 398/71 1082/72 1084/73
f 330/108 329/109 1051/110 1052/111
f 143/151 301/152 1046/153 992/154
f 338/155 333/156 1056/157 1060/158
f 63/159 62/160 972/161 973/162
f 107/177 456/178 1099/179 987/180
f 395/181 391/182 1079/183 1081/184
f 559/185 564/186 1124/187 1122/188
f 251/191 249/192 1022/193 1025/194
f 185/239 200/240 1006/241 953/242
f 479/243 84/244 978/245 1107/246
f 15/247 16/248 958/249 957/250
f 59/265 507/266 1112/267 969/268
f 237/269 238/270 1020/271 1019/272
f 387/273 386/274 1075/275 1076/276
f 507/322 506/323 1111/324 1112/325
f 300/340 144/341 993/342 1044/343
f 332/344 337/345 1059/346 1054/347
f 367/348 364/349 1069/350 1072/351
f 3/355 107/356 987/357 955/358
f 390/359 394/360 1080/361 1077/362
f 248/363 250/364 1023/365 1021/366
f 154/257 153/256 994/400 995/401
f 535/402 54/403 965/404 1120/405
f 506/323 60/406 971/407 1111/324
f 517/418 59/419 969/420 1114/421
f 162/422 328/423 1049/424 997/425
f 69/426 510/427 1110/428 974/429
f 12/433 3/355 955/358 956/434
f 335/489 161/316 996/490 1058/491
f 275/492 272/493 1034/494 1037/495
f 363/166 366/86 1070/496 1068/497
f 186/515 173/516 1000/517 1004/518
f 532/519 534/520 1119/521 1118/522
f 296/523 295/524 1042/525 1043/526
f 458/561 98/562 985/563 1102/564
f 443/578 444/579 1098/580 1097/581
f 25/590 93/591 983/592 961/593
f 331/594 334/595 1057/596 1053/597
f 271/615 274/616 1035/617 1033/618
f 307/619 305/620 1047/621 1048/622
f 153/623 265/624 1032/625 994/626
f 54/403 55/639 966/640 965/404
f 88/641 457/642 1101/643 982/644
f 72/645 413/646 1088/647 975/648
f 333/658 330/659 1052/660 1056/661
f 413/662 412/663 1087/664 1088/665
f 98/679 99/680 986/681 985/682
f 473/803 26/804 962/805 1105/806
f 391/807 387/808 1076/809 1079/810
f 213/811 210/812 1007/813 1008/814
f 531/816 532/817 1118/818 1116/819
f 231/820 230/821 1014/822 1015/823
f 576/824 577/825 1131/826 1130/827
f 264/829 154/830 995/831 1030/832
f 547/833 12/834 956/835 1121/836
f 301/837 296/838 1043/839 1046/840
f 412/842 73/843 977/844 1087/845
f 329/846 332/847 1054/848 1051/849
f 305/850 85/851 980/852 1047/853
f 386/909 390/910 1077/911 1075/912
f 293/913 182/128 1001/914 1041/915
f 295/524 300/916 1044/917 1042/525
f 144/601 143/151 992/154 993/924
f 511/925 68/926 951/927 1113/928
f 439/929 438/930 1092/931 1093/932
f 93/591 94/1068 984/1069 983/592
f 348/1070 349/1071 1067/1072 1066/1073
f 328/423 331/1074 1053/1075 1049/424
f 238/1087 234/1088 1018/1089 1020/1090
f 210/1091 183/1092 1003/1093 1007/1094
f 260/1095 259/1096 1028/1097 1029/1098
f 200/1213 193/1214 1005/1215 1006/1216
f 499/1217 72/645 975/648 1109/1218
f 476/1219 479/1220 1107/1221 1106/1222
f 233/1243 237/269 1019/272 1016/1244
f 571/1245 15/1246 957/1247 1127/1248
f 265/1249 260/1095 1029/1098 1032/1250
f 62/1283 121/1284 988/1285 972/1286
f 167/1304 226/1305 1013/1306 998/1307
f 402/1308 403/1309 1086/1310 1085/1311
f 87/1322 88/641 982/644 981/1323
f 469/1324 473/803 1105/806 1103/1325
f 173/1326 185/239 953/242 1000/1327
f 344/1350 343/1351 1061/1352 1062/1353
f 94/1354 469/1355 1103/1356 984/1357
f 259/1358 264/829 1030/832 1028/1359
f 436/1439 63/1441 973/1442 1091/1443
f 52/1444 547/1445 1121/1446 964/1447
f 253/354 254/367 1027/1448 1026/1449
f 85/1457 476/1219 1106/1222 980/1458
f 225/150 168/176 999/1459 1011/1460
f 234/1461 231/820 1015/823 1018/1462
f 68/1481 5/1482 952/1483 951/1484
f 444/1485 441/1486 1096/1487 1098/1488
f 60/1489 520/1490 1115/1491 971/1492
f 577/1506 574/1507 1129/1508 1131/1509
f 370/1510 371/1511 1074/1512 1073/1513
f 230/1514 233/1515 1016/1516 1014/1517
f 289/1565 293/1566 1041/1567 1040/1568
f 440/1410 443/1409 1097/1569 1094/1570
f 130/1571 131/1572 991/1573 990/1574
f 398/1577 130/1571 990/1574 1082/1578
f 16/1593 576/824 1130/827 958/1594
f 221/136 220/134 1009/1595 1010/1596
f 279/58 280/527 1039/1597 1038/59
f 249/192 248/1598 1021/1599 1022/193
f 534/520 535/1600 1120/1601 1119/521
f 441/1503 439/1502 1093/1649 1096/1650
f 457/1651 458/561 1102/564 1101/1652
f 226/1653 221/1654 1010/1655 1013/1656
f 21/1671 565/66 1126/69 959/1672
f 349/1071 346/1673 1065/1674 1067/1072
f 84/693 307/619 1048/622 978/1675
f 183/1092 289/1690 1040/1691 1003/1093
f 438/1694 440/1695 1094/1696 1092/1697
f 431/1698 436/1699 1091/1700 1089/1701
f 574/1782 571/1245 1127/1248 1129/1783
f 337/866 338/868 1060/1794 1059/1795
f 193/1796 186/1797 1004/1798 1005/1799
f 122/1868 431/1869 1089/1870 989/1871
f 220/134 225/150 1011/1460 1009/1595
f 564/186 22/1872 960/1873 1124/187
f 345/1881 348/1882 1066/1883 1063/1884
f 497/1885 499/1886 1109/1887 1108/1888
f 364/167 363/166 1068/497 1069/1889
f 121/1890 122/1868 989/1871 988/1891
f 99/289 87/288 981/1892 986/1893
f 168/1896 167/1304 998/1307 999/1897
f 394/1898 395/181 1081/184 1080/1899
f 182/128 213/112 1008/1901 1001/914
f 55/639 531/1933 1116/1934 966/640
f 26/1991 25/1992 961/1993 962/1994
f 334/828 335/489 1058/491 1057/1995
f 456/1996 52/1997 964/1998 1099/1999
f 57/2007 511/925 1113/928 968/2008
f 346/919 344/918 1062/2009 1065/2010
f 403/2011 400/2012 1084/2013 1086/2014
f 560/2065 559/2066 1122/2067 1123/2068
f 73/2086 497/1885 1108/1888 977/2087
f 371/1511 367/2088 1072/2089 1074/1512
f 254/2158 251/2159 1025/2160 1027/2161
f 5/1482 69/2162 974/2163 952/1483
f 272/2164 271/615 1033/618 1034/2165
f 280/2177 275/492 1037/495 1039/2178
f 22/2179 21/2180 959/2181 960/2182
f 343/1351 345/2183 1063/2184 1061/1352
f 131/1289 402/1288 1085/2207 991/2208
f 161/2220 162/2221 997/2222 996/2223
f 520/2224 517/418 1114/421 1115/2225
f 510/427 57/2239 968/2240 1110/428
f 250/339 253/354 1026/1449 1023/2241
f 366/2242 370/2243 1073/2244 1070/2245
f 953/2717 1006/2718 954/2719
f 1002/2720 1007/2721 1003/2722
f 1001/914 1008/1901 1002/2720
f 1002/2720 1008/1901 1007/2721
f 1011/1460 1012/2723 1009/1595
f 1009/1595 1012/2723 1010/1596
f 1012/2723 1013/2724 1010/1596
f 1011/1460 999/1459 1012/2723
f 999/1459 998/2725 1012/2723
f 1012/2723 998/2725 1013/2724
f 1006/2718 1005/2726 954/2719
f 1016/2727 1017/2728 1014/2729
f 1014/2729 1017/2728 1015/2730
f 1017/2728 1018/2731 1015/2730
f 1016/2732 1019/2733 1017/2734
f 1019/2733 1020/2735 1017/2734
f 1017/2728 1020/2736 1018/2731
f 1005/2726 1004/2737 954/2719
f 1023/2241 1024/2738 1021/2739
f 1021/2739 1024/2738 1022/2740
f 1024/2738 1025/2741 1022/2740
f 1023/2241 1026/1449 1024/2738
f 1026/1449 1027/1448 1024/2738
f 1024/2738 1027/1448 1025/2741
f 1030/2742 1031/2743 1028/2744
f 1028/2744 1031/2743 1029/2745
f 1031/2743 1032/2746 1029/2745
f 1030/2747 995/2748 1031/2749
f 995/2748 994/2750 1031/2749
f 1031/2749 994/2750 1032/2751
f 1004/2737 1000/2752 954/2719
f 1035/60 1036/2753 1033/2754
f 1033/2754 1036/2753 1034/2755
f 1036/2753 1037/2756 1034/2755
f 1035/60 1038/59 1036/2753
f 1038/59 1039/1597 1036/2753
f 1036/2753 1039/1597 1037/2756
f 1000/2752 953/2717 954/2719
f 1040/2757 1002/2720 1003/2722
f 1040/2757 1041/915 1002/2720
f 1041/915 1001/914 1002/2720
f 1044/2758 1045/2759 1042/2760
f 1042/2760 1045/2759 1043/2761
f 1045/2759 1046/2762 1043/2761
f 1044/2763 993/2764 1045/2765
f 993/2764 992/2766 1045/2765
f 1045/2765 992/2766 1046/2767
f 979/2768 1047/621 980/2769
f 978/1675 1048/622 979/2768
f 979/2768 1048/622 1047/621
f 1053/2770 1050/2771 1049/2772
f 1049/2772 1050/2771 997/2773
f 1050/2771 996/490 997/2773
f 1054/2774 1055/2775 1051/2776
f 1051/2777 1055/2778 1052/2779
f 1055/2778 1056/157 1052/2779
f 1053/2770 1057/1995 1050/2771
f 1057/1995 1058/491 1050/2771
f 1050/2771 1058/491 996/490
f 1054/2774 1059/1795 1055/2775
f 1059/1795 1060/1794 1055/2775
f 1055/2778 1060/158 1056/157
f 1063/2780 1064/2781 1061/2782
f 1061/2782 1064/2781 1062/2009
f 1064/2781 1065/2010 1062/2009
f 1063/2780 1066/2783 1064/2781
f 1066/2783 1067/2784 1064/2781
f 1064/2781 1067/2784 1065/2010
f 1070/2785 1071/2786 1068/2787
f 1068/2787 1071/2786 1069/350
f 1071/2786 1072/351 1069/350
f 1070/2785 1073/2788 1071/2786
f 1073/2788 1074/2789 1071/2786
f 1071/2786 1074/2789 1072/351
f 1077/2790 1078/2791 1075/275
f 1075/275 1078/2791 1076/276
f 1078/2791 1079/2792 1076/276
f 1077/2790 1080/2793 1078/2791
f 1080/2793 1081/2794 1078/2791
f 1078/2791 1081/2794 1079/2792
f 991/2795 1083/2796 990/2797
f 990/2797 1083/2796 1082/2798
f 1083/2796 1084/2799 1082/2798
f 991/2208 1085/2207 1083/2800
f 1085/2207 1086/2801 1083/2800
f 1083/2800 1086/2801 1084/2802
f 977/2087 976/2803 1087/2804
f 1087/2804 976/2803 1088/2805
f 976/2803 975/2806 1088/2805
f 1091/1443 1090/2807 1089/2808
f 1089/2808 1090/2807 989/2809
f 1090/2807 988/2810 989/2809
f 1091/1443 973/1442 1090/2807
f 973/1442 972/2811 1090/2807
f 1090/2807 972/2811 988/2810
f 1094/2812 1095/2813 1092/2814
f 1092/2814 1095/2813 1093/2815
f 1095/2816 1096/2817 1093/2818
f 1094/2819 1097/2820 1095/2821
f 1097/2820 1098/2822 1095/2821
f 1095/2823 1098/2824 1096/2825
f 964/1447 963/2826 1099/2827
f 1099/2827 963/2826 987/2828
f 963/2826 955/2829 987/2828
f 982/2830 1100/2831 981/2832
f 981/2832 1100/2831 986/681
f 1100/2831 985/682 986/681
f 982/2830 1101/2833 1100/2831
f 1101/2833 1102/2834 1100/2831
f 1100/2831 1102/2834 985/682
f 1105/806 1104/2835 1103/1325
f 1103/1325 1104/2835 984/2836
f 1104/2835 983/2837 984/2836
f 1105/806 962/805 1104/2835
f 962/805 961/2838 1104/2835
f 1104/2835 961/2838 983/2837
f 1106/2839 979/2768 980/2769
f 1106/2839 1107/2840 979/2768
f 1107/2840 978/1675 979/2768
f 1108/1888 976/2803 977/2087
f 1108/2841 1109/2842 976/2843
f 1109/1887 975/2806 976/2803
f 971/2844 970/2845 1111/2846
f 1111/2846 970/2845 1112/2847
f 970/2845 969/2848 1112/2847
f 968/2849 967/2850 1110/2851
f 1110/2852 967/2853 974/2854
f 967/2853 952/2855 974/2854
f 967/2853 951/2856 952/2855
f 968/2849 1113/2857 967/2850
f 970/2845 1114/2858 969/2848
f 971/2844 1115/2859 970/2845
f 967/2850 1113/2857 951/2860
f 970/2845 1115/2859 1114/2858
f 1118/522 1117/2861 1116/2862
f 1116/2862 1117/2861 966/2863
f 1117/2861 965/2864 966/2863
f 1118/522 1119/521 1117/2861
f 1119/521 1120/1601 1117/2861
f 1117/2861 1120/1601 965/2864
f 1121/1446 963/2826 964/1447
f 1121/1446 956/2865 963/2826
f 956/2865 955/2829 963/2826
f 1124/187 1125/2866 1122/188
f 1122/188 1125/2866 1123/2867
f 1125/2866 1126/2868 1123/2867
f 1124/187 960/1873 1125/2866
f 960/1873 959/2869 1125/2866
f 1125/2866 959/2869 1126/2868
f 958/2870 1128/2871 957/1247
f 957/1247 1128/2871 1127/1248
f 1128/2871 1129/1783 1127/1248
f 958/2870 1130/2872 1128/2871
f 1130/2872 1131/2873 1128/2871
f 1128/2871 1131/2873 1129/1783
usemtl Material.001
f 1170/2963 1171/2964 1172/2965
f 1176/2969 1177/2970 1178/2971
f 1176/2972 1178/2973 1179/2974
f 1180/2975 1181/2976 1177/2977
f 1180/2975 1177/2977 1176/2978
f 1182/2987 1181/2988 1180/2989
f 1181/2988 1182/2987 1170/2963
f 1170/2963 1182/2987 1171/2964
f 1178/2990 1182/2991 1179/2992
f 1182/2991 1178/2990 1171/2993
f 1171/2993 1178/2990 1172/2994
f 1177/2977 1172/2995 1178/2996
f 1172/2995 1177/2977 1181/2976
f 1172/2995 1181/2976 1170/2997
f 1204/3041 1205/3042 1206/3043
f 1207/3044 1208/3045 1209/3046
f 1205/3047 1210/3048 1206/3049
f 1222/3059 1224/3060 1225/3061
f 1222/3059 1225/3061 1223/3062
f 1221/3063 1226/3064 1224/3065
f 1221/3066 1224/3067 1222/3068
f 1204/3079 1221/3080 1220/3081
f 1221/3063 1204/3082 1226/3064
f 1226/3083 1204/3084 1206/3085
f 1226/3086 1209/3087 1224/3088
f 1209/3087 1226/3086 1207/3089
f 1207/3089 1226/3086 1234/3090
f 1209/3091 1225/3061 1224/3060
f 1225/3061 1209/3091 1235/3092
f 1235/3092 1209/3091 1208/3093
f 1235/3094 1205/3047 1225/3095
f 1205/3047 1235/3094 1236/3096
f 1205/3047 1236/3096 1210/3048
f 1206/3097 1234/3098 1226/3099
f 1234/3098 1206/3097 1210/3100
f 1234/3098 1210/3100 1236/3101
f 1208/3045 1236/3101 1235/3102
f 1236/3101 1208/3045 1234/3098
f 1234/3098 1208/3045 1207/3044
f 1205/3047 1223/3103 1225/3095
f 1223/3104 1205/3105 1220/3106
f 1220/3081 1205/3107 1204/3079
f 1297/3274 1298/3275 1299/3276
f 1297/3274 1299/3276 1300/3277
f 1300/3278 1299/3279 1301/3280
f 1300/3278 1301/3280 1302/3281
f 1302/3281 1301/3280 1303/3282
f 1302/3281 1303/3282 1304/3283
f 1304/3284 1303/3285 1298/3286
f 1304/3284 1298/3286 1297/3287
f 1301/3288 1299/3289 1298/3286
f 1301/3288 1298/3286 1303/3285
f 1340/3384 1342/3385 1341/3386
f 1340/3384 1343/3387 1342/3385
f 1344/1283 1346/3388 1345/3389
f 1344/3390 1347/3391 1346/3392
f 1348/3393 1340/3384 1349/3394
f 1348/3393 1350/3395 1340/3384
f 1349/3394 1341/3386 1351/3396
f 1349/3394 1340/3384 1341/3386
f 1352/3397 1350/3398 1348/3399
f 1352/3397 1353/3400 1350/3398
f 1351/3401 1347/3391 1344/3390
f 1351/3402 1341/3403 1347/3404
f 1345/3389 1353/3405 1352/3406
f 1345/3389 1346/3388 1353/3405
f 1354/3407 1356/3408 1355/3409
f 1353/3400 1357/3410 1350/3398
f 1353/3400 1355/3411 1357/3410
f 1341/3403 1354/3412 1347/3404
f 1341/3403 1342/3413 1354/3412
f 1346/3388 1355/3409 1353/3405
f 1346/3388 1354/3407 1355/3409
f 1347/3414 1354/3407 1346/3388
f 1350/3395 1343/3387 1340/3384
f 1350/3395 1357/3415 1343/3387
f 1357/3415 1358/3416 1343/3387
f 1357/3415 1359/3417 1358/3416
f 1343/3387 1358/3416 1342/3385
f 1355/3411 1359/3418 1357/3410
f 1342/3419 1356/3420 1354/3421
f 1342/3419 1358/3422 1356/3420
f 1359/3423 1355/3409 1356/3408
f 1356/3420 1358/3422 1359/3424
f 1517/3789 1518/3790 1519/3791
f 1520/3792 1521/3793 1517/3794
f 1522/3795 1523/3796 1524/3797
f 1525/3798 1526/3799 1527/3800
f 1517/3789 1529/3801 1518/3790
f 1529/3801 1517/3789 1528/3802
f 1528/3802 1517/3789 1521/3803
f 1524/3804 1521/3805 1520/3806
f 1521/3805 1524/3804 1528/3807
f 1528/3807 1524/3804 1523/3808
f 1529/3809 1522/3795 1530/3810
f 1522/3795 1529/3809 1523/3796
f 1523/3796 1529/3809 1528/3811
f 1517/3794 1526/3812 1520/3792
f 1526/3812 1517/3794 1527/3813
f 1527/3813 1517/3794 1519/3814
f 1519/3815 1525/3798 1527/3800
f 1525/3798 1519/3815 1518/3816
f 1525/3798 1518/3816 1530/3817
f 1530/3817 1518/3816 1529/3818
f 1531/3819 1533/3820 1532/3821
f 1531/3819 1534/3822 1533/3820
f 1535/3823 1537/3824 1536/3825
f 1535/3823 1538/3826 1537/3824
f 1539/3827 1531/3819 1540/3828
f 1539/3827 1541/3829 1531/3819
f 1540/3828 1532/3821 1542/3830
f 1540/3828 1531/3819 1532/3821
f 1543/3831 1541/3832 1539/3833
f 1543/3831 1544/3834 1541/3832
f 1542/3835 1538/3826 1535/3823
f 1542/3835 1532/3836 1538/3826
f 1536/3837 1544/3834 1543/3831
f 1536/3837 1537/3838 1544/3834
f 1545/3839 1547/3840 1546/3841
f 1544/3834 1548/3842 1541/3832
f 1544/3834 1546/3841 1548/3842
f 1532/3836 1545/3843 1538/3826
f 1532/3836 1533/3844 1545/3843
f 1537/3838 1546/3841 1544/3834
f 1537/3838 1545/3839 1546/3841
f 1538/3826 1545/3843 1537/3824
f 1541/3829 1534/3822 1531/3819
f 1541/3829 1548/3845 1534/3822
f 1548/3846 1549/3847 1534/3848
f 1548/3846 1550/3849 1549/3847
f 1534/3822 1549/3850 1533/3820
f 1546/3841 1550/3851 1548/3842
f 1533/3844 1547/3852 1545/3843
f 1533/3844 1549/3853 1547/3852
f 1550/3851 1546/3841 1547/3840
f 1547/3854 1549/3855 1550/3856
f 1571/3895 1572/3896 1573/3897
f 1574/3898 1575/3899 1576/3900
f 1572/3901 1577/3902 1573/3903
f 1578/3904 1579/3905 1580/3906
f 1581/3907 1582/3908 1583/3909
f 1589/3913 1591/3914 1592/3915
f 1589/3913 1592/3915 1590/3916
f 1588/3917 1593/3918 1591/3919
f 1588/3917 1591/3919 1589/3920
f 1571/3931 1588/3932 1587/3933
f 1588/3932 1571/3931 1593/3934
f 1593/3934 1571/3931 1573/3935
f 1593/3936 1576/3937 1591/3938
f 1576/3937 1593/3936 1574/3939
f 1574/3939 1593/3936 1601/3940
f 1576/3941 1592/3915 1591/3914
f 1592/3915 1576/3941 1602/3942
f 1602/3942 1576/3941 1575/3943
f 1602/3944 1572/3945 1592/3946
f 1572/3945 1602/3944 1603/3947
f 1572/3945 1603/3947 1577/3948
f 1573/3935 1601/3949 1593/3934
f 1601/3949 1573/3935 1577/3950
f 1601/3949 1577/3950 1603/3951
f 1575/3952 1603/3953 1602/3954
f 1603/3953 1575/3952 1601/3955
f 1601/3956 1575/3957 1574/3958
f 1572/3945 1590/3959 1592/3946
f 1590/3959 1572/3945 1587/3960
f 1587/3960 1572/3945 1571/3961
f 1605/3962 1581/3963 1604/3964
f 1581/3963 1605/3962 1582/3965
f 1582/3965 1605/3962 1606/3966
f 1607/3967 1605/3968 1604/3969
f 1605/3968 1607/3967 1578/3904
f 1578/3904 1607/3967 1579/3905
f 1606/3970 1583/3909 1582/3908
f 1583/3909 1606/3970 1608/3971
f 1583/3909 1608/3971 1609/3972
f 1608/3973 1607/3974 1609/3975
f 1607/3974 1608/3973 1579/3976
f 1579/3976 1608/3973 1580/3977
f 1605/3978 1608/3971 1606/3970
f 1608/3971 1605/3978 1580/3979
f 1580/3979 1605/3978 1578/3980
f 1649/4080 1650/4081 1651/4082
f 1655/4086 1656/4087 1657/4088
f 1655/4086 1657/4088 1658/4089
f 1659/4090 1660/4091 1656/4092
f 1659/4090 1656/4092 1655/4093
f 1661/4102 1660/4103 1659/4104
f 1660/4103 1661/4102 1649/4080
f 1649/4080 1661/4102 1650/4081
f 1657/4105 1661/4106 1658/4107
f 1661/4106 1657/4105 1650/4108
f 1650/4108 1657/4105 1651/4109
f 1656/4087 1651/4110 1657/4088
f 1651/4110 1656/4087 1660/4111
f 1651/4110 1660/4111 1649/4112
f 1683/4160 1685/4161 1684/4162
f 1683/4160 1686/4163 1685/4161
f 1687/4164 1689/4165 1688/4166
f 1687/4164 1690/4167 1689/4165
f 1691/4168 1683/4160 1692/4169
f 1691/4168 1693/4170 1683/4160
f 1692/4169 1684/4162 1694/4171
f 1692/4169 1683/4160 1684/4162
f 1695/4172 1693/4173 1691/4174
f 1695/4175 1696/4176 1693/4177
f 1694/4178 1690/4179 1687/4180
f 1694/4181 1684/4182 1690/4167
f 1688/4166 1696/4183 1695/4184
f 1688/4166 1689/4165 1696/4183
f 1697/4185 1699/4186 1698/4187
f 1696/4176 1700/4188 1693/4177
f 1696/4176 1698/4189 1700/4188
f 1684/4182 1697/4185 1690/4167
f 1684/4182 1685/4190 1697/4185
f 1689/4165 1698/4187 1696/4183
f 1689/4165 1697/4185 1698/4187
f 1690/4167 1697/4185 1689/4165
f 1693/4170 1686/4163 1683/4160
f 1693/4170 1700/4191 1686/4163
f 1700/4191 1701/4192 1686/4163
f 1700/4191 1702/4193 1701/4192
f 1686/4163 1701/4192 1685/4161
f 1698/4189 1702/4194 1700/4188
f 1685/4190 1699/4186 1697/4185
f 1685/4195 1701/4196 1699/4197
f 1702/4198 1698/4187 1699/4186
f 1699/4199 1701/4200 1702/4201
f 1757/4324 1759/4325 1758/4326
f 1757/4324 1760/4327 1759/4325
f 1761/4328 1763/4329 1762/4330
f 1761/4328 1764/4331 1763/4329
f 1765/4332 1757/4324 1766/4333
f 1765/4332 1767/4334 1757/4324
f 1766/4333 1758/4326 1768/4335
f 1766/4333 1757/4324 1758/4326
f 1769/4336 1767/4337 1765/4338
f 1769/4336 1770/4339 1767/4337
f 1768/4340 1764/4331 1761/4328
f 1768/4340 1758/4341 1764/4331
f 1762/4342 1770/4339 1769/4336
f 1762/4342 1763/4343 1770/4339
f 1771/4344 1773/4345 1772/4346
f 1770/4339 1774/4347 1767/4337
f 1770/4339 1772/4348 1774/4347
f 1758/4341 1771/4344 1764/4331
f 1758/4341 1759/4349 1771/4344
f 1763/4343 1772/4348 1770/4339
f 1763/4329 1771/4344 1772/4346
f 1764/4331 1771/4344 1763/4329
f 1767/4334 1760/4327 1757/4324
f 1767/4350 1774/4351 1760/4352
f 1774/4353 1775/4354 1760/4355
f 1774/4353 1776/4356 1775/4354
f 1760/4327 1775/4357 1759/4325
f 1772/4348 1776/4358 1774/4347
f 1759/4349 1773/4345 1771/4344
f 1759/4349 1775/4359 1773/4345
f 1776/4358 1772/4348 1773/4360
f 1773/4345 1775/4359 1776/4361
f 1777/4362 1779/4363 1778/4364
f 1777/4362 1780/4365 1779/4363
f 1781/4366 1783/4367 1782/4368
f 1781/4366 1784/4369 1783/4367
f 1785/4370 1777/4371 1786/4372
f 1785/4370 1787/4373 1777/4371
f 1786/4374 1778/4364 1788/4375
f 1786/4374 1777/4362 1778/4364
f 1789/4376 1787/4377 1785/4378
f 1789/4376 1790/4379 1787/4377
f 1788/4380 1784/4369 1781/4366
f 1788/4380 1778/4381 1784/4369
f 1782/4368 1790/4382 1789/4383
f 1782/4368 1783/4367 1790/4382
f 1791/4384 1793/4385 1792/4386
f 1790/4379 1794/4387 1787/4377
f 1790/4379 1792/4388 1794/4387
f 1778/4381 1791/4384 1784/4369
f 1778/4381 1779/4389 1791/4384
f 1783/4390 1792/4388 1790/4379
f 1783/4367 1791/4384 1792/4386
f 1784/4369 1791/4384 1783/4367
f 1787/4373 1780/4391 1777/4371
f 1787/4392 1794/4393 1780/4394
f 1794/4395 1795/4396 1780/4397
f 1794/4395 1796/4398 1795/4396
f 1780/4365 1795/4399 1779/4363
f 1792/4388 1796/4400 1794/4387
f 1779/4389 1793/4385 1791/4384
f 1779/4389 1795/4401 1793/4385
f 1796/4400 1792/4388 1793/4402
f 1793/4402 1795/4403 1796/4400
f 1797/4404 1798/4405 1799/4406
f 1800/4407 1801/4408 1802/4409
f 1798/4410 1803/4411 1799/4412
f 1810/4419 1811/4420 1812/4421
f 1815/4422 1817/4423 1818/4424
f 1815/4425 1818/4426 1816/4427
f 1814/4428 1819/4429 1817/4430
f 1814/4431 1817/4423 1815/4422
f 1820/4432 1821/4433 1822/4434
f 1820/4432 1822/4434 1823/4435
f 1823/4436 1822/4437 1824/4438
f 1823/4436 1824/4438 1825/4439
f 1824/4438 1822/4437 1821/4440
f 1824/4438 1821/4440 1826/4441
f 1797/4404 1814/4428 1813/4442
f 1814/4428 1797/4404 1819/4429
f 1819/4429 1797/4404 1799/4406
f 1819/4443 1802/4409 1817/4423
f 1802/4409 1819/4443 1800/4407
f 1800/4407 1819/4443 1827/4444
f 1802/4409 1818/4424 1817/4423
f 1818/4445 1802/4446 1828/4447
f 1828/4448 1802/4449 1801/4450
f 1828/4447 1798/4451 1818/4445
f 1798/4451 1828/4447 1829/4452
f 1798/4410 1829/4453 1803/4411
f 1799/4406 1827/4454 1819/4429
f 1827/4454 1799/4406 1803/4455
f 1827/4454 1803/4455 1829/4456
f 1801/4457 1829/4452 1828/4447
f 1829/4456 1801/4458 1827/4454
f 1827/4454 1801/4458 1800/4459
f 1798/4460 1816/4461 1818/4462
f 1816/4461 1798/4460 1813/4463
f 1813/4463 1798/4460 1797/4464
f 1812/4421 1821/4487 1820/4488
f 1821/4487 1812/4421 1826/4489
f 1826/4489 1812/4421 1811/4420
f 1824/4490 1810/4491 1825/4492
f 1810/4493 1824/4494 1826/4495
f 1810/4493 1826/4495 1811/4496
f 1843/4506 1844/4507 1845/4508
f 1846/4509 1847/4510 1848/4511
f 1870/4569 1846/4509 1869/4570
f 1846/4509 1870/4569 1847/4510
f 1847/4510 1870/4569 1871/4571
f 1872/4572 1870/4573 1869/4574
f 1870/4573 1872/4572 1843/4575
f 1843/4575 1872/4572 1844/4576
f 1871/4577 1848/4578 1847/4579
f 1848/4578 1871/4577 1873/4580
f 1848/4578 1873/4580 1874/4581
f 1873/4582 1872/4583 1874/4584
f 1872/4583 1873/4582 1844/4585
f 1844/4585 1873/4582 1845/4586
f 1870/4587 1873/4588 1871/4589
f 1873/4588 1870/4587 1845/4508
f 1845/4508 1870/4587 1843/4506
f 1891/4630 1892/4631 1893/4632
f 1897/4636 1898/4637 1899/4638
f 1897/4636 1899/4638 1900/4639
f 1901/4640 1902/4641 1898/4642
f 1901/4640 1898/4642 1897/4643
f 1903/4652 1902/4653 1901/4654
f 1902/4653 1903/4652 1891/4630
f 1891/4630 1903/4652 1892/4631
f 1899/4655 1903/4656 1900/4657
f 1903/4656 1899/4655 1892/4658
f 1892/4658 1899/4655 1893/4659
f 1898/4637 1893/4660 1899/4638
f 1893/4660 1898/4637 1902/4661
f 1893/4660 1902/4661 1891/4662
f 1925/4708 1927/4709 1926/4710
f 1925/4708 1928/4711 1927/4709
f 1929/4712 1931/4713 1930/4714
f 1929/4715 1932/4716 1931/4717
f 1933/4718 1925/4708 1934/4719
f 1933/4718 1935/4720 1925/4708
f 1934/4719 1926/4710 1936/4721
f 1934/4719 1925/4708 1926/4710
f 1937/4722 1935/4723 1933/4724
f 1937/4722 1938/4725 1935/4723
f 1936/4726 1932/4716 1929/4715
f 1936/4727 1926/4728 1932/4729
f 1930/4714 1938/4730 1937/4731
f 1930/4714 1931/4713 1938/4730
f 1939/4732 1941/4733 1940/4734
f 1938/4725 1942/4735 1935/4723
f 1938/4725 1940/4736 1942/4735
f 1926/4728 1939/4737 1932/4729
f 1926/4728 1927/4738 1939/4737
f 1931/4713 1940/4734 1938/4730
f 1931/4713 1939/4732 1940/4734
f 1932/4739 1939/4732 1931/4713
f 1935/4720 1928/4711 1925/4708
f 1935/4720 1942/4740 1928/4711
f 1942/4740 1943/4741 1928/4711
f 1942/4740 1944/4742 1943/4741
f 1928/4711 1943/4741 1927/4709
f 1940/4736 1944/4743 1942/4735
f 1927/4744 1941/4745 1939/4746
f 1927/4744 1943/4747 1941/4745
f 1944/4748 1940/4734 1941/4733
f 1941/4733 1943/4749 1944/4748
usemtl Material.003
f 1132/2874 1133/2875 1134/2876
f 1135/2877 1136/2878 1137/2879
f 1141/2883 1142/2884 1143/2885
f 1141/2883 1143/2885 1144/2886
f 1144/2887 1143/2888 1145/2889
f 1144/2887 1145/2889 1146/2890
f 1146/2891 1145/2892 1147/2893
f 1146/2891 1147/2893 1148/2894
f 1148/2895 1147/2896 1142/2897
f 1148/2895 1142/2897 1141/2898
f 1143/2911 1156/2912 1145/2913
f 1156/2912 1143/2911 1134/2876
f 1156/2912 1134/2876 1133/2875
f 1137/2914 1142/2915 1147/2916
f 1142/2915 1137/2914 1157/2917
f 1157/2917 1137/2914 1136/2918
f 1145/2892 1137/2919 1147/2893
f 1137/2919 1145/2892 1135/2920
f 1135/2920 1145/2892 1156/2921
f 1157/2922 1143/2885 1142/2884
f 1143/2885 1157/2922 1132/2923
f 1143/2885 1132/2923 1134/2924
f 1157/2925 1133/2875 1132/2874
f 1133/2875 1157/2925 1136/2878
f 1133/2875 1136/2878 1156/2912
f 1156/2912 1136/2878 1135/2877
f 1217/3056 1218/3057 1219/3058
f 1227/3069 1228/3070 1229/3071
f 1227/3069 1229/3071 1230/3072
f 1230/3073 1229/3074 1231/3075
f 1230/3073 1231/3075 1232/3076
f 1231/3075 1229/3074 1228/3077
f 1231/3075 1228/3077 1233/3078
f 1219/3129 1228/3130 1227/3131
f 1228/3130 1219/3129 1233/3132
f 1233/3132 1219/3129 1218/3133
f 1231/3134 1217/3135 1232/3136
f 1217/3135 1231/3134 1233/3137
f 1217/3135 1233/3137 1218/3138
s 1
f 1247/3139 1248/3140 1249/3141
f 1250/3142 1251/3143 1252/3144
f 1250/3142 1252/3144 1253/3145
f 1254/3146 1255/3147 1251/3148
f 1254/3146 1251/3148 1250/3149
f 1256/3150 1257/3151 1258/3152
f 1256/3150 1258/3152 1259/3153
f 1260/3154 1261/3155 1257/3156
f 1260/3154 1257/3156 1256/3157
f 1262/3158 1260/3159 1263/3160
f 1262/3158 1263/3160 1264/3161
f 1264/3162 1263/3163 1252/3144
f 1264/3162 1252/3144 1251/3143
f 1259/3164 1262/3165 1264/3166
f 1259/3164 1264/3166 1265/3167
f 1265/3168 1264/3162 1251/3143
f 1265/3168 1251/3143 1255/3169
f 1256/3170 1259/3171 1265/3172
f 1256/3170 1265/3172 1266/3173
f 1266/3174 1265/3175 1255/3176
f 1266/3174 1255/3176 1267/3177
f 1260/3178 1256/3170 1266/3173
f 1260/3179 1266/3180 1263/3181
f 1263/3182 1266/3183 1267/3184
f 1263/3185 1267/3186 1252/3187
f 1268/3188 1269/3189 1270/3190
f 1268/3188 1270/3190 1271/3191
f 1271/3192 1270/3193 1272/3194
f 1271/3192 1272/3194 1273/3195
f 1272/3196 1270/3197 1269/3198
f 1272/3196 1269/3198 1274/3199
f 1254/3200 1243/3201 1255/3176
f 1255/3176 1243/3201 1267/3177
f 1246/3202 1260/3159 1262/3158
f 1260/3159 1246/3202 1261/3203
f 1261/3204 1246/3205 1245/3206
f 1252/3187 1244/3207 1253/3208
f 1244/3207 1252/3187 1267/3186
f 1244/3207 1267/3186 1243/3209
f 1261/3204 1258/3210 1257/3211
f 1258/3210 1261/3204 1245/3206
f 1259/3164 1246/3212 1262/3165
f 1246/3212 1259/3164 1245/3213
f 1245/3213 1259/3164 1258/3214
f 1248/3215 1268/3216 1249/3217
f 1268/3218 1248/3219 1269/3220
f 1269/3198 1248/3221 1274/3199
f 1247/3139 1274/3222 1248/3140
f 1274/3222 1247/3139 1273/3223
f 1274/3222 1273/3223 1272/3224
f 1249/3225 1273/3226 1247/3227
s 0
f 1275/3228 1276/3229 1277/3230
f 1278/3231 1279/3232 1280/3233
f 1278/3231 1280/3233 1281/3234
f 1281/3234 1280/3233 1282/3235
f 1281/3234 1282/3235 1283/3236
f 1286/3237 1283/3238 1288/3239
f 1286/3237 1288/3239 1287/3240
f 1284/3241 1278/3242 1281/3243
f 1284/3241 1281/3243 1285/3244
f 1287/3240 1288/3239 1278/3245
f 1287/3240 1278/3245 1284/3246
f 1285/3247 1281/3248 1283/3249
f 1285/3247 1283/3249 1286/3250
f 1275/3251 1279/3232 1276/3252
f 1279/3232 1275/3251 1280/3233
f 1280/3233 1275/3251 1282/3235
f 1277/3230 1278/3253 1288/3254
f 1278/3253 1277/3230 1276/3229
f 1278/3253 1276/3229 1279/3255
f 1283/3256 1277/3230 1288/3254
f 1277/3230 1283/3256 1282/3257
f 1277/3230 1282/3257 1275/3228
f 1442/3602 1444/3603 1443/3604
f 1445/3605 1442/3606 1443/3607
f 1446/3608 1448/3609 1447/3610
f 1443/3607 1449/3611 1445/3605
f 1446/3608 1447/3610 1449/3611
f 1447/3610 1445/3605 1449/3611
f 1449/3612 1443/3613 1450/3614
f 1443/3615 1444/3616 1450/3617
f 1444/3618 1451/3619 1450/3614
f 1452/3620 1450/3614 1453/3621
f 1453/3621 1450/3614 1451/3619
f 1454/3622 1455/3623 1456/1233
f 1453/3621 1457/3624 1452/3620
f 1452/3620 1457/3624 1456/3625
f 1452/3620 1458/3626 1450/3614
f 1459/3627 1460/3628 1458/3629
f 1452/3630 1456/3631 1458/3632
f 1456/3633 1459/3627 1458/3629
f 1450/3614 1461/3634 1449/3612
f 1446/3608 1449/3611 1461/3635
f 1461/3634 1450/3614 1462/3636
f 1458/3626 1463/3637 1450/3614
f 1462/3636 1450/3614 1463/3637
f 1464/3638 1465/3639 1463/3640
f 1465/3639 1462/3641 1463/3640
f 1462/3642 1465/3643 1461/3635
f 1461/3635 1465/3643 1446/3608
f 1466/3644 1448/3609 1446/3608
f 1467/3645 1466/3646 1465/3647
f 1446/3648 1465/3649 1466/3650
f 1464/3638 1467/3651 1465/3639
f 1456/3652 1457/3653 1454/3654
f 1457/3653 1453/3655 1454/3654
f 1453/3656 1451/3657 1454/3658
f 1444/3659 1455/3623 1451/3660
f 1454/3622 1451/3660 1455/3623
f 1469/3661 1448/3662 1468/3663
f 1448/3662 1469/3661 1447/3664
f 1447/3664 1470/3665 1445/3666
f 1469/3661 1470/3665 1447/3664
f 1469/3661 1471/3667 1470/3665
f 1471/3668 1444/3603 1470/3669
f 1445/3666 1470/3665 1442/3670
f 1442/3602 1470/3669 1444/3603
f 1455/3671 1444/3603 1471/3668
f 1455/3672 1472/3673 1456/3674
f 1473/3675 1472/3676 1455/3677
f 1473/3675 1474/3678 1472/3676
f 1472/3676 1474/3678 1475/3679
f 1456/3674 1472/3673 1459/3680
f 1475/3679 1459/3681 1472/3676
f 1459/3627 1475/3682 1460/3628
f 1460/3683 1474/3678 1464/3684
f 1475/3682 1474/3685 1460/3628
f 1464/3684 1474/3678 1476/3686
f 1464/3684 1476/3686 1467/3687
f 1448/3662 1466/3688 1476/3686
f 1466/3688 1467/3687 1476/3686
f 1448/3662 1476/3686 1468/3663
f 1474/3678 1468/3663 1476/3686
f 1473/3675 1468/3663 1474/3678
f 1471/3667 1473/3675 1455/3677
f 1469/3661 1468/3663 1471/3667
f 1473/3675 1471/3667 1468/3663
f 1464/3689 1458/3690 1460/3691
f 1464/3638 1463/3640 1458/3692
f 1497/3741 1498/3742 1499/3743
f 1503/3747 1504/3748 1505/3749
f 1503/3750 1505/3751 1506/3752
f 1507/3753 1508/3754 1504/3748
f 1507/3753 1504/3748 1503/3747
f 1509/3763 1508/3764 1507/3765
f 1508/3764 1509/3763 1497/3766
f 1497/3766 1509/3763 1498/3767
f 1505/3768 1509/3769 1506/3770
f 1509/3769 1505/3768 1498/3771
f 1498/3771 1505/3768 1499/3772
f 1504/3773 1499/3743 1505/3774
f 1499/3743 1504/3773 1508/3775
f 1499/3743 1508/3775 1497/3741
f 1669/4126 1670/4127 1671/4128
f 1672/4129 1673/4130 1669/4131
f 1674/4132 1675/4133 1676/4134
f 1677/4135 1678/4136 1679/4137
f 1669/4138 1681/4139 1670/4140
f 1681/4139 1669/4138 1680/4141
f 1680/4141 1669/4138 1673/4142
f 1676/4143 1673/4142 1672/4144
f 1673/4142 1676/4143 1680/4141
f 1680/4141 1676/4143 1675/4145
f 1681/4146 1674/4147 1682/4148
f 1674/4147 1681/4146 1675/4149
f 1675/4149 1681/4146 1680/4150
f 1669/4131 1678/4151 1672/4129
f 1678/4151 1669/4131 1679/4152
f 1679/4152 1669/4131 1671/4153
f 1671/4128 1677/4154 1679/4155
f 1677/4154 1671/4128 1670/4127
f 1677/4154 1670/4127 1682/4156
f 1682/4157 1670/4158 1681/4159
f 1726/4257 1727/4258 1728/4259
f 1736/4266 1737/4267 1738/4268
f 1736/4266 1738/4268 1739/4269
f 1740/4270 1741/4271 1737/4272
f 1740/4270 1737/4272 1736/4273
f 1742/4286 1741/4287 1740/4288
f 1741/4287 1742/4286 1726/4257
f 1726/4257 1742/4286 1727/4258
f 1738/4289 1742/4290 1739/4291
f 1742/4290 1738/4289 1727/4292
f 1727/4292 1738/4289 1728/4293
f 1741/4287 1738/4294 1737/4295
f 1738/4294 1741/4287 1728/4259
f 1728/4259 1741/4287 1726/4257
f 1849/4512 1850/4513 1851/4514
f 1859/4525 1860/4526 1861/4527
f 1859/3225 1861/4528 1862/4529
f 1862/4530 1861/4531 1863/4532
f 1862/4530 1863/4532 1864/4533
f 1863/4534 1861/4535 1860/4536
f 1863/4534 1860/4536 1865/4537
f 1851/4590 1860/4536 1859/4591
f 1860/4536 1851/4590 1865/4537
f 1865/4537 1851/4590 1850/4592
f 1863/4593 1849/4512 1864/4594
f 1849/4512 1863/4593 1865/4595
f 1849/4512 1865/4595 1850/4513
f 1875/4596 1876/4597 1877/4598
f 1875/4596 1877/4598 1878/4599
f 1878/4600 1877/4601 1879/4602
f 1878/4603 1879/4604 1880/4605
f 1880/4606 1879/4607 1881/4608
f 1880/4606 1881/4608 1882/4609
f 1882/4610 1881/4611 1876/4612
f 1882/4610 1876/4612 1875/4613
f 1879/4614 1877/4615 1876/4612
f 1879/4614 1876/4612 1881/4611
f 1911/4674 1912/4675 1913/4676
f 1914/4677 1915/4678 1911/4679
f 1916/4680 1917/4681 1918/4682
f 1919/4683 1920/4684 1921/4685
f 1911/4674 1923/4686 1912/4675
f 1923/4686 1911/4674 1922/4687
f 1922/4688 1911/4689 1915/4690
f 1918/4691 1915/4690 1914/4692
f 1915/4690 1918/4691 1922/4688
f 1922/4688 1918/4691 1917/4693
f 1923/4694 1916/4695 1924/4696
f 1916/4695 1923/4694 1917/4697
f 1917/4697 1923/4694 1922/4698
f 1911/4679 1920/4699 1914/4677
f 1920/4699 1911/4679 1921/4700
f 1921/4700 1911/4679 1913/4701
f 1913/4676 1919/4702 1921/4703
f 1919/4702 1913/4676 1912/4675
f 1919/4702 1912/4675 1924/4704
f 1924/4705 1912/4706 1923/4707
f 2030/4933 2031/4934 2032/4935
f 2031/4934 2033/4936 2032/4935
f 2034/4937 2035/4938 2036/4939
f 2037/4940 2038/4941 2039/4942
f 2040/4943 2041/4944 2042/4945
f 2041/4946 2039/4947 2042/4948
f 2030/4933 2032/4935 2036/4949
f 2036/4949 2032/4935 2043/4950
f 2044/4951 2045/4952 2031/4934
f 2046/4953 2047/4954 2048/4955
f 2049/4956 2046/4957 2050/4958
f 2045/4952 2051/4959 2033/4936
f 2045/4952 2033/4936 2031/4934
f 2047/4960 2052/4961 2053/4962
f 2047/4960 2053/4962 2048/4963
f 2051/4964 2054/4965 2055/4966
f 2051/4964 2055/4966 2033/4967
f 2052/4961 2056/4968 2034/4937
f 2052/4961 2034/4937 2053/4962
f 2054/4969 2057/4970 2058/4971
f 2054/4965 2058/4972 2055/4966
f 2056/4968 2059/4973 2035/4938
f 2056/4968 2035/4938 2034/4937
f 2057/4970 2060/4974 2037/4940
f 2057/4970 2037/4940 2058/4971
f 2059/4975 2061/4976 2062/4977
f 2059/4973 2062/4978 2035/4938
f 2060/4979 2063/4980 2038/4981
f 2060/4979 2038/4981 2037/4982
f 2061/4983 2064/4984 2030/4933
f 2061/4983 2030/4933 2062/4985
f 2063/4980 2049/4986 2050/4987
f 2063/4980 2050/4987 2038/4981
f 2064/4984 2044/4951 2031/4934
f 2064/4984 2031/4934 2030/4933
f 2046/4953 2048/4955 2042/4948
f 2046/4953 2042/4948 2039/4947
f 2050/4958 2046/4957 2039/4988
f 2048/4963 2053/4962 2043/4989
f 2048/4955 2043/4990 2042/4948
f 2033/4967 2055/4966 2040/4991
f 2033/4936 2040/4943 2032/4935
f 2053/4962 2034/4937 2036/4939
f 2053/4962 2036/4939 2043/4989
f 2055/4966 2058/4972 2041/4992
f 2055/4966 2041/4992 2040/4991
f 2058/4971 2037/4940 2039/4942
f 2058/4993 2039/4947 2041/4946
f 2035/4938 2062/4978 2030/4994
f 2035/4938 2030/4994 2036/4939
f 2062/4978 2030/4994 2032/4995
f 2038/4996 2050/4958 2039/4988
f 2043/4950 2032/4935 2040/4943
f 2043/4950 2040/4943 2042/4945
f 2044/4997 2051/4964 2045/4998
f 2054/4965 2051/4964 2069/4999 2071/5000
f 2044/5001 2064/5002 2078/5003 2065/5004
f 2064/5002 2061/4976 2076/5005 2078/5003
f 2061/4976 2059/4975 2074/5006 2076/5005
f 2051/4964 2044/4997 2065/5007 2069/4999
f 2059/4973 2056/4968 2072/5008 2074/5009
f 2056/4968 2052/4961 2070/5010 2072/5008
f 2052/4961 2047/4960 2067/5011 2070/5010
f 2049/4986 2063/4980 2077/5012 2068/5013
f 2063/4980 2060/4979 2075/5014 2077/5012
f 2060/5015 2057/5016 2073/5017 2075/5018
f 2047/4954 2046/4953 2066/5019 2067/5020
f 2046/4957 2049/4956 2068/5021 2066/5022
f 2057/5016 2054/4965 2071/5000 2073/5017
usemtl Material.002
f 1158/2937 1159/2938 1160/2939
f 1161/2940 1162/2941 1163/2942
f 1164/2943 1165/2944 1166/2945
f 1164/2946 1166/2947 1167/2948
f 1163/2949 1165/2944 1164/2943
f 1165/2944 1163/2949 1168/2950
f 1168/2950 1163/2949 1162/2951
f 1159/2938 1161/2952 1169/2953
f 1161/2952 1159/2938 1162/2954
f 1162/2954 1159/2938 1168/2955
f 1168/2955 1159/2938 1158/2937
f 1166/2956 1169/2957 1167/2958
f 1169/2957 1166/2956 1160/2959
f 1169/2957 1160/2959 1159/2960
f 1166/2945 1158/2961 1160/2962
f 1158/2961 1166/2945 1165/2944
f 1158/2961 1165/2944 1168/2950
f 1289/3258 1290/3259 1291/3260
f 1289/3258 1291/3260 1292/3261
f 1292/3262 1291/3263 1293/3264
f 1292/3262 1293/3264 1294/3265
f 1294/3266 1293/3267 1295/3268
f 1294/3266 1295/3268 1296/3269
f 1296/3269 1295/3268 1290/3270
f 1296/3269 1290/3270 1289/3271
f 1293/3272 1291/3260 1290/3259
f 1293/3272 1290/3259 1295/3273
f 1305/3290 1307/3291 1306/3292
f 1308/3293 1309/3294 1307/3295
f 1309/3296 1310/3297 1307/3298
f 1307/3299 1310/3300 1311/3301
f 1311/3301 1306/3302 1307/3299
f 1310/3303 1312/3304 1311/3305
f 1312/3304 1313/3306 1311/3305
f 1311/3305 1313/3306 1306/3307
f 1314/3308 1306/3307 1315/3309
f 1313/3306 1315/3309 1306/3307
f 1316/3310 1318/3311 1317/3312
f 1316/3310 1319/3313 1318/3311
f 1320/3314 1322/3315 1321/3316
f 1320/3314 1323/3317 1322/3315
f 1324/3318 1326/3319 1325/3320
f 1324/3318 1327/3321 1326/3319
f 1328/3322 1330/3323 1329/3324
f 1317/3325 1323/3326 1320/3327
f 1317/3328 1318/3329 1323/3317
f 1321/3330 1327/3321 1324/3318
f 1321/3330 1322/3331 1327/3321
f 1325/3332 1330/3323 1328/3322
f 1325/3320 1326/3319 1330/3333
f 1329/3334 1319/3313 1316/3310
f 1330/3323 1331/3335 1329/3324
f 1318/3329 1332/3336 1323/3317
f 1318/3337 1333/3338 1332/3339
f 1322/3340 1334/3341 1327/3342
f 1322/3343 1335/3344 1334/3345
f 1326/3346 1336/3347 1330/3348
f 1329/3324 1331/3335 1319/3349
f 1319/3313 1333/3350 1318/3311
f 1323/3317 1335/3351 1322/3315
f 1323/3317 1332/3336 1335/3351
f 1327/3321 1336/3352 1326/3319
f 1327/3342 1334/3341 1336/3353
f 1319/3354 1337/3355 1333/3356
f 1319/3357 1338/3358 1337/3359
f 1332/3336 1309/3360 1335/3351
f 1332/3361 1310/3297 1309/3296
f 1334/3345 1307/3295 1336/3362
f 1334/3345 1308/3293 1307/3295
f 1330/3348 1339/3363 1331/3364
f 1330/3348 1305/3365 1339/3363
f 1333/3366 1310/3367 1332/3368
f 1333/3366 1337/3369 1310/3367
f 1335/3344 1308/3293 1334/3345
f 1335/3344 1309/3294 1308/3293
f 1336/3347 1305/3365 1330/3348
f 1336/3347 1307/3370 1305/3365
f 1331/3364 1338/3371 1319/3372
f 1331/3364 1339/3363 1338/3371
f 1339/3373 1315/3374 1338/3358
f 1339/3375 1314/3376 1315/3377
f 1338/3358 1313/3378 1337/3359
f 1338/3358 1315/3374 1313/3378
f 1305/3379 1314/3376 1339/3375
f 1305/3380 1306/3381 1314/3382
f 1337/3383 1312/3304 1310/3303
f 1337/3383 1313/3306 1312/3304
f 1360/3425 1361/3426 1362/3427
f 1363/3428 1364/3429 1365/3430
f 1364/3431 1366/3432 1365/3433
f 1365/3433 1366/3432 1367/3434
f 1367/3435 1368/3436 1365/3437
f 1365/3438 1368/3439 1361/3440
f 1369/3441 1361/3426 1360/3425
f 1370/3442 1371/3443 1368/3444
f 1372/3445 1373/3446 1362/3447
f 1362/3427 1368/3448 1371/3449
f 1368/3448 1362/3427 1361/3426
f 1373/3446 1360/3450 1362/3447
f 1374/3451 1375/3452 1373/3453
f 1376/3454 1377/3455 1375/3456
f 1373/3446 1377/3455 1360/3450
f 1373/3446 1375/3456 1377/3455
f 1360/3450 1377/3455 1378/3457
f 1378/3457 1377/3455 1376/3454
f 1379/3458 1380/3459 1378/3460
f 1379/3461 1378/3462 1376/3463
f 1381/3464 1379/3461 1376/3463
f 1381/3464 1376/3463 1375/3465
f 1382/3466 1383/3467 1374/3451
f 1382/3466 1374/3451 1373/3453
f 1370/3468 1384/3469 1362/3470
f 1370/3468 1362/3470 1371/3471
f 1380/3459 1369/3441 1360/3425
f 1380/3459 1360/3425 1378/3460
f 1383/3472 1381/3464 1375/3465
f 1383/3467 1375/3452 1374/3451
f 1384/3473 1385/3474 1372/3475
f 1384/3473 1372/3475 1362/3476
f 1385/3477 1382/3466 1373/3453
f 1385/3477 1373/3453 1372/3478
f 1369/3479 1386/3480 1365/3438
f 1369/3479 1365/3438 1361/3440
f 1387/3481 1388/3482 1363/3483
f 1389/3484 1390/3485 1367/3486
f 1389/3487 1367/3488 1366/3489
f 1390/3490 1391/3491 1367/3492
f 1388/3493 1392/3494 1364/3495
f 1388/3493 1364/3495 1363/3496
f 1386/3480 1387/3481 1363/3483
f 1386/3480 1363/3483 1365/3438
f 1391/3497 1370/3442 1368/3444
f 1391/3491 1368/3498 1367/3492
f 1392/3494 1389/3487 1366/3489
f 1392/3494 1366/3489 1364/3495
f 1393/3499 1394/3500 1395/3501
f 1394/3502 1396/3503 1395/3504
f 1397/3505 1398/3506 1399/3507
f 1400/3508 1401/3509 1402/3510
f 1403/3511 1404/3512 1405/3513
f 1404/3512 1402/3514 1405/3513
f 1393/3499 1395/3501 1399/3507
f 1399/3507 1395/3501 1406/3515
f 1407/3516 1408/3517 1394/3502
f 1409/3518 1410/3519 1411/3520
f 1412/3521 1409/3522 1413/3523
f 1408/3517 1414/3524 1396/3503
f 1408/3517 1396/3503 1394/3502
f 1410/3525 1415/3526 1416/3527
f 1410/3525 1416/3527 1411/3528
f 1414/3524 1417/3529 1418/3530
f 1414/3524 1418/3530 1396/3503
f 1415/3531 1419/3532 1397/3533
f 1415/3534 1397/3535 1416/3536
f 1417/3529 1420/3537 1421/3538
f 1417/3529 1421/3538 1418/3530
f 1419/3539 1422/3540 1398/3541
f 1419/3539 1398/3541 1397/3542
f 1420/3537 1423/3543 1400/3544
f 1420/3537 1400/3544 1421/3538
f 1422/3545 1424/3546 1425/3547
f 1422/3540 1425/3548 1398/3541
f 1423/3549 1426/3550 1401/3551
f 1423/3549 1401/3551 1400/3552
f 1424/3553 1427/3554 1393/3555
f 1424/3556 1393/3499 1425/3557
f 1426/3558 1412/3559 1413/3560
f 1426/3558 1413/3560 1401/3509
f 1427/3561 1407/3562 1394/3563
f 1427/3561 1394/3563 1393/3564
f 1409/3518 1411/3520 1405/3565
f 1409/3518 1405/3565 1402/3566
f 1413/3523 1409/3522 1402/3567
f 1411/3528 1416/3527 1406/3515
f 1411/3528 1406/3515 1405/3513
f 1396/3503 1418/3530 1403/3568
f 1396/3503 1403/3568 1395/3504
f 1416/3536 1397/3535 1399/3569
f 1416/3536 1399/3569 1406/3570
f 1418/3530 1421/3538 1404/3571
f 1418/3530 1404/3571 1403/3568
f 1421/3572 1400/3508 1402/3510
f 1421/3573 1402/3574 1404/3575
f 1398/3506 1425/3557 1393/3499
f 1398/3506 1393/3499 1399/3507
f 1425/3557 1393/3499 1395/3501
f 1401/3509 1413/3560 1402/3510
f 1406/3515 1395/3501 1403/3511
f 1406/3515 1403/3511 1405/3513
f 1407/3576 1414/3577 1408/3578
f 1417/3529 1414/3524 1432/3579 1434/3580
f 1407/3562 1427/3561 1441/3581 1428/3582
f 1427/3561 1424/3546 1439/3583 1441/3581
f 1424/3546 1422/3545 1437/3584 1439/3583
f 1414/3524 1407/3516 1428/3585 1432/3579
f 1422/3540 1419/3539 1435/3586 1437/3587
f 1419/3539 1415/3588 1433/3589 1435/3586
f 1415/3588 1410/3590 1430/3591 1433/3589
f 1412/3592 1426/3550 1440/3593 1431/3594
f 1426/3550 1423/3549 1438/3595 1440/3593
f 1423/3543 1420/3537 1436/3596 1438/3597
f 1410/3519 1409/3518 1429/3598 1430/3599
f 1409/3522 1412/3521 1431/3600 1429/3601
f 1420/3537 1417/3529 1434/3580 1436/3596
f 1477/3693 1479/3694 1478/3695
f 1477/3693 1480/3696 1479/3694
f 1481/3697 1483/3698 1482/3699
f 1481/3700 1484/3701 1483/3702
f 1485/3703 1477/3693 1486/3704
f 1485/3703 1487/3705 1477/3693
f 1486/3704 1478/3695 1488/3706
f 1486/3704 1477/3693 1478/3695
f 1489/3707 1487/3708 1485/3709
f 1489/3710 1490/3711 1487/3712
f 1488/3713 1484/3701 1481/3700
f 1488/3714 1478/3715 1484/3716
f 1482/3699 1490/3717 1489/3718
f 1482/3699 1483/3698 1490/3717
f 1491/3719 1493/3720 1492/3721
f 1490/3722 1494/3723 1487/3724
f 1490/3722 1492/3725 1494/3723
f 1478/3726 1491/3727 1484/3728
f 1478/3726 1479/3729 1491/3727
f 1483/3698 1492/3721 1490/3717
f 1483/3698 1491/3719 1492/3721
f 1484/3730 1491/3719 1483/3698
f 1487/3705 1480/3696 1477/3693
f 1487/3705 1494/3731 1480/3696
f 1494/3731 1495/3732 1480/3696
f 1494/3731 1496/3733 1495/3732
f 1480/3696 1495/3732 1479/3694
f 1492/3725 1496/3734 1494/3723
f 1479/3729 1493/3735 1491/3727
f 1479/3729 1495/3736 1493/3735
f 1496/3737 1492/3738 1493/3739
f 1493/3739 1495/3740 1496/3737
f 1617/3998 1618/3999 1619/4000
f 1620/4001 1621/4002 1622/4003
f 1623/4004 1624/4005 1625/4006
f 1633/4015 1634/4016 1635/4017
f 1633/4015 1635/4017 1636/4018
f 1636/4019 1635/4020 1637/4021
f 1636/4019 1637/4021 1638/4022
f 1637/4023 1635/4024 1634/4025
f 1637/4023 1634/4025 1639/4026
f 1644/4054 1620/4055 1643/4056
f 1620/4055 1644/4054 1621/4057
f 1621/4057 1644/4054 1645/4058
f 1646/4059 1644/4060 1643/4061
f 1644/4060 1646/4059 1617/4062
f 1617/4062 1646/4059 1618/4063
f 1645/4064 1622/4003 1621/4002
f 1622/4003 1645/4064 1647/4065
f 1622/4003 1647/4065 1648/4066
f 1647/4067 1646/4068 1648/4069
f 1646/4068 1647/4067 1618/4070
f 1618/4070 1647/4067 1619/4071
f 1644/4072 1647/4073 1645/4074
f 1647/4073 1644/4072 1619/4000
f 1619/4000 1644/4072 1617/3998
f 1625/4075 1634/4025 1633/4076
f 1634/4025 1625/4075 1639/4026
f 1639/4026 1625/4075 1624/4077
f 1637/4023 1623/4078 1638/4079
f 1623/4078 1637/4023 1639/4026
f 1623/4078 1639/4026 1624/4077
f 1743/4296 1744/4297 1745/4298
f 1746/4299 1747/4300 1743/4301
f 1748/4302 1749/4303 1750/4304
f 1751/4305 1752/4306 1753/4307
f 1743/4308 1755/4309 1744/4310
f 1755/4309 1743/4308 1754/4311
f 1754/4311 1743/4308 1747/4312
f 1750/4313 1747/4312 1746/4314
f 1747/4312 1750/4313 1754/4311
f 1754/4311 1750/4313 1749/4315
f 1755/4316 1748/4302 1756/4317
f 1748/4302 1755/4316 1749/4303
f 1749/4303 1755/4316 1754/4318
f 1743/4301 1752/4306 1746/4299
f 1752/4306 1743/4301 1753/4307
f 1753/4307 1743/4301 1745/4319
f 1745/4298 1751/4320 1753/4321
f 1751/4320 1745/4298 1744/4297
f 1751/4320 1744/4297 1756/4322
f 1756/4322 1744/4297 1755/4323
f 1836/4497 1837/4498 1838/4499
f 1839/4500 1840/4501 1841/4502
f 1837/4503 1842/4504 1838/4505
f 1854/4515 1856/4516 1857/4517
f 1854/4515 1857/4517 1855/4518
f 1853/4519 1858/4520 1856/4521
f 1853/4522 1856/4523 1854/4524
f 1836/4538 1853/4539 1852/4540
f 1853/4539 1836/4538 1858/4541
f 1858/4541 1836/4538 1838/4542
f 1858/4543 1841/4544 1856/4545
f 1841/4544 1858/4543 1839/4546
f 1839/4546 1858/4543 1866/4547
f 1841/4548 1857/4517 1856/4516
f 1857/4517 1841/4548 1867/4549
f 1867/4549 1841/4548 1840/4550
f 1867/4551 1837/4552 1857/4553
f 1837/4552 1867/4551 1868/4554
f 1837/4552 1868/4554 1842/4555
f 1838/4542 1866/4556 1858/4541
f 1866/4556 1838/4542 1842/4557
f 1866/4556 1842/4557 1868/4558
f 1840/4559 1868/4560 1867/4561
f 1868/4560 1840/4559 1866/4562
f 1866/4563 1840/4564 1839/4565
f 1837/4552 1855/4566 1857/4553
f 1855/4566 1837/4552 1852/4567
f 1852/4567 1837/4552 1836/4568
f 1883/4616 1884/4617 1885/4618
f 1883/4619 1885/4620 1886/4621
f 1886/4621 1885/4620 1887/4622
f 1886/4621 1887/4622 1888/4623
f 1888/4624 1887/4625 1889/4626
f 1888/4624 1889/4626 1890/4627
f 1890/1997 1889/4628 1884/4617
f 1890/1997 1884/4617 1883/4616
f 1887/4629 1885/4618 1884/4617
f 1887/4629 1884/4617 1889/4628
f 1965/4797 1966/4798 1967/4799
f 1965/4800 1967/4801 1968/4802
f 1968/4803 1967/4804 1969/4805
f 1968/4803 1969/4805 1970/4806
f 1970/4806 1969/4805 1971/4807
f 1970/4808 1971/4809 1972/4810
f 1972/4811 1971/4812 1966/4813
f 1972/4814 1966/4815 1965/4816
f 1969/4817 1967/4818 1966/4813
f 1969/4817 1966/4813 1971/4812
f 1981/4838 1982/4839 1983/4840
f 1982/4839 1984/4841 1983/4840
f 1985/4842 1986/4843 1987/4844
f 1988/4845 1989/4846 1990/4847
f 1991/4848 1992/4849 1993/4850
f 1992/4849 1990/4847 1993/4850
f 1981/4838 1983/4840 1987/4851
f 1987/4851 1983/4840 1994/4852
f 1995/4853 1996/4854 1982/4855
f 1997/4856 1998/4857 1999/4858
f 2000/4859 1997/4860 2001/4861
f 1996/4854 2002/4862 1984/4863
f 1996/4854 1984/4863 1982/4855
f 1998/4864 2003/4865 2004/4866
f 1998/4864 2004/4866 1999/4867
f 2002/4862 2005/4868 2006/4869
f 2002/4862 2006/4869 1984/4863
f 2003/4865 2007/4870 1985/4842
f 2003/4865 1985/4842 2004/4866
f 2005/4871 2008/4872 2009/4873
f 2005/4868 2009/4874 2006/4869
f 2007/4870 2010/4875 1986/4843
f 2007/4870 1986/4843 1985/4842
f 2008/4872 2011/4876 1988/4845
f 2008/4872 1988/4845 2009/4873
f 2010/4877 2012/4878 2013/4879
f 2010/4875 2013/4880 1986/4843
f 2011/4876 2014/4881 1989/4846
f 2011/4882 1989/4883 1988/4884
f 2012/4878 2015/4885 1981/4886
f 2012/4878 1981/4886 2013/4879
f 2014/4881 2000/4887 2001/4888
f 2014/4881 2001/4888 1989/4846
f 2015/4885 1995/4889 1982/4890
f 2015/4885 1982/4890 1981/4886
f 1997/4856 1999/4858 1993/4850
f 1997/4856 1993/4850 1990/4847
f 2001/4861 1997/4860 1990/4891
f 1999/4867 2004/4866 1994/4892
f 1999/4858 1994/4852 1993/4850
f 1984/4863 2006/4869 1991/4893
f 1984/4841 1991/4848 1983/4840
f 2004/4866 1985/4842 1987/4844
f 2004/4866 1987/4844 1994/4892
f 2006/4869 2009/4874 1992/4894
f 2006/4869 1992/4894 1991/4893
f 2009/4873 1988/4845 1990/4847
f 2009/4873 1990/4847 1992/4849
f 1986/4895 2013/4896 1981/4897
f 1986/4843 1981/4898 1987/4844
f 2013/4899 1981/4900 1983/4901
f 1989/4846 2001/4888 1990/4847
f 1994/4852 1983/4840 1991/4848
f 1994/4852 1991/4848 1993/4850
f 1995/4853 2002/4862 1996/4854
f 2005/4868 2002/4862 2020/4902 2022/4903
f 1995/4889 2015/4885 2029/4904 2016/4905
f 2015/4906 2012/4907 2027/4908 2029/4909
f 2012/4878 2010/4877 2025/4910 2027/4911
f 2002/4862 1995/4853 2016/4912 2020/4902
f 2010/4875 2007/4870 2023/4913 2025/4914
f 2007/4870 2003/4865 2021/4915 2023/4913
f 2003/4865 1998/4864 2018/4916 2021/4915
f 2000/4917 2014/4918 2028/4919 2019/4920
f 2014/4918 2011/4921 2026/4922 2028/4919
f 2011/4923 2008/4924 2024/4925 2026/4926
f 1998/4927 1997/4928 2017/4929 2018/4930
f 1997/4860 2000/4859 2019/4931 2017/4932
f 2008/4924 2005/4868 2022/4903 2024/4925
usemtl Scene_-_Root
f 1138/2880 1139/2881 1140/2882
f 1149/2899 1150/2900 1151/2901
f 1149/2899 1151/2901 1152/2902
f 1153/2903 1154/2904 1150/2905
f 1153/2903 1150/2905 1149/2906
f 1155/2907 1151/2908 1150/2909
f 1155/2907 1150/2909 1154/2910
f 1140/2926 1154/2927 1153/2928
f 1154/2927 1140/2926 1155/2929
f 1155/2929 1140/2926 1139/2930
f 1151/2931 1138/2880 1152/2932
f 1138/2880 1151/2931 1139/2881
f 1139/2881 1151/2931 1155/2933
f 1153/2934 1138/2935 1140/2936
f 1190/3011 1191/3012 1192/3013
f 1193/3014 1194/3015 1190/3016
f 1195/3017 1196/3018 1197/3019
f 1198/3020 1199/3021 1200/3022
f 1190/3011 1202/3023 1191/3012
f 1202/3023 1190/3011 1201/3024
f 1201/3025 1190/3026 1194/3027
f 1197/3019 1194/3027 1193/3028
f 1194/3027 1197/3019 1201/3025
f 1201/3025 1197/3019 1196/3018
f 1202/3029 1195/3030 1203/3031
f 1195/3030 1202/3029 1196/3032
f 1196/3032 1202/3029 1201/3033
f 1190/3016 1199/3034 1193/3014
f 1199/3034 1190/3016 1200/3035
f 1200/3035 1190/3016 1192/3036
f 1192/3037 1198/3020 1200/3022
f 1198/3020 1192/3037 1191/3038
f 1198/3020 1191/3038 1203/3039
f 1203/3039 1191/3038 1202/3040
f 1211/3050 1212/3051 1213/3052
f 1214/3053 1215/3054 1216/3055
f 1238/3108 1214/3109 1237/3110
f 1214/3109 1238/3108 1215/3111
f 1215/3111 1238/3108 1239/3112
f 1240/3113 1238/3114 1237/3115
f 1238/3114 1240/3113 1211/3050
f 1211/3050 1240/3113 1212/3051
f 1239/3116 1216/3117 1215/3118
f 1216/3119 1239/3112 1241/3120
f 1216/3121 1241/3122 1242/3123
f 1241/3122 1240/3124 1242/3123
f 1240/3124 1241/3122 1212/3125
f 1212/3125 1241/3122 1213/3126
f 1238/3108 1241/3120 1239/3112
f 1241/3120 1238/3108 1213/3127
f 1213/3127 1238/3108 1211/3128
f 1551/3857 1553/3858 1552/3859
f 1551/3857 1554/3860 1553/3858
f 1555/3861 1557/3862 1556/3863
f 1555/3861 1558/3864 1557/3862
f 1559/3865 1551/3857 1560/3866
f 1559/3865 1561/3867 1551/3857
f 1560/3866 1552/3859 1562/3868
f 1560/3866 1551/3857 1552/3859
f 1563/3869 1561/3870 1559/3871
f 1563/3869 1564/3872 1561/3870
f 1562/3873 1558/3864 1555/3861
f 1562/3873 1552/3874 1558/3864
f 1556/3875 1564/3872 1563/3869
f 1556/3875 1557/3876 1564/3872
f 1565/3877 1567/3878 1566/3879
f 1564/3872 1568/3880 1561/3870
f 1564/3872 1566/3879 1568/3880
f 1552/3874 1565/3881 1558/3864
f 1552/3874 1553/3882 1565/3881
f 1557/3876 1566/3879 1564/3872
f 1557/3876 1565/3877 1566/3879
f 1558/3864 1565/3881 1557/3862
f 1561/3867 1554/3860 1551/3857
f 1561/3883 1568/3884 1554/3885
f 1568/3886 1569/3887 1554/3888
f 1568/3886 1570/3889 1569/3887
f 1554/3860 1569/3890 1553/3858
f 1566/3879 1570/3891 1568/3880
f 1553/3882 1567/3892 1565/3881
f 1553/3882 1569/3893 1567/3892
f 1570/3891 1566/3879 1567/3878
f 1567/3878 1569/3894 1570/3891
f 1610/3989 1611/3990 1612/3991
f 1613/3992 1614/3993 1615/3994
f 1611/3995 1616/3996 1612/3997
f 1628/4007 1630/4008 1631/4009
f 1628/4007 1631/4009 1629/4010
f 1627/4011 1632/4012 1630/4013
f 1627/4011 1630/4013 1628/4014
f 1610/4027 1627/4028 1626/4029
f 1627/4030 1610/4031 1632/4032
f 1632/4033 1610/4034 1612/3997
f 1632/4012 1615/4035 1630/4013
f 1615/4035 1632/4012 1613/4036
f 1613/4036 1632/4012 1640/4037
f 1615/4038 1631/4009 1630/4008
f 1631/4009 1615/4038 1641/4039
f 1641/4039 1615/4038 1614/4040
f 1641/4041 1611/4042 1631/4043
f 1611/4042 1641/4041 1642/4044
f 1611/4042 1642/4044 1616/4045
f 1612/3997 1640/4046 1632/4033
f 1640/4046 1612/3997 1616/3996
f 1640/4046 1616/3996 1642/4047
f 1614/3993 1642/4048 1641/4049
f 1642/4048 1614/3993 1640/4050
f 1640/4050 1614/3993 1613/3992
f 1611/4042 1629/4051 1631/4043
f 1629/4051 1611/4042 1626/4052
f 1626/4052 1611/4042 1610/4053
f 1703/4202 1705/4203 1704/4204
f 1703/4205 1706/4206 1705/4207
f 1707/4208 1709/4209 1708/4210
f 1707/4211 1710/4212 1709/4213
f 1711/4214 1703/4202 1712/4215
f 1711/4214 1713/4216 1703/4202
f 1712/4215 1704/4204 1714/4217
f 1712/4215 1703/4202 1704/4204
f 1715/4218 1713/4219 1711/4220
f 1715/4218 1716/4221 1713/4219
f 1714/4222 1710/4212 1707/4211
f 1714/4223 1704/4224 1710/4225
f 1708/4210 1716/4226 1715/4227
f 1708/4210 1709/4209 1716/4226
f 1717/4228 1719/4229 1718/4230
f 1716/4221 1720/4231 1713/4219
f 1716/4221 1718/4232 1720/4231
f 1704/4233 1717/4234 1710/4235
f 1704/4233 1705/4207 1717/4234
f 1709/4209 1718/4236 1716/4226
f 1709/4237 1717/4238 1718/4239
f 1710/4240 1717/4241 1709/4242
f 1713/4216 1706/4243 1703/4202
f 1713/4216 1720/4244 1706/4243
f 1720/4244 1721/4245 1706/4243
f 1720/4244 1722/4246 1721/4245
f 1706/4206 1721/4247 1705/4207
f 1718/4232 1722/4248 1720/4231
f 1705/4207 1719/4249 1717/4234
f 1705/4207 1721/4247 1719/4249
f 1722/4250 1718/4251 1719/4252
f 1719/4252 1721/4253 1722/4250
f 1723/4254 1724/4255 1725/4256
f 1729/4260 1730/4261 1731/4262
f 1729/4260 1731/4262 1732/4263
f 1733/4264 1734/4265 1730/4261
f 1733/4264 1730/4261 1729/4260
f 1735/4274 1734/4275 1733/4276
f 1734/4277 1735/4278 1723/4254
f 1723/4254 1735/4278 1724/4255
f 1731/4279 1735/4280 1732/4281
f 1735/4280 1731/4279 1724/4282
f 1724/4282 1731/4279 1725/4283
f 1730/4284 1725/4256 1731/4285
f 1725/4256 1730/4284 1734/4277
f 1725/4256 1734/4277 1723/4254
f 1804/4413 1805/4414 1806/4415
f 1807/4416 1808/4417 1809/4418
f 1831/4465 1807/4466 1830/4467
f 1807/4468 1831/4469 1808/4470
f 1808/4470 1831/4469 1832/4471
f 1833/4472 1831/4473 1830/4474
f 1831/4473 1833/4472 1804/4413
f 1804/4413 1833/4472 1805/4414
f 1832/4475 1809/4476 1808/4477
f 1809/4478 1832/4471 1834/4479
f 1809/4480 1834/4481 1835/4482
f 1834/4481 1833/4483 1835/4482
f 1833/4472 1834/4484 1805/4414
f 1805/4414 1834/4484 1806/4415
f 1831/4469 1834/4479 1832/4471
f 1834/4479 1831/4469 1806/4485
f 1806/4485 1831/4469 1804/4486
f 1945/4750 1947/4751 1946/4752
f 1945/4750 1948/4753 1947/4751
f 1949/4754 1951/4755 1950/4756
f 1949/4754 1952/4757 1951/4755
f 1953/4758 1945/4750 1954/4759
f 1953/4758 1955/4760 1945/4750
f 1954/4759 1946/4752 1956/4761
f 1954/4759 1945/4750 1946/4752
f 1957/4762 1955/4763 1953/4764
f 1957/4765 1958/4766 1955/4767
f 1956/4768 1952/4757 1949/4754
f 1956/4768 1946/4769 1952/4757
f 1950/4770 1958/4771 1957/4772
f 1950/4770 1951/4773 1958/4771
f 1959/4774 1961/4775 1960/4776
f 1958/4777 1962/4778 1955/4779
f 1958/4777 1960/4780 1962/4778
f 1946/4769 1959/4781 1952/4757
f 1946/4769 1947/4782 1959/4781
f 1951/4783 1960/4784 1958/4785
f 1951/4755 1959/4781 1960/4786
f 1952/4757 1959/4781 1951/4755
f 1955/4760 1948/4753 1945/4750
f 1955/4760 1962/4787 1948/4753
f 1962/4787 1963/4788 1948/4753
f 1962/4787 1964/4789 1963/4788
f 1948/4753 1963/4788 1947/4751
f 1960/4780 1964/4790 1962/4778
f 1947/4782 1961/4791 1959/4781
f 1947/4782 1963/4792 1961/4791
f 1964/4793 1960/4794 1961/4795
f 1961/4795 1963/4796 1964/4793
f 1973/4819 1974/4820 1975/4821
f 1973/4819 1975/4821 1976/4822
f 1976/4823 1975/4824 1977/4825
f 1976/4823 1977/4825 1978/4826
f 1978/4827 1977/4828 1979/4829
f 1978/4830 1979/4831 1980/4832
f 1980/4833 1979/4834 1974/4835
f 1980/4833 1974/4835 1973/2812
f 1977/4836 1975/4821 1974/4820
f 1977/4836 1974/4820 1979/4837
f 2079/5023 2080/5024 2081/5025
f 2082/5026 2083/5027 2084/5028
f 2083/5029 2085/5030 2084/5031
f 2084/5032 2085/5033 2086/5034
f 2086/5034 2087/5035 2084/5032
f 2084/5036 2087/5037 2080/5038
f 2088/5039 2080/5024 2079/5023
f 2089/5040 2090/5041 2087/5042
f 2091/5043 2092/5044 2081/5045
f 2081/5025 2087/5042 2090/5041
f 2087/5042 2081/5025 2080/5024
f 2092/5046 2079/5047 2081/5048
f 2093/5049 2094/5050 2092/5051
f 2095/5052 2096/5053 2094/5054
f 2092/5046 2096/5053 2079/5047
f 2092/5046 2094/5054 2096/5053
f 2079/5047 2096/5053 2097/5055
f 2097/5055 2096/5053 2095/5052
f 2098/5056 2099/5057 2097/5058
f 2098/5059 2097/5060 2095/5061
f 2100/5062 2098/5063 2095/5064
f 2100/5065 2095/5066 2094/5067
f 2101/5068 2102/5069 2093/5049
f 2101/5068 2093/5049 2092/5051
f 2089/5070 2103/5071 2081/5045
f 2089/5072 2081/5073 2090/5074
f 2099/5075 2088/5076 2079/5077
f 2099/5057 2079/5078 2097/5058
f 2102/5069 2100/5079 2094/5050
f 2102/5069 2094/5050 2093/5049
f 2103/5071 2104/5080 2091/5043
f 2103/5071 2091/5043 2081/5045
f 2104/5081 2101/5082 2092/5083
f 2104/5084 2092/5085 2091/5086
f 2088/5087 2105/5088 2084/5036
f 2088/5087 2084/5036 2080/5038
f 2106/5089 2107/5090 2082/5091
f 2108/5092 2109/5093 2086/5094
f 2108/5092 2086/5094 2085/5095
f 2109/5096 2110/5097 2086/5098
f 2107/5099 2111/5100 2083/5101
f 2107/5099 2083/5101 2082/5102
f 2105/5088 2106/5089 2082/5091
f 2105/5088 2082/5091 2084/5036
f 2110/5097 2089/5103 2087/5104
f 2110/5097 2087/5104 2086/5098
f 2111/5100 2108/5092 2085/5095
f 2111/5100 2085/5095 2083/5101
