# Blender 5.1.1
# www.blender.org
mtllib neptuno.mtl
o Icosphere
v 0.000000 -1.000000 0.000000
v 0.723607 -0.447220 0.525725
v -0.276388 -0.447220 0.850649
v -0.894426 -0.447216 0.000000
v -0.276388 -0.447220 -0.850649
v 0.723607 -0.447220 -0.525725
v 0.276388 0.447220 0.850649
v -0.723607 0.447220 0.525725
v -0.723607 0.447220 -0.525725
v 0.276388 0.447220 -0.850649
v 0.894426 0.447216 0.000000
v 0.000000 1.000000 0.000000
v -0.257937 -0.550685 0.793860
v -0.232822 -0.657519 0.716563
v -0.200688 -0.760403 0.617666
v -0.162456 -0.850654 0.499995
v -0.120413 -0.920955 0.370598
v -0.077607 -0.967950 0.238853
v -0.036848 -0.992865 0.113408
v 0.096471 -0.992865 0.070089
v 0.203181 -0.967950 0.147618
v 0.315251 -0.920955 0.229040
v 0.425323 -0.850654 0.309011
v 0.525420 -0.760403 0.381735
v 0.609547 -0.657519 0.442856
v 0.675300 -0.550685 0.490628
v 0.638452 -0.476987 0.604038
v 0.531941 -0.502302 0.681712
v 0.405008 -0.519572 0.752338
v 0.262869 -0.525738 0.809012
v 0.114564 -0.519572 0.846711
v -0.029639 -0.502302 0.864184
v -0.161465 -0.476988 0.863951
v 0.771771 -0.476987 -0.420539
v 0.812729 -0.502301 -0.295238
v 0.840673 -0.519571 -0.152694
v 0.850648 -0.525736 0.000000
v 0.840673 -0.519571 0.152694
v 0.812729 -0.502301 0.295238
v 0.771771 -0.476987 0.420539
v 0.096471 -0.992865 -0.070089
v 0.203181 -0.967950 -0.147618
v 0.315251 -0.920955 -0.229040
v 0.425323 -0.850654 -0.309011
v 0.525420 -0.760403 -0.381735
v 0.609547 -0.657519 -0.442856
v 0.675300 -0.550685 -0.490628
v -0.834716 -0.550681 0.000000
v -0.753442 -0.657515 0.000000
v -0.649456 -0.760399 0.000000
v -0.525730 -0.850652 0.000000
v -0.389673 -0.920953 0.000000
v -0.251147 -0.967949 0.000000
v -0.119245 -0.992865 0.000000
v -0.377183 -0.476988 0.793861
v -0.483971 -0.502302 0.716565
v -0.590366 -0.519572 0.617668
v -0.688189 -0.525736 0.499997
v -0.769872 -0.519570 0.370600
v -0.831051 -0.502299 0.238853
v -0.871565 -0.476984 0.113408
v -0.257937 -0.550685 -0.793860
v -0.232822 -0.657519 -0.716563
v -0.200688 -0.760403 -0.617666
v -0.162456 -0.850654 -0.499995
v -0.120413 -0.920955 -0.370598
v -0.077607 -0.967950 -0.238853
v -0.036848 -0.992865 -0.113408
v -0.871565 -0.476984 -0.113408
v -0.831051 -0.502299 -0.238853
v -0.769872 -0.519570 -0.370600
v -0.688189 -0.525736 -0.499997
v -0.590366 -0.519572 -0.617668
v -0.483971 -0.502302 -0.716565
v -0.377183 -0.476988 -0.793861
v -0.161465 -0.476988 -0.863951
v -0.029639 -0.502302 -0.864184
v 0.114564 -0.519573 -0.846711
v 0.262869 -0.525738 -0.809012
v 0.405008 -0.519572 -0.752338
v 0.531941 -0.502302 -0.681712
v 0.638453 -0.476987 -0.604038
v 0.931188 0.357738 0.070089
v 0.956626 0.251149 0.147618
v 0.964711 0.129893 0.229041
v 0.951058 -0.000000 0.309013
v 0.915098 -0.129893 0.381737
v 0.860698 -0.251151 0.442858
v 0.794547 -0.357741 0.490629
v 0.794547 -0.357741 -0.490629
v 0.860698 -0.251151 -0.442858
v 0.915098 -0.129893 -0.381737
v 0.951058 0.000000 -0.309013
v 0.964711 0.129893 -0.229041
v 0.956626 0.251149 -0.147618
v 0.931188 0.357738 -0.070089
v 0.221089 0.357741 0.907271
v 0.155215 0.251152 0.955422
v 0.080276 0.129894 0.988273
v -0.000000 -0.000000 1.000000
v -0.080276 -0.129894 0.988273
v -0.155215 -0.251152 0.955422
v -0.221089 -0.357741 0.907271
v 0.712150 -0.357741 0.604039
v 0.687159 -0.251152 0.681715
v 0.645839 -0.129894 0.752343
v 0.587786 0.000000 0.809017
v 0.515946 0.129894 0.846716
v 0.436007 0.251152 0.864188
v 0.354409 0.357742 0.863953
v -0.794547 0.357741 0.490629
v -0.860698 0.251151 0.442858
v -0.915098 0.129893 0.381737
v -0.951058 -0.000000 0.309013
v -0.964711 -0.129893 0.229041
v -0.956626 -0.251149 0.147618
v -0.931188 -0.357738 0.070089
v -0.354409 -0.357742 0.863953
v -0.436007 -0.251152 0.864188
v -0.515946 -0.129894 0.846716
v -0.587786 0.000000 0.809017
v -0.645839 0.129894 0.752342
v -0.687159 0.251152 0.681715
v -0.712150 0.357741 0.604039
v -0.712150 0.357741 -0.604039
v -0.687159 0.251152 -0.681715
v -0.645839 0.129894 -0.752343
v -0.587786 -0.000000 -0.809017
v -0.515946 -0.129894 -0.846716
v -0.436007 -0.251152 -0.864188
v -0.354409 -0.357742 -0.863953
v -0.931188 -0.357738 -0.070089
v -0.956626 -0.251149 -0.147618
v -0.964711 -0.129893 -0.229041
v -0.951058 0.000000 -0.309013
v -0.915098 0.129893 -0.381737
v -0.860698 0.251151 -0.442858
v -0.794547 0.357741 -0.490629
v 0.354409 0.357742 -0.863953
v 0.436007 0.251152 -0.864188
v 0.515946 0.129894 -0.846716
v 0.587786 -0.000000 -0.809017
v 0.645839 -0.129894 -0.752342
v 0.687159 -0.251152 -0.681715
v 0.712150 -0.357741 -0.604039
v -0.221089 -0.357741 -0.907271
v -0.155215 -0.251152 -0.955422
v -0.080276 -0.129894 -0.988273
v 0.000000 0.000000 -1.000000
v 0.080276 0.129894 -0.988273
v 0.155215 0.251152 -0.955422
v 0.221089 0.357741 -0.907271
v 0.871565 0.476984 0.113408
v 0.831051 0.502299 0.238853
v 0.769872 0.519570 0.370600
v 0.688189 0.525736 0.499997
v 0.590366 0.519572 0.617668
v 0.483971 0.502302 0.716565
v 0.377183 0.476988 0.793861
v 0.161465 0.476988 0.863951
v 0.029639 0.502302 0.864184
v -0.114564 0.519573 0.846711
v -0.262869 0.525738 0.809012
v -0.405008 0.519572 0.752338
v -0.531941 0.502302 0.681712
v -0.638453 0.476987 0.604038
v -0.771771 0.476987 0.420539
v -0.812729 0.502301 0.295238
v -0.840673 0.519571 0.152694
v -0.850648 0.525736 -0.000000
v -0.840673 0.519571 -0.152694
v -0.812729 0.502301 -0.295238
v -0.771771 0.476987 -0.420539
v -0.638452 0.476987 -0.604038
v -0.531941 0.502302 -0.681712
v -0.405008 0.519572 -0.752338
v -0.262869 0.525738 -0.809012
v -0.114564 0.519572 -0.846711
v 0.029639 0.502302 -0.864184
v 0.161465 0.476988 -0.863951
v 0.377183 0.476988 -0.793861
v 0.483971 0.502302 -0.716565
v 0.590366 0.519572 -0.617668
v 0.688189 0.525736 -0.499997
v 0.769872 0.519570 -0.370600
v 0.831051 0.502299 -0.238853
v 0.871565 0.476984 -0.113408
v 0.036848 0.992865 0.113408
v 0.077607 0.967950 0.238853
v 0.120413 0.920955 0.370598
v 0.162456 0.850654 0.499995
v 0.200688 0.760403 0.617666
v 0.232822 0.657519 0.716563
v 0.257937 0.550685 0.793860
v 0.834716 0.550681 0.000000
v 0.753442 0.657515 0.000000
v 0.649456 0.760399 0.000000
v 0.525730 0.850652 0.000000
v 0.389673 0.920953 0.000000
v 0.251147 0.967949 0.000000
v 0.119245 0.992865 0.000000
v -0.096471 0.992865 0.070089
v -0.203181 0.967950 0.147618
v -0.315251 0.920955 0.229040
v -0.425323 0.850654 0.309011
v -0.525420 0.760403 0.381735
v -0.609547 0.657519 0.442856
v -0.675300 0.550685 0.490628
v -0.096471 0.992865 -0.070089
v -0.203181 0.967950 -0.147618
v -0.315251 0.920955 -0.229040
v -0.425323 0.850654 -0.309011
v -0.525420 0.760403 -0.381735
v -0.609547 0.657519 -0.442856
v -0.675300 0.550685 -0.490628
v 0.036848 0.992865 -0.113408
v 0.077607 0.967950 -0.238853
v 0.120413 0.920955 -0.370598
v 0.162456 0.850654 -0.499995
v 0.200688 0.760403 -0.617666
v 0.232822 0.657519 -0.716563
v 0.257937 0.550685 -0.793860
v 0.166198 0.978672 -0.120749
v 0.307167 0.943208 -0.126518
v 0.215245 0.943209 -0.253036
v 0.451375 0.882854 -0.129731
v 0.361800 0.894429 -0.262863
v 0.262862 0.882855 -0.389192
v 0.587783 0.798549 -0.129731
v 0.506729 0.819912 -0.266403
v 0.409951 0.819913 -0.399604
v 0.305014 0.798552 -0.518924
v 0.706258 0.696558 -0.126519
v 0.638194 0.723610 -0.262864
v 0.550008 0.733353 -0.399605
v 0.447209 0.723612 -0.525728
v 0.338569 0.696561 -0.632593
v 0.801022 0.586331 -0.120750
v 0.747366 0.614342 -0.253038
v 0.672087 0.629942 -0.389194
v 0.577830 0.629943 -0.518926
v 0.471599 0.614344 -0.632594
v 0.362366 0.586334 -0.724502
v -0.063483 0.978672 -0.195376
v -0.025408 0.943209 -0.331227
v -0.174138 0.943209 -0.282901
v 0.016098 0.882855 -0.469369
v -0.138197 0.894430 -0.425319
v -0.288916 0.882855 -0.370262
v 0.058250 0.798552 -0.599101
v -0.096779 0.819914 -0.564248
v -0.253366 0.819914 -0.513369
v -0.399272 0.798552 -0.450440
v 0.097915 0.696561 -0.710785
v -0.052790 0.723612 -0.688185
v -0.210088 0.733355 -0.646571
v -0.361804 0.723612 -0.587778
v -0.497009 0.696561 -0.517479
v 0.132684 0.586334 -0.799129
v -0.009708 0.614345 -0.788978
v -0.162463 0.629944 -0.759458
v -0.314971 0.629944 -0.709904
v -0.455902 0.614344 -0.643998
v -0.577066 0.586334 -0.568513
v -0.205432 0.978671 0.000000
v -0.322868 0.943208 -0.078192
v -0.322868 0.943208 0.078192
v -0.441423 0.882855 -0.160354
v -0.447210 0.894429 0.000000
v -0.441423 0.882855 0.160354
v -0.551779 0.798551 -0.240532
v -0.566539 0.819912 -0.082322
v -0.566539 0.819912 0.082322
v -0.551779 0.798551 0.240532
v -0.645740 0.696561 -0.312768
v -0.670817 0.723611 -0.162457
v -0.679848 0.733353 0.000000
v -0.670817 0.723611 0.162457
v -0.645740 0.696560 0.312768
v -0.719015 0.586334 -0.373135
v -0.753363 0.614343 -0.234576
v -0.772492 0.629942 -0.080177
v -0.772492 0.629942 0.080177
v -0.753363 0.614343 0.234576
v -0.719015 0.586334 0.373135
v -0.063483 0.978672 0.195376
v -0.174138 0.943209 0.282901
v -0.025408 0.943209 0.331227
v -0.288916 0.882855 0.370262
v -0.138197 0.894430 0.425319
v 0.016098 0.882855 0.469369
v -0.399272 0.798552 0.450440
v -0.253366 0.819914 0.513369
v -0.096779 0.819914 0.564248
v 0.058250 0.798552 0.599101
v -0.497009 0.696561 0.517479
v -0.361804 0.723612 0.587778
v -0.210088 0.733355 0.646571
v -0.052790 0.723612 0.688185
v 0.097915 0.696561 0.710785
v -0.577066 0.586334 0.568513
v -0.455902 0.614345 0.643998
v -0.314971 0.629944 0.709904
v -0.162463 0.629944 0.759458
v -0.009708 0.614345 0.788978
v 0.132684 0.586335 0.799129
v 0.166198 0.978672 0.120749
v 0.215245 0.943209 0.253036
v 0.307167 0.943208 0.126518
v 0.262862 0.882855 0.389192
v 0.361800 0.894429 0.262863
v 0.451375 0.882854 0.129731
v 0.305014 0.798552 0.518924
v 0.409951 0.819913 0.399604
v 0.506729 0.819912 0.266403
v 0.587783 0.798549 0.129731
v 0.338569 0.696561 0.632593
v 0.447209 0.723612 0.525728
v 0.550008 0.733353 0.399605
v 0.638194 0.723610 0.262864
v 0.706258 0.696558 0.126519
v 0.362366 0.586334 0.724502
v 0.471599 0.614344 0.632594
v 0.577830 0.629943 0.518926
v 0.672087 0.629942 0.389194
v 0.747366 0.614342 0.253038
v 0.801022 0.586331 0.120750
v 0.903740 0.380897 -0.195376
v 0.921508 0.266063 -0.282902
v 0.854992 0.399094 -0.331229
v 0.918856 0.136410 -0.370264
v 0.861804 0.276396 -0.425322
v 0.782446 0.409229 -0.469371
v 0.892805 -0.000000 -0.450443
v 0.846660 0.140059 -0.513372
v 0.776630 0.280118 -0.564251
v 0.688190 0.409230 -0.599104
v 0.845290 -0.133032 -0.517481
v 0.809019 0.000000 -0.587782
v 0.749882 0.140059 -0.646576
v 0.670821 0.276397 -0.688189
v 0.579226 0.399096 -0.710788
v 0.782501 -0.253933 -0.568515
v 0.753368 -0.133032 -0.644002
v 0.704293 0.000000 -0.709909
v 0.636088 0.136411 -0.759463
v 0.553820 0.266065 -0.788982
v 0.465085 0.380900 -0.799132
v 0.093451 0.380900 -0.919882
v 0.015700 0.266064 -0.963827
v -0.050816 0.399096 -0.915500
v -0.068205 0.136410 -0.988302
v -0.138198 0.276397 -0.951055
v -0.204615 0.409230 -0.889193
v -0.152509 -0.000000 -0.988302
v -0.226618 0.140059 -0.963861
v -0.296648 0.280118 -0.912981
v -0.357124 0.409230 -0.839639
v -0.230948 -0.133033 -0.963829
v -0.309016 -0.000000 -0.951057
v -0.383207 0.140059 -0.912982
v -0.447215 0.276397 -0.850649
v -0.497012 0.399096 -0.770520
v -0.298885 -0.253934 -0.919883
v -0.379680 -0.133033 -0.915503
v -0.457527 -0.000000 -0.889196
v -0.525732 0.136410 -0.839642
v -0.579229 0.266065 -0.770522
v -0.616302 0.380900 -0.689266
v -0.845982 0.380899 -0.373136
v -0.911804 0.266063 -0.312769
v -0.886396 0.399095 -0.234577
v -0.961008 0.136410 -0.240533
v -0.947213 0.276396 -0.162458
v -0.908902 0.409229 -0.080178
v -0.987059 0.000000 -0.160355
v -0.986715 0.140059 -0.082322
v -0.959966 0.280117 0.000000
v -0.908902 0.409229 0.080178
v -0.988023 -0.133031 -0.078192
v -1.000000 0.000001 0.000000
v -0.986715 0.140059 0.082323
v -0.947213 0.276397 0.162458
v -0.886395 0.399095 0.234577
v -0.967222 -0.253931 0.000000
v -0.988023 -0.133030 0.078193
v -0.987059 0.000001 0.160356
v -0.961008 0.136411 0.240534
v -0.911803 0.266065 0.312769
v -0.845982 0.380900 0.373136
v -0.616302 0.380900 0.689266
v -0.579229 0.266064 0.770521
v -0.497012 0.399096 0.770520
v -0.525732 0.136410 0.839641
v -0.447216 0.276397 0.850649
v -0.357124 0.409230 0.839639
v -0.457527 -0.000001 0.889196
v -0.383208 0.140059 0.912982
v -0.296649 0.280118 0.912981
v -0.204616 0.409230 0.889193
v -0.379681 -0.133033 0.915502
v -0.309017 -0.000001 0.951056
v -0.226619 0.140059 0.963861
v -0.138199 0.276397 0.951055
v -0.050817 0.399096 0.915500
v -0.298885 -0.253934 0.919883
v -0.230948 -0.133033 0.963828
v -0.152509 -0.000000 0.988302
v -0.068206 0.136410 0.988302
v 0.015699 0.266064 0.963827
v 0.093451 0.380900 0.919882
v 0.465085 0.380900 0.799132
v 0.553820 0.266064 0.788983
v 0.579226 0.399096 0.710788
v 0.636088 0.136410 0.759463
v 0.670820 0.276396 0.688190
v 0.688190 0.409229 0.599104
v 0.704293 -0.000001 0.709909
v 0.749882 0.140058 0.646576
v 0.776630 0.280116 0.564252
v 0.782446 0.409228 0.469372
v 0.753368 -0.133034 0.644002
v 0.809019 -0.000002 0.587783
v 0.846659 0.140057 0.513373
v 0.861804 0.276394 0.425323
v 0.854992 0.399093 0.331230
v 0.782501 -0.253934 0.568515
v 0.845289 -0.133034 0.517482
v 0.892805 -0.000002 0.450444
v 0.918856 0.136407 0.370266
v 0.921508 0.266061 0.282904
v 0.903740 0.380896 0.195377
v 0.298886 0.253934 -0.919883
v 0.379681 0.133033 -0.915502
v 0.230948 0.133033 -0.963828
v 0.457527 -0.000000 -0.889196
v 0.309017 -0.000000 -0.951056
v 0.152509 0.000000 -0.988302
v 0.525732 -0.136411 -0.839641
v 0.383207 -0.140060 -0.912982
v 0.226619 -0.140060 -0.963861
v 0.068205 -0.136410 -0.988302
v 0.579229 -0.266065 -0.770521
v 0.447216 -0.276398 -0.850648
v 0.296648 -0.280119 -0.912980
v 0.138199 -0.276398 -0.951055
v -0.015699 -0.266065 -0.963827
v 0.616302 -0.380900 -0.689265
v 0.497012 -0.399097 -0.770520
v 0.357124 -0.409231 -0.839639
v 0.204615 -0.409231 -0.889192
v 0.050817 -0.399097 -0.915500
v -0.093451 -0.380900 -0.919881
v -0.782501 0.253934 -0.568515
v -0.753368 0.133032 -0.644002
v -0.845290 0.133032 -0.517482
v -0.704293 -0.000000 -0.709910
v -0.809018 -0.000000 -0.587783
v -0.892805 0.000000 -0.450444
v -0.636087 -0.136411 -0.759464
v -0.749881 -0.140059 -0.646577
v -0.846659 -0.140059 -0.513374
v -0.918856 -0.136410 -0.370265
v -0.553819 -0.266065 -0.788983
v -0.670819 -0.276397 -0.688191
v -0.776628 -0.280118 -0.564253
v -0.861803 -0.276396 -0.425324
v -0.921507 -0.266063 -0.282904
v -0.465084 -0.380900 -0.799132
v -0.579224 -0.399096 -0.710789
v -0.688189 -0.409230 -0.599106
v -0.782445 -0.409229 -0.469374
v -0.854991 -0.399094 -0.331231
v -0.903739 -0.380897 -0.195378
v -0.782501 0.253934 0.568515
v -0.845290 0.133032 0.517482
v -0.753368 0.133032 0.644002
v -0.892805 -0.000000 0.450444
v -0.809018 0.000000 0.587783
v -0.704293 0.000000 0.709910
v -0.918856 -0.136410 0.370265
v -0.846659 -0.140059 0.513374
v -0.749881 -0.140059 0.646577
v -0.636087 -0.136411 0.759464
v -0.921508 -0.266063 0.282904
v -0.861803 -0.276396 0.425324
v -0.776629 -0.280118 0.564253
v -0.670819 -0.276397 0.688191
v -0.553819 -0.266065 0.788983
v -0.903739 -0.380897 0.195378
v -0.854991 -0.399094 0.331231
v -0.782445 -0.409229 0.469374
v -0.688189 -0.409230 0.599106
v -0.579224 -0.399096 0.710789
v -0.465084 -0.380900 0.799132
v 0.298886 0.253934 0.919883
v 0.230948 0.133032 0.963828
v 0.379681 0.133033 0.915502
v 0.152509 -0.000000 0.988302
v 0.309017 0.000000 0.951056
v 0.457527 0.000000 0.889196
v 0.068206 -0.136410 0.988302
v 0.226619 -0.140060 0.963861
v 0.383207 -0.140060 0.912982
v 0.525732 -0.136411 0.839641
v -0.015699 -0.266065 0.963827
v 0.138199 -0.276397 0.951055
v 0.296648 -0.280119 0.912980
v 0.447216 -0.276398 0.850648
v 0.579229 -0.266065 0.770521
v -0.093451 -0.380900 0.919882
v 0.050817 -0.399097 0.915500
v 0.204615 -0.409230 0.889192
v 0.357124 -0.409230 0.839639
v 0.497012 -0.399097 0.770520
v 0.616302 -0.380900 0.689266
v 0.967222 0.253931 0.000000
v 0.988023 0.133031 0.078192
v 0.988023 0.133031 -0.078192
v 0.987059 -0.000000 0.160355
v 1.000000 0.000000 0.000000
v 0.987059 0.000000 -0.160355
v 0.961008 -0.136410 0.240533
v 0.986715 -0.140059 0.082322
v 0.986715 -0.140059 -0.082322
v 0.961008 -0.136410 -0.240533
v 0.911804 -0.266064 0.312769
v 0.947213 -0.276396 0.162458
v 0.959966 -0.280117 0.000000
v 0.947213 -0.276396 -0.162458
v 0.911804 -0.266064 -0.312769
v 0.845982 -0.380899 0.373136
v 0.886396 -0.399095 0.234576
v 0.908902 -0.409229 0.080178
v 0.908902 -0.409229 -0.080178
v 0.886396 -0.399095 -0.234576
v 0.845982 -0.380899 -0.373136
v 0.577066 -0.586334 -0.568513
v 0.497009 -0.696561 -0.517479
v 0.455902 -0.614344 -0.643999
v 0.399272 -0.798552 -0.450441
v 0.361804 -0.723612 -0.587779
v 0.314971 -0.629943 -0.709905
v 0.288916 -0.882855 -0.370263
v 0.253366 -0.819913 -0.513370
v 0.210087 -0.733354 -0.646572
v 0.162463 -0.629943 -0.759459
v 0.174138 -0.943209 -0.282902
v 0.138197 -0.894429 -0.425321
v 0.096779 -0.819912 -0.564250
v 0.052789 -0.723611 -0.688186
v 0.009708 -0.614344 -0.788979
v 0.063482 -0.978671 -0.195377
v 0.025407 -0.943208 -0.331229
v -0.016099 -0.882854 -0.469371
v -0.058250 -0.798550 -0.599103
v -0.097915 -0.696560 -0.710786
v -0.132684 -0.586334 -0.799129
v -0.362367 -0.586334 -0.724501
v -0.338569 -0.696561 -0.632593
v -0.471601 -0.614344 -0.632593
v -0.305014 -0.798552 -0.518923
v -0.447211 -0.723612 -0.525727
v -0.577832 -0.629943 -0.518924
v -0.262862 -0.882855 -0.389192
v -0.409952 -0.819913 -0.399603
v -0.550010 -0.733353 -0.399603
v -0.672088 -0.629942 -0.389192
v -0.215245 -0.943209 -0.253036
v -0.361801 -0.894429 -0.262863
v -0.506730 -0.819912 -0.266402
v -0.638195 -0.723609 -0.262863
v -0.747367 -0.614341 -0.253036
v -0.166198 -0.978671 -0.120749
v -0.307168 -0.943208 -0.126518
v -0.451376 -0.882853 -0.129730
v -0.587784 -0.798549 -0.129730
v -0.706258 -0.696557 -0.126518
v -0.801022 -0.586330 -0.120749
v -0.801022 -0.586330 0.120750
v -0.706258 -0.696558 0.126518
v -0.747367 -0.614341 0.253037
v -0.587784 -0.798549 0.129731
v -0.638195 -0.723609 0.262864
v -0.672088 -0.629941 0.389193
v -0.451375 -0.882853 0.129731
v -0.506730 -0.819911 0.266403
v -0.550009 -0.733352 0.399605
v -0.577832 -0.629942 0.518925
v -0.307168 -0.943208 0.126519
v -0.361801 -0.894428 0.262864
v -0.409952 -0.819912 0.399605
v -0.447211 -0.723610 0.525729
v -0.471601 -0.614343 0.632594
v -0.166198 -0.978671 0.120750
v -0.215246 -0.943208 0.253038
v -0.262863 -0.882854 0.389194
v -0.305015 -0.798550 0.518925
v -0.338569 -0.696560 0.632594
v -0.362367 -0.586333 0.724502
v 0.719015 -0.586334 -0.373135
v 0.753363 -0.614343 -0.234576
v 0.645740 -0.696560 -0.312768
v 0.772493 -0.629942 -0.080177
v 0.670817 -0.723611 -0.162457
v 0.551780 -0.798551 -0.240532
v 0.772493 -0.629942 0.080178
v 0.679849 -0.733353 0.000000
v 0.566540 -0.819912 -0.082322
v 0.441423 -0.882854 -0.160354
v 0.753364 -0.614343 0.234576
v 0.670818 -0.723610 0.162458
v 0.566541 -0.819911 0.082323
v 0.447211 -0.894428 0.000001
v 0.322869 -0.943208 -0.078191
v 0.719016 -0.586333 0.373136
v 0.645741 -0.696559 0.312769
v 0.551781 -0.798550 0.240533
v 0.441424 -0.882854 0.160356
v 0.322870 -0.943208 0.078193
v 0.205432 -0.978671 0.000001
v -0.132684 -0.586334 0.799129
v -0.097915 -0.696561 0.710785
v 0.009709 -0.614344 0.788978
v -0.058249 -0.798552 0.599101
v 0.052790 -0.723612 0.688185
v 0.162463 -0.629944 0.759458
v -0.016097 -0.882855 0.469370
v 0.096780 -0.819913 0.564249
v 0.210089 -0.733354 0.646572
v 0.314971 -0.629943 0.709905
v 0.025409 -0.943209 0.331228
v 0.138199 -0.894429 0.425321
v 0.253368 -0.819912 0.513370
v 0.361805 -0.723611 0.587779
v 0.455903 -0.614344 0.643999
v 0.063484 -0.978671 0.195377
v 0.174140 -0.943208 0.282902
v 0.288918 -0.882854 0.370264
v 0.399274 -0.798550 0.450441
v 0.497011 -0.696560 0.517480
v 0.577067 -0.586333 0.568513
v -0.001049 -1.043909 0.001672
v 0.754173 -0.466977 0.550366
v -0.289512 -0.466978 0.889486
v -0.934553 -0.466973 0.001672
v -0.289512 -0.466978 -0.886142
v 0.287415 0.466540 0.889486
v -0.756271 0.466540 -0.547022
v 0.287415 0.466540 -0.886142
v -0.001049 1.043471 0.001672
v -0.270255 -0.574964 0.830216
v -0.244042 -0.686465 0.749542
v -0.210505 -0.793844 0.646324
v -0.170602 -0.888038 0.523512
v -0.126722 -0.961410 0.388462
v -0.082046 -1.010458 0.250960
v -0.039506 -1.036462 0.120034
v 0.099637 -1.036462 0.074823
v 0.211009 -1.010458 0.155739
v 0.327975 -0.961410 0.240719
v 0.442856 -0.888038 0.324184
v 0.547327 -0.793844 0.400085
v 0.635129 -0.686465 0.463877
v 0.703755 -0.574963 0.513736
v 0.665298 -0.498046 0.632100
v 0.554133 -0.524466 0.713168
v 0.421655 -0.542491 0.786880
v 0.273305 -0.548926 0.846029
v -0.169568 -0.498046 0.903369
v 0.804441 -0.498045 0.440584
v 0.099637 -1.036462 -0.071479
v 0.547327 -0.793844 -0.396742
v 0.635129 -0.686465 -0.460533
v 0.703755 -0.574963 -0.510392
v -0.872234 -0.574959 0.001672
v -0.787408 -0.686460 0.001672
v -0.678880 -0.793840 0.001672
v -0.549748 -0.888036 0.001672
v -0.125504 -1.036462 0.001672
v -0.394711 -0.498046 0.830217
v -0.910692 -0.498042 0.120034
v -0.270255 -0.574964 -0.826873
v -0.244042 -0.686465 -0.746198
v -0.210505 -0.793844 -0.642980
v -0.039506 -1.036462 -0.116691
v -0.910692 -0.498042 -0.116691
v -0.169568 -0.498046 -0.900026
v -0.031983 -0.524466 -0.900269
v 0.421655 -0.542491 -0.783536
v 0.554133 -0.524466 -0.709825
v 0.665298 -0.498046 -0.628756
v 0.970823 0.373149 0.074823
v 0.997372 0.261903 0.155740
v 1.005811 0.135349 0.240720
v 0.828212 -0.373589 0.513737
v 0.991561 -0.000219 -0.320842
v 1.005811 0.135349 -0.237376
v 0.997372 0.261903 -0.152396
v 0.229700 0.373152 0.948582
v 0.160948 0.261906 0.998836
v 0.082735 0.135350 1.033123
v -0.001049 -0.000219 1.045362
v -0.231797 -0.373590 0.948582
v 0.742216 -0.373590 0.632101
v 0.716132 -0.262344 0.713172
v 0.673007 -0.135788 0.786884
v 0.612417 -0.000219 0.846035
v 0.368845 0.373153 0.903371
v -0.956128 0.135349 0.400087
v -0.993658 -0.000219 0.324185
v -1.007908 -0.135786 0.240720
v -0.999470 -0.262341 0.155740
v -0.972920 -0.373586 0.074823
v -0.370942 -0.373590 0.903371
v -0.539536 -0.135788 0.885381
v -0.614515 -0.000219 0.846035
v -0.675105 0.135350 0.786884
v -0.744313 0.373152 -0.628758
v -0.718229 0.261906 -0.709828
v -0.675105 0.135350 -0.783541
v -0.614515 -0.000219 -0.842691
v -0.539536 -0.135788 -0.882037
v -0.456105 -0.262344 -0.900273
v -0.370942 -0.373590 -0.900028
v -0.972920 -0.373586 -0.071480
v -0.999470 -0.262341 -0.152396
v -0.830310 0.373152 -0.510393
v 0.368845 0.373153 -0.900028
v 0.454007 0.261906 -0.900273
v 0.537439 0.135350 -0.882037
v 0.612417 -0.000219 -0.842691
v -0.231797 -0.373590 -0.945238
v -0.163045 -0.262343 -0.995493
v -0.001049 -0.000219 -1.042018
v 0.082735 0.135350 -1.029779
v 0.160948 0.261906 -0.995493
v 0.229700 0.373152 -0.945238
v 0.908595 0.497605 0.120035
v 0.866311 0.524025 0.250961
v 0.802459 0.542051 0.388463
v 0.392613 0.497609 0.830217
v 0.167471 0.497609 0.903369
v 0.029885 0.524029 0.903612
v -0.120618 0.542054 0.885376
v -0.275402 0.548488 0.846029
v -0.423752 0.542054 0.786880
v -0.556230 0.524029 0.713168
v -0.667395 0.497608 0.632100
v -0.806539 0.497608 -0.437240
v -0.667395 0.497608 -0.628756
v -0.423752 0.542054 -0.783536
v -0.275402 0.548488 -0.842686
v 0.167471 0.497609 -0.900026
v 0.392614 0.497609 -0.826873
v 0.717208 0.548487 -0.520170
v 0.802459 0.542051 -0.385119
v 0.866311 0.524025 -0.247617
v 0.037409 1.036025 0.120034
v 0.079949 1.010021 0.250960
v 0.241945 0.686028 0.749542
v 0.268157 0.574526 0.830216
v 0.123406 1.036024 0.001672
v -0.101734 1.036025 0.074823
v -0.213107 1.010021 0.155739
v -0.330073 0.960973 0.240719
v -0.444954 0.887601 0.324184
v -0.549424 0.793406 0.400085
v -0.637227 0.686027 0.463877
v -0.705853 0.574526 0.513736
v -0.101734 1.036025 -0.071479
v -0.213107 1.010021 -0.152395
v -0.330073 0.960973 -0.237375
v -0.444954 0.887601 -0.320840
v -0.549424 0.793406 -0.396742
v -0.637227 0.686027 -0.460533
v -0.705853 0.574526 -0.510392
v 0.037409 1.036025 -0.116691
v 0.079949 1.010021 -0.247616
v 0.124625 0.960973 -0.385118
v 0.168505 0.887601 -0.520168
v 0.268157 0.574526 -0.826873
v 0.223600 0.984199 -0.262419
v 0.376559 0.933288 -0.272676
v 0.273298 0.921209 -0.404524
v 0.527819 0.855515 -0.276370
v 0.426813 0.855516 -0.415391
v 0.317291 0.833222 -0.539924
v 0.665028 0.755006 -0.272677
v 0.572989 0.765175 -0.415392
v 0.465699 0.755008 -0.547026
v 0.778970 0.640964 -0.262421
v 0.700402 0.657246 -0.404527
v 0.602027 0.657246 -0.539926
v -0.067305 1.021211 -0.202240
v -0.027567 0.984199 -0.344027
v -0.182795 0.984199 -0.293589
v 0.015753 0.921209 -0.488204
v -0.145284 0.933289 -0.442230
v -0.302587 0.921209 -0.384767
v 0.059746 0.833222 -0.623604
v -0.102056 0.855517 -0.587228
v -0.265484 0.855517 -0.534126
v -0.417765 0.833222 -0.468448
v -0.056145 0.755008 -0.716580
v -0.220315 0.765176 -0.673148
v -0.378660 0.755008 -0.611787
v -0.519772 0.726775 -0.538416
v -0.170610 0.657248 -0.790967
v -0.329781 0.657247 -0.739248
v -0.476869 0.640967 -0.670463
v -0.603327 0.611733 -0.591680
v -0.215456 1.021211 0.001672
v -0.338023 0.984199 -0.079936
v -0.461757 0.921208 -0.165688
v -0.576935 0.833221 -0.249369
v -0.675001 0.726775 -0.324761
v -0.751478 0.611732 -0.387766
v -0.067305 1.021211 0.205584
v -0.182795 0.984199 0.296933
v -0.027567 0.984199 0.347371
v -0.302587 0.921209 0.388111
v -0.145284 0.933289 0.445574
v -0.417765 0.833222 0.471792
v -0.265484 0.855517 0.537470
v -0.519772 0.726775 0.541759
v -0.378660 0.755008 0.615130
v -0.220315 0.765176 0.676492
v -0.056145 0.755008 0.719924
v 0.101144 0.726775 0.743511
v -0.603327 0.611733 0.595023
v -0.476869 0.640967 0.673807
v -0.329780 0.657248 0.742592
v -0.170610 0.657248 0.794311
v -0.011181 0.640967 0.825120
v 0.137433 0.611733 0.835715
v 0.172410 1.021211 0.127697
v 0.376559 0.933288 0.276019
v 0.470047 0.921207 0.137070
v 0.426813 0.855516 0.418735
v 0.527819 0.855515 0.279714
v 0.612414 0.833219 0.137071
v 0.572989 0.765175 0.418736
v 0.665028 0.755006 0.276021
v 0.736066 0.726772 0.133718
v 0.377149 0.611732 0.757828
v 0.700402 0.657246 0.407870
v 0.778970 0.640964 0.265765
v 0.834970 0.611729 0.127698
v 0.942176 0.397320 -0.202241
v 0.960720 0.277468 -0.293591
v 0.891298 0.416312 -0.344028
v 0.957953 0.142151 -0.384769
v 0.898408 0.288253 -0.442232
v 0.815583 0.426889 -0.488206
v 0.930764 -0.000219 -0.468451
v 0.882602 0.145959 -0.534130
v 0.809512 0.292138 -0.587232
v 0.843317 -0.000219 -0.611791
v 0.781596 0.145960 -0.673153
v 0.699080 0.288254 -0.716584
v 0.734015 -0.000219 -0.739253
v 0.662830 0.142152 -0.790972
v 0.576968 0.277471 -0.821781
v 0.484356 0.397323 -0.832374
v 0.015337 0.277470 -1.004265
v -0.072234 0.142151 -1.029809
v -0.242087 -0.139064 -1.004267
v -0.323566 -0.000219 -0.990937
v -0.400998 0.145960 -0.951199
v -0.467803 0.288254 -0.886142
v -0.312992 -0.265247 -0.958401
v -0.397317 -0.139064 -0.953829
v -0.478565 -0.000219 -0.926373
v -0.549750 0.142151 -0.874654
v -0.605584 0.277470 -0.802514
v -1.032238 -0.139062 -0.079936
v -1.044739 -0.000218 0.001672
v -1.030873 0.145960 0.087591
v -1.010529 -0.265244 0.001672
v -1.032238 -0.139061 0.083281
v -1.031233 -0.000217 0.169034
v -1.004043 0.142152 0.252715
v -0.549751 0.142151 0.877997
v -0.478566 -0.000219 0.929717
v -0.400999 0.145959 0.954542
v -0.397318 -0.139064 0.957173
v -0.323567 -0.000220 0.994280
v -0.072234 0.142151 1.033153
v 0.015337 0.277470 1.007609
v 0.096485 0.397323 0.961743
v 0.734015 -0.000220 0.742597
v 0.785234 -0.139065 0.673811
v 0.891298 0.416311 0.347373
v 0.815640 -0.265248 0.595026
v 0.960720 0.277467 0.296936
v 0.942176 0.397319 0.205585
v 0.310895 0.264810 -0.958401
v 0.395220 0.138626 -0.953829
v 0.239990 0.138626 -1.004267
v 0.476468 -0.000219 -0.926373
v 0.321470 -0.000219 -0.990936
v 0.158124 -0.000219 -1.029809
v 0.547653 -0.142589 -0.874654
v 0.398901 -0.146398 -0.951198
v 0.235471 -0.146398 -1.004300
v 0.603487 -0.277908 -0.802514
v 0.465706 -0.288692 -0.886141
v 0.308560 -0.292576 -0.951197
v 0.642180 -0.397761 -0.717708
v 0.517678 -0.416752 -0.802512
v 0.371678 -0.427329 -0.874651
v -0.098583 -0.397760 -0.958399
v -0.787331 0.138626 -0.670467
v -0.736112 -0.000219 -0.739254
v -0.845413 -0.000219 -0.611792
v -0.664927 -0.142589 -0.790973
v -0.783692 -0.146397 -0.673154
v -0.884698 -0.146397 -0.534131
v -0.701176 -0.288692 -0.716586
v -0.811608 -0.292575 -0.587234
v -0.900504 -0.288691 -0.442235
v -0.719304 -0.427328 -0.623609
v -0.817679 -0.427327 -0.488209
v -0.944273 -0.397758 -0.202242
v -0.883269 0.138626 0.541763
v -0.787331 0.138626 0.673811
v -0.932860 -0.000219 0.471795
v -0.845413 -0.000219 0.615135
v -0.736112 -0.000219 0.742598
v -0.960050 -0.142588 0.388114
v -0.884698 -0.146397 0.537475
v -0.783692 -0.146397 0.676498
v -0.664927 -0.142589 0.794317
v 0.310895 0.264810 0.961745
v 0.239990 0.138626 1.007610
v 0.158124 -0.000219 1.033153
v 0.321469 -0.000219 0.994280
v 0.070137 -0.142589 1.033153
v 0.235471 -0.146398 1.007644
v 0.398901 -0.146398 0.954542
v 0.547653 -0.142589 0.877997
v 0.143188 -0.288692 0.994278
v 0.308560 -0.292576 0.954541
v 0.465706 -0.288692 0.889485
v 0.603487 -0.277908 0.805857
v 0.212506 -0.427329 0.929713
v 0.371678 -0.427329 0.877994
v 0.517678 -0.416752 0.805856
v 0.642180 -0.397761 0.721052
v 1.008432 0.264807 0.001672
v 1.030141 0.138625 0.083280
v 1.030141 0.138625 -0.079936
v 1.029136 -0.000219 0.169033
v 1.042642 -0.000219 0.001672
v 1.029136 -0.000219 -0.165689
v 1.028776 -0.146397 0.087591
v 1.028776 -0.146397 -0.084247
v 1.001946 -0.142588 -0.249370
v 1.000858 -0.292574 0.001672
v 0.987548 -0.288691 -0.167883
v 0.601230 -0.612170 -0.591680
v 0.517675 -0.727213 -0.538416
v 0.474772 -0.641404 -0.670463
v 0.415668 -0.833659 -0.468449
v 0.376562 -0.755445 -0.611788
v 0.327683 -0.657685 -0.739249
v 0.300490 -0.921646 -0.384768
v 0.263387 -0.855954 -0.534127
v 0.218217 -0.765613 -0.673149
v 0.180697 -0.984636 -0.293590
v 0.143186 -0.933726 -0.442232
v 0.099958 -0.855953 -0.587230
v 0.009084 -0.641403 -0.821777
v 0.025469 -0.984636 -0.344029
v -0.017851 -0.921645 -0.488206
v -0.103242 -0.727211 -0.740169
v -0.139530 -0.612169 -0.832372
v -0.379247 -0.612170 -0.754483
v -0.354410 -0.727213 -0.658559
v -0.493254 -0.641404 -0.658560
v -0.319389 -0.833659 -0.539923
v -0.467798 -0.755445 -0.547024
v -0.604126 -0.657684 -0.539924
v -0.428912 -0.855954 -0.415390
v -0.575088 -0.765612 -0.415390
v -0.702501 -0.657683 -0.404525
v -0.529918 -0.855952 -0.276369
v -0.667126 -0.755443 -0.272675
v -0.781068 -0.641401 -0.262419
v -0.614513 -0.833656 -0.133726
v -0.738164 -0.727209 -0.130374
v -0.837068 -0.612166 -0.124353
v -0.837068 -0.612166 0.127697
v -0.738164 -0.727209 0.133718
v -0.614513 -0.833657 0.137071
v -0.174508 -1.021648 0.127698
v -0.225699 -0.984636 0.265765
v -0.275396 -0.921645 0.407870
v -0.319389 -0.833658 0.543269
v -0.354410 -0.727211 0.661904
v -0.379247 -0.612169 0.757828
v 0.749381 -0.612169 -0.387766
v 0.785229 -0.641403 -0.243153
v 0.672904 -0.727212 -0.324761
v 0.699076 -0.755444 -0.167883
v 0.574838 -0.833659 -0.249369
v 0.749381 -0.612168 0.391110
v 0.672905 -0.727211 0.328106
v 0.574840 -0.833657 0.252714
v 0.459662 -0.921644 0.169033
v 0.335927 -0.984635 0.083281
v 0.213359 -1.021649 0.001672
v -0.139530 -0.612170 0.835715
v -0.103241 -0.727213 0.743511
v -0.061843 -0.833659 0.626948
v -0.017849 -0.921646 0.491548
v 0.327684 -0.657684 0.742592
v 0.025470 -0.984636 0.347371
v 0.474773 -0.641403 0.673807
v 0.065208 -1.021649 0.205584
v 0.180699 -0.984636 0.296934
v 0.300492 -0.921645 0.388112
v 0.415670 -0.833658 0.471793
v 0.517676 -0.727211 0.541760
v 0.601230 -0.612169 0.595024
v -0.041449 -1.068320 0.124876
v -0.001815 -1.075994 0.002894
v 0.724548 -0.592704 0.530621
v 0.776508 -0.481415 0.568372
v -0.175490 -0.513434 0.932173
v -0.299102 -0.481415 0.917865
v 0.828314 -0.513433 0.455231
v -0.130077 -1.068319 0.002894
v -0.939283 -0.513430 0.124877
v -0.963874 -0.481411 0.002894
v -0.041449 -1.068320 -0.119089
v 0.852812 -0.385170 0.530622
v -0.239622 -0.385170 0.978768
v 0.379393 0.384414 0.932175
v 0.295472 0.480658 0.917865
v -1.003415 -0.385167 0.078283
v -0.383023 -0.385171 -0.926388
v -0.299102 -0.481415 -0.912078
v -0.856442 0.384413 -0.524835
v -0.780138 0.480658 -0.562585
v 0.235992 0.384413 -0.972981
v 0.295472 0.480658 -0.912078
v 0.403889 0.512677 0.856783
v -0.831944 0.512676 -0.449444
v 0.171859 0.512677 -0.926386
v 0.275625 0.591947 0.856782
v 0.126447 1.067562 0.002894
v -0.001815 1.075237 0.002894
v -0.728178 0.591947 -0.524834
v 0.275625 0.591947 -0.850995
v -0.279256 -0.592704 0.856782
v -0.252241 -0.707616 0.773640
v -0.217679 -0.818280 0.667265
v -0.176555 -0.915356 0.540696
v -0.131333 -0.990972 0.401515
v -0.085290 -1.041520 0.259807
v 0.101950 -1.068320 0.078282
v 0.216730 -1.041520 0.161674
v 0.337274 -0.990972 0.249253
v 0.455669 -0.915355 0.335271
v 0.563334 -0.818279 0.413494
v 0.653823 -0.707616 0.479237
v 0.684914 -0.513434 0.652606
v 0.570349 -0.540662 0.736154
v 0.433818 -0.559239 0.812120
v 0.280931 -0.565870 0.873079
v 0.101950 -1.068320 -0.072495
v 0.563334 -0.818279 -0.407707
v 0.653823 -0.707616 -0.473450
v 0.724548 -0.592704 -0.524834
v -0.899648 -0.592699 0.002894
v -0.812229 -0.707612 0.002894
v -0.700380 -0.818276 0.002894
v -0.567298 -0.915353 0.002894
v -0.407519 -0.513434 0.856783
v -0.279256 -0.592704 -0.850995
v -0.252241 -0.707616 -0.767853
v -0.217679 -0.818280 -0.661478
v -0.939283 -0.513430 -0.119090
v -0.175490 -0.513434 -0.926386
v -0.033695 -0.540662 -0.926636
v 0.433818 -0.559239 -0.806333
v 0.570349 -0.540662 -0.730367
v 0.684914 -0.513434 -0.646819
v 0.999785 0.384410 0.078283
v 1.027146 0.269762 0.161674
v 1.035843 0.139336 0.249254
v 1.021158 -0.000379 -0.329485
v 1.035843 0.139336 -0.243467
v 1.027146 0.269762 -0.155887
v 0.235992 0.384413 0.978768
v 0.165137 0.269764 1.030560
v 0.084531 0.139337 1.065895
v -0.001815 -0.000379 1.078509
v 0.764185 -0.385171 0.652607
v 0.737303 -0.270521 0.736157
v 0.692860 -0.140094 0.812125
v 0.630416 -0.000379 0.873084
v -0.986109 0.139336 0.413495
v -1.024787 -0.000379 0.335272
v -1.039473 -0.140093 0.249254
v -1.030776 -0.270519 0.161674
v -0.383023 -0.385171 0.932175
v -0.556774 -0.140094 0.913634
v -0.634046 -0.000379 0.873084
v -0.696490 0.139337 0.812125
v -0.767815 0.384413 -0.646820
v -0.740933 0.269764 -0.730370
v -0.696490 0.139337 -0.806338
v -0.634046 -0.000379 -0.867297
v -0.556774 -0.140094 -0.907847
v -0.470791 -0.270522 -0.926640
v -1.003415 -0.385167 -0.072496
v -1.030776 -0.270519 -0.155887
v 0.379393 0.384414 -0.926388
v 0.467161 0.269764 -0.926640
v 0.553144 0.139337 -0.907847
v 0.630416 -0.000379 -0.867297
v -0.239622 -0.385170 -0.972981
v -0.168767 -0.270521 -1.024773
v -0.001815 -0.000379 -1.072722
v 0.084531 0.139337 -1.060108
v 0.165137 0.269764 -1.024773
v 0.935654 0.512673 0.124877
v 0.892076 0.539902 0.259808
v 0.826271 0.558479 0.401516
v 0.171859 0.512677 0.932173
v 0.030065 0.539905 0.932423
v -0.125042 0.558482 0.913629
v -0.284561 0.565113 0.873079
v -0.437448 0.558481 0.812120
v -0.573979 0.539905 0.736154
v -0.688544 0.512676 0.652606
v -0.688544 0.512676 -0.646819
v -0.437448 0.558481 -0.806333
v -0.284561 0.565113 -0.867292
v 0.403889 0.512677 -0.850996
v 0.738412 0.565111 -0.534911
v 0.826271 0.558479 -0.395729
v 0.892076 0.539902 -0.254021
v 0.037819 1.067562 0.124876
v 0.081660 1.040763 0.259807
v 0.248611 0.706859 0.773640
v -0.105580 1.067562 0.078282
v -0.220360 1.040763 0.161674
v -0.340904 0.990214 0.249253
v -0.459299 0.914598 0.335271
v -0.566964 0.817522 0.413494
v -0.657453 0.706859 0.479237
v -0.728178 0.591947 0.530621
v -0.105580 1.067562 -0.072495
v -0.220360 1.040763 -0.155887
v -0.340904 0.990214 -0.243466
v -0.459299 0.914598 -0.329484
v -0.566964 0.817522 -0.407707
v -0.657453 0.706859 -0.473450
v 0.037819 1.067562 -0.119089
v 0.081660 1.040763 -0.254020
v 0.127703 0.990215 -0.395728
v 0.172925 0.914598 -0.534909
v 0.229706 1.014151 -0.269276
v 0.280923 0.949234 -0.415727
v 0.387343 0.961683 -0.279846
v 0.543230 0.881531 -0.283653
v 0.439134 0.881532 -0.426927
v 0.326262 0.858556 -0.555269
v 0.684636 0.777947 -0.279847
v 0.589782 0.788428 -0.426928
v 0.479210 0.777949 -0.562588
v 0.802063 0.660417 -0.269278
v 0.721092 0.677197 -0.415730
v 0.619708 0.677198 -0.555271
v -0.070098 1.052296 -0.207256
v -0.189121 1.014151 -0.301399
v -0.029144 1.014151 -0.353380
v -0.312577 0.949234 -0.395366
v 0.015500 0.949234 -0.501967
v -0.150462 0.961684 -0.454587
v -0.431279 0.858556 -0.481607
v 0.060839 0.858556 -0.641508
v -0.105912 0.881533 -0.604020
v -0.274340 0.881533 -0.549294
v -0.536406 0.748853 -0.553715
v -0.058596 0.777950 -0.737329
v -0.227788 0.788429 -0.692568
v -0.390977 0.777950 -0.629330
v -0.622516 0.630292 -0.608608
v -0.176563 0.677199 -0.813991
v -0.340602 0.677199 -0.760691
v -0.492191 0.660420 -0.689801
v -0.222780 1.052295 0.002894
v -0.349097 1.014151 -0.081211
v -0.476616 0.949233 -0.169586
v -0.595317 0.858555 -0.255826
v -0.696383 0.748853 -0.333525
v -0.775199 0.630291 -0.398456
v -0.070098 1.052296 0.213043
v -0.189121 1.014151 0.307186
v -0.029144 1.014151 0.359167
v -0.312577 0.949234 0.401153
v -0.150462 0.961684 0.460374
v -0.431279 0.858556 0.487394
v -0.274339 0.881533 0.555081
v 0.103504 0.748853 0.767424
v -0.536406 0.748853 0.559502
v -0.390977 0.777950 0.635117
v -0.227788 0.788429 0.698355
v -0.058596 0.777950 0.743116
v 0.140902 0.630292 0.862449
v -0.622516 0.630292 0.614395
v -0.492191 0.660420 0.695588
v -0.340602 0.677199 0.766478
v -0.176563 0.677199 0.819778
v -0.012258 0.660420 0.851530
v 0.176950 1.052296 0.132773
v 0.387343 0.961683 0.285633
v 0.483691 0.949232 0.142434
v 0.439134 0.881532 0.432714
v 0.543230 0.881531 0.289440
v 0.630413 0.858553 0.142434
v 0.589782 0.788428 0.432715
v 0.684636 0.777947 0.285634
v 0.757847 0.748850 0.138979
v 0.387951 0.630291 0.782179
v 0.721092 0.677197 0.421517
v 0.802063 0.660417 0.275065
v 0.859776 0.630288 0.132774
v 0.970261 0.409320 -0.207256
v 0.917827 0.428893 -0.353381
v 0.989373 0.285803 -0.301401
v 0.839796 0.439794 -0.501969
v 0.986521 0.146346 -0.395368
v 0.925155 0.296917 -0.454589
v 0.958500 -0.000379 -0.481610
v 0.908865 0.150271 -0.549297
v 0.833540 0.300921 -0.604024
v 0.868379 -0.000379 -0.629334
v 0.804770 0.150271 -0.692573
v 0.719730 0.296919 -0.737333
v 0.498437 0.409324 -0.856665
v 0.755734 -0.000379 -0.760696
v 0.682371 0.146347 -0.813997
v 0.593882 0.285805 -0.845748
v 0.015072 0.285804 -1.033814
v -0.075177 0.146346 -1.060139
v -0.250226 -0.143471 -1.033815
v -0.334198 -0.000379 -1.020078
v -0.413998 0.150271 -0.979124
v -0.482846 0.296919 -0.912077
v -0.323301 -0.273514 -0.986547
v -0.410205 -0.143471 -0.981835
v -0.493938 -0.000379 -0.953539
v -0.567300 0.146346 -0.900238
v -0.624842 0.285805 -0.825891
v -1.064547 -0.143469 -0.081211
v -1.077430 -0.000378 0.002894
v -1.063141 0.150271 0.091441
v -1.042174 -0.273510 0.002894
v -1.064547 -0.143468 0.086999
v -1.063511 -0.000377 0.175375
v -1.035490 0.146347 0.261615
v -0.567301 0.146346 0.906025
v -0.493938 -0.000379 0.959326
v -0.413999 0.150271 0.984911
v -0.410206 -0.143471 0.987622
v -0.334199 -0.000379 1.025864
v 0.098702 0.409323 0.992332
v -0.075178 0.146346 1.065926
v 0.015071 0.285804 1.039601
v 0.755733 -0.000380 0.766483
v 0.917828 0.428892 0.359169
v 0.808519 -0.143472 0.695592
v 0.970262 0.409319 0.213044
v 0.839855 -0.273514 0.614397
v 0.989373 0.285801 0.307189
v 0.319671 0.272757 -0.986547
v 0.246597 0.142713 -1.033815
v 0.406576 0.142713 -0.981835
v 0.162226 -0.000379 -1.060139
v 0.490308 -0.000379 -0.953539
v 0.330569 -0.000379 -1.020077
v 0.563671 -0.147104 -0.900238
v 0.410369 -0.151029 -0.979123
v 0.241940 -0.151029 -1.033850
v 0.621213 -0.286562 -0.825891
v 0.479217 -0.297676 -0.912077
v 0.317264 -0.301679 -0.979122
v -0.102332 -0.410081 -0.986545
v 0.661089 -0.410081 -0.738491
v 0.532779 -0.429653 -0.825889
v 0.382313 -0.440553 -0.900235
v -0.812149 0.142713 -0.689805
v -0.759363 -0.000379 -0.760696
v -0.872008 -0.000379 -0.629335
v -0.686000 -0.147104 -0.813997
v -0.808399 -0.151029 -0.692575
v -0.912494 -0.151028 -0.549299
v -0.723358 -0.297676 -0.737335
v -0.837169 -0.301678 -0.604026
v -0.928784 -0.297675 -0.454591
v -0.973891 -0.410078 -0.207258
v -0.742041 -0.440552 -0.641514
v -0.843425 -0.440552 -0.501972
v -0.812149 0.142713 0.695592
v -0.911022 0.142713 0.559505
v -0.759363 -0.000379 0.766483
v -0.962130 -0.000379 0.487397
v -0.872008 -0.000379 0.635122
v -0.686000 -0.147104 0.819784
v -0.990151 -0.147103 0.401157
v -0.912494 -0.151028 0.555086
v -0.808399 -0.151029 0.698362
v 0.319671 0.272757 0.992334
v 0.246597 0.142713 1.039602
v 0.162226 -0.000379 1.065926
v 0.330569 -0.000379 1.025864
v 0.563671 -0.147104 0.906025
v 0.071548 -0.147104 1.065926
v 0.241940 -0.151029 1.039637
v 0.410369 -0.151029 0.984911
v 0.621213 -0.286562 0.831678
v 0.146834 -0.297676 1.025863
v 0.317264 -0.301679 0.984909
v 0.479217 -0.297676 0.917864
v 0.661089 -0.410081 0.744278
v 0.218272 -0.440553 0.959322
v 0.382313 -0.440553 0.906022
v 0.532779 -0.429653 0.831676
v 1.038544 0.272754 0.002894
v 1.060917 0.142712 -0.081211
v 1.060917 0.142712 0.086998
v 1.059881 -0.000379 -0.169587
v 1.059881 -0.000379 0.175374
v 1.073800 -0.000379 0.002894
v 1.059511 -0.151028 0.091441
v 1.059511 -0.151028 -0.085654
v 1.031860 -0.147103 -0.255827
v 1.030739 -0.301677 0.002894
v 1.017022 -0.297674 -0.171848
v 0.618886 -0.631049 -0.608608
v 0.488560 -0.661177 -0.689801
v 0.532776 -0.749610 -0.553715
v 0.427648 -0.859313 -0.481608
v 0.387346 -0.778706 -0.629331
v 0.336972 -0.677955 -0.760691
v 0.308947 -0.949991 -0.395367
v 0.270709 -0.882289 -0.549295
v 0.224158 -0.789185 -0.692569
v 0.008627 -0.661176 -0.845744
v 0.185491 -1.014908 -0.301400
v 0.146832 -0.962440 -0.454589
v 0.102282 -0.882289 -0.604022
v -0.144533 -0.631048 -0.856662
v 0.025514 -1.014908 -0.353382
v -0.019131 -0.949990 -0.501970
v -0.107134 -0.749609 -0.761639
v -0.391582 -0.631049 -0.776391
v -0.365985 -0.749610 -0.677533
v -0.509076 -0.661177 -0.677534
v -0.329893 -0.859313 -0.555268
v -0.482842 -0.778706 -0.562587
v -0.623340 -0.677955 -0.555269
v -0.442766 -0.882289 -0.426926
v -0.593414 -0.789184 -0.426926
v -0.724723 -0.677954 -0.415728
v -0.546861 -0.882288 -0.283652
v -0.688267 -0.778704 -0.279846
v -0.805694 -0.661174 -0.269276
v -0.863407 -0.631044 -0.126986
v -0.634044 -0.859310 -0.136646
v -0.761477 -0.749606 -0.133191
v -0.863407 -0.631045 0.132774
v -0.761477 -0.749607 0.138979
v -0.634044 -0.859310 0.142434
v -0.391582 -0.631048 0.782179
v -0.180580 -1.053053 0.132774
v -0.233337 -1.014908 0.275065
v -0.284554 -0.949990 0.421517
v -0.329893 -0.859312 0.561058
v -0.365986 -0.749609 0.683321
v 0.771569 -0.631048 -0.398456
v 0.692753 -0.749610 -0.333524
v 0.808514 -0.661176 -0.249420
v 0.719726 -0.778705 -0.171848
v 0.591688 -0.859312 -0.255826
v 0.219151 -1.053053 0.002894
v 0.771569 -0.631047 0.404244
v 0.692754 -0.749608 0.339312
v 0.591689 -0.859311 0.261615
v 0.472988 -0.949990 0.175374
v 0.345469 -1.014907 0.086999
v -0.144532 -0.631049 0.862449
v -0.107133 -0.749610 0.767425
v -0.064469 -0.859313 0.647296
v 0.336973 -0.677955 0.766478
v -0.019130 -0.949991 0.507755
v 0.488561 -0.661176 0.695588
v 0.025515 -1.014908 0.359167
v 0.618887 -0.631048 0.614395
v 0.066469 -1.053053 0.213043
v 0.185492 -1.014908 0.307188
v 0.308949 -0.949990 0.401155
v 0.427650 -0.859312 0.487395
v 0.532777 -0.749609 0.559503
v -0.000000 -0.004941 -1.164560
v -0.328095 -0.004941 -1.117387
v -0.629609 -0.004941 -0.979690
v -0.880116 -0.004941 -0.762625
v -1.059321 -0.004941 -0.483776
v -1.152707 -0.004941 -0.165734
v -1.152707 -0.004941 0.165734
v -1.059321 -0.004941 0.483776
v -0.880116 -0.004941 0.762625
v -0.629609 -0.004941 0.979690
v -0.328095 -0.004941 1.117387
v -0.000000 -0.004941 1.164560
v 0.328095 -0.004941 1.117387
v 0.629609 -0.004941 0.979690
v 0.880116 -0.004941 0.762625
v 1.059321 -0.004941 0.483776
v 1.152707 -0.004941 0.165734
v 1.152707 -0.004941 -0.165734
v 1.059321 -0.004941 -0.483776
v 0.880116 -0.004941 -0.762625
v 0.629609 -0.004941 -0.979690
v 0.328095 -0.004941 -1.117387
v -0.000000 -0.004941 -1.285334
v -0.362121 -0.004941 -1.233269
v -0.694904 -0.004941 -1.081292
v -0.971391 -0.004941 -0.841715
v -1.169181 -0.004941 -0.533947
v -1.272252 -0.004941 -0.182922
v -1.272252 -0.004941 0.182922
v -1.169181 -0.004941 0.533947
v -0.971391 -0.004941 0.841715
v -0.694904 -0.004941 1.081292
v -0.362121 -0.004941 1.233269
v -0.000000 -0.004941 1.285334
v 0.362121 -0.004941 1.233269
v 0.694904 -0.004941 1.081292
v 0.971391 -0.004941 0.841715
v 1.169181 -0.004941 0.533947
v 1.272252 -0.004941 0.182922
v 1.272252 -0.004941 -0.182922
v 1.169181 -0.004941 -0.533947
v 0.971391 -0.004941 -0.841715
v 0.694904 -0.004941 -1.081292
v 0.362121 -0.004941 -1.233269
v -0.000000 -0.004941 -1.327740
v -0.374068 -0.004941 -1.273957
v -0.717831 -0.004941 -1.116966
v -1.003439 -0.004941 -0.869485
v -1.207755 -0.004941 -0.551563
v -1.314226 -0.004941 -0.188957
v -1.314226 -0.004941 0.188957
v -1.207755 -0.004941 0.551563
v -1.003439 -0.004941 0.869485
v -0.717831 -0.004941 1.116966
v -0.374068 -0.004941 1.273957
v -0.000000 -0.004941 1.327740
v 0.374068 -0.004941 1.273957
v 0.717831 -0.004941 1.116966
v 1.003439 -0.004941 0.869485
v 1.207755 -0.004941 0.551563
v 1.314226 -0.004941 0.188957
v 1.314226 -0.004941 -0.188957
v 1.207755 -0.004941 -0.551563
v 1.003439 -0.004941 -0.869485
v 0.717831 -0.004941 -1.116966
v 0.374068 -0.004941 -1.273957
v -0.000000 -0.004941 -1.628654
v -0.458845 -0.004941 -1.562682
v -0.880517 -0.004941 -1.370111
v -1.230854 -0.004941 -1.066541
v -1.481475 -0.004941 -0.676567
v -1.612076 -0.004941 -0.231782
v -1.612076 -0.004941 0.231782
v -1.481475 -0.004941 0.676567
v -1.230854 -0.004941 1.066541
v -0.880517 -0.004941 1.370111
v -0.458845 -0.004941 1.562682
v -0.000000 -0.004941 1.628654
v 0.458845 -0.004941 1.562682
v 0.880517 -0.004941 1.370111
v 1.230854 -0.004941 1.066541
v 1.481475 -0.004941 0.676567
v 1.612076 -0.004941 0.231782
v 1.612076 -0.004941 -0.231782
v 1.481475 -0.004941 -0.676567
v 1.230854 -0.004941 -1.066541
v 0.880517 -0.004941 -1.370111
v 0.458845 -0.004941 -1.562682
v 0.741318 -0.004941 -1.153513
v 0.851325 -0.004941 -1.324688
v 0.443633 -0.004941 -1.510874
v 0.386307 -0.004941 -1.315640
v 0.741318 -0.004941 1.153513
v 0.851325 -0.004941 1.324688
v 1.190048 -0.004941 1.031183
v 1.036271 -0.004941 0.897934
v -1.357226 -0.004941 0.195140
v -1.558632 -0.004941 0.224097
v -1.432360 -0.004941 0.654137
v -1.247272 -0.004941 0.569610
v -0.000000 -0.004941 -1.574659
v -0.000000 -0.004941 -1.371183
v 1.432360 -0.004941 0.654137
v 1.247272 -0.004941 0.569610
v -1.190048 -0.004941 1.031183
v -1.036271 -0.004941 0.897934
v -0.443633 -0.004941 -1.510874
v -0.386307 -0.004941 -1.315640
v 1.558632 -0.004941 0.224097
v 1.357226 -0.004941 0.195140
v -0.851325 -0.004941 1.324688
v -0.741317 -0.004941 1.153512
v -0.851325 -0.004941 -1.324688
v -0.741317 -0.004941 -1.153512
v 1.558632 -0.004941 -0.224097
v 1.357226 -0.004941 -0.195140
v -0.443633 -0.004941 1.510874
v -0.386307 -0.004941 1.315640
v -1.190048 -0.004941 -1.031183
v -1.036271 -0.004941 -0.897934
v 1.432360 -0.004941 -0.654137
v 1.247272 -0.004941 -0.569610
v -0.000000 -0.004941 1.574659
v -0.000000 -0.004941 1.371183
v -1.432360 -0.004941 -0.654137
v -1.247272 -0.004941 -0.569610
v 1.190048 -0.004941 -1.031183
v 1.036271 -0.004941 -0.897934
v 0.443633 -0.004941 1.510874
v 0.386307 -0.004941 1.315640
v -1.558632 -0.004941 -0.224097
v -1.357226 -0.004941 -0.195140
v 0.334655 -0.004941 1.139729
v 0.356752 -0.004941 1.214987
v 0.684603 -0.004941 1.065262
v 0.642197 -0.004941 0.999279
v -1.175754 -0.004941 -0.169048
v -1.253391 -0.004941 -0.180210
v -1.253391 -0.004941 0.180210
v -1.175754 -0.004941 0.169048
v 0.642197 -0.004941 -0.999279
v 0.684603 -0.004941 -1.065262
v 0.356752 -0.004941 -1.214987
v 0.334655 -0.004941 -1.139729
v 0.956990 -0.004941 0.829237
v 0.897713 -0.004941 0.777873
v -1.151849 -0.004941 0.526032
v -1.080502 -0.004941 0.493449
v -0.000000 -0.004941 -1.266280
v -0.000000 -0.004941 -1.187845
v 1.151849 -0.004941 0.526032
v 1.080502 -0.004941 0.493449
v -0.956991 -0.004941 0.829237
v -0.897713 -0.004941 0.777873
v -0.356752 -0.004941 -1.214987
v -0.334655 -0.004941 -1.139729
v 1.253391 -0.004941 0.180210
v 1.175754 -0.004941 0.169048
v -0.684603 -0.004941 1.065262
v -0.642197 -0.004941 0.999279
v -0.684603 -0.004941 -1.065262
v -0.642197 -0.004941 -0.999279
v 1.253391 -0.004941 -0.180210
v 1.175754 -0.004941 -0.169048
v -0.356752 -0.004941 1.214987
v -0.334655 -0.004941 1.139729
v -0.956991 -0.004941 -0.829237
v -0.897713 -0.004941 -0.777873
v 1.151849 -0.004941 -0.526032
v 1.080502 -0.004941 -0.493449
v -0.000000 -0.004941 1.266280
v -0.000000 -0.004941 1.187845
v -1.151849 -0.004941 -0.526032
v -1.080502 -0.004941 -0.493449
v 0.956990 -0.004941 -0.829237
v 0.897713 -0.004941 -0.777873
v -0.000000 0.008217 -1.164560
v -0.328095 0.008217 -1.117387
v -0.629609 0.008217 -0.979690
v -0.880116 0.008217 -0.762625
v -1.059321 0.008217 -0.483776
v -1.152707 0.008217 -0.165734
v -1.152707 0.008217 0.165734
v -1.059321 0.008217 0.483776
v -0.880116 0.008217 0.762625
v -0.629609 0.008217 0.979690
v -0.328095 0.008217 1.117387
v -0.000000 0.008217 1.164560
v 0.328095 0.008217 1.117387
v 0.629609 0.008217 0.979690
v 0.880116 0.008217 0.762625
v 1.059321 0.008217 0.483776
v 1.152707 0.008217 0.165734
v 1.152707 0.008217 -0.165734
v 1.059321 0.008217 -0.483776
v 0.880116 0.008217 -0.762625
v 0.629609 0.008217 -0.979690
v 0.328095 0.008217 -1.117387
v -0.000000 0.008217 -1.285334
v -0.362121 0.008217 -1.233269
v -0.694904 0.008217 -1.081292
v -0.971391 0.008217 -0.841715
v -1.169181 0.008217 -0.533947
v -1.272252 0.008217 -0.182922
v -1.272252 0.008217 0.182922
v -1.169181 0.008217 0.533947
v -0.971391 0.008217 0.841715
v -0.694904 0.008217 1.081292
v -0.362121 0.008217 1.233269
v -0.000000 0.008217 1.285334
v 0.362121 0.008217 1.233269
v 0.694904 0.008217 1.081292
v 0.971391 0.008217 0.841715
v 1.169181 0.008217 0.533947
v 1.272252 0.008217 0.182922
v 1.272252 0.008217 -0.182922
v 1.169181 0.008217 -0.533947
v 0.971391 0.008217 -0.841715
v 0.694904 0.008217 -1.081292
v 0.362121 0.008217 -1.233269
v -0.000000 0.008217 -1.327740
v -0.374068 0.008217 -1.273957
v -0.717831 0.008217 -1.116966
v -1.003439 0.008217 -0.869485
v -1.207755 0.008217 -0.551563
v -1.314226 0.008217 -0.188957
v -1.314226 0.008217 0.188957
v -1.207755 0.008217 0.551563
v -1.003439 0.008217 0.869485
v -0.717831 0.008217 1.116966
v -0.374068 0.008217 1.273957
v -0.000000 0.008217 1.327740
v 0.374068 0.008217 1.273957
v 0.717831 0.008217 1.116966
v 1.003439 0.008217 0.869485
v 1.207755 0.008217 0.551563
v 1.314226 0.008217 0.188957
v 1.314226 0.008217 -0.188957
v 1.207755 0.008217 -0.551563
v 1.003439 0.008217 -0.869485
v 0.717831 0.008217 -1.116966
v 0.374068 0.008217 -1.273957
v -0.000000 0.008217 -1.628654
v -0.458845 0.008217 -1.562682
v -0.880517 0.008217 -1.370111
v -1.230854 0.008217 -1.066541
v -1.481475 0.008217 -0.676567
v -1.612076 0.008217 -0.231782
v -1.612076 0.008217 0.231782
v -1.481475 0.008217 0.676567
v -1.230854 0.008217 1.066541
v -0.880517 0.008217 1.370111
v -0.458845 0.008217 1.562682
v -0.000000 0.008217 1.628654
v 0.458845 0.008217 1.562682
v 0.880517 0.008217 1.370111
v 1.230854 0.008217 1.066541
v 1.481475 0.008217 0.676567
v 1.612076 0.008217 0.231782
v 1.612076 0.008217 -0.231782
v 1.481475 0.008217 -0.676567
v 1.230854 0.008217 -1.066541
v 0.880517 0.008217 -1.370111
v 0.458845 0.008217 -1.562682
v 0.741318 0.008217 -1.153513
v 0.851325 0.008217 -1.324688
v 0.443633 0.008217 -1.510874
v 0.386307 0.008217 -1.315640
v 0.741318 0.008217 1.153513
v 0.851325 0.008217 1.324688
v 1.190048 0.008217 1.031183
v 1.036271 0.008217 0.897934
v -1.357226 0.008217 0.195140
v -1.558632 0.008217 0.224097
v -1.432360 0.008217 0.654137
v -1.247272 0.008217 0.569610
v -0.000000 0.008217 -1.574659
v -0.000000 0.008217 -1.371183
v 1.432360 0.008217 0.654137
v 1.247272 0.008217 0.569610
v -1.190048 0.008217 1.031183
v -1.036271 0.008217 0.897934
v -0.443633 0.008217 -1.510874
v -0.386307 0.008217 -1.315640
v 1.558632 0.008217 0.224097
v 1.357226 0.008217 0.195140
v -0.851325 0.008217 1.324688
v -0.741317 0.008217 1.153512
v -0.851325 0.008217 -1.324688
v -0.741317 0.008217 -1.153512
v 1.558632 0.008217 -0.224097
v 1.357226 0.008217 -0.195140
v -0.443633 0.008217 1.510874
v -0.386307 0.008217 1.315640
v -1.190048 0.008217 -1.031183
v -1.036271 0.008217 -0.897934
v 1.432360 0.008217 -0.654137
v 1.247272 0.008217 -0.569610
v -0.000000 0.008217 1.574659
v -0.000000 0.008217 1.371183
v -1.432360 0.008217 -0.654137
v -1.247272 0.008217 -0.569610
v 1.190048 0.008217 -1.031183
v 1.036271 0.008217 -0.897934
v 0.443633 0.008217 1.510874
v 0.386307 0.008217 1.315640
v -1.558632 0.008217 -0.224097
v -1.357226 0.008217 -0.195140
v 0.334655 0.008217 1.139729
v 0.356752 0.008217 1.214987
v 0.684603 0.008217 1.065262
v 0.642197 0.008217 0.999279
v -1.175754 0.008217 -0.169048
v -1.253391 0.008217 -0.180210
v -1.253391 0.008217 0.180210
v -1.175754 0.008217 0.169048
v 0.642197 0.008217 -0.999279
v 0.684603 0.008217 -1.065262
v 0.356752 0.008217 -1.214987
v 0.334655 0.008217 -1.139729
v 0.956990 0.008217 0.829237
v 0.897713 0.008217 0.777873
v -1.151849 0.008217 0.526032
v -1.080502 0.008217 0.493449
v -0.000000 0.008217 -1.266280
v -0.000000 0.008217 -1.187845
v 1.151849 0.008217 0.526032
v 1.080502 0.008217 0.493449
v -0.956991 0.008217 0.829237
v -0.897713 0.008217 0.777873
v -0.356752 0.008217 -1.214987
v -0.334655 0.008217 -1.139729
v 1.253391 0.008217 0.180210
v 1.175754 0.008217 0.169048
v -0.684603 0.008217 1.065262
v -0.642197 0.008217 0.999279
v -0.684603 0.008217 -1.065262
v -0.642197 0.008217 -0.999279
v 1.253391 0.008217 -0.180210
v 1.175754 0.008217 -0.169048
v -0.356752 0.008217 1.214987
v -0.334655 0.008217 1.139729
v -0.956991 0.008217 -0.829237
v -0.897713 0.008217 -0.777873
v 1.151849 0.008217 -0.526032
v 1.080502 0.008217 -0.493449
v -0.000000 0.008217 1.266280
v -0.000000 0.008217 1.187845
v -1.151849 0.008217 -0.526032
v -1.080502 0.008217 -0.493449
v 0.956990 0.008217 -0.829237
v 0.897713 0.008217 -0.777873
vt 0.451145 0.752872
vt 0.445628 0.740476
vt 0.461210 0.743775
vt 0.050374 0.803811
vt 0.054041 0.815106
vt 0.039969 0.807742
vt 0.462890 0.759602
vt 0.448345 0.766086
vt 0.437677 0.754265
vt 0.040647 0.794383
vt 0.865362 0.316653
vt 0.868924 0.325305
vt 0.855221 0.325511
vt 0.865361 0.197219
vt 0.868641 0.209307
vt 0.855046 0.201405
vt 0.867830 0.058529
vt 0.870416 0.071789
vt 0.857590 0.064171
vt 0.198161 0.743605
vt 0.194404 0.730915
vt 0.208028 0.735203
vt 0.055138 0.793492
vt 0.855046 0.312866
vt 0.855220 0.188286
vt 0.858350 0.049027
vt 0.208528 0.751116
vt 0.104870 0.697989
vt 0.091505 0.695626
vt 0.102582 0.686157
vt 0.763387 0.257380
vt 0.760054 0.270194
vt 0.751759 0.257202
vt 0.762412 0.114555
vt 0.757982 0.125724
vt 0.750524 0.111656
vt 0.298069 0.681284
vt 0.301274 0.672574
vt 0.310002 0.685059
vt 0.301814 0.800644
vt 0.304762 0.788434
vt 0.313497 0.796450
vt 0.727377 0.811565
vt 0.743298 0.811736
vt 0.735198 0.822609
vt 0.718778 0.799354
vt 0.735515 0.799275
vt 0.709810 0.786537
vt 0.726885 0.785849
vt 0.701076 0.773957
vt 0.717882 0.772298
vt 0.693213 0.762525
vt 0.709167 0.759690
vt 0.686687 0.752926
vt 0.701388 0.748959
vt 0.317074 0.782837
vt 0.325538 0.790865
vt 0.752311 0.799714
vt 0.744647 0.786039
vt 0.761839 0.787096
vt 0.736067 0.771832
vt 0.754308 0.772689
vt 0.771270 0.774710
vt 0.727090 0.758198
vt 0.745790 0.758399
vt 0.763806 0.760276
vt 0.779927 0.763456
vt 0.718409 0.746285
vt 0.736842 0.745453
vt 0.755312 0.746681
vt 0.772436 0.749722
vt 0.787285 0.754005
vt 0.329465 0.775835
vt 0.319720 0.766891
vt 0.331972 0.758590
vt 0.320919 0.749243
vt 0.332489 0.740082
vt 0.320348 0.731040
vt 0.330815 0.721706
vt 0.318050 0.713633
vt 0.327238 0.704824
vt 0.314417 0.698121
vt 0.322384 0.690319
vt 0.307141 0.773981
vt 0.308561 0.757643
vt 0.308705 0.740253
vt 0.307473 0.722975
vt 0.305038 0.706950
vt 0.301766 0.692955
vt 0.748055 0.826936
vt 0.757531 0.815641
vt 0.767715 0.803187
vt 0.777962 0.790273
vt 0.787460 0.777860
vt 0.795504 0.766870
vt 0.793116 0.746628
vt 0.801733 0.757872
vt 0.762328 0.831728
vt 0.773022 0.820145
vt 0.777382 0.836768
vt 0.783995 0.807460
vt 0.788844 0.825049
vt 0.792240 0.841725
vt 0.794363 0.794507
vt 0.799950 0.812360
vt 0.803783 0.830023
vt 0.805833 0.846242
vt 0.803240 0.782309
vt 0.809702 0.799615
vt 0.814265 0.817541
vt 0.816729 0.834700
vt 0.817338 0.850047
vt 0.810073 0.771722
vt 0.747827 0.030149
vt 0.745366 0.046055
vt 0.734447 0.039968
vt 0.817338 0.787809
vt 0.744497 0.063380
vt 0.732530 0.057136
vt 0.732686 0.075071
vt 0.745284 0.080834
vt 0.734748 0.092374
vt 0.747450 0.097194
vt 0.738195 0.107963
vt 0.313892 0.676420
vt 0.764528 0.010446
vt 0.761287 0.022386
vt 0.751495 0.016570
vt 0.758767 0.036696
vt 0.757315 0.052803
vt 0.757112 0.069689
vt 0.758087 0.086178
vt 0.759969 0.101313
vt 0.735073 0.836159
vt 0.748773 0.841646
vt 0.763846 0.847392
vt 0.779435 0.852987
vt 0.794374 0.857962
vt 0.807553 0.861947
vt 0.745333 0.123185
vt 0.734987 0.851154
vt 0.749363 0.857681
vt 0.734960 0.866908
vt 0.764930 0.864071
vt 0.749735 0.874089
vt 0.735007 0.882390
vt 0.780628 0.869732
vt 0.765381 0.880566
vt 0.749824 0.889615
vt 0.735130 0.896477
vt 0.795200 0.874151
vt 0.780720 0.885674
vt 0.765110 0.895529
vt 0.749624 0.903105
vt 0.735315 0.908325
vt 0.732530 0.119607
vt 0.740850 0.135301
vt 0.807639 0.877088
vt 0.794552 0.889014
vt 0.779702 0.899565
vt 0.743100 0.212522
vt 0.744712 0.228205
vt 0.732530 0.226769
vt 0.735459 0.242454
vt 0.747781 0.243388
vt 0.739795 0.256962
vt 0.753900 0.137592
vt 0.750616 0.149461
vt 0.737676 0.147154
vt 0.755812 0.186341
vt 0.754904 0.199988
vt 0.743299 0.197515
vt 0.755431 0.214921
vt 0.757264 0.230063
vt 0.760054 0.244430
vt 0.722294 0.826660
vt 0.721344 0.841352
vt 0.720624 0.857373
vt 0.720266 0.873773
vt 0.720355 0.889299
vt 0.720884 0.902797
vt 0.747781 0.270819
vt 0.708072 0.831146
vt 0.706367 0.846775
vt 0.693199 0.835865
vt 0.705220 0.863430
vt 0.691028 0.852039
vt 0.678664 0.840507
vt 0.704867 0.879917
vt 0.689857 0.868759
vt 0.676498 0.856698
vt 0.665527 0.844737
vt 0.705400 0.894889
vt 0.689948 0.884700
vt 0.675779 0.872870
vt 0.663857 0.860406
vt 0.112356 0.668215
vt 0.099764 0.673902
vt 0.096452 0.662049
vt 0.735459 0.271196
vt 0.744712 0.285689
vt 0.732530 0.286485
vt 0.743100 0.300937
vt 0.691295 0.898617
vt 0.676676 0.887750
vt 0.663943 0.875547
vt 0.128054 0.676430
vt 0.114878 0.680934
vt 0.757264 0.284325
vt 0.755431 0.299113
vt 0.754904 0.313575
vt 0.743299 0.315402
vt 0.154831 0.684055
vt 0.142437 0.686114
vt 0.141265 0.673253
vt 0.129402 0.689412
vt 0.116654 0.693521
vt 0.713150 0.815165
vt 0.697781 0.819337
vt 0.682224 0.823905
vt 0.667694 0.828564
vt 0.084299 0.670563
vt 0.088100 0.683176
vt 0.703452 0.802498
vt 0.687381 0.806424
vt 0.693854 0.789370
vt 0.671778 0.810985
vt 0.677748 0.793256
vt 0.685139 0.776762
vt 0.655271 0.832968
vt 0.657940 0.815864
vt 0.662829 0.798039
vt 0.669722 0.780876
vt 0.677955 0.765609
vt 0.071941 0.681127
vt 0.067363 0.668633
vt 0.054958 0.680477
vt 0.050066 0.668627
vt 0.038381 0.681498
vt 0.656079 0.786079
vt 0.663785 0.770152
vt 0.672592 0.756487
vt 0.317941 0.805494
vt 0.076433 0.693845
vt 0.060252 0.692993
vt 0.043951 0.693336
vt 0.028683 0.694936
vt 0.023442 0.684112
vt 0.015393 0.697601
vt 0.010954 0.687923
vt 0.308856 0.818799
vt 0.305576 0.809713
vt 0.291442 0.796742
vt 0.279088 0.791480
vt 0.293591 0.783148
vt 0.265034 0.784794
vt 0.280256 0.776487
vt 0.249981 0.776885
vt 0.265216 0.768587
vt 0.234928 0.768228
vt 0.249408 0.759888
vt 0.220878 0.759448
vt 0.234007 0.751036
vt 0.220023 0.742665
vt 0.295116 0.767217
vt 0.280852 0.759267
vt 0.295690 0.749578
vt 0.265036 0.750527
vt 0.280680 0.740768
vt 0.295119 0.731374
vt 0.248821 0.741641
vt 0.264449 0.731837
vt 0.279695 0.722382
vt 0.293445 0.713959
vt 0.233450 0.733283
vt 0.248266 0.723481
vt 0.263503 0.713976
vt 0.278029 0.705476
vt 0.290934 0.698432
vt 0.219826 0.725932
vt 0.233297 0.716226
vt 0.247780 0.706726
vt 0.262315 0.698125
vt 0.275933 0.690934
vt 0.287947 0.685350
vt 0.287643 0.672754
vt 0.790888 0.006654
vt 0.775706 0.013728
vt 0.778583 0.002977
vt 0.804694 0.012287
vt 0.788875 0.018839
vt 0.819279 0.019872
vt 0.803533 0.025914
vt 0.833657 0.029007
vt 0.818741 0.034693
vt 0.846888 0.038983
vt 0.833369 0.044526
vt 0.846482 0.054587
vt 0.773195 0.027172
vt 0.787153 0.033783
vt 0.771379 0.043003
vt 0.802454 0.042094
vt 0.785946 0.050868
vt 0.770509 0.060327
vt 0.817968 0.051572
vt 0.801561 0.059882
vt 0.785392 0.068885
vt 0.770652 0.077857
vt 0.832521 0.061421
vt 0.817003 0.069342
vt 0.800925 0.077886
vt 0.785484 0.086420
vt 0.771661 0.094353
vt 0.845288 0.070880
vt 0.831174 0.078497
vt 0.815929 0.086641
vt 0.800556 0.094769
vt 0.786087 0.102343
vt 0.773264 0.108988
vt 0.772035 0.124075
vt 0.783499 0.134119
vt 0.768237 0.136408
vt 0.796541 0.144072
vt 0.780525 0.147315
vt 0.810512 0.153158
vt 0.794436 0.157587
vt 0.824483 0.160668
vt 0.809107 0.166301
vt 0.843164 0.179386
vt 0.829605 0.183854
vt 0.829476 0.171238
vt 0.843278 0.192518
vt 0.764847 0.149155
vt 0.777938 0.160437
vt 0.762283 0.161360
vt 0.768140 0.188737
vt 0.814596 0.176219
vt 0.798588 0.183537
vt 0.799244 0.170387
vt 0.792563 0.170387
vt 0.782620 0.192957
vt 0.783267 0.178575
vt 0.767940 0.203744
vt 0.814374 0.190393
vt 0.798383 0.198946
vt 0.782862 0.208983
vt 0.768938 0.219645
vt 0.829410 0.198489
vt 0.814196 0.206234
vt 0.798644 0.215409
vt 0.783910 0.225333
vt 0.770901 0.235217
vt 0.842797 0.207016
vt 0.828906 0.214109
vt 0.814073 0.222466
vt 0.799288 0.231582
vt 0.785529 0.240801
vt 0.773474 0.249529
vt 0.773474 0.265452
vt 0.785529 0.274338
vt 0.770902 0.279603
vt 0.799288 0.283616
vt 0.783910 0.289602
vt 0.814073 0.292668
vt 0.798645 0.299525
vt 0.828906 0.300832
vt 0.814197 0.308565
vt 0.842797 0.307625
vt 0.829411 0.316050
vt 0.843279 0.321673
vt 0.768938 0.294893
vt 0.782862 0.305607
vt 0.767940 0.310375
vt 0.798383 0.315572
vt 0.782620 0.321142
vt 0.768140 0.324839
vt 0.154639 0.697716
vt 0.814375 0.323924
vt 0.798588 0.330424
vt 0.163350 0.727910
vt 0.152755 0.713320
vt 0.166146 0.711443
vt 0.141098 0.700287
vt 0.829606 0.330156
vt 0.814596 0.337494
vt 0.158662 0.744443
vt 0.149193 0.729793
vt 0.138442 0.715928
vt 0.127326 0.703703
vt 0.843165 0.334256
vt 0.159256 0.772888
vt 0.152691 0.759832
vt 0.166146 0.758791
vt 0.144335 0.745870
vt 0.134657 0.731931
vt 0.124388 0.718941
vt 0.114274 0.707542
vt 0.098731 0.708843
vt 0.091652 0.721681
vt 0.083999 0.707330
vt 0.083865 0.736182
vt 0.075705 0.721179
vt 0.075808 0.751605
vt 0.067083 0.736666
vt 0.068036 0.766918
vt 0.058771 0.752804
vt 0.061047 0.781109
vt 0.051389 0.768397
vt 0.045320 0.782437
vt 0.067644 0.706435
vt 0.058435 0.721215
vt 0.050551 0.706428
vt 0.049504 0.737440
vt 0.041017 0.721917
vt 0.033975 0.707448
vt 0.041595 0.753915
vt 0.032484 0.738487
vt 0.024847 0.723282
vt 0.019145 0.709420
vt 0.035223 0.769392
vt 0.025618 0.754845
vt 0.017352 0.739726
vt 0.011040 0.725159
vt 0.006853 0.712077
vt 0.294994 0.819808
vt 0.030527 0.782987
vt 0.020682 0.769832
vt 0.011919 0.755537
vt 0.004940 0.741039
vt 0.000091 0.727315
vt 0.282287 0.829570
vt 0.280147 0.819179
vt 0.291945 0.809894
vt 0.275896 0.676923
vt 0.262272 0.682939
vt 0.247346 0.690868
vt 0.232109 0.700373
vt 0.217693 0.710747
vt 0.204985 0.721156
vt 0.275292 0.664404
vt 0.261932 0.668887
vt 0.804555 -0.000000
vt 0.246958 0.675560
vt 0.246649 0.662049
vt 0.819611 0.006597
vt 0.231272 0.684384
vt 0.230914 0.669589
vt 0.835471 0.002427
vt 0.834819 0.015376
vt 0.216084 0.694818
vt 0.215270 0.679348
vt 0.215379 0.665622
vt 0.850546 0.012432
vt 0.849049 0.025687
vt 0.202494 0.705964
vt 0.200938 0.690563
vt 0.200590 0.676154
vt 0.865238 0.011391
vt 0.863881 0.023744
vt 0.861447 0.036608
vt 0.191131 0.716902
vt 0.188775 0.702215
vt 0.187712 0.687824
vt 0.188111 0.674773
vt 0.877105 0.023314
vt 0.874891 0.035314
vt 0.871645 0.047285
vt 0.784508 0.118588
vt 0.798945 0.111813
vt 0.814728 0.103925
vt 0.830805 0.095380
vt 0.845982 0.086814
vt 0.859329 0.078823
vt 0.797574 0.128645
vt 0.813359 0.121645
vt 0.811917 0.138442
vt 0.829905 0.113352
vt 0.828462 0.131072
vt 0.826589 0.147156
vt 0.845935 0.104332
vt 0.844969 0.122299
vt 0.843088 0.139302
vt 0.840500 0.154139
vt 0.837526 0.166207
vt 0.860291 0.095313
vt 0.860149 0.112808
vt 0.858744 0.130067
vt 0.856179 0.145806
vt 0.852789 0.159142
vt 0.858054 0.178331
vt 0.872301 0.086924
vt 0.873087 0.103391
vt 0.872475 0.120226
vt 0.870411 0.136259
vt 0.867126 0.150475
vt 0.863045 0.162312
vt 0.868923 0.188080
vt 0.785191 0.257600
vt 0.798882 0.248784
vt 0.813997 0.239456
vt 0.829549 0.230281
vt 0.844383 0.221941
vt 0.857568 0.214901
vt 0.798882 0.266548
vt 0.813970 0.257708
vt 0.813997 0.275886
vt 0.829909 0.248326
vt 0.829909 0.267028
vt 0.829549 0.284925
vt 0.845481 0.239117
vt 0.845877 0.257608
vt 0.845482 0.276025
vt 0.844383 0.292996
vt 0.859549 0.230757
vt 0.860653 0.248360
vt 0.860653 0.266575
vt 0.859550 0.284048
vt 0.857568 0.299670
vt 0.871430 0.223660
vt 0.873333 0.239932
vt 0.874012 0.257306
vt 0.873333 0.274622
vt 0.871431 0.290732
vt 0.868642 0.304845
vt 0.108242 0.720016
vt 0.118446 0.733021
vt 0.128689 0.747319
vt 0.138159 0.761970
vt 0.146150 0.775884
vt 0.163940 0.784385
vt 0.152310 0.788198
vt 0.101106 0.734472
vt 0.111210 0.748833
vt 0.093129 0.750296
vt 0.121246 0.763902
vt 0.102990 0.765430
vt 0.084818 0.766435
vt 0.130397 0.778518
vt 0.112712 0.780472
vt 0.094370 0.781534
vt 0.076790 0.781690
vt 0.138045 0.791623
vt 0.121536 0.794248
vt 0.103756 0.795736
vt 0.086025 0.795977
vt 0.069563 0.795124
vt 0.156675 0.798493
vt 0.143954 0.802602
vt 0.128949 0.805935
vt 0.112303 0.808070
vt 0.095087 0.808769
vt 0.078482 0.808082
vt 0.063416 0.806299
vt 0.279945 0.805997
vt 0.266679 0.827771
vt 0.266520 0.815099
vt 0.000000 0.756026
vt 0.008266 0.771145
vt 0.018300 0.785289
vt 0.029169 0.797610
vt 0.265958 0.800427
vt 0.251706 0.823224
vt 0.251145 0.809008
vt 0.250555 0.793136
vt 0.236474 0.829570
vt 0.235520 0.816385
vt 0.234929 0.800938
vt 0.234747 0.784437
vt 0.006435 0.786944
vt 0.220281 0.821865
vt 0.219289 0.807453
vt 0.219114 0.791382
vt 0.219708 0.774977
vt 0.017544 0.800191
vt 0.206538 0.825181
vt 0.204858 0.812172
vt 0.204282 0.797128
vt 0.204853 0.781165
vt 0.206377 0.765514
vt 0.029099 0.811121
vt 0.018467 0.813484
vt 0.192511 0.815006
vt 0.191274 0.801341
vt 0.191415 0.786354
vt 0.192833 0.771131
vt 0.195212 0.756663
vt 0.186483 0.744178
vt 0.174449 0.744836
vt 0.182045 0.730713
vt 0.377928 0.759573
vt 0.373069 0.774255
vt 0.366249 0.760361
vt 0.391846 0.758493
vt 0.386424 0.773652
vt 0.407171 0.757178
vt 0.401779 0.772395
vt 0.422790 0.755731
vt 0.417993 0.770576
vt 0.433828 0.768397
vt 0.169621 0.730774
vt 0.178458 0.715977
vt 0.382374 0.788956
vt 0.166146 0.715622
vt 0.176292 0.700831
vt 0.397205 0.788210
vt 0.393970 0.803385
vt 0.380122 0.803211
vt 0.392326 0.816733
vt 0.175944 0.686422
vt 0.413487 0.786408
vt 0.409736 0.802094
vt 0.407102 0.816354
vt 0.405702 0.828230
vt 0.888977 0.025491
vt 0.887033 0.037494
vt 0.429895 0.783763
vt 0.426187 0.799439
vt 0.423036 0.814218
vt 0.420676 0.827003
vt 0.895352 0.053188
vt 0.883543 0.049732
vt 0.445260 0.780626
vt 0.442034 0.795806
vt 0.438881 0.810608
vt 0.436033 0.823952
vt 0.433657 0.835049
vt 0.890596 0.064943
vt 0.879103 0.061352
vt 0.882234 0.075822
vt 0.448804 0.832957
vt 0.451879 0.820323
vt 0.455030 0.805544
vt 0.458023 0.789717
vt 0.460673 0.774080
vt 0.893980 0.080525
vt 0.884290 0.092168
vt 0.465544 0.828725
vt 0.895798 0.097798
vt 0.884757 0.109584
vt 0.468963 0.814630
vt 0.482811 0.822190
vt 0.478853 0.835049
vt 0.895503 0.115678
vt 0.883352 0.126843
vt 0.471928 0.798778
vt 0.486047 0.807015
vt 0.499256 0.813697
vt 0.495492 0.827632
vt 0.510637 0.818438
vt 0.880178 0.142662
vt 0.474249 0.782484
vt 0.488306 0.790710
vt 0.501793 0.798073
vt 0.513709 0.804025
vt 0.523442 0.808344
vt 0.875694 0.156141
vt 0.881476 0.191944
vt 0.872025 0.178952
vt 0.475893 0.766971
vt 0.489564 0.774619
vt 0.503007 0.782023
vt 0.515250 0.788641
vt 0.525558 0.794083
vt 0.889494 0.206315
vt 0.877218 0.201072
vt 0.881175 0.214546
vt 0.528062 0.779135
vt 0.516510 0.772551
vt 0.503023 0.765188
vt 0.488602 0.757593
vt 0.474372 0.750324
vt 0.893853 0.221198
vt 0.884284 0.230385
vt 0.529076 0.761983
vt 0.896873 0.238345
vt 0.886016 0.247979
vt 0.516268 0.754605
vt 0.528143 0.743575
vt 0.897961 0.256825
vt 0.886016 0.266194
vt 0.501747 0.747064
vt 0.514295 0.736015
vt 0.525183 0.725296
vt 0.896873 0.275252
vt 0.884285 0.283676
vt 0.486728 0.739936
vt 0.499180 0.728976
vt 0.510746 0.718233
vt 0.520567 0.708505
vt 0.893853 0.292252
vt 0.881176 0.299315
vt 0.472356 0.733636
vt 0.484075 0.722897
vt 0.495602 0.712242
vt 0.506102 0.702437
vt 0.514945 0.694077
vt 0.528198 0.700327
vt 0.889495 0.306923
vt 0.877218 0.312533
vt 0.182906 0.758127
vt 0.180261 0.773426
vt 0.179065 0.789191
vt 0.179640 0.804236
vt 0.032486 0.823309
vt 0.043430 0.819673
vt 0.170523 0.759498
vt 0.370037 0.745685
vt 0.168018 0.775302
vt 0.376076 0.729596
vt 0.383316 0.744357
vt 0.379892 0.699551
vt 0.384395 0.713147
vt 0.370797 0.715324
vt 0.390822 0.728051
vt 0.398671 0.743099
vt 0.377368 0.688065
vt 0.390544 0.685379
vt 0.394505 0.697636
vt 0.400160 0.711856
vt 0.407188 0.727049
vt 0.414962 0.742006
vt 0.401804 0.673573
vt 0.405518 0.684153
vt 0.410602 0.697036
vt 0.416861 0.711552
vt 0.423832 0.726623
vt 0.430935 0.741130
vt 0.058737 0.826631
vt 0.416487 0.673236
vt 0.421232 0.684473
vt 0.426901 0.697700
vt 0.433153 0.712118
vt 0.439536 0.726689
vt 0.509818 0.679963
vt 0.521875 0.687426
vt 0.501309 0.687168
vt 0.490999 0.696355
vt 0.479433 0.707098
vt 0.467470 0.718599
vt 0.455992 0.729960
vt 0.881477 0.321099
vt 0.151142 0.811211
vt 0.495204 0.673011
vt 0.136820 0.815736
vt 0.485171 0.680965
vt 0.478480 0.667322
vt 0.120281 0.818972
vt 0.473745 0.691087
vt 0.467318 0.676182
vt 0.110135 0.831244
vt 0.102501 0.820460
vt 0.461736 0.702733
vt 0.455442 0.687213
vt 0.449053 0.673320
vt 0.460655 0.663549
vt 0.091827 0.831631
vt 0.084800 0.820090
vt 0.450086 0.714919
vt 0.443782 0.699552
vt 0.437523 0.685035
vt 0.431773 0.672449
vt 0.443052 0.661972
vt 0.074342 0.829915
vt 0.068395 0.818137
vt 0.909693 0.266018
vt 0.913551 0.252403
vt 0.923841 0.265458
vt 0.899848 0.528176
vt 0.908671 0.537087
vt 0.892100 0.538327
vt 0.897961 0.258155
vt 0.898615 0.274766
vt 0.914610 0.279279
vt 0.912978 0.522961
vt 0.930001 0.132015
vt 0.933474 0.118391
vt 0.939654 0.131206
vt 0.883017 0.889427
vt 0.876632 0.879784
vt 0.892978 0.880905
vt 0.899068 0.515470
vt 0.921692 0.124232
vt 0.869013 0.891213
vt 0.554099 0.911518
vt 0.543706 0.902152
vt 0.559819 0.899828
vt 0.890414 0.403936
vt 0.897833 0.394341
vt 0.904175 0.407015
vt 0.907061 0.153621
vt 0.908537 0.141315
vt 0.918639 0.154457
vt 0.820346 0.516931
vt 0.829817 0.507879
vt 0.827478 0.523600
vt 0.895873 0.022135
vt 0.907284 0.030465
vt 0.895798 0.038747
vt 0.137237 0.877277
vt 0.144793 0.891808
vt 0.128236 0.892864
vt 0.129696 0.861650
vt 0.119940 0.878032
vt 0.111892 0.893976
vt 0.122832 0.846014
vt 0.112264 0.862415
vt 0.103506 0.879191
vt 0.117252 0.831631
vt 0.105958 0.847204
vt 0.096396 0.863998
vt 0.800915 0.426824
vt 0.816317 0.428925
vt 0.810186 0.442778
vt 0.825361 0.445998
vt 0.818082 0.460071
vt 0.832316 0.463964
vt 0.785795 0.426011
vt 0.794656 0.440636
vt 0.802832 0.456836
vt 0.818341 0.504298
vt 0.911584 0.043957
vt 0.138918 0.907228
vt 0.121665 0.908743
vt 0.899625 0.053676
vt 0.916320 0.058958
vt 0.904025 0.069957
vt 0.921268 0.074807
vt 0.133191 0.923878
vt 0.908800 0.086622
vt 0.926100 0.090481
vt 0.105230 0.909902
vt 0.115805 0.925481
vt 0.128144 0.940613
vt 0.913626 0.102399
vt 0.930461 0.104854
vt 0.099891 0.926226
vt 0.111270 0.941803
vt 0.124241 0.956089
vt 0.918146 0.116116
vt 0.934093 0.117055
vt 0.096396 0.941696
vt 0.886151 0.904194
vt 0.898519 0.915295
vt 0.886950 0.922799
vt 0.108414 0.956434
vt 0.898147 0.934403
vt 0.885813 0.941241
vt 0.895798 0.118391
vt 0.909140 0.128340
vt 0.896270 0.132153
vt 0.874444 0.912051
vt 0.874444 0.930035
vt 0.895798 0.145548
vt 0.921415 0.030566
vt 0.926901 0.044966
vt 0.932603 0.060830
vt 0.938104 0.077264
vt 0.942931 0.093041
vt 0.946725 0.106990
vt 0.920590 0.141639
vt 0.949364 0.118391
vt 0.911705 0.017079
vt 0.937026 0.030755
vt 0.927030 0.016348
vt 0.953395 0.031047
vt 0.943706 0.015906
vt 0.969443 0.031442
vt 0.960735 0.015881
vt 0.984005 0.031920
vt 0.976808 0.016339
vt 0.996211 0.032443
vt 0.990731 0.017247
vt 0.486626 0.906846
vt 0.474068 0.906129
vt 0.483589 0.892363
vt 0.916575 0.002349
vt 0.932874 0.000860
vt 0.950199 -0.000000
vt 0.967296 -0.000000
vt 0.982766 0.000929
vt 0.470695 0.890982
vt 0.481581 0.876663
vt 0.468852 0.874864
vt 0.481096 0.860701
vt 0.944915 0.551675
vt 0.947070 0.532476
vt 0.957127 0.542857
vt 0.958163 0.523875
vt 0.947013 0.513212
vt 0.956837 0.505515
vt 0.944915 0.495329
vt 0.878343 0.376772
vt 0.896830 0.375388
vt 0.888582 0.385231
vt 0.906077 0.384856
vt 0.496384 0.894010
vt 0.494618 0.879096
vt 0.493881 0.863588
vt 0.494452 0.848538
vt 0.482409 0.845716
vt 0.496384 0.835049
vt 0.867681 0.369888
vt 0.860630 0.380327
vt 0.871176 0.387468
vt 0.881262 0.395581
vt 0.899834 0.007371
vt 0.912978 0.397404
vt 0.944346 0.543203
vt 0.928171 0.547859
vt 0.929245 0.530833
vt 0.912978 0.536359
vt 0.913532 0.520331
vt 0.944915 0.526747
vt 0.929293 0.515383
vt 0.913505 0.506429
vt 0.944054 0.512371
vt 0.928388 0.502548
vt 0.912978 0.495329
vt 0.931047 0.279537
vt 0.943712 0.290635
vt 0.932839 0.296144
vt 0.943996 0.306509
vt 0.953578 0.301701
vt 0.771967 0.368089
vt 0.781633 0.354387
vt 0.782029 0.368089
vt 0.741282 0.435378
vt 0.751396 0.422622
vt 0.759371 0.436104
vt 0.730823 0.449742
vt 0.748903 0.450452
vt 0.768837 0.423704
vt 0.777592 0.437899
vt 0.767860 0.451935
vt 0.786271 0.454134
vt 0.738115 0.465905
vt 0.757068 0.467429
vt 0.776251 0.469319
vt 0.746001 0.483246
vt 0.765175 0.485185
vt 0.783859 0.486975
vt 0.753907 0.500492
vt 0.772591 0.502332
vt 0.790173 0.503564
vt 0.761255 0.516392
vt 0.778876 0.517713
vt 0.795009 0.518140
vt 0.805584 0.504185
vt 0.808911 0.517807
vt 0.814558 0.529736
vt 0.745484 0.352745
vt 0.745710 0.337494
vt 0.759284 0.341048
vt 0.746477 0.369698
vt 0.759964 0.357781
vt 0.532459 0.890906
vt 0.549213 0.888779
vt 0.537772 0.875867
vt 0.555747 0.873274
vt 0.544325 0.858943
vt 0.563071 0.856292
vt 0.551855 0.841139
vt 0.570724 0.838960
vt 0.559831 0.823824
vt 0.578137 0.822566
vt 0.566394 0.886012
vt 0.573602 0.870418
vt 0.581035 0.853848
vt 0.588177 0.837411
vt 0.594574 0.822191
vt 0.898026 0.161307
vt 0.912143 0.166813
vt 0.853357 0.891849
vt 0.861249 0.880578
vt 0.844328 0.880063
vt 0.852827 0.867312
vt 0.835052 0.865508
vt 0.844262 0.851724
vt 0.826275 0.848764
vt 0.836214 0.834698
vt 0.869404 0.867777
vt 0.861609 0.853527
vt 0.853717 0.837630
vt 0.846283 0.821102
vt 0.894770 0.776954
vt 0.876712 0.776128
vt 0.885404 0.761995
vt 0.912323 0.778571
vt 0.904104 0.763278
vt 0.894477 0.747962
vt 0.921575 0.765703
vt 0.913139 0.750095
vt 0.833131 0.434171
vt 0.835339 0.417431
vt 0.847884 0.424248
vt 0.851154 0.408143
vt 0.862961 0.415775
vt 0.866785 0.400862
vt 0.877361 0.409022
vt 0.891522 0.416088
vt 0.896900 0.483425
vt 0.895564 0.465325
vt 0.911585 0.473709
vt 0.898083 0.500429
vt 0.912520 0.492101
vt 0.912954 0.508739
vt 0.934079 0.313988
vt 0.933467 0.332509
vt 0.944385 0.323990
vt 0.952585 0.316357
vt 0.931047 0.350398
vt 0.942841 0.341475
vt 0.739767 0.396230
vt 0.753446 0.388774
vt 0.755071 0.399454
vt 0.767992 0.393319
vt 0.801556 0.531269
vt 0.785952 0.531943
vt 0.768263 0.531431
vt 0.792252 0.545251
vt 0.806903 0.543265
vt 0.732530 0.347214
vt 0.775090 0.545936
vt 0.781183 0.558723
vt 0.732530 0.364103
vt 0.749579 0.529590
vt 0.756287 0.544939
vt 0.762920 0.558950
vt 0.731288 0.526557
vt 0.737232 0.542206
vt 0.743736 0.557060
vt 0.714604 0.522703
vt 0.719367 0.538070
vt 0.725131 0.553201
vt 0.530347 0.906965
vt 0.700226 0.518472
vt 0.703703 0.533098
vt 0.708374 0.547932
vt 0.529076 0.921983
vt 0.542100 0.916907
vt 0.605429 0.834832
vt 0.598709 0.851537
vt 0.616535 0.849309
vt 0.591056 0.868869
vt 0.609322 0.866967
vt 0.626989 0.864815
vt 0.601029 0.884427
vt 0.619131 0.882610
vt 0.635893 0.880180
vt 0.610163 0.899341
vt 0.627370 0.897245
vt 0.865527 0.901463
vt 0.880651 0.899398
vt 0.863629 0.822906
vt 0.871676 0.839932
vt 0.856019 0.806000
vt 0.874294 0.807116
vt 0.866407 0.790646
vt 0.884932 0.791420
vt 0.882571 0.824549
vt 0.893507 0.808385
vt 0.903632 0.792702
vt 0.920590 0.140657
vt 0.877710 0.422696
vt 0.862600 0.431021
vt 0.847076 0.440890
vt 0.862890 0.448695
vt 0.832316 0.451754
vt 0.847334 0.459560
vt 0.863966 0.467859
vt 0.880913 0.476004
vt 0.832982 0.470708
vt 0.848811 0.479014
vt 0.865805 0.487087
vt 0.882607 0.494340
vt 0.835193 0.489649
vt 0.851392 0.497733
vt 0.868212 0.504935
vt 0.884405 0.510876
vt 0.838676 0.507197
vt 0.854734 0.514461
vt 0.870907 0.520432
vt 0.886165 0.524967
vt 0.745568 0.408649
vt 0.723240 0.394428
vt 0.728831 0.406350
vt 0.734990 0.420330
vt 0.711271 0.405608
vt 0.717205 0.419161
vt 0.723903 0.434277
vt 0.699246 0.419495
vt 0.705730 0.434213
vt 0.713116 0.449730
vt 0.688169 0.435361
vt 0.695346 0.450471
vt 0.675256 0.514692
vt 0.686719 0.509733
vt 0.688845 0.524386
vt 0.469012 0.935731
vt 0.480345 0.940681
vt 0.468852 0.951996
vt 0.677310 0.530084
vt 0.692378 0.539834
vt 0.496855 0.849139
vt 0.496384 0.835049
vt 0.512497 0.843395
vt 0.681157 0.545870
vt 0.697457 0.555010
vt 0.496855 0.865344
vt 0.512964 0.859024
vt 0.528563 0.854121
vt 0.527241 0.839588
vt 0.496384 0.882458
vt 0.512497 0.876229
vt 0.528563 0.870759
vt 0.511200 0.893604
vt 0.527240 0.888202
vt 0.548156 0.943004
vt 0.531288 0.935424
vt 0.544735 0.929910
vt 0.565109 0.948436
vt 0.560920 0.936295
vt 0.557220 0.923702
vt 0.572493 0.925906
vt 0.577240 0.938809
vt 0.589456 0.927033
vt 0.949320 0.667349
vt 0.934188 0.661307
vt 0.943626 0.651298
vt 0.928517 0.644153
vt 0.595004 0.939764
vt 0.607190 0.926651
vt 0.939042 0.633029
vt 0.924564 0.625272
vt 0.613026 0.938693
vt 0.624397 0.924555
vt 0.936138 0.613721
vt 0.922787 0.606050
vt 0.912597 0.617382
vt 0.912164 0.598921
vt 0.935142 0.594884
vt 0.923157 0.587950
vt 0.913830 0.582035
vt 0.948605 0.584686
vt 0.935856 0.577817
vt 0.925222 0.572013
vt 0.909061 0.895669
vt 0.893688 0.903394
vt 0.895462 0.893027
vt 0.906814 0.883703
vt 0.936983 0.561325
vt 0.949320 0.567582
vt 0.921575 0.885361
vt 0.901328 0.243144
vt 0.917871 0.237329
vt 0.905314 0.226841
vt 0.922473 0.221480
vt 0.909773 0.210230
vt 0.927066 0.205895
vt 0.914421 0.194593
vt 0.931325 0.191701
vt 0.918913 0.181092
vt 0.934987 0.179749
vt 0.920590 0.169986
vt 0.921280 0.154902
vt 0.932173 0.159000
vt 0.931691 0.144968
vt 0.676953 0.498342
vt 0.667459 0.485258
vt 0.664850 0.502797
vt 0.481578 0.924833
vt 0.655271 0.489175
vt 0.481083 0.906846
vt 0.468852 0.918806
vt 0.900949 0.548117
vt 0.883407 0.548569
vt 0.892168 0.558859
vt 1.000000 0.262241
vt 0.994881 0.277483
vt 0.987365 0.262807
vt 0.980547 0.278497
vt 0.972430 0.263455
vt 0.964129 0.279199
vt 0.956097 0.264144
vt 0.946845 0.279537
vt 0.939542 0.264825
vt 0.930010 0.279537
vt 0.937931 0.170387
vt 0.950515 0.178149
vt 0.947785 0.189240
vt 0.944026 0.202948
vt 0.939377 0.218585
vt 0.934186 0.234989
vt 0.928883 0.250920
vt 0.941577 0.144839
vt 0.843422 0.523880
vt 0.860439 0.530434
vt 0.945665 0.249553
vt 0.962918 0.248454
vt 0.979337 0.247752
vt 0.993701 0.247500
vt 0.867060 0.545338
vt 0.876986 0.535212
vt 0.266090 0.928859
vt 0.251505 0.928326
vt 0.262062 0.914833
vt 0.840366 0.728981
vt 0.848797 0.738577
vt 0.831762 0.737294
vt 0.278146 0.920696
vt 0.277530 0.937814
vt 0.261065 0.942529
vt 0.826745 0.723810
vt 0.864248 0.918019
vt 0.854187 0.917768
vt 0.859935 0.904194
vt 0.568919 0.807757
vt 0.558694 0.798984
vt 0.575567 0.797797
vt 0.840679 0.716761
vt 0.872454 0.909513
vt 0.583341 0.809575
vt 0.064299 0.931388
vt 0.064095 0.918815
vt 0.078105 0.927166
vt 0.849146 0.601253
vt 0.834939 0.604609
vt 0.841850 0.590539
vt 0.302895 0.646014
vt 0.290042 0.644659
vt 0.302456 0.632861
vt 0.665643 0.620091
vt 0.655680 0.619474
vt 0.665855 0.606631
vt 0.463132 0.848648
vt 0.468026 0.865060
vt 0.454276 0.860199
vt 0.285850 0.876722
vt 0.295122 0.892762
vt 0.278146 0.891721
vt 0.293485 0.860586
vt 0.303560 0.877447
vt 0.311831 0.893854
vt 0.300371 0.844434
vt 0.311307 0.861317
vt 0.320334 0.878583
vt 0.305891 0.829570
vt 0.317593 0.845600
vt 0.327472 0.862887
vt 0.747188 0.571391
vt 0.728633 0.575596
vt 0.734857 0.561325
vt 0.715626 0.566497
vt 0.710050 0.581796
vt 0.697204 0.573887
vt 0.758371 0.582169
vt 0.741098 0.585742
vt 0.723133 0.590954
vt 0.676531 0.612684
vt 0.453924 0.874786
vt 0.284190 0.907595
vt 0.301858 0.909104
vt 0.468546 0.880926
vt 0.453546 0.890977
vt 0.468852 0.898275
vt 0.453162 0.908048
vt 0.290036 0.924729
vt 0.468852 0.916092
vt 0.452800 0.924892
vt 0.318631 0.910239
vt 0.307811 0.926323
vt 0.295128 0.941944
vt 0.468498 0.933024
vt 0.452488 0.940295
vt 0.324023 0.927030
vt 0.312350 0.943110
vt 0.298993 0.957856
vt 0.467816 0.947814
vt 0.452242 0.953327
vt 0.327472 0.942938
vt 0.839937 0.904194
vt 0.839227 0.922838
vt 0.826275 0.916278
vt 0.826675 0.935565
vt 0.840300 0.941601
vt 0.317863 0.610934
vt 0.316547 0.625488
vt 0.302711 0.619019
vt 0.852876 0.911296
vt 0.852876 0.929460
vt 0.315906 0.639650
vt 0.440314 0.864386
vt 0.439040 0.880209
vt 0.437937 0.897524
vt 0.437152 0.915322
vt 0.436797 0.932254
vt 0.436901 0.947063
vt 0.289010 0.630821
vt 0.289010 0.616522
vt 0.446005 0.848232
vt 0.424882 0.869073
vt 0.430608 0.851935
vt 0.408687 0.874062
vt 0.413919 0.856297
vt 0.392797 0.879040
vt 0.396955 0.861151
vt 0.378363 0.883651
vt 0.381032 0.866186
vt 0.366249 0.887614
vt 0.367333 0.871028
vt 0.919773 0.747735
vt 0.922296 0.732686
vt 0.932583 0.746474
vt 0.436867 0.835049
vt 0.420267 0.838274
vt 0.402790 0.842399
vt 0.385740 0.847286
vt 0.370527 0.852602
vt 0.935409 0.730722
vt 0.923688 0.716414
vt 0.936598 0.714019
vt 0.923477 0.699923
vt 0.964534 0.745632
vt 0.951327 0.737156
vt 0.961383 0.725974
vt 0.949320 0.717667
vt 0.960467 0.706141
vt 0.949743 0.698702
vt 0.961686 0.687629
vt 0.862870 0.570087
vt 0.851771 0.580146
vt 0.843865 0.568655
vt 0.833848 0.579634
vt 0.909266 0.734910
vt 0.910454 0.719463
vt 0.910536 0.703435
vt 0.909266 0.687921
vt 0.921429 0.684498
vt 0.892565 0.566220
vt 0.881198 0.573530
vt 0.874566 0.561325
vt 0.869727 0.582337
vt 0.858885 0.591823
vt 0.454903 0.835177
vt 0.826275 0.593759
vt 0.898482 0.328287
vt 0.914230 0.315760
vt 0.915240 0.333280
vt 0.931047 0.321657
vt 0.930539 0.305178
vt 0.897961 0.311367
vt 0.914211 0.299891
vt 0.930563 0.290909
vt 0.898848 0.296622
vt 0.915111 0.286736
vt 0.931047 0.279537
vt 0.517718 0.893604
vt 0.516548 0.911391
vt 0.505592 0.904515
vt 0.505955 0.921408
vt 0.496384 0.915119
vt 0.804027 0.566586
vt 0.795676 0.572767
vt 0.787517 0.561325
vt 0.782494 0.622227
vt 0.769241 0.609101
vt 0.785052 0.605684
vt 0.778984 0.640177
vt 0.765737 0.627035
vt 0.771995 0.593306
vt 0.755109 0.596646
vt 0.751313 0.613796
vt 0.736754 0.601492
vt 0.761645 0.646007
vt 0.747182 0.632788
vt 0.732303 0.619674
vt 0.743022 0.652236
vt 0.728102 0.639153
vt 0.713660 0.626358
vt 0.724480 0.658407
vt 0.709988 0.645635
vt 0.696751 0.633286
vt 0.707364 0.664072
vt 0.694020 0.651745
vt 0.682411 0.639928
vt 0.685514 0.622158
vt 0.672954 0.629268
vt 0.660068 0.633465
vt 0.911887 0.349313
vt 0.898604 0.336556
vt 0.911478 0.333280
vt 0.910710 0.366956
vt 0.897961 0.354051
vt 0.078799 0.913086
vt 0.093424 0.921333
vt 0.094967 0.905692
vt 0.079338 0.896376
vt 0.096028 0.887506
vt 0.079627 0.877637
vt 0.096396 0.867728
vt 0.079606 0.858054
vt 0.095985 0.847826
vt 0.079275 0.839080
vt 0.063917 0.903744
vt 0.063788 0.886494
vt 0.063728 0.867902
vt 0.063747 0.849198
vt 0.063838 0.831631
vt 0.311804 0.655644
vt 0.295819 0.658740
vt 0.591408 0.798591
vt 0.599448 0.810206
vt 0.608810 0.798035
vt 0.600137 0.784896
vt 0.618409 0.783011
vt 0.608992 0.768810
vt 0.627466 0.765735
vt 0.617282 0.751246
vt 0.583073 0.785401
vt 0.591144 0.770694
vt 0.599290 0.754293
vt 0.606934 0.737245
vt 0.556855 0.691834
vt 0.566437 0.676407
vt 0.575481 0.690950
vt 0.538724 0.693536
vt 0.547136 0.677765
vt 0.556970 0.661972
vt 0.529076 0.680302
vt 0.537695 0.664208
vt 0.908513 0.631747
vt 0.893019 0.622099
vt 0.906467 0.613799
vt 0.889945 0.604681
vt 0.877345 0.613639
vt 0.873761 0.597337
vt 0.862502 0.606685
vt 0.847703 0.614587
vt 0.842107 0.685020
vt 0.826947 0.675023
vt 0.843265 0.666586
vt 0.841245 0.702013
vt 0.826292 0.693568
vt 0.826275 0.710021
vt 0.516122 0.930040
vt 0.517718 0.949015
vt 0.506434 0.939479
vt 0.809341 0.580560
vt 0.762229 0.369879
vt 0.759964 0.354387
vt 0.771967 0.354387
vt 0.823317 0.590645
vt 0.813269 0.596053
vt 0.800064 0.586758
vt 0.667985 0.644285
vt 0.678384 0.656470
vt 0.691156 0.669407
vt 0.664008 0.661152
vt 0.655271 0.648767
vt 0.923932 0.343872
vt 0.675500 0.674526
vt 0.661673 0.679009
vt 0.923932 0.361554
vt 0.705647 0.682179
vt 0.689429 0.687970
vt 0.674293 0.692899
vt 0.720782 0.693837
vt 0.704863 0.700405
vt 0.689172 0.706013
vt 0.735425 0.703724
vt 0.720538 0.710974
vt 0.705147 0.717324
vt 0.088347 0.936366
vt 0.748744 0.711619
vt 0.735312 0.719311
vt 0.720904 0.726267
vt 0.082804 0.949793
vt 0.073063 0.940679
vt 0.048361 0.839080
vt 0.047907 0.858054
vt 0.031756 0.847827
vt 0.047928 0.877638
vt 0.031302 0.867729
vt 0.015189 0.857430
vt 0.031799 0.887507
vt 0.015211 0.877538
vt -0.000000 0.867185
vt 0.016583 0.896745
vt 0.000889 0.886715
vt 0.586837 0.820146
vt 0.571274 0.818041
vt 0.589088 0.739131
vt 0.580797 0.756695
vt 0.596897 0.721695
vt 0.578079 0.722876
vt 0.586160 0.705890
vt 0.567067 0.706719
vt 0.569569 0.740857
vt 0.558264 0.724218
vt 0.547766 0.708077
vt 0.874444 0.926374
vt 0.861855 0.621576
vt 0.877470 0.630077
vt 0.893676 0.639840
vt 0.877054 0.648776
vt 0.909266 0.650281
vt 0.893382 0.659389
vt 0.876000 0.668670
vt 0.858477 0.677399
vt 0.908644 0.669931
vt 0.892007 0.679390
vt 0.874341 0.688247
vt 0.857042 0.695885
vt 0.906588 0.689240
vt 0.889658 0.698280
vt 0.872246 0.706067
vt 0.855623 0.712232
vt 0.903352 0.706824
vt 0.886644 0.714845
vt 0.869949 0.721235
vt 0.854308 0.725887
vt 0.799748 0.600325
vt 0.826275 0.607284
vt 0.813266 0.611354
vt 0.798319 0.616455
vt 0.826205 0.624115
vt 0.811728 0.629076
vt 0.795554 0.634576
vt 0.824146 0.642903
vt 0.808411 0.648273
vt 0.791462 0.653548
vt 0.819946 0.662382
vt 0.803438 0.667516
vt 0.769241 0.727892
vt 0.752345 0.724417
vt 0.764853 0.715693
vt 0.920114 0.934049
vt 0.920290 0.950683
vt 0.908506 0.938924
vt 0.756237 0.737201
vt 0.738266 0.732656
vt 0.289536 0.596564
vt 0.305587 0.602249
vt 0.289010 0.610934
vt 0.741695 0.745453
vt 0.723325 0.739557
vt 0.289536 0.579993
vt 0.306089 0.586285
vt 0.322073 0.591085
vt 0.320671 0.605915
vt 0.289010 0.562451
vt 0.305587 0.568672
vt 0.322073 0.574071
vt 0.304192 0.550850
vt 0.320671 0.556201
vt 0.055510 0.960234
vt 0.064744 0.950753
vt 0.074615 0.960234
vt 0.330518 0.479953
vt 0.339632 0.488071
vt 0.325211 0.495936
vt 0.046734 0.949793
vt 0.055937 0.940679
vt 0.040608 0.936366
vt 0.345725 0.472794
vt 0.030221 0.945160
vt 0.024038 0.930085
vt 0.335544 0.463206
vt 0.350662 0.454891
vt 0.012889 0.938185
vt 0.007251 0.921756
vt 0.339298 0.444203
vt 0.353727 0.435270
vt 0.363649 0.445804
vt 0.759963 0.354387
vt 0.765408 0.337494
vt 0.773251 0.354387
vt 0.341254 0.424181
vt 0.354522 0.415377
vt 0.365554 0.426303
vt 0.365003 0.407254
vt 0.341259 0.404703
vt 0.353157 0.396722
vt 0.362368 0.389915
vt 0.326894 0.395039
vt 0.339588 0.387106
vt 0.350155 0.380358
vt 0.541950 0.814252
vt 0.556041 0.811496
vt 0.557770 0.822190
vt 0.544376 0.801900
vt 0.337506 0.370073
vt 0.325211 0.377378
vt 0.529076 0.803645
vt 0.274614 0.905216
vt 0.257539 0.899271
vt 0.270423 0.888366
vt 0.252707 0.882870
vt 0.265725 0.871153
vt 0.247866 0.866695
vt 0.260817 0.854898
vt 0.243360 0.851914
vt 0.256064 0.840810
vt 0.239467 0.839416
vt 0.251773 0.829570
vt 0.863345 0.945993
vt 0.863154 0.931476
vt 0.874444 0.941110
vt 0.780330 0.715080
vt 0.796911 0.713090
vt 0.785560 0.727418
vt 0.907243 0.922670
vt 0.802618 0.725127
vt 0.907776 0.904194
vt 0.920290 0.916688
vt 0.840260 0.747606
vt 0.858342 0.747962
vt 0.166146 0.939018
vt 0.172765 0.924674
vt 0.178123 0.940434
vt 0.185865 0.925404
vt 0.192973 0.941616
vt 0.201324 0.926185
vt 0.209957 0.942435
vt 0.218210 0.926964
vt 0.227813 0.942829
vt 0.235305 0.927690
vt 0.245187 0.942829
vt 0.223407 0.837694
vt 0.236319 0.829576
vt 0.226343 0.849322
vt 0.230341 0.863627
vt 0.235249 0.879881
vt 0.240702 0.896878
vt 0.246248 0.913340
vt 0.852876 0.931947
vt 0.898944 0.723237
vt 0.881302 0.730406
vt 0.228925 0.911931
vt 0.211097 0.910752
vt 0.194113 0.909933
vt 0.179235 0.909535
vt 0.875154 0.744563
vt 0.864266 0.735461
vt 0.149367 0.876304
vt 0.148463 0.894061
vt 0.144793 0.894196
vt 0.145724 0.875896
vt 0.919476 0.459867
vt 0.924916 0.476588
vt 0.921432 0.477857
vt 0.915826 0.460624
vt 0.152784 0.860040
vt 0.149246 0.859134
vt 0.961954 0.940664
vt 0.966113 0.926211
vt 0.969542 0.926861
vt 0.965255 0.941756
vt 0.674951 0.924350
vt 0.673639 0.908729
vt 0.677287 0.908325
vt 0.678639 0.924424
vt 0.948115 0.894269
vt 0.943913 0.880417
vt 0.946768 0.880163
vt 0.951100 0.894439
vt 0.915425 0.636187
vt 0.920437 0.653939
vt 0.917792 0.655045
vt 0.912627 0.636750
vt 0.162446 0.833354
vt 0.157896 0.845971
vt 0.154514 0.844635
vt 0.159204 0.831632
vt 0.954756 0.954883
vt 0.957837 0.956410
vt 0.582137 0.950801
vt 0.600164 0.951091
vt 0.601273 0.953892
vt 0.582694 0.953594
vt 0.366249 0.664330
vt 0.356731 0.676359
vt 0.353787 0.674369
vt 0.363597 0.661972
vt 0.493202 0.939663
vt 0.487909 0.924192
vt 0.490737 0.924276
vt 0.496192 0.940220
vt 0.950923 0.909554
vt 0.953994 0.910191
vt 0.348547 0.691027
vt 0.345353 0.689486
vt 0.785510 0.368740
vt 0.785510 0.349728
vt 0.788844 0.349303
vt 0.788844 0.368897
vt 0.865851 0.398684
vt 0.880771 0.393242
vt 0.361272 0.510901
vt 0.357615 0.497534
vt 0.360734 0.495936
vt 0.364504 0.509712
vt 0.833444 0.415760
vt 0.849742 0.406188
vt 0.951663 0.925416
vt 0.954756 0.926539
vt 0.909713 0.617370
vt 0.342740 0.707710
vt 0.339369 0.706679
vt 0.924916 0.388800
vt 0.919476 0.405562
vt 0.915826 0.404658
vt 0.921432 0.387383
vt 0.949951 0.940677
vt 0.952991 0.942267
vt 0.320887 0.625933
vt 0.321478 0.640785
vt 0.318472 0.641542
vt 0.317863 0.626236
vt 0.617830 0.948939
vt 0.619480 0.951675
vt 0.967089 0.672832
vt 0.964326 0.688515
vt 0.964534 0.671467
vt 0.362839 0.526522
vt 0.366118 0.525811
vt 0.973658 0.449708
vt 0.979639 0.462377
vt 0.976770 0.464623
vt 0.970606 0.451567
vt 0.948044 0.119358
vt 0.945169 0.135281
vt 0.941655 0.134801
vt 0.944618 0.118391
vt 0.933479 0.371824
vt 0.930257 0.369888
vt 0.945914 0.954203
vt 0.948831 0.956207
vt 0.324188 0.656806
vt 0.321265 0.658053
vt 0.964032 0.725722
vt 0.967089 0.744796
vt 0.961665 0.879306
vt 0.954756 0.864771
vt 0.957837 0.863541
vt 0.964957 0.878521
vt 0.956331 0.579656
vt 0.949320 0.562987
vt 0.952672 0.561325
vt 0.959898 0.578504
vt 0.805215 0.349479
vt 0.805215 0.367924
vt 0.802401 0.368313
vt 0.802401 0.349303
vt 0.909266 0.598344
vt 0.963143 0.706478
vt 0.339969 0.725221
vt 0.336513 0.724726
vt 0.633756 0.944513
vt 0.635893 0.947114
vt 0.365597 0.637577
vt 0.365597 0.656872
vt 0.362235 0.657099
vt 0.362235 0.637214
vt 0.361661 0.543595
vt 0.364905 0.543406
vt 0.641147 0.901027
vt 0.643600 0.886207
vt 0.646327 0.886861
vt 0.643798 0.902133
vt 0.945094 0.152448
vt 0.941577 0.152493
vt 0.493202 0.907279
vt 0.496192 0.906846
vt 0.940147 0.965292
vt 0.942888 0.967634
vt 0.795833 0.349486
vt 0.795833 0.366105
vt 0.792314 0.366431
vt 0.792314 0.349303
vt 0.966113 0.895160
vt 0.969542 0.894860
vt 0.979639 0.370454
vt 0.973658 0.386646
vt 0.970606 0.386576
vt 0.976770 0.369888
vt 0.910984 0.580942
vt 0.636591 0.916773
vt 0.639103 0.918361
vt 0.340216 0.742192
vt 0.336767 0.742215
vt 0.645344 0.777066
vt 0.655015 0.789558
vt 0.652166 0.791811
vt 0.642199 0.778937
vt 0.356449 0.785698
vt 0.366249 0.796148
vt 0.363597 0.797822
vt 0.353497 0.787053
vt 0.357615 0.560857
vt 0.360734 0.561196
vt 0.799079 0.349741
vt 0.799079 0.367686
vt 0.795833 0.367797
vt 0.795833 0.349303
vt 0.710145 0.403292
vt 0.722479 0.391771
vt 0.948044 0.169605
vt 0.944618 0.170175
vt 0.964616 0.350724
vt 0.966870 0.336920
vt 0.970295 0.337447
vt 0.967973 0.351674
vt 0.967559 0.911189
vt 0.971032 0.911379
vt 0.977477 0.466054
vt 0.971872 0.483290
vt 0.968502 0.482387
vt 0.974279 0.464623
vt 0.342865 0.757544
vt 0.339497 0.758037
vt 0.359953 0.576669
vt 0.363144 0.577491
vt 0.362214 0.850375
vt 0.363773 0.867860
vt 0.360974 0.868294
vt 0.359367 0.850275
vt 0.946830 0.411498
vt 0.945023 0.396551
vt 0.948558 0.395657
vt 0.950420 0.411060
vt 0.880928 0.902066
vt 0.865342 0.904194
vt 0.697751 0.417604
vt 0.360735 0.888295
vt 0.357794 0.869213
vt 0.361021 0.868294
vt 0.364052 0.887959
vt 0.960628 0.312573
vt 0.957830 0.296488
vt 0.961183 0.295578
vt 0.964066 0.312155
vt 0.916713 0.423435
vt 0.912978 0.423077
vt 0.968887 0.502120
vt 0.965427 0.501792
vt 0.324188 0.611085
vt 0.321265 0.610934
vt 0.916713 0.441974
vt 0.912978 0.442184
vt 0.950420 0.475243
vt 0.958665 0.462490
vt 0.962141 0.463614
vt 0.953644 0.476758
vt 0.645344 0.674734
vt 0.638914 0.687865
vt 0.635573 0.687008
vt 0.642199 0.673475
vt 0.961162 0.330693
vt 0.964616 0.330829
vt 0.679968 0.925597
vt 0.678639 0.909392
vt 0.681763 0.908325
vt 0.683133 0.925026
vt 0.362235 0.637336
vt 0.362235 0.655475
vt 0.358570 0.655909
vt 0.358570 0.637214
vt 0.360658 0.907625
vt 0.363973 0.907881
vt 0.638914 0.765691
vt 0.635573 0.767215
vt 0.686336 0.433955
vt 0.968963 0.521185
vt 0.965505 0.521441
vt 0.633862 0.751932
vt 0.630366 0.753034
vt 0.298652 0.385747
vt 0.289010 0.372754
vt 0.291462 0.370073
vt 0.301399 0.383464
vt 0.631049 0.736215
vt 0.627466 0.736836
vt 0.960452 0.596791
vt 0.964145 0.596164
vt 0.765462 0.374378
vt 0.751500 0.378680
vt 0.751603 0.375541
vt 0.765993 0.371107
vt 0.631049 0.719492
vt 0.627466 0.719602
vt 0.958826 0.349777
vt 0.962209 0.350496
vt 0.678639 0.943160
vt 0.681763 0.943125
vt 0.949320 0.669860
vt 0.956034 0.653629
vt 0.959592 0.654740
vt 0.952672 0.671467
vt 0.633862 0.703006
vt 0.630366 0.702611
vt 0.315190 0.428530
vt 0.310301 0.412811
vt 0.313404 0.411356
vt 0.318443 0.427556
vt 0.960521 0.635190
vt 0.964216 0.635737
vt 0.305696 0.399452
vt 0.308658 0.397588
vt 0.357794 0.925740
vt 0.361021 0.926550
vt 0.328915 0.908995
vt 0.329052 0.895074
vt 0.331769 0.896000
vt 0.331628 0.910347
vt 0.962033 0.615737
vt 0.965774 0.615689
vt 0.737085 0.385525
vt 0.736748 0.382595
vt 0.971872 0.539079
vt 0.968502 0.539882
vt 0.961853 0.429249
vt 0.960063 0.414560
vt 0.963582 0.414219
vt 0.965427 0.429357
vt 0.953578 0.368359
vt 0.956801 0.369647
vt 0.961593 0.445522
vt 0.965159 0.446128
vt 0.943028 0.700415
vt 0.936598 0.684785
vt 0.939212 0.684498
vt 0.945839 0.700607
vt 0.953771 0.386355
vt 0.950420 0.371545
vt 0.953644 0.369888
vt 0.957097 0.385150
vt 0.954880 0.400652
vt 0.958240 0.399885
vt 0.340638 0.525026
vt 0.334820 0.538661
vt 0.331426 0.537490
vt 0.337422 0.523438
vt 0.322132 0.567625
vt 0.322525 0.551018
vt 0.325211 0.550850
vt 0.324806 0.567964
vt 0.646868 0.869921
vt 0.649694 0.870076
vt 0.927771 0.876092
vt 0.921576 0.861118
vt 0.924771 0.859651
vt 0.931156 0.875084
vt 0.951054 0.846338
vt 0.956177 0.862147
vt 0.953285 0.863541
vt 0.948005 0.847248
vt 0.655271 0.940722
vt 0.661026 0.925075
vt 0.664087 0.925070
vt 0.658155 0.941196
vt 0.330585 0.554609
vt 0.327061 0.553925
vt 0.665657 0.926326
vt 0.664087 0.908842
vt 0.667383 0.908325
vt 0.669002 0.926344
vt 0.943429 0.797254
vt 0.944402 0.812476
vt 0.941150 0.812351
vt 0.940147 0.796663
vt 0.944852 0.780971
vt 0.941614 0.779882
vt 0.949140 0.764780
vt 0.946033 0.763196
vt 0.927088 0.351342
vt 0.923932 0.333876
vt 0.927394 0.333280
vt 0.930646 0.351280
vt 0.968802 0.295779
vt 0.964616 0.280728
vt 0.967973 0.279537
vt 0.972286 0.295048
vt 0.956177 0.749998
vt 0.953285 0.747962
vt 0.921576 0.858163
vt 0.931852 0.848971
vt 0.935002 0.850178
vt 0.924412 0.859651
vt 0.932024 0.893290
vt 0.935540 0.892808
vt 0.970266 0.310707
vt 0.973795 0.310433
vt 0.328789 0.572232
vt 0.325211 0.572087
vt 0.969402 0.324604
vt 0.972905 0.324755
vt 0.792314 0.349506
vt 0.792314 0.367642
vt 0.788844 0.367994
vt 0.788844 0.349303
vt 0.655015 0.663572
vt 0.652166 0.661972
vt 0.977477 0.556321
vt 0.974279 0.557651
vt 0.907243 0.904942
vt 0.903271 0.922260
vt 0.899990 0.922042
vt 0.904083 0.904194
vt 0.664087 0.942790
vt 0.667383 0.943311
vt 0.487909 0.907503
vt 0.485050 0.925809
vt 0.481578 0.925711
vt 0.484524 0.906846
vt 0.933486 0.911766
vt 0.937046 0.911849
vt 0.655271 0.908827
vt 0.658155 0.908325
vt 0.329957 0.590382
vt 0.326414 0.590792
vt 0.936598 0.731253
vt 0.946381 0.716237
vt 0.949295 0.716913
vt 0.939212 0.732388
vt 0.297896 0.538471
vt 0.306172 0.526883
vt 0.309148 0.528918
vt 0.300620 0.540860
vt 0.901843 0.940612
vt 0.898519 0.940955
vt 0.319324 0.443271
vt 0.322703 0.442747
vt 0.521664 0.911712
vt 0.517718 0.894603
vt 0.520850 0.893604
vt 0.524917 0.911236
vt 0.321757 0.460033
vt 0.325211 0.460023
vt 0.485050 0.944771
vt 0.481578 0.945253
vt 0.321751 0.478022
vt 0.325204 0.478562
vt 0.322525 0.582320
vt 0.325211 0.583109
vt 0.318925 0.495988
vt 0.322292 0.497077
vt 0.931815 0.930130
vt 0.935323 0.930774
vt 0.313489 0.512598
vt 0.316689 0.514195
vt 0.953578 0.280923
vt 0.956801 0.279537
vt 0.334002 0.607710
vt 0.330583 0.608651
vt 0.928019 0.763985
vt 0.921576 0.749790
vt 0.924412 0.747962
vt 0.931053 0.762592
vt 0.648480 0.807409
vt 0.636591 0.793979
vt 0.639103 0.791811
vt 0.651356 0.805651
vt 0.523225 0.930651
vt 0.526525 0.930754
vt 0.933113 0.780398
vt 0.936302 0.779507
vt 0.670235 0.926897
vt 0.669002 0.908619
vt 0.672369 0.908325
vt 0.673639 0.927162
vt 0.329876 0.880341
vt 0.332618 0.880816
vt 0.487909 0.962980
vt 0.484524 0.964020
vt 0.903271 0.958635
vt 0.899990 0.959529
vt 0.936175 0.798263
vt 0.939458 0.797919
vt 0.328915 0.863523
vt 0.331628 0.863484
vt 0.936844 0.816411
vt 0.940147 0.816621
vt 0.935234 0.833616
vt 0.938488 0.834352
vt 0.945611 0.423786
vt 0.949164 0.423725
vt 0.785510 0.349533
vt 0.785510 0.367762
vt 0.782029 0.368089
vt 0.782029 0.349303
vt 0.521874 0.950122
vt 0.525133 0.950821
vt 0.927367 0.947016
vt 0.930740 0.948178
vt 0.923932 0.365724
vt 0.927394 0.366102
vt 0.340255 0.623128
vt 0.337027 0.624540
vt 0.941962 0.437557
vt 0.945402 0.437917
vt 0.322305 0.601747
vt 0.322305 0.583601
vt 0.325211 0.583109
vt 0.325211 0.601811
vt 0.832316 0.508691
vt 0.829906 0.524894
vt 0.366118 0.577491
vt 0.362542 0.594089
vt 0.359537 0.594645
vt 0.363223 0.577539
vt 0.357614 0.498340
vt 0.348816 0.510561
vt 0.345850 0.508530
vt 0.354918 0.495936
vt 0.517718 0.968603
vt 0.520850 0.969867
vt 0.907243 0.975038
vt 0.904083 0.976434
vt 0.941996 0.453902
vt 0.945438 0.454762
vt 0.822208 0.390228
vt 0.807360 0.378760
vt 0.809173 0.375623
vt 0.824475 0.387442
vt 0.547674 0.945558
vt 0.530291 0.937746
vt 0.969961 0.402904
vt 0.966796 0.403331
vt 0.669002 0.943428
vt 0.672369 0.944198
vt 0.921576 0.959230
vt 0.924771 0.960765
vt 0.782195 0.561091
vt 0.763373 0.561325
vt 0.347785 0.636089
vt 0.357614 0.647297
vt 0.354918 0.649448
vt 0.344788 0.637898
vt 0.651544 0.823328
vt 0.654514 0.822057
vt 0.289010 0.548164
vt 0.291462 0.550850
vt 0.361604 0.609838
vt 0.358570 0.610876
vt 0.336513 0.926232
vt 0.342983 0.911081
vt 0.346032 0.912289
vt 0.339364 0.927903
vt 0.793882 0.374555
vt 0.795282 0.371289
vt 0.565146 0.951157
vt 0.939169 0.470411
vt 0.942524 0.471775
vt 0.970856 0.749346
vt 0.965151 0.764206
vt 0.961621 0.763277
vt 0.967501 0.747962
vt 0.360688 0.834221
vt 0.357794 0.833627
vt 0.332618 0.830157
vt 0.331161 0.846157
vt 0.327472 0.846059
vt 0.328974 0.829570
vt 0.961258 0.781108
vt 0.957609 0.780696
vt 0.361062 0.816852
vt 0.358180 0.815726
vt 0.968632 0.419657
vt 0.965427 0.420597
vt 0.959868 0.799211
vt 0.956177 0.799352
vt 0.363773 0.799479
vt 0.360974 0.797822
vt 0.961258 0.817311
vt 0.957609 0.818005
vt 0.743603 0.559377
vt 0.652031 0.839806
vt 0.655015 0.839040
vt 0.965151 0.834204
vt 0.961621 0.835416
vt 0.363012 0.623763
vt 0.360022 0.625228
vt 0.940576 0.382123
vt 0.933479 0.371547
vt 0.936661 0.369888
vt 0.943974 0.380787
vt 0.970856 0.849052
vt 0.967501 0.850718
vt 0.779527 0.373195
vt 0.780488 0.369888
vt 0.933479 0.485761
vt 0.936661 0.487595
vt 0.332618 0.863065
vt 0.328974 0.863484
vt 0.724429 0.555400
vt 0.343638 0.812364
vt 0.336513 0.800011
vt 0.339364 0.797822
vt 0.346707 0.810553
vt 0.946566 0.829536
vt 0.943380 0.829933
vt 0.650254 0.855627
vt 0.653184 0.855345
vt 0.969961 0.435628
vt 0.966796 0.437056
vt 0.366118 0.635395
vt 0.363223 0.637214
vt 0.349542 0.827304
vt 0.352791 0.825950
vt 0.353339 0.844367
vt 0.356705 0.843534
vt 0.933479 0.493542
vt 0.930257 0.495329
vt 0.776316 0.337494
vt 0.776316 0.352183
vt 0.773251 0.353009
vt 0.773251 0.337871
vt 0.707158 0.549969
vt 0.673639 0.940179
vt 0.677287 0.940736
vt 0.354396 0.862517
vt 0.357794 0.862240
vt 0.926991 0.669551
vt 0.934294 0.682519
vt 0.932073 0.684499
vt 0.924546 0.671134
vt 0.352636 0.880408
vt 0.355980 0.880678
vt 0.348468 0.771983
vt 0.345272 0.772918
vt 0.940147 0.864288
vt 0.942888 0.863541
vt 0.799079 0.366371
vt 0.799079 0.349750
vt 0.802401 0.349303
vt 0.802401 0.366432
vt 0.155441 0.929150
vt 0.162446 0.944102
vt 0.159204 0.945767
vt 0.151984 0.930358
vt 0.348559 0.896835
vt 0.351779 0.897608
vt 0.150539 0.912124
vt 0.146933 0.912811
vt 0.222263 0.395129
vt 0.223434 0.393309
vt 0.254837 0.420545
vt 0.253202 0.421961
vt 0.222263 0.637114
vt 0.223434 0.638935
vt 0.185635 0.656168
vt 0.185026 0.654091
vt 0.002142 0.536420
vt -0.000000 0.536726
vt 0.000000 0.495173
vt 0.002142 0.495483
vt 0.185026 0.378095
vt 0.185635 0.376018
vt 0.253202 0.610330
vt 0.254837 0.611748
vt 0.013676 0.575707
vt 0.011707 0.576604
vt 0.144505 0.372237
vt 0.144505 0.370073
vt 0.275334 0.575909
vt 0.277303 0.576810
vt 0.035808 0.610162
vt 0.034172 0.611578
vt 0.103984 0.378032
vt 0.103375 0.375955
vt 0.286868 0.536640
vt 0.289010 0.536949
vt 0.066746 0.636994
vt 0.065576 0.638813
vt 0.066746 0.395009
vt 0.065576 0.393187
vt 0.286868 0.495703
vt 0.289010 0.495397
vt 0.103984 0.654028
vt 0.103374 0.656104
vt 0.035808 0.421793
vt 0.034172 0.420374
vt 0.275334 0.456416
vt 0.277303 0.455518
vt 0.144505 0.659885
vt 0.144505 0.662049
vt 0.013676 0.456214
vt 0.011707 0.455313
vt 0.386665 0.259121
vt 0.381086 0.261665
vt 0.366249 0.211147
vt 0.372320 0.210278
vt 0.549390 0.006131
vt 0.549390 -0.000000
vt 0.601517 0.007525
vt 0.599789 0.013407
vt 0.712114 0.259329
vt 0.717693 0.261880
vt 0.689222 0.306146
vt 0.684586 0.302128
vt 0.414193 0.301955
vt 0.409558 0.305967
vt 0.498990 0.013342
vt 0.497262 0.007458
vt 0.726459 0.210505
vt 0.732530 0.211381
vt 0.452674 0.335309
vt 0.449358 0.340465
vt 0.452674 0.034455
vt 0.449358 0.029295
vt 0.726459 0.159610
vt 0.732530 0.158741
vt 0.498990 0.356481
vt 0.497262 0.362363
vt 0.414194 0.067760
vt 0.409558 0.063742
vt 0.712114 0.110767
vt 0.717693 0.108223
vt 0.549390 0.363757
vt 0.549390 0.369888
vt 0.386666 0.110558
vt 0.381086 0.108008
vt 0.684586 0.067933
vt 0.689222 0.063921
vt 0.599789 0.356546
vt 0.601517 0.362430
vt 0.372320 0.159383
vt 0.366249 0.158507
vt 0.646105 0.034579
vt 0.649421 0.029423
vt 0.646105 0.335433
vt 0.649421 0.340593
vt 0.663386 0.283752
vt 0.667116 0.286985
vt 0.633607 0.315987
vt 0.630939 0.311835
vt 0.591886 0.040305
vt 0.593276 0.035573
vt 0.633607 0.054009
vt 0.630939 0.058158
vt 0.400086 0.206306
vt 0.395201 0.207005
vt 0.395201 0.162686
vt 0.400086 0.163391
vt 0.593276 0.334371
vt 0.591886 0.329637
vt 0.667116 0.083053
vt 0.663386 0.086281
vt 0.407693 0.120170
vt 0.412182 0.122223
vt 0.549390 0.340651
vt 0.549390 0.335717
vt 0.691087 0.120352
vt 0.686597 0.122398
vt 0.431663 0.082903
vt 0.435393 0.086135
vt 0.505503 0.334315
vt 0.506893 0.329583
vt 0.703578 0.162883
vt 0.698693 0.163582
vt 0.465172 0.053901
vt 0.467840 0.058053
vt 0.465172 0.315879
vt 0.467840 0.311730
vt 0.703578 0.207202
vt 0.698693 0.206497
vt 0.505503 0.035517
vt 0.506893 0.040251
vt 0.431663 0.286835
vt 0.435393 0.283607
vt 0.691087 0.249717
vt 0.686597 0.247665
vt 0.549390 0.029237
vt 0.549390 0.034171
vt 0.407693 0.249536
vt 0.412182 0.247490
vt 0.013578 0.497136
vt 0.010960 0.496758
vt 0.021779 0.459921
vt 0.024185 0.461021
vt 0.181771 0.643003
vt 0.182516 0.645541
vt 0.144505 0.650977
vt 0.144505 0.648332
vt 0.244470 0.429520
vt 0.246469 0.427789
vt 0.267230 0.460110
vt 0.264825 0.461207
vt 0.042541 0.427632
vt 0.044540 0.429365
vt 0.106494 0.645482
vt 0.107239 0.642945
vt 0.278049 0.496964
vt 0.275432 0.497338
vt 0.071563 0.402507
vt 0.072993 0.404733
vt 0.071563 0.629503
vt 0.072993 0.627279
vt 0.278049 0.535365
vt 0.275432 0.534986
vt 0.106494 0.386582
vt 0.107239 0.389120
vt 0.042541 0.604333
vt 0.044540 0.602603
vt 0.267230 0.572202
vt 0.264825 0.571101
vt 0.144505 0.381146
vt 0.144505 0.383791
vt 0.021779 0.572012
vt 0.024185 0.570916
vt 0.246469 0.604491
vt 0.244470 0.602757
vt 0.182516 0.386640
vt 0.181771 0.389177
vt 0.010960 0.535159
vt 0.013578 0.534784
vt 0.217447 0.629616
vt 0.216017 0.627390
vt 0.217447 0.402620
vt 0.216017 0.404843
vt 0.641594 0.456186
vt 0.619461 0.421731
vt 0.621097 0.420314
vt 0.643563 0.455287
vt 0.402058 0.421690
vt 0.379925 0.456137
vt 0.377956 0.455237
vt 0.400423 0.420272
vt 0.470237 0.653971
vt 0.510760 0.659807
vt 0.510760 0.661972
vt 0.469628 0.656049
vt 0.653128 0.495481
vt 0.655271 0.495173
vt 0.432998 0.394878
vt 0.431828 0.393057
vt 0.432998 0.636952
vt 0.431828 0.638773
vt 0.653128 0.536433
vt 0.655271 0.536741
vt 0.470237 0.377873
vt 0.469628 0.375796
vt 0.402058 0.610129
vt 0.400423 0.611546
vt 0.641594 0.575723
vt 0.643563 0.576623
vt 0.510760 0.372053
vt 0.510760 0.369888
vt 0.379925 0.575674
vt 0.377956 0.576573
vt 0.619461 0.610170
vt 0.621097 0.611588
vt 0.551282 0.377889
vt 0.551892 0.375811
vt 0.368391 0.536379
vt 0.366249 0.536687
vt 0.588522 0.636982
vt 0.589692 0.638803
vt 0.588521 0.394908
vt 0.589692 0.393087
vt 0.368391 0.495427
vt 0.366249 0.495119
vt 0.551282 0.653987
vt 0.551892 0.656064
vt 0.183124 0.363939
vt 0.233519 0.356708
vt 0.235247 0.362595
vt 0.183124 0.370073
vt 0.345834 0.110771
vt 0.318308 0.067925
vt 0.322944 0.063909
vt 0.351413 0.108225
vt 0.047941 0.067837
vt 0.020415 0.110665
vt 0.014836 0.108115
vt 0.043305 0.063818
vt 0.132730 0.356675
vt 0.131002 0.362561
vt 0.360178 0.159634
vt 0.366249 0.158763
vt 0.086418 0.034503
vt 0.083102 0.029341
vt 0.086418 0.335507
vt 0.083102 0.340667
vt 0.360178 0.210555
vt 0.366249 0.211430
vt 0.132730 0.013365
vt 0.131002 0.007478
vt 0.047940 0.302148
vt 0.043305 0.306164
vt 0.345834 0.259408
vt 0.351413 0.261959
vt 0.183124 0.006134
vt 0.183124 0.000000
vt 0.020415 0.259302
vt 0.014836 0.261849
vt 0.318308 0.302237
vt 0.322944 0.306255
vt 0.233519 0.013398
vt 0.235247 0.007512
vt 0.006071 0.210439
vt 0.000000 0.211310
vt 0.279831 0.335570
vt 0.283147 0.340732
vt 0.279831 0.034566
vt 0.283147 0.029407
vt 0.006071 0.159518
vt 0.000000 0.158643
vt 0.045929 0.122327
vt 0.033834 0.163520
vt 0.028950 0.162816
vt 0.041440 0.120275
vt 0.297110 0.086289
vt 0.264667 0.058161
vt 0.267335 0.054010
vt 0.300840 0.083058
vt 0.225617 0.329789
vt 0.264667 0.311965
vt 0.267335 0.316118
vt 0.227007 0.334525
vt 0.033834 0.206456
vt 0.028950 0.207157
vt 0.225617 0.040312
vt 0.227007 0.035577
vt 0.297110 0.283859
vt 0.300840 0.287092
vt 0.045929 0.247657
vt 0.041440 0.249706
vt 0.183124 0.034188
vt 0.183124 0.029252
vt 0.320320 0.247746
vt 0.324809 0.249798
vt 0.069138 0.283784
vt 0.065409 0.287015
vt 0.140632 0.040284
vt 0.139242 0.035548
vt 0.332414 0.206553
vt 0.337299 0.207257
vt 0.101582 0.311912
vt 0.098914 0.316063
vt 0.101582 0.058108
vt 0.098914 0.053955
vt 0.332414 0.163617
vt 0.337299 0.162916
vt 0.140632 0.329761
vt 0.139242 0.334496
vt 0.069138 0.086214
vt 0.065409 0.082981
vt 0.320320 0.122416
vt 0.324809 0.120368
vt 0.183124 0.335885
vt 0.183124 0.340821
vt 0.510760 0.648249
vt 0.548027 0.642897
vt 0.548772 0.645435
vt 0.510760 0.650895
vt 0.390435 0.460940
vt 0.379827 0.497074
vt 0.377210 0.496697
vt 0.388029 0.459840
vt 0.610729 0.429298
vt 0.582275 0.404629
vt 0.583705 0.402404
vt 0.612728 0.427566
vt 0.582275 0.627258
vt 0.583705 0.629484
vt 0.379827 0.534736
vt 0.377210 0.535112
vt 0.548027 0.388977
vt 0.548772 0.386439
vt 0.610729 0.602600
vt 0.612728 0.604333
vt 0.390435 0.570875
vt 0.388029 0.571973
vt 0.510760 0.383611
vt 0.510760 0.380965
vt 0.631085 0.570920
vt 0.633490 0.572020
vt 0.410790 0.602562
vt 0.408791 0.604294
vt 0.473492 0.388963
vt 0.472747 0.386425
vt 0.641692 0.534786
vt 0.644310 0.535163
vt 0.439244 0.627231
vt 0.437815 0.629456
vt 0.439244 0.404602
vt 0.437815 0.402376
vt 0.641692 0.497124
vt 0.644310 0.496748
vt 0.473493 0.642883
vt 0.472747 0.645421
vt 0.410790 0.429260
vt 0.408791 0.427527
vt 0.631085 0.460985
vt 0.633490 0.459887
vt 0.985690 0.448143
vt 0.985690 0.491067
vt 0.984195 0.491067
vt 0.984195 0.448142
vt 0.971879 0.807822
vt 0.971052 0.778097
vt 0.972546 0.778094
vt 0.973373 0.807820
vt 0.333128 0.850724
vt 0.332877 0.798265
vt 0.334371 0.798262
vt 0.334623 0.850721
vt 0.985807 0.406629
vt 0.984312 0.406628
vt 0.824127 0.775349
vt 0.824955 0.812169
vt 0.823462 0.812165
vt 0.822634 0.775345
vt 0.333128 0.746597
vt 0.334623 0.746594
vt 0.986032 0.369888
vt 0.984537 0.369888
vt 0.825239 0.852933
vt 0.823746 0.852929
vt 0.333862 0.699906
vt 0.335356 0.699903
vt 0.819980 0.942273
vt 0.821329 0.973152
vt 0.819835 0.973148
vt 0.818487 0.942269
vt 0.824955 0.894339
vt 0.823462 0.894335
vt 0.335019 0.661975
vt 0.336513 0.661972
vt 0.819125 0.904239
vt 0.817631 0.904235
vt 0.824127 0.933033
vt 0.822634 0.933029
vt 0.978971 0.464623
vt 0.979247 0.508145
vt 0.977752 0.508145
vt 0.977476 0.464623
vt 0.818832 0.862130
vt 0.817338 0.862126
vt 0.822822 0.965879
vt 0.821329 0.965875
vt 0.972404 0.842860
vt 0.973898 0.842857
vt 0.979391 0.558263
vt 0.977895 0.558262
vt 0.819125 0.819358
vt 0.817631 0.819354
vt 0.974236 0.976551
vt 0.974656 0.942312
vt 0.976150 0.942311
vt 0.975731 0.976550
vt 0.972583 0.880370
vt 0.974078 0.880368
vt 0.979391 0.610916
vt 0.977895 0.610915
vt 0.819980 0.779388
vt 0.818487 0.779384
vt 0.974874 0.902819
vt 0.976369 0.902818
vt 0.972404 0.917315
vt 0.973898 0.917313
vt 0.979247 0.661838
vt 0.977752 0.661838
vt 0.821329 0.745457
vt 0.819835 0.745453
vt 0.974874 0.861270
vt 0.976369 0.861270
vt 0.971879 0.950701
vt 0.973373 0.950699
vt 0.978971 0.706905
vt 0.977476 0.706905
vt 0.977702 0.742275
vt 0.978135 0.706906
vt 0.979630 0.706905
vt 0.979197 0.742274
vt 0.974656 0.821034
vt 0.976150 0.821033
vt 0.971052 0.977824
vt 0.972546 0.977821
vt 0.981132 0.369892
vt 0.982786 0.407768
vt 0.981293 0.407764
vt 0.979639 0.369888
vt 0.977476 0.783071
vt 0.978971 0.783070
vt 0.974236 0.785368
vt 0.975731 0.785367
vt 0.970760 0.714535
vt 0.970957 0.745655
vt 0.969462 0.745655
vt 0.969265 0.714535
vt 0.977476 0.825990
vt 0.978971 0.825989
vt 0.972742 0.778094
vt 0.971829 0.745286
vt 0.973324 0.745283
vt 0.974236 0.778092
vt 0.970657 0.678699
vt 0.969162 0.678698
vt 0.977702 0.867554
vt 0.979197 0.867553
vt 0.971250 0.706615
vt 0.972745 0.706612
vt 0.970657 0.641050
vt 0.969162 0.641049
vt 0.978135 0.904397
vt 0.979630 0.904396
vt 0.971052 0.665214
vt 0.972546 0.665211
vt 0.970760 0.604638
vt 0.969265 0.604637
vt 0.975179 0.591545
vt 0.974236 0.557654
vt 0.975731 0.557651
vt 0.976673 0.591542
vt 0.971250 0.624438
vt 0.972745 0.624435
vt 0.970957 0.572413
vt 0.969462 0.572412
vt 0.983836 0.454422
vt 0.982342 0.454418
vt 0.971829 0.587589
vt 0.973324 0.587587
vt 0.982140 0.821821
vt 0.983322 0.848904
vt 0.981829 0.848901
vt 0.980646 0.821817
vt 0.984195 0.506075
vt 0.982702 0.506071
vt 0.972742 0.557654
vt 0.974236 0.557651
vt 0.981389 0.788461
vt 0.979896 0.788458
vt 0.983836 0.558541
vt 0.982342 0.558537
vt 0.987120 0.649190
vt 0.987338 0.683538
vt 0.985842 0.683537
vt 0.985625 0.649190
vt 0.981132 0.751528
vt 0.979639 0.751524
vt 0.982786 0.607570
vt 0.981293 0.607566
vt 0.987451 0.723091
vt 0.985956 0.723090
vt 0.981389 0.714012
vt 0.979896 0.714008
vt 0.981132 0.649190
vt 0.979639 0.649186
vt 0.975777 0.631492
vt 0.977272 0.631489
vt 0.987451 0.764644
vt 0.985956 0.764644
vt 0.982140 0.678954
vt 0.980646 0.678950
vt 0.983322 0.891440
vt 0.983853 0.848055
vt 0.985348 0.848054
vt 0.984817 0.891439
vt 0.975982 0.674258
vt 0.977476 0.674255
vt 0.987338 0.804833
vt 0.985842 0.804832
vt 0.983322 0.649194
vt 0.981829 0.649190
vt 0.984130 0.798013
vt 0.985625 0.798012
vt 0.975777 0.716380
vt 0.977272 0.716377
vt 0.987120 0.840399
vt 0.985625 0.840399
vt 0.967287 0.603435
vt 0.967667 0.572413
vt 0.969162 0.572412
vt 0.968782 0.603434
vt 0.984130 0.745367
vt 0.985625 0.745366
vt 0.975179 0.754444
vt 0.976673 0.754441
vt 0.822822 0.745457
vt 0.821329 0.745453
vt 0.967089 0.639218
vt 0.968584 0.639217
vt 0.983853 0.694383
vt 0.985348 0.694382
vt 0.974236 0.785367
vt 0.975731 0.785364
vt 0.967089 0.676862
vt 0.968584 0.676861
vt 0.983322 0.649191
vt 0.984817 0.649190
vt 0.985807 0.531925
vt 0.986032 0.567406
vt 0.984537 0.567405
vt 0.984312 0.531925
vt 0.967287 0.713318
vt 0.968782 0.713317
vt 0.335019 0.941296
vt 0.333862 0.899724
vt 0.335356 0.899721
vt 0.336513 0.941293
vt 0.967667 0.745632
vt 0.969162 0.745631
s 0
usemtl Material
f 1/1 20/2 19/3
f 2/4 26/5 40/6
f 1/1 19/3 54/7
f 1/1 54/7 68/8
f 1/1 68/8 41/9
f 2/4 40/6 89/10
f 3/11 33/12 103/13
f 4/14 61/15 117/16
f 5/17 75/18 131/19
f 6/20 82/21 145/22
f 2/4 89/10 104/23
f 3/11 103/13 118/24
f 4/14 117/16 132/25
f 5/17 131/19 146/26
f 6/20 145/22 90/27
f 7/28 159/29 194/30
f 8/31 166/32 208/33
f 9/34 173/35 215/36
f 10/37 180/38 222/39
f 11/40 187/41 195/42
f 201/43 216/44 12/45
f 200/46 223/47 201/43
f 199/48 224/49 200/46
f 198/50 226/51 199/48
f 197/52 229/53 198/50
f 196/54 233/55 197/52
f 195/42 238/56 196/57
f 201/43 223/47 216/44
f 223/47 217/58 216/44
f 200/46 224/49 223/47
f 224/49 225/59 223/47
f 223/47 225/59 217/58
f 225/59 218/60 217/58
f 199/48 226/51 224/49
f 226/51 227/61 224/49
f 224/49 227/61 225/59
f 227/61 228/62 225/59
f 225/59 228/62 218/60
f 228/62 219/63 218/60
f 198/50 229/53 226/51
f 229/53 230/64 226/51
f 226/51 230/64 227/61
f 230/64 231/65 227/61
f 227/61 231/65 228/62
f 231/65 232/66 228/62
f 228/62 232/66 219/63
f 232/66 220/67 219/63
f 197/52 233/55 229/53
f 233/55 234/68 229/53
f 229/53 234/68 230/64
f 234/68 235/69 230/64
f 230/64 235/69 231/65
f 235/69 236/70 231/65
f 231/65 236/70 232/66
f 236/70 237/71 232/66
f 232/66 237/71 220/67
f 237/71 221/72 220/67
f 196/57 238/56 233/73
f 238/56 239/74 233/73
f 233/73 239/74 234/75
f 239/74 240/76 234/75
f 234/75 240/76 235/77
f 240/76 241/78 235/77
f 235/77 241/78 236/79
f 241/78 242/80 236/79
f 236/79 242/80 237/81
f 242/80 243/82 237/81
f 237/81 243/82 221/83
f 243/82 222/39 221/83
f 195/42 187/41 238/56
f 187/41 186/84 238/56
f 238/56 186/84 239/74
f 186/84 185/85 239/74
f 239/74 185/85 240/76
f 185/85 184/86 240/76
f 240/76 184/86 241/78
f 184/86 183/87 241/78
f 241/78 183/87 242/80
f 183/87 182/88 242/80
f 242/80 182/88 243/82
f 182/88 181/89 243/82
f 243/82 181/89 222/39
f 181/89 10/37 222/39
f 216/44 209/90 12/45
f 217/58 244/91 216/44
f 218/60 245/92 217/58
f 219/63 247/93 218/60
f 220/67 250/94 219/63
f 221/72 254/95 220/67
f 222/96 259/97 221/72
f 216/44 244/91 209/90
f 244/91 210/98 209/90
f 217/58 245/92 244/91
f 245/92 246/99 244/91
f 244/91 246/99 210/98
f 246/99 211/100 210/98
f 218/60 247/93 245/92
f 247/93 248/101 245/92
f 245/92 248/101 246/99
f 248/101 249/102 246/99
f 246/99 249/102 211/100
f 249/102 212/103 211/100
f 219/63 250/94 247/93
f 250/94 251/104 247/93
f 247/93 251/104 248/101
f 251/104 252/105 248/101
f 248/101 252/105 249/102
f 252/105 253/106 249/102
f 249/102 253/106 212/103
f 253/106 213/107 212/103
f 220/67 254/95 250/94
f 254/95 255/108 250/94
f 250/94 255/108 251/104
f 255/108 256/109 251/104
f 251/104 256/109 252/105
f 256/109 257/110 252/105
f 252/105 257/110 253/106
f 257/110 258/111 253/106
f 253/106 258/111 213/107
f 258/111 214/112 213/107
f 221/72 259/97 254/95
f 259/97 260/113 254/95
f 254/95 260/113 255/108
f 260/114 261/115 255/116
f 255/108 261/117 256/109
f 261/115 262/118 256/119
f 256/119 262/118 257/120
f 262/118 263/121 257/120
f 257/120 263/121 258/122
f 263/121 264/123 258/122
f 258/122 264/123 214/124
f 264/123 215/36 214/124
f 222/39 180/38 259/125
f 180/126 179/127 259/128
f 259/128 179/127 260/114
f 179/127 178/129 260/114
f 260/114 178/129 261/115
f 178/129 177/130 261/115
f 261/115 177/130 262/118
f 177/130 176/131 262/118
f 262/118 176/131 263/121
f 176/131 175/132 263/121
f 263/121 175/132 264/123
f 175/132 174/133 264/123
f 264/123 174/133 215/36
f 174/133 9/34 215/36
f 209/90 202/134 12/45
f 210/98 265/135 209/90
f 211/100 266/136 210/98
f 212/103 268/137 211/100
f 213/107 271/138 212/103
f 214/112 275/139 213/107
f 215/36 280/140 214/124
f 209/90 265/135 202/134
f 265/135 203/141 202/134
f 210/98 266/136 265/135
f 266/136 267/142 265/135
f 265/135 267/142 203/141
f 267/142 204/143 203/141
f 211/100 268/137 266/136
f 268/137 269/144 266/136
f 266/136 269/144 267/142
f 269/144 270/145 267/142
f 267/142 270/145 204/143
f 270/145 205/146 204/143
f 212/103 271/138 268/137
f 271/138 272/147 268/137
f 268/137 272/147 269/144
f 272/147 273/148 269/144
f 269/144 273/148 270/145
f 273/148 274/149 270/145
f 270/145 274/149 205/146
f 274/149 206/150 205/146
f 213/107 275/139 271/138
f 275/139 276/151 271/138
f 271/138 276/151 272/147
f 276/151 277/152 272/147
f 272/147 277/152 273/148
f 277/152 278/153 273/148
f 273/148 278/153 274/149
f 278/153 279/154 274/149
f 274/149 279/154 206/150
f 279/154 207/155 206/150
f 214/124 280/140 275/156
f 280/140 281/157 275/156
f 275/139 281/158 276/151
f 281/158 282/159 276/151
f 276/151 282/159 277/152
f 282/159 283/160 277/152
f 277/152 283/160 278/153
f 283/161 284/162 278/163
f 278/163 284/162 279/164
f 284/162 285/165 279/164
f 279/164 285/165 207/166
f 285/165 208/33 207/166
f 215/36 173/35 280/140
f 173/35 172/167 280/140
f 280/140 172/167 281/157
f 172/167 171/168 281/157
f 281/157 171/168 282/169
f 171/170 170/171 282/172
f 282/172 170/171 283/161
f 170/171 169/173 283/161
f 283/161 169/173 284/162
f 169/173 168/174 284/162
f 284/162 168/174 285/165
f 168/174 167/175 285/165
f 285/165 167/175 208/33
f 167/175 8/31 208/33
f 202/134 188/176 12/45
f 203/141 286/177 202/134
f 204/143 287/178 203/141
f 205/146 289/179 204/143
f 206/150 292/180 205/146
f 207/155 296/181 206/150
f 208/33 301/182 207/166
f 202/134 286/177 188/176
f 286/177 189/183 188/176
f 203/141 287/178 286/177
f 287/178 288/184 286/177
f 286/177 288/184 189/183
f 288/184 190/185 189/183
f 204/143 289/179 287/178
f 289/179 290/186 287/178
f 287/178 290/186 288/184
f 290/186 291/187 288/184
f 288/184 291/187 190/185
f 291/187 191/188 190/185
f 205/146 292/180 289/179
f 292/180 293/189 289/179
f 289/179 293/189 290/186
f 293/189 294/190 290/186
f 290/186 294/190 291/187
f 294/190 295/191 291/187
f 291/187 295/191 191/188
f 295/191 192/192 191/188
f 206/150 296/181 292/180
f 296/181 297/193 292/180
f 292/180 297/193 293/189
f 297/193 298/194 293/189
f 293/189 298/194 294/190
f 298/194 299/195 294/190
f 294/190 299/195 295/191
f 299/195 300/196 295/191
f 295/191 300/196 192/192
f 300/197 193/198 192/199
f 207/166 301/182 296/200
f 301/182 302/201 296/200
f 296/200 302/201 297/202
f 302/201 303/203 297/202
f 297/193 303/204 298/194
f 303/204 304/205 298/194
f 298/194 304/205 299/195
f 304/205 305/206 299/195
f 299/195 305/206 300/196
f 305/207 306/208 300/197
f 300/197 306/208 193/198
f 306/208 194/30 193/198
f 208/33 166/32 301/182
f 166/32 165/209 301/182
f 301/182 165/209 302/201
f 165/209 164/210 302/201
f 302/201 164/210 303/203
f 164/210 163/211 303/203
f 303/203 163/211 304/212
f 163/213 162/214 304/215
f 304/215 162/214 305/207
f 162/214 161/216 305/207
f 305/207 161/216 306/208
f 161/216 160/217 306/208
f 306/208 160/217 194/30
f 160/217 7/28 194/30
f 188/176 201/43 12/45
f 189/183 307/218 188/176
f 190/185 308/219 189/183
f 191/188 310/220 190/185
f 192/192 313/221 191/188
f 193/198 317/222 192/199
f 194/30 322/223 193/198
f 188/176 307/218 201/43
f 307/218 200/46 201/43
f 189/183 308/219 307/218
f 308/219 309/224 307/218
f 307/218 309/224 200/46
f 309/224 199/48 200/46
f 190/185 310/220 308/219
f 310/220 311/225 308/219
f 308/219 311/225 309/224
f 311/225 312/226 309/224
f 309/224 312/226 199/48
f 312/226 198/50 199/48
f 191/188 313/221 310/220
f 313/221 314/227 310/220
f 310/220 314/227 311/225
f 314/227 315/228 311/225
f 311/225 315/228 312/226
f 315/228 316/229 312/226
f 312/226 316/229 198/50
f 316/229 197/52 198/50
f 192/192 317/230 313/221
f 317/230 318/231 313/221
f 313/221 318/231 314/227
f 318/231 319/232 314/227
f 314/227 319/232 315/228
f 319/232 320/233 315/228
f 315/228 320/233 316/229
f 320/233 321/234 316/229
f 316/229 321/234 197/52
f 321/234 196/54 197/52
f 193/198 322/223 317/222
f 322/223 323/235 317/222
f 317/222 323/235 318/236
f 323/235 324/237 318/236
f 318/236 324/237 319/238
f 324/237 325/239 319/238
f 319/232 325/240 320/233
f 325/240 326/241 320/233
f 320/233 326/241 321/234
f 326/241 327/242 321/234
f 321/234 327/242 196/54
f 327/243 195/42 196/57
f 194/30 159/29 322/223
f 159/29 158/244 322/223
f 322/223 158/244 323/235
f 158/244 157/245 323/235
f 323/235 157/245 324/237
f 157/245 156/246 324/237
f 324/237 156/246 325/239
f 156/246 155/247 325/239
f 325/239 155/247 326/248
f 155/247 154/249 326/248
f 326/248 154/249 327/250
f 154/251 153/252 327/243
f 327/243 153/252 195/42
f 153/252 11/40 195/42
f 96/253 187/41 11/40
f 95/254 328/255 96/253
f 94/256 329/257 95/254
f 93/258 331/259 94/256
f 92/260 334/261 93/258
f 91/262 338/263 92/260
f 90/27 343/264 91/262
f 96/253 328/255 187/41
f 328/255 186/84 187/41
f 95/254 329/257 328/255
f 329/257 330/265 328/255
f 328/255 330/265 186/84
f 330/265 185/85 186/84
f 94/256 331/259 329/257
f 331/259 332/266 329/257
f 329/257 332/266 330/265
f 332/266 333/267 330/265
f 330/265 333/267 185/85
f 333/267 184/86 185/85
f 93/258 334/261 331/259
f 334/261 335/268 331/259
f 331/259 335/268 332/266
f 335/268 336/269 332/266
f 332/266 336/269 333/267
f 336/269 337/270 333/267
f 333/267 337/270 184/86
f 337/270 183/87 184/86
f 92/260 338/263 334/261
f 338/263 339/271 334/261
f 334/261 339/271 335/268
f 339/271 340/272 335/268
f 335/268 340/272 336/269
f 340/272 341/273 336/269
f 336/269 341/273 337/270
f 341/273 342/274 337/270
f 337/270 342/274 183/87
f 342/274 182/88 183/87
f 91/262 343/264 338/263
f 343/264 344/275 338/263
f 338/263 344/275 339/271
f 344/275 345/276 339/271
f 339/271 345/276 340/272
f 345/276 346/277 340/272
f 340/272 346/277 341/273
f 346/277 347/278 341/273
f 341/273 347/278 342/274
f 347/278 348/279 342/274
f 342/274 348/279 182/88
f 348/279 181/89 182/88
f 90/27 145/22 343/264
f 145/22 144/280 343/264
f 343/264 144/280 344/275
f 144/280 143/281 344/275
f 344/275 143/281 345/276
f 143/281 142/282 345/276
f 345/276 142/282 346/277
f 142/282 141/283 346/277
f 346/277 141/283 347/278
f 141/283 140/284 347/278
f 347/278 140/284 348/279
f 140/284 139/285 348/279
f 348/279 139/285 181/89
f 139/285 10/37 181/89
f 152/286 180/38 10/37
f 151/287 349/288 152/289
f 150/290 350/291 151/287
f 149/292 352/293 150/290
f 148/294 355/295 149/292
f 147/296 359/297 148/294
f 146/26 364/298 147/296
f 152/289 349/288 180/126
f 349/288 179/127 180/126
f 151/287 350/291 349/288
f 350/291 351/299 349/288
f 349/288 351/299 179/127
f 351/299 178/129 179/127
f 150/290 352/293 350/291
f 352/293 353/300 350/291
f 350/291 353/300 351/299
f 353/300 354/301 351/299
f 351/299 354/301 178/129
f 354/301 177/130 178/129
f 149/292 355/295 352/293
f 355/295 356/302 352/293
f 352/293 356/302 353/300
f 356/302 357/303 353/300
f 353/300 357/303 354/301
f 357/303 358/304 354/301
f 354/301 358/304 177/130
f 358/304 176/131 177/130
f 148/294 359/297 355/295
f 359/297 360/305 355/295
f 355/295 360/305 356/302
f 360/305 361/306 356/302
f 356/302 361/306 357/303
f 361/306 362/307 357/303
f 357/303 362/307 358/304
f 362/307 363/308 358/304
f 358/304 363/308 176/131
f 363/308 175/132 176/131
f 147/296 364/298 359/297
f 364/298 365/309 359/297
f 359/297 365/309 360/305
f 365/309 366/310 360/305
f 360/305 366/310 361/306
f 366/310 367/311 361/306
f 361/306 367/311 362/307
f 367/311 368/312 362/307
f 362/307 368/312 363/308
f 368/312 369/313 363/308
f 363/308 369/313 175/132
f 369/313 174/133 175/132
f 146/26 131/19 364/298
f 131/19 130/314 364/298
f 364/298 130/314 365/309
f 130/314 129/315 365/309
f 365/309 129/315 366/310
f 129/315 128/316 366/310
f 366/310 128/316 367/311
f 128/316 127/317 367/311
f 367/311 127/317 368/312
f 127/317 126/318 368/312
f 368/312 126/318 369/313
f 126/318 125/319 369/313
f 369/313 125/319 174/133
f 125/319 9/34 174/133
f 138/320 173/35 9/34
f 137/321 370/322 138/320
f 136/323 371/324 137/321
f 135/325 373/326 136/323
f 134/327 376/328 135/325
f 133/329 380/330 134/331
f 132/25 385/332 133/329
f 138/320 370/322 173/35
f 370/322 172/167 173/35
f 137/321 371/324 370/322
f 371/324 372/333 370/322
f 370/322 372/333 172/167
f 372/333 171/168 172/167
f 136/323 373/326 371/324
f 373/326 374/334 371/324
f 371/324 374/334 372/333
f 374/334 375/335 372/333
f 372/333 375/335 171/168
f 375/336 170/171 171/170
f 135/325 376/328 373/326
f 376/337 377/338 373/339
f 373/326 377/340 374/334
f 377/338 378/341 374/342
f 374/342 378/341 375/336
f 378/341 379/343 375/336
f 375/336 379/343 170/171
f 379/343 169/173 170/171
f 134/331 380/330 376/337
f 380/330 381/344 376/337
f 376/337 381/344 377/338
f 381/344 382/345 377/338
f 377/338 382/345 378/341
f 382/345 383/346 378/341
f 378/341 383/346 379/343
f 383/346 384/347 379/343
f 379/343 384/347 169/173
f 384/347 168/174 169/173
f 133/329 385/332 380/330
f 385/332 386/348 380/330
f 380/330 386/348 381/344
f 386/348 387/349 381/344
f 381/344 387/349 382/345
f 387/349 388/350 382/345
f 382/345 388/350 383/346
f 388/350 389/351 383/346
f 383/346 389/351 384/347
f 389/351 390/352 384/347
f 384/347 390/352 168/174
f 390/352 167/175 168/174
f 132/25 117/16 385/332
f 117/16 116/353 385/332
f 385/332 116/353 386/348
f 116/353 115/354 386/348
f 386/348 115/354 387/349
f 115/354 114/355 387/349
f 387/349 114/355 388/350
f 114/355 113/356 388/350
f 388/350 113/356 389/351
f 113/356 112/357 389/351
f 389/351 112/357 390/352
f 112/357 111/358 390/352
f 390/352 111/358 167/175
f 111/358 8/31 167/175
f 124/359 166/32 8/31
f 123/360 391/361 124/359
f 122/362 392/363 123/360
f 121/364 394/365 122/362
f 120/366 397/367 121/364
f 119/368 401/369 120/366
f 118/24 406/370 119/368
f 124/359 391/361 166/32
f 391/361 165/209 166/32
f 123/360 392/363 391/361
f 392/363 393/371 391/361
f 391/361 393/371 165/209
f 393/371 164/210 165/209
f 122/362 394/365 392/363
f 394/365 395/372 392/363
f 392/363 395/372 393/371
f 395/372 396/373 393/371
f 393/371 396/373 164/210
f 396/373 163/211 164/210
f 121/364 397/367 394/365
f 397/367 398/374 394/365
f 394/365 398/374 395/372
f 398/374 399/375 395/372
f 395/372 399/375 396/373
f 399/375 400/376 396/373
f 396/373 400/376 163/211
f 400/377 162/214 163/213
f 120/366 401/369 397/367
f 401/369 402/378 397/367
f 397/367 402/378 398/374
f 402/378 403/379 398/374
f 398/374 403/379 399/375
f 403/380 404/381 399/382
f 399/382 404/381 400/377
f 404/381 405/383 400/377
f 400/377 405/383 162/214
f 405/383 161/216 162/214
f 119/368 406/370 401/369
f 406/370 407/384 401/369
f 401/369 407/384 402/378
f 407/384 408/385 402/378
f 402/378 408/385 403/379
f 408/386 409/387 403/380
f 403/380 409/387 404/381
f 409/387 410/388 404/381
f 404/381 410/388 405/383
f 410/388 411/389 405/383
f 405/383 411/389 161/216
f 411/389 160/217 161/216
f 118/24 103/13 406/370
f 103/13 102/390 406/370
f 406/370 102/390 407/384
f 102/391 101/392 407/393
f 407/393 101/392 408/386
f 101/392 100/394 408/386
f 408/386 100/394 409/387
f 100/394 99/395 409/387
f 409/387 99/395 410/388
f 99/395 98/396 410/388
f 410/388 98/396 411/389
f 98/396 97/397 411/389
f 411/389 97/397 160/217
f 97/397 7/28 160/217
f 110/398 159/29 7/28
f 109/399 412/400 110/398
f 108/401 413/402 109/399
f 107/403 415/404 108/401
f 106/405 418/406 107/403
f 105/407 422/408 106/405
f 104/23 427/409 105/407
f 110/398 412/400 159/29
f 412/400 158/244 159/29
f 109/399 413/402 412/400
f 413/402 414/410 412/400
f 412/400 414/410 158/244
f 414/410 157/245 158/244
f 108/401 415/404 413/402
f 415/404 416/411 413/402
f 413/402 416/411 414/410
f 416/411 417/412 414/410
f 414/410 417/412 157/245
f 417/412 156/246 157/245
f 107/403 418/406 415/404
f 418/406 419/413 415/404
f 415/404 419/413 416/411
f 419/413 420/414 416/411
f 416/411 420/414 417/412
f 420/414 421/415 417/412
f 417/412 421/415 156/246
f 421/415 155/247 156/246
f 106/405 422/408 418/406
f 422/408 423/416 418/406
f 418/406 423/416 419/413
f 423/416 424/417 419/413
f 419/413 424/417 420/414
f 424/417 425/418 420/414
f 420/414 425/418 421/415
f 425/418 426/419 421/415
f 421/415 426/419 155/247
f 426/419 154/249 155/247
f 105/407 427/409 422/408
f 427/409 428/420 422/408
f 422/408 428/420 423/416
f 428/420 429/421 423/416
f 423/416 429/421 424/417
f 429/421 430/422 424/417
f 424/417 430/422 425/418
f 430/422 431/423 425/418
f 425/418 431/423 426/419
f 431/423 432/424 426/419
f 426/419 432/424 154/249
f 432/425 153/252 154/251
f 104/23 89/10 427/409
f 89/10 88/426 427/409
f 427/409 88/426 428/420
f 88/426 87/427 428/420
f 428/420 87/427 429/421
f 87/427 86/428 429/421
f 429/421 86/428 430/422
f 86/428 85/429 430/422
f 430/422 85/429 431/423
f 85/429 84/430 431/423
f 431/431 84/432 432/425
f 84/432 83/433 432/425
f 432/425 83/433 153/252
f 83/433 11/40 153/252
f 139/285 152/286 10/37
f 140/284 433/434 139/285
f 141/283 434/435 140/284
f 142/282 436/436 141/283
f 143/281 439/437 142/282
f 144/280 443/438 143/281
f 145/22 448/439 144/280
f 139/285 433/434 152/286
f 433/434 151/440 152/286
f 140/284 434/435 433/434
f 434/435 435/441 433/434
f 433/434 435/441 151/440
f 435/442 150/290 151/287
f 141/283 436/436 434/435
f 436/436 437/443 434/435
f 434/435 437/443 435/441
f 437/443 438/444 435/441
f 435/442 438/445 150/290
f 438/445 149/292 150/290
f 142/282 439/437 436/436
f 439/437 440/446 436/436
f 436/436 440/446 437/443
f 440/446 441/447 437/443
f 437/443 441/447 438/444
f 441/448 442/449 438/445
f 438/445 442/449 149/292
f 442/449 148/294 149/292
f 143/281 443/438 439/437
f 443/438 444/450 439/437
f 439/437 444/450 440/446
f 444/450 445/451 440/446
f 440/446 445/451 441/447
f 445/451 446/452 441/447
f 441/448 446/453 442/449
f 446/453 447/454 442/449
f 442/449 447/454 148/294
f 447/454 147/296 148/294
f 144/280 448/439 443/438
f 448/439 449/455 443/438
f 443/438 449/455 444/450
f 449/455 450/456 444/450
f 444/450 450/456 445/451
f 450/456 451/457 445/451
f 445/451 451/457 446/452
f 451/458 452/459 446/453
f 446/453 452/459 447/454
f 452/459 453/460 447/454
f 447/454 453/460 147/296
f 453/460 146/26 147/296
f 145/22 82/21 448/439
f 82/21 81/461 448/439
f 448/439 81/461 449/455
f 81/461 80/462 449/455
f 449/455 80/462 450/456
f 80/462 79/463 450/456
f 450/456 79/463 451/457
f 79/463 78/464 451/457
f 451/458 78/465 452/459
f 78/465 77/466 452/459
f 452/459 77/466 453/460
f 77/466 76/467 453/460
f 453/460 76/467 146/26
f 76/467 5/17 146/26
f 125/319 138/320 9/34
f 126/318 454/468 125/319
f 127/317 455/469 126/318
f 128/316 457/470 127/317
f 129/315 460/471 128/316
f 130/314 464/472 129/315
f 131/19 469/473 130/314
f 125/319 454/468 138/320
f 454/468 137/321 138/320
f 126/318 455/469 454/468
f 455/469 456/474 454/468
f 454/468 456/474 137/321
f 456/474 136/323 137/321
f 127/317 457/470 455/469
f 457/470 458/475 455/469
f 455/469 458/475 456/474
f 458/475 459/476 456/474
f 456/474 459/476 136/323
f 459/476 135/325 136/323
f 128/316 460/471 457/470
f 460/471 461/477 457/470
f 457/470 461/477 458/475
f 461/477 462/478 458/475
f 458/475 462/478 459/476
f 462/478 463/479 459/476
f 459/476 463/479 135/325
f 463/479 134/327 135/325
f 129/315 464/472 460/471
f 464/472 465/480 460/471
f 460/471 465/480 461/477
f 465/480 466/481 461/477
f 461/477 466/481 462/478
f 466/481 467/482 462/478
f 462/478 467/482 463/479
f 467/482 468/483 463/479
f 463/479 468/483 134/327
f 468/483 133/484 134/327
f 130/314 469/473 464/472
f 469/473 470/485 464/472
f 464/472 470/485 465/480
f 470/485 471/486 465/480
f 465/480 471/486 466/481
f 471/486 472/487 466/481
f 466/481 472/487 467/482
f 472/487 473/488 467/482
f 467/482 473/488 468/483
f 473/488 474/489 468/483
f 468/483 474/489 133/484
f 474/490 132/25 133/329
f 131/19 75/18 469/473
f 75/18 74/491 469/473
f 469/473 74/491 470/485
f 74/491 73/492 470/485
f 470/485 73/492 471/486
f 73/492 72/493 471/486
f 471/486 72/493 472/487
f 72/493 71/494 472/487
f 472/487 71/494 473/488
f 71/494 70/495 473/488
f 473/488 70/495 474/489
f 70/495 69/496 474/489
f 474/490 69/497 132/25
f 69/497 4/14 132/25
f 111/358 124/359 8/31
f 112/357 475/498 111/358
f 113/356 476/499 112/357
f 114/355 478/500 113/356
f 115/354 481/501 114/355
f 116/353 485/502 115/354
f 117/16 490/503 116/353
f 111/358 475/498 124/359
f 475/498 123/360 124/359
f 112/357 476/499 475/498
f 476/499 477/504 475/498
f 475/498 477/504 123/360
f 477/504 122/362 123/360
f 113/356 478/500 476/499
f 478/500 479/505 476/499
f 476/499 479/505 477/504
f 479/505 480/506 477/504
f 477/504 480/506 122/362
f 480/506 121/364 122/362
f 114/355 481/501 478/500
f 481/501 482/507 478/500
f 478/500 482/507 479/505
f 482/507 483/508 479/505
f 479/505 483/508 480/506
f 483/508 484/509 480/506
f 480/506 484/509 121/364
f 484/509 120/366 121/364
f 115/354 485/502 481/501
f 485/502 486/510 481/501
f 481/501 486/510 482/507
f 486/510 487/511 482/507
f 482/507 487/511 483/508
f 487/511 488/512 483/508
f 483/508 488/512 484/509
f 488/512 489/513 484/509
f 484/509 489/513 120/366
f 489/513 119/368 120/366
f 116/353 490/503 485/502
f 490/503 491/514 485/502
f 485/502 491/514 486/510
f 491/514 492/515 486/510
f 486/510 492/515 487/511
f 492/515 493/516 487/511
f 487/511 493/516 488/512
f 493/516 494/517 488/512
f 488/512 494/517 489/513
f 494/517 495/518 489/513
f 489/513 495/518 119/368
f 495/518 118/24 119/368
f 117/16 61/15 490/503
f 61/15 60/519 490/503
f 490/503 60/519 491/514
f 60/519 59/520 491/514
f 491/514 59/520 492/515
f 59/520 58/521 492/515
f 492/515 58/521 493/516
f 58/521 57/522 493/516
f 493/516 57/522 494/517
f 57/522 56/523 494/517
f 494/517 56/523 495/518
f 56/523 55/524 495/518
f 495/518 55/524 118/24
f 55/524 3/11 118/24
f 97/397 110/398 7/28
f 98/396 496/525 97/397
f 99/395 497/526 98/396
f 100/394 499/527 99/395
f 101/392 502/528 100/394
f 102/391 506/529 101/392
f 103/530 511/531 102/391
f 97/397 496/525 110/398
f 496/525 109/399 110/398
f 98/396 497/526 496/525
f 497/526 498/532 496/525
f 496/525 498/532 109/399
f 498/532 108/401 109/399
f 99/395 499/527 497/526
f 499/527 500/533 497/526
f 497/526 500/533 498/532
f 500/533 501/534 498/532
f 498/532 501/534 108/401
f 501/534 107/403 108/401
f 100/394 502/528 499/527
f 502/528 503/535 499/527
f 499/527 503/535 500/533
f 503/535 504/536 500/533
f 500/533 504/536 501/534
f 504/536 505/537 501/534
f 501/534 505/537 107/403
f 505/537 106/405 107/403
f 101/392 506/529 502/528
f 506/529 507/538 502/528
f 502/528 507/538 503/535
f 507/538 508/539 503/535
f 503/535 508/539 504/536
f 508/539 509/540 504/536
f 504/536 509/540 505/537
f 509/540 510/541 505/537
f 505/537 510/541 106/405
f 510/541 105/407 106/405
f 102/391 511/531 506/529
f 511/531 512/542 506/529
f 506/529 512/542 507/538
f 512/542 513/543 507/538
f 507/538 513/543 508/539
f 513/543 514/544 508/539
f 508/539 514/544 509/540
f 514/544 515/545 509/540
f 509/540 515/545 510/541
f 515/545 516/546 510/541
f 510/541 516/546 105/407
f 516/546 104/23 105/407
f 103/530 33/547 511/531
f 33/547 32/548 511/531
f 511/531 32/548 512/542
f 32/548 31/549 512/542
f 512/542 31/549 513/543
f 31/549 30/550 513/543
f 513/543 30/550 514/544
f 30/550 29/551 514/544
f 514/544 29/551 515/545
f 29/551 28/552 515/545
f 515/545 28/552 516/546
f 28/552 27/553 516/546
f 516/546 27/553 104/23
f 27/553 2/4 104/23
f 83/433 96/253 11/40
f 84/432 517/554 83/433
f 85/555 518/556 84/432
f 86/428 520/557 85/429
f 87/427 523/558 86/428
f 88/426 527/559 87/427
f 89/10 532/560 88/426
f 83/433 517/554 96/253
f 517/554 95/254 96/253
f 84/432 518/556 517/554
f 518/556 519/561 517/554
f 517/554 519/561 95/254
f 519/561 94/256 95/254
f 85/555 520/562 518/556
f 520/562 521/563 518/556
f 518/556 521/563 519/561
f 521/563 522/564 519/561
f 519/561 522/564 94/256
f 522/564 93/258 94/256
f 86/428 523/558 520/557
f 523/565 524/566 520/562
f 520/562 524/566 521/563
f 524/566 525/567 521/563
f 521/563 525/567 522/564
f 525/567 526/568 522/564
f 522/564 526/568 93/258
f 526/568 92/260 93/258
f 87/427 527/559 523/558
f 527/559 528/569 523/558
f 523/565 528/570 524/566
f 528/570 529/571 524/566
f 524/566 529/571 525/567
f 529/571 530/572 525/567
f 525/567 530/572 526/568
f 530/572 531/573 526/568
f 526/568 531/573 92/260
f 531/573 91/262 92/260
f 88/426 532/560 527/559
f 532/560 533/574 527/559
f 527/559 533/574 528/569
f 533/575 534/576 528/570
f 528/570 534/576 529/571
f 534/576 535/577 529/571
f 529/571 535/577 530/572
f 535/577 536/578 530/572
f 530/572 536/578 531/573
f 536/578 537/579 531/573
f 531/573 537/579 91/262
f 537/579 90/27 91/262
f 89/10 40/6 532/560
f 40/6 39/580 532/560
f 532/560 39/580 533/574
f 39/580 38/581 533/574
f 533/575 38/582 534/576
f 38/582 37/583 534/576
f 534/576 37/583 535/577
f 37/583 36/584 535/577
f 535/577 36/584 536/578
f 36/584 35/585 536/578
f 536/578 35/585 537/579
f 35/585 34/586 537/579
f 537/579 34/586 90/27
f 34/586 6/20 90/27
f 47/587 82/21 6/20
f 46/588 538/589 47/587
f 45/590 539/591 46/592
f 44/593 541/594 45/590
f 43/595 544/596 44/593
f 42/597 548/598 43/595
f 41/9 553/599 42/597
f 47/587 538/589 82/21
f 538/589 81/461 82/21
f 46/588 539/600 538/589
f 539/600 540/601 538/589
f 538/589 540/601 81/461
f 540/601 80/462 81/461
f 45/590 541/594 539/591
f 541/594 542/602 539/591
f 539/600 542/603 540/601
f 542/603 543/604 540/601
f 540/601 543/604 80/462
f 543/604 79/463 80/462
f 44/593 544/596 541/594
f 544/596 545/605 541/594
f 541/594 545/605 542/602
f 545/605 546/606 542/602
f 542/602 546/606 543/607
f 546/606 547/608 543/607
f 543/604 547/609 79/463
f 547/609 78/464 79/463
f 43/595 548/598 544/596
f 548/598 549/610 544/596
f 544/596 549/610 545/605
f 549/610 550/611 545/605
f 545/605 550/611 546/606
f 550/611 551/612 546/606
f 546/606 551/612 547/608
f 551/612 552/613 547/608
f 547/614 552/615 78/465
f 552/615 77/466 78/465
f 42/597 553/599 548/598
f 553/599 554/616 548/598
f 548/598 554/616 549/610
f 554/616 555/617 549/610
f 549/610 555/617 550/611
f 555/617 556/618 550/611
f 550/611 556/618 551/612
f 556/618 557/619 551/612
f 551/612 557/619 552/613
f 557/620 558/621 552/615
f 552/615 558/621 77/466
f 558/621 76/467 77/466
f 41/9 68/8 553/599
f 68/8 67/622 553/599
f 553/599 67/622 554/616
f 67/622 66/623 554/616
f 554/616 66/623 555/617
f 66/623 65/624 555/617
f 555/617 65/624 556/618
f 65/624 64/625 556/618
f 556/618 64/625 557/619
f 64/625 63/626 557/619
f 557/620 63/627 558/621
f 63/627 62/628 558/621
f 558/621 62/628 76/467
f 62/628 5/17 76/467
f 62/628 75/18 5/17
f 63/627 559/629 62/628
f 64/625 560/630 63/626
f 65/624 562/631 64/625
f 66/623 565/632 65/624
f 67/622 569/633 66/623
f 68/8 574/634 67/622
f 62/628 559/629 75/18
f 559/629 74/491 75/18
f 63/627 560/635 559/629
f 560/635 561/636 559/629
f 559/629 561/636 74/491
f 561/636 73/492 74/491
f 64/625 562/631 560/630
f 562/631 563/637 560/630
f 560/635 563/638 561/636
f 563/638 564/639 561/636
f 561/636 564/639 73/492
f 564/639 72/493 73/492
f 65/624 565/632 562/631
f 565/632 566/640 562/631
f 562/631 566/640 563/637
f 566/640 567/641 563/637
f 563/637 567/641 564/642
f 567/643 568/644 564/639
f 564/639 568/644 72/493
f 568/644 71/494 72/493
f 66/623 569/633 565/632
f 569/633 570/645 565/632
f 565/632 570/645 566/640
f 570/645 571/646 566/640
f 566/640 571/646 567/641
f 571/646 572/647 567/641
f 567/641 572/647 568/648
f 572/647 573/649 568/648
f 568/644 573/650 71/494
f 573/650 70/495 71/494
f 67/622 574/634 569/633
f 574/634 575/651 569/633
f 569/633 575/651 570/645
f 575/651 576/652 570/645
f 570/645 576/652 571/646
f 576/652 577/653 571/646
f 571/646 577/653 572/647
f 577/653 578/654 572/647
f 572/647 578/654 573/649
f 578/654 579/655 573/649
f 573/650 579/656 70/495
f 579/657 69/497 70/658
f 68/8 54/7 574/634
f 54/7 53/659 574/634
f 574/634 53/659 575/651
f 53/659 52/660 575/651
f 575/651 52/660 576/652
f 52/660 51/661 576/652
f 576/652 51/661 577/653
f 51/661 50/662 577/653
f 577/653 50/662 578/654
f 50/662 49/663 578/654
f 578/654 49/663 579/655
f 49/664 48/665 579/657
f 579/657 48/665 69/497
f 48/665 4/14 69/497
f 48/665 61/15 4/14
f 49/664 580/666 48/665
f 50/662 581/667 49/663
f 51/661 583/668 50/662
f 52/660 586/669 51/661
f 53/659 590/670 52/660
f 54/7 595/671 53/659
f 48/665 580/666 61/15
f 580/666 60/519 61/15
f 49/664 581/672 580/666
f 581/672 582/673 580/666
f 580/666 582/673 60/519
f 582/673 59/520 60/519
f 50/662 583/668 581/667
f 583/668 584/674 581/667
f 581/672 584/675 582/673
f 584/675 585/676 582/673
f 582/673 585/676 59/520
f 585/676 58/521 59/520
f 51/661 586/669 583/668
f 586/669 587/677 583/668
f 583/668 587/677 584/674
f 587/677 588/678 584/674
f 584/675 588/679 585/676
f 588/679 589/680 585/676
f 585/676 589/680 58/521
f 589/680 57/522 58/521
f 52/660 590/670 586/669
f 590/670 591/681 586/669
f 586/669 591/681 587/677
f 591/681 592/682 587/677
f 587/677 592/682 588/678
f 592/682 593/683 588/678
f 588/679 593/684 589/680
f 593/684 594/685 589/680
f 589/680 594/685 57/522
f 594/685 56/523 57/522
f 53/659 595/671 590/670
f 595/671 596/686 590/670
f 590/670 596/686 591/681
f 596/686 597/687 591/681
f 591/681 597/687 592/682
f 597/687 598/688 592/682
f 592/682 598/688 593/683
f 598/688 599/689 593/683
f 593/684 599/690 594/685
f 599/690 600/691 594/685
f 594/685 600/691 56/523
f 600/691 55/524 56/523
f 54/7 19/3 595/671
f 19/3 18/692 595/671
f 595/671 18/692 596/686
f 18/692 17/693 596/686
f 596/686 17/693 597/687
f 17/693 16/694 597/687
f 597/687 16/694 598/688
f 16/694 15/695 598/688
f 598/688 15/695 599/689
f 15/695 14/696 599/689
f 599/689 14/696 600/697
f 14/698 13/699 600/691
f 600/691 13/699 55/524
f 13/699 3/11 55/524
f 34/586 47/587 6/20
f 35/585 601/700 34/586
f 36/584 602/701 35/585
f 37/583 604/702 36/584
f 38/582 607/703 37/583
f 39/580 611/704 38/581
f 40/6 616/705 39/580
f 34/586 601/700 47/587
f 601/700 46/588 47/587
f 35/585 602/701 601/700
f 602/701 603/706 601/700
f 601/700 603/706 46/588
f 603/707 45/590 46/592
f 36/584 604/702 602/701
f 604/702 605/708 602/701
f 602/701 605/708 603/706
f 605/709 606/710 603/707
f 603/707 606/710 45/590
f 606/710 44/593 45/590
f 37/583 607/703 604/702
f 607/711 608/712 604/713
f 604/713 608/712 605/709
f 608/712 609/714 605/709
f 605/709 609/714 606/710
f 609/714 610/715 606/710
f 606/710 610/715 44/593
f 610/715 43/595 44/593
f 38/716 611/717 607/711
f 611/717 612/718 607/711
f 607/711 612/718 608/712
f 612/718 613/719 608/712
f 608/712 613/719 609/714
f 613/719 614/720 609/714
f 609/714 614/720 610/715
f 614/720 615/721 610/715
f 610/715 615/721 43/595
f 615/721 42/597 43/595
f 39/580 616/705 611/704
f 616/722 617/723 611/717
f 611/717 617/723 612/718
f 617/723 618/724 612/718
f 612/718 618/724 613/719
f 618/724 619/725 613/719
f 613/719 619/725 614/720
f 619/725 620/726 614/720
f 614/720 620/726 615/721
f 620/726 621/727 615/721
f 615/721 621/727 42/597
f 621/727 41/9 42/597
f 40/6 26/5 616/705
f 26/5 25/728 616/705
f 616/722 25/729 617/723
f 25/729 24/730 617/723
f 617/723 24/730 618/724
f 24/730 23/731 618/724
f 618/724 23/731 619/725
f 23/731 22/732 619/725
f 619/725 22/732 620/726
f 22/732 21/733 620/726
f 620/726 21/733 621/727
f 21/733 20/2 621/727
f 621/727 20/2 41/9
f 20/2 1/1 41/9
f 13/699 33/12 3/11
f 14/696 622/734 13/735
f 15/695 623/736 14/696
f 16/694 625/737 15/695
f 17/693 628/738 16/694
f 18/692 632/739 17/693
f 19/3 637/740 18/692
f 13/699 622/741 33/12
f 622/742 32/548 33/547
f 14/696 623/736 622/734
f 623/736 624/743 622/734
f 622/742 624/744 32/548
f 624/744 31/549 32/548
f 15/695 625/737 623/736
f 625/737 626/745 623/736
f 623/736 626/745 624/743
f 626/745 627/746 624/743
f 624/744 627/747 31/549
f 627/747 30/550 31/549
f 16/694 628/738 625/737
f 628/738 629/748 625/737
f 625/737 629/748 626/745
f 629/748 630/749 626/745
f 626/745 630/749 627/746
f 630/750 631/751 627/747
f 627/747 631/751 30/550
f 631/751 29/551 30/550
f 17/693 632/739 628/738
f 632/739 633/752 628/738
f 628/738 633/752 629/748
f 633/752 634/753 629/748
f 629/748 634/753 630/749
f 634/753 635/754 630/749
f 630/749 635/754 631/755
f 635/756 636/757 631/751
f 631/751 636/757 29/551
f 636/757 28/552 29/551
f 18/692 637/740 632/739
f 637/740 638/758 632/739
f 632/739 638/758 633/752
f 638/758 639/759 633/752
f 633/752 639/759 634/753
f 639/759 640/760 634/753
f 634/753 640/760 635/754
f 640/760 641/761 635/754
f 635/754 641/761 636/762
f 641/763 642/764 636/757
f 636/757 642/764 28/552
f 642/764 27/553 28/552
f 19/3 20/2 637/740
f 20/2 21/733 637/740
f 637/740 21/733 638/758
f 21/733 22/732 638/758
f 638/758 22/732 639/759
f 22/732 23/731 639/759
f 639/759 23/731 640/760
f 23/731 24/730 640/760
f 640/760 24/730 641/761
f 24/730 25/729 641/761
f 641/763 25/728 642/764
f 25/728 26/5 642/764
f 642/764 26/5 27/553
f 26/5 2/4 27/553
f 643/765 658/766 659/767
f 644/768 671/769 665/770
f 643/765 680/771 658/766
f 643/765 686/772 680/771
f 643/765 672/773 686/772
f 644/768 696/774 671/769
f 645/775 704/776 670/777
f 646/778 714/779 682/780
f 644/768 705/781 696/774
f 645/775 715/782 704/776
f 646/778 726/783 714/779
f 647/784 733/785 725/786
f 648/787 762/788 742/789
f 649/790 777/791 750/792
f 650/793 782/794 754/795
f 763/796 651/797 778/798
f 783/799 779/800 780/801
f 784/802 783/799 785/803
f 783/799 780/801 785/803
f 785/803 780/801 781/804
f 786/805 784/802 787/806
f 784/802 785/803 787/806
f 787/806 785/803 788/807
f 785/803 781/804 788/807
f 789/808 786/805 790/809
f 786/805 787/806 790/809
f 790/809 787/806 791/810
f 787/806 788/807 791/810
f 792/811 789/812 793/813
f 789/812 790/814 793/813
f 793/813 790/814 794/815
f 790/814 791/816 794/815
f 758/817 792/811 757/818
f 792/811 793/813 757/818
f 757/818 793/813 756/819
f 793/813 794/815 756/819
f 755/820 782/794 650/793
f 778/798 651/797 771/821
f 780/801 779/800 796/822
f 781/804 780/801 798/823
f 778/798 771/821 795/824
f 795/824 771/821 772/825
f 795/824 772/825 797/826
f 797/826 772/825 773/827
f 780/801 796/822 798/823
f 798/823 796/822 799/828
f 797/826 773/827 800/829
f 800/829 773/827 774/830
f 781/804 798/823 801/831
f 801/831 798/823 802/832
f 798/823 799/828 802/832
f 802/832 799/828 803/833
f 800/829 774/830 804/834
f 804/834 774/830 775/835
f 801/831 802/832 805/836
f 805/836 802/832 806/837
f 802/832 803/833 806/837
f 806/837 803/833 807/838
f 804/834 775/835 808/839
f 808/839 775/835 776/840
f 805/836 806/837 809/841
f 809/842 806/843 810/844
f 806/837 807/838 810/845
f 810/844 807/846 811/847
f 808/848 776/849 812/850
f 812/850 776/849 777/791
f 809/842 810/844 753/851
f 753/851 810/844 752/852
f 810/844 811/847 752/852
f 812/850 777/791 751/853
f 751/853 777/791 649/790
f 771/821 651/797 764/854
f 772/825 771/821 813/855
f 773/827 772/825 814/856
f 774/830 773/827 815/857
f 775/835 774/830 816/858
f 776/840 775/835 817/859
f 777/791 776/849 818/860
f 771/821 764/854 813/855
f 772/825 813/855 814/856
f 773/827 814/856 815/857
f 774/830 815/857 816/858
f 775/835 816/858 817/859
f 776/840 817/859 818/861
f 777/791 818/860 750/792
f 764/854 651/797 759/862
f 765/863 764/854 819/864
f 766/865 765/863 820/866
f 767/867 766/865 822/868
f 768/869 767/867 824/870
f 769/871 768/869 826/872
f 770/873 769/874 831/875
f 764/854 759/862 819/864
f 819/864 759/862 760/876
f 765/863 819/864 820/866
f 820/866 819/864 821/877
f 819/864 760/876 821/877
f 766/865 820/866 822/868
f 822/868 820/866 823/878
f 820/866 821/877 823/878
f 767/867 822/868 824/870
f 824/870 822/868 825/879
f 822/868 823/878 825/879
f 768/869 824/870 826/872
f 826/872 824/870 827/880
f 824/870 825/879 827/880
f 769/874 826/881 831/875
f 831/875 826/881 832/882
f 826/881 827/883 832/882
f 832/882 827/883 833/884
f 827/885 828/886 833/887
f 833/887 828/886 834/888
f 828/886 829/889 834/888
f 834/888 829/889 835/890
f 829/889 830/891 835/890
f 835/892 830/893 836/894
f 830/893 761/895 836/894
f 836/894 761/895 762/788
f 770/873 831/875 749/896
f 749/896 831/875 748/897
f 831/875 832/882 748/897
f 748/897 832/882 747/898
f 832/882 833/884 747/898
f 747/898 833/884 746/899
f 833/884 834/900 746/899
f 746/899 834/900 745/901
f 834/902 835/892 745/903
f 745/903 835/892 744/904
f 835/892 836/894 744/904
f 744/904 836/894 743/905
f 836/894 762/788 743/905
f 743/905 762/788 648/787
f 759/862 651/797 763/796
f 760/876 759/862 837/906
f 762/788 761/895 846/907
f 759/862 763/796 837/906
f 840/908 838/909 841/910
f 838/909 839/911 841/910
f 841/910 839/911 842/912
f 840/908 841/910 843/913
f 843/913 841/910 844/914
f 841/910 842/912 844/914
f 844/914 842/912 845/915
f 843/913 844/914 847/916
f 847/916 844/914 848/917
f 844/914 845/915 848/917
f 848/917 845/915 849/918
f 762/788 846/907 742/789
f 847/919 848/920 741/921
f 741/921 848/920 740/922
f 848/920 849/923 740/922
f 740/924 849/925 739/926
f 698/927 699/928 851/929
f 697/930 698/927 853/931
f 699/928 850/932 851/929
f 851/929 850/932 852/933
f 850/932 758/817 852/933
f 852/933 758/817 757/818
f 698/927 851/929 853/931
f 853/931 851/929 854/934
f 851/929 852/933 854/934
f 854/934 852/933 855/935
f 852/933 757/818 855/935
f 855/935 757/818 756/819
f 697/930 853/931 856/936
f 856/936 853/931 857/937
f 853/931 854/934 857/937
f 857/937 854/934 858/938
f 856/936 857/937 859/939
f 859/939 857/937 860/940
f 857/937 858/938 860/940
f 860/940 858/938 861/941
f 859/939 860/940 862/942
f 862/942 860/940 863/943
f 860/940 861/941 863/943
f 863/943 861/941 864/944
f 862/942 863/943 732/945
f 732/945 863/943 731/946
f 863/943 864/944 731/946
f 731/946 864/944 730/947
f 864/944 865/948 730/947
f 730/947 865/948 729/949
f 865/948 755/820 729/949
f 729/949 755/820 650/793
f 738/950 650/793 754/795
f 736/951 737/952 866/953
f 735/954 736/951 867/955
f 733/785 734/956 872/957
f 736/951 866/953 867/955
f 734/956 868/958 872/957
f 872/957 868/958 873/959
f 868/958 869/960 873/959
f 873/959 869/960 874/961
f 869/960 870/962 874/961
f 874/961 870/962 875/963
f 870/962 871/964 875/963
f 875/963 871/964 876/965
f 733/785 872/957 725/786
f 725/786 872/957 724/966
f 872/957 873/959 724/966
f 724/966 873/959 723/967
f 873/959 874/961 723/967
f 723/967 874/961 722/968
f 874/961 875/963 722/968
f 722/968 875/963 721/969
f 875/963 876/965 721/969
f 721/969 876/965 720/970
f 719/971 751/853 649/790
f 728/972 649/790 750/792
f 726/783 727/973 880/974
f 727/973 877/975 880/974
f 880/974 877/975 881/976
f 877/975 878/977 881/976
f 881/976 878/977 882/978
f 878/977 879/979 882/978
f 882/978 879/979 883/980
f 726/783 880/974 714/779
f 714/779 880/974 713/981
f 880/974 881/976 713/981
f 713/981 881/976 712/982
f 881/976 882/978 712/982
f 712/982 882/978 711/983
f 882/978 883/980 711/983
f 711/983 883/980 710/984
f 717/985 718/986 884/987
f 716/988 717/985 885/989
f 717/985 884/987 885/989
f 885/989 884/987 886/990
f 716/988 885/989 887/991
f 887/991 885/989 888/992
f 885/989 886/990 888/992
f 703/993 889/994 702/995
f 889/994 890/996 702/995
f 702/995 890/996 701/997
f 890/996 891/998 701/997
f 701/997 891/998 700/999
f 891/998 743/905 700/999
f 700/999 743/905 648/787
f 709/1000 648/787 742/789
f 707/1001 708/1002 892/1003
f 706/1004 707/1001 893/1005
f 705/781 706/1004 895/1006
f 707/1001 892/1003 893/1005
f 894/1007 741/921 740/922
f 706/1004 893/1005 895/1006
f 896/1008 894/1007 897/1009
f 894/1007 740/922 897/1009
f 897/1009 740/922 739/1010
f 705/781 895/1006 696/774
f 695/1011 896/1008 694/1012
f 896/1008 897/1009 694/1012
f 694/1013 897/1014 693/1015
f 897/1014 739/1016 693/1015
f 729/949 650/793 738/950
f 730/947 729/949 898/1017
f 731/946 730/947 899/1018
f 732/945 731/946 901/1019
f 729/949 738/950 898/1017
f 730/947 898/1017 899/1018
f 899/1018 898/1017 900/1020
f 898/1017 737/1021 900/1020
f 900/1022 737/952 736/951
f 731/946 899/1018 901/1019
f 901/1019 899/1018 902/1023
f 899/1018 900/1020 902/1023
f 902/1023 900/1020 903/1024
f 900/1022 736/951 903/1025
f 903/1025 736/951 735/954
f 904/1026 901/1019 905/1027
f 901/1019 902/1023 905/1027
f 905/1027 902/1023 906/1028
f 902/1023 903/1024 906/1028
f 907/1029 904/1026 908/1030
f 904/1026 905/1027 908/1030
f 908/1030 905/1027 909/1031
f 905/1027 906/1028 909/1031
f 910/1032 907/1029 911/1033
f 907/1029 908/1030 911/1033
f 911/1033 908/1030 912/1034
f 908/1030 909/1031 912/1034
f 913/1035 734/956 733/785
f 692/1036 910/1032 691/1037
f 910/1032 911/1033 691/1037
f 691/1037 911/1033 690/1038
f 911/1033 912/1034 690/1038
f 689/1039 913/1035 688/1040
f 913/1035 733/785 688/1040
f 688/1040 733/785 647/784
f 719/971 649/790 728/972
f 721/969 720/970 914/1041
f 722/968 721/969 915/1042
f 721/969 914/1041 915/1042
f 915/1042 914/1041 916/1043
f 722/968 915/1042 917/1044
f 917/1044 915/1042 918/1045
f 915/1042 916/1043 918/1045
f 918/1045 916/1043 919/1046
f 917/1044 918/1045 920/1047
f 920/1047 918/1045 921/1048
f 918/1045 919/1046 921/1048
f 921/1048 919/1046 922/1049
f 920/1047 921/1048 923/1050
f 923/1050 921/1048 924/1051
f 921/1048 922/1049 924/1051
f 925/1052 727/973 726/783
f 925/1052 726/783 687/1053
f 687/1053 726/783 646/778
f 711/983 710/984 928/1054
f 712/982 711/983 931/1055
f 710/984 926/1056 928/1054
f 928/1054 926/1056 929/1057
f 926/1056 927/1058 929/1057
f 929/1057 927/1058 930/1059
f 927/1058 718/986 930/1059
f 930/1059 718/986 717/985
f 711/983 928/1054 931/1055
f 931/1055 928/1054 932/1060
f 928/1054 929/1057 932/1060
f 932/1060 929/1057 933/1061
f 929/1057 930/1059 933/1061
f 933/1061 930/1059 934/1062
f 930/1059 717/985 934/1062
f 934/1062 717/985 716/988
f 681/1063 715/782 645/775
f 700/999 648/787 709/1000
f 701/997 700/999 935/1064
f 702/995 701/997 936/1065
f 703/993 702/995 937/1066
f 700/999 709/1000 935/1064
f 701/997 935/1064 936/1065
f 702/995 936/1065 937/1066
f 937/1066 936/1065 938/1067
f 703/993 937/1066 939/1068
f 939/1068 937/1066 940/1069
f 937/1066 938/1067 940/1069
f 940/1069 938/1067 941/1070
f 942/1071 708/1002 707/1001
f 939/1068 940/1069 943/1072
f 943/1072 940/1069 944/1073
f 940/1069 941/1070 944/1073
f 944/1073 941/1070 945/1074
f 945/1074 942/1071 946/1075
f 942/1071 707/1001 946/1075
f 946/1075 707/1001 706/1004
f 943/1072 944/1073 947/1076
f 947/1076 944/1073 948/1077
f 944/1073 945/1074 948/1077
f 948/1077 945/1074 949/1078
f 945/1074 946/1075 949/1078
f 949/1078 946/1075 950/1079
f 946/1075 706/1004 950/1079
f 950/1079 706/1004 705/781
f 947/1076 948/1077 669/1080
f 669/1080 948/1077 668/1081
f 948/1077 949/1078 668/1081
f 668/1081 949/1078 667/1082
f 949/1078 950/1079 667/1082
f 950/1079 705/781 666/1083
f 666/1083 705/781 644/768
f 694/1013 693/1015 951/1084
f 695/1085 694/1013 952/1086
f 694/1013 951/1084 952/1086
f 952/1086 951/1084 953/1087
f 953/1087 699/928 698/927
f 695/1085 952/1086 954/1088
f 954/1088 952/1086 955/1089
f 952/1086 953/1087 955/1089
f 955/1089 953/1087 956/1090
f 953/1087 698/927 956/1090
f 956/1090 698/927 697/930
f 954/1088 955/1089 957/1091
f 957/1091 955/1089 958/1092
f 955/1089 956/1090 958/1092
f 958/1092 956/1090 959/1093
f 956/1090 697/930 959/1093
f 957/1091 958/1092 960/1094
f 960/1094 958/1092 961/1095
f 958/1092 959/1093 961/1095
f 674/1096 675/1097 962/1098
f 673/1099 674/1100 963/1101
f 675/1097 692/1036 962/1098
f 962/1098 692/1036 691/1037
f 674/1096 962/1098 963/1102
f 963/1102 962/1098 964/1103
f 962/1098 691/1037 964/1103
f 964/1103 691/1037 690/1038
f 965/1104 963/1105 966/1106
f 963/1102 964/1103 966/1107
f 966/1107 964/1103 967/1108
f 964/1103 690/1038 967/1108
f 968/1109 965/1104 969/1110
f 965/1104 966/1106 969/1110
f 969/1110 966/1106 970/1111
f 966/1106 967/1112 970/1111
f 971/1113 968/1109 972/1114
f 968/1109 969/1110 972/1114
f 972/1114 969/1110 973/1115
f 969/1110 970/1111 973/1115
f 971/1113 972/1114 975/1116
f 975/1116 972/1114 976/1117
f 972/1114 973/1115 976/1117
f 977/1118 974/1119 978/1120
f 974/1119 689/1039 978/1120
f 978/1120 689/1039 688/1040
f 685/1121 977/1118 684/1122
f 977/1118 978/1120 684/1122
f 684/1122 978/1120 683/1123
f 978/1120 688/1040 683/1123
f 683/1123 688/1040 647/784
f 684/1122 683/1123 979/1124
f 685/1121 684/1122 980/1125
f 684/1122 979/1124 980/1125
f 980/1125 979/1124 981/1126
f 685/1127 980/1128 982/1129
f 982/1129 980/1128 983/1130
f 980/1125 981/1126 983/1131
f 983/1131 981/1126 984/1132
f 982/1129 983/1130 985/1133
f 985/1133 983/1130 986/1134
f 983/1131 984/1132 986/1135
f 986/1135 984/1132 987/1136
f 985/1133 986/1134 988/1137
f 988/1137 986/1134 989/1138
f 986/1134 987/1139 989/1138
f 989/1138 987/1139 990/1140
f 988/1137 989/1138 991/1141
f 991/1141 989/1138 992/1142
f 989/1138 990/1140 992/1142
f 992/1142 990/1140 993/1143
f 679/1144 991/1141 678/1145
f 991/1141 992/1142 678/1145
f 678/1145 992/1142 677/1146
f 992/1142 993/1143 677/1146
f 677/1147 993/1148 676/1149
f 993/1148 687/1053 676/1149
f 676/1149 687/1053 646/778
f 676/1149 646/778 682/780
f 677/1147 676/1149 994/1150
f 678/1145 677/1146 995/1151
f 679/1144 678/1145 996/1152
f 676/1149 682/780 994/1150
f 677/1147 994/1150 995/1153
f 678/1145 995/1151 996/1152
f 680/771 997/1154 658/766
f 658/766 997/1154 657/1155
f 997/1154 998/1156 657/1155
f 657/1155 998/1156 656/1157
f 998/1156 999/1158 656/1157
f 656/1157 999/1158 655/1159
f 999/1158 1000/1160 655/1159
f 655/1159 1000/1160 654/1161
f 1000/1160 1001/1162 654/1161
f 654/1161 1001/1162 653/1163
f 1001/1164 1002/1165 653/1166
f 653/1166 1002/1165 652/1167
f 1002/1165 681/1063 652/1167
f 652/1167 681/1063 645/775
f 1003/1168 675/1097 674/1096
f 1004/1169 1003/1168 1005/1170
f 1003/1168 674/1096 1005/1170
f 1005/1171 674/1100 673/1099
f 1004/1169 1005/1170 1006/1172
f 1006/1173 1005/1171 1007/1174
f 1005/1171 673/1099 1007/1174
f 671/769 1008/1175 665/770
f 665/770 1008/1175 664/1176
f 1008/1175 1009/1177 664/1176
f 664/1178 1009/1179 663/1180
f 1009/1179 1010/1181 663/1180
f 663/1180 1010/1181 662/1182
f 1010/1181 1011/1183 662/1182
f 662/1182 1011/1183 661/1184
f 1011/1183 1012/1185 661/1184
f 661/1184 1012/1185 660/1186
f 1012/1185 1013/1187 660/1186
f 660/1186 1013/1187 659/767
f 1013/1187 672/773 659/767
f 659/767 672/773 643/765
f 652/1167 645/775 670/777
f 653/1163 652/1188 1014/1189
f 654/1161 653/1163 1015/1190
f 655/1159 654/1161 1016/1191
f 656/1157 655/1159 1017/1192
f 657/1155 656/1157 1019/1193
f 658/766 657/1155 1021/1194
f 652/1167 670/777 1014/1195
f 653/1163 1014/1189 1015/1190
f 654/1161 1015/1190 1016/1191
f 655/1159 1016/1191 1017/1192
f 1018/1196 669/1080 668/1081
f 656/1157 1017/1192 1019/1193
f 1018/1196 668/1081 1020/1197
f 1020/1197 668/1081 667/1082
f 657/1155 1019/1193 1021/1194
f 658/766 1021/1194 659/767
f 659/767 1021/1194 660/1186
f 1021/1194 1022/1198 660/1186
f 660/1186 1022/1198 661/1184
f 1022/1198 1023/1199 661/1184
f 661/1184 1023/1199 662/1182
f 1023/1199 1024/1200 662/1182
f 662/1182 1024/1200 663/1180
f 1024/1200 1025/1201 663/1180
f 663/1180 1025/1201 664/1178
f 1025/1202 1026/1203 664/1176
f 664/1176 1026/1203 665/770
f 1026/1203 666/1083 665/770
f 665/770 666/1083 644/768
f 1028/1204 1063/1205 1027/1206
f 1030/1207 1029/1208 1033/1209
f 1028/1204 1027/1206 1034/1210
f 1028/1204 1034/1210 1037/1211
f 1028/1204 1037/1211 1073/1212
f 1030/1207 1033/1209 1038/1213
f 1032/1214 1031/1215 1039/1216
f 1036/1217 1035/1218 1042/1219
f 1030/1207 1038/1213 1101/1220
f 1032/1214 1039/1216 1109/1221
f 1036/1217 1042/1219 1119/1222
f 1044/1223 1043/1224 1125/1225
f 1041/1226 1049/1227 1052/1228
f 1046/1229 1050/1230 1055/1231
f 1048/1232 1051/1233 1056/1234
f 1053/1235 1163/1236 1054/1237
f 1167/1238 1165/1239 1164/1240
f 1169/1241 1168/1242 1167/1238
f 1167/1238 1168/1242 1165/1239
f 1168/1242 1166/1243 1165/1239
f 1170/1244 1171/1245 1169/1241
f 1169/1241 1171/1245 1168/1242
f 1171/1245 1172/1246 1168/1242
f 1168/1242 1172/1246 1166/1243
f 1173/1247 1174/1248 1170/1244
f 1170/1244 1174/1248 1171/1245
f 1174/1248 1175/1249 1171/1245
f 1171/1245 1175/1249 1172/1246
f 1176/1250 1177/1251 1173/1252
f 1173/1252 1177/1251 1174/1253
f 1177/1251 1178/1254 1174/1253
f 1174/1253 1178/1254 1175/1255
f 1146/1256 1145/1257 1176/1250
f 1176/1250 1145/1257 1177/1251
f 1145/1257 1144/1258 1177/1251
f 1177/1251 1144/1258 1178/1254
f 1143/1259 1048/1232 1056/1234
f 1163/1236 1157/1260 1054/1237
f 1165/1239 1181/1261 1164/1240
f 1166/1243 1183/1262 1165/1239
f 1163/1236 1179/1263 1157/1260
f 1179/1263 1158/1264 1157/1260
f 1179/1263 1180/1265 1158/1264
f 1180/1265 1159/1266 1158/1264
f 1165/1239 1183/1262 1181/1261
f 1183/1262 1184/1267 1181/1261
f 1180/1265 1182/1268 1159/1266
f 1182/1268 1160/1269 1159/1266
f 1166/1243 1186/1270 1183/1262
f 1186/1270 1187/1271 1183/1262
f 1183/1262 1187/1271 1184/1267
f 1187/1271 1188/1272 1184/1267
f 1182/1268 1185/1273 1160/1269
f 1185/1273 1161/1274 1160/1269
f 1186/1270 1190/1275 1187/1271
f 1190/1275 1191/1276 1187/1271
f 1187/1271 1191/1276 1188/1272
f 1191/1276 1192/1277 1188/1272
f 1185/1273 1189/1278 1161/1274
f 1189/1278 1162/1279 1161/1274
f 1190/1275 1194/1280 1191/1276
f 1194/1281 1195/1282 1191/1283
f 1191/1283 1195/1282 1192/1284
f 1195/1282 1196/1285 1192/1284
f 1189/1286 1193/1287 1162/1288
f 1193/1287 1055/1231 1162/1288
f 1194/1281 1142/1289 1195/1282
f 1142/1289 1141/1290 1195/1282
f 1195/1282 1141/1290 1196/1285
f 1193/1287 1140/1291 1055/1231
f 1140/1291 1046/1229 1055/1231
f 1157/1260 1150/1292 1054/1237
f 1158/1264 1197/1293 1157/1260
f 1159/1266 1198/1294 1158/1264
f 1160/1269 1199/1295 1159/1266
f 1161/1274 1200/1296 1160/1269
f 1162/1279 1201/1297 1161/1274
f 1055/1231 1202/1298 1162/1288
f 1157/1260 1197/1293 1150/1292
f 1158/1264 1198/1294 1197/1293
f 1159/1266 1199/1295 1198/1294
f 1160/1269 1200/1296 1199/1295
f 1161/1274 1201/1297 1200/1296
f 1162/1288 1202/1298 1201/1299
f 1055/1231 1050/1230 1202/1298
f 1150/1292 1147/1300 1054/1237
f 1151/1301 1203/1302 1150/1292
f 1152/1303 1204/1304 1151/1301
f 1153/1305 1206/1306 1152/1303
f 1154/1307 1208/1308 1153/1305
f 1155/1309 1211/1310 1154/1307
f 1156/1311 1216/1312 1155/1313
f 1150/1292 1203/1302 1147/1300
f 1203/1302 1148/1314 1147/1300
f 1151/1301 1204/1304 1203/1302
f 1204/1304 1205/1315 1203/1302
f 1203/1302 1205/1315 1148/1314
f 1152/1303 1206/1306 1204/1304
f 1206/1306 1207/1316 1204/1304
f 1204/1304 1207/1316 1205/1315
f 1153/1305 1208/1308 1206/1306
f 1208/1308 1209/1317 1206/1306
f 1206/1306 1209/1317 1207/1316
f 1154/1307 1211/1310 1208/1308
f 1211/1310 1212/1318 1208/1308
f 1208/1308 1212/1318 1209/1317
f 1155/1313 1216/1312 1211/1319
f 1216/1312 1217/1320 1211/1319
f 1211/1319 1217/1320 1212/1321
f 1217/1320 1218/1322 1212/1321
f 1212/1323 1218/1324 1213/1325
f 1218/1324 1219/1326 1213/1325
f 1213/1325 1219/1326 1214/1327
f 1219/1326 1220/1328 1214/1327
f 1214/1327 1220/1328 1210/1329
f 1220/1330 1215/1331 1210/1332
f 1210/1332 1215/1331 1149/1333
f 1215/1331 1052/1228 1149/1333
f 1156/1311 1139/1334 1216/1312
f 1139/1334 1138/1335 1216/1312
f 1216/1312 1138/1335 1217/1320
f 1138/1335 1137/1336 1217/1320
f 1217/1320 1137/1336 1218/1322
f 1137/1336 1136/1337 1218/1322
f 1218/1322 1136/1337 1219/1338
f 1136/1339 1135/1340 1219/1341
f 1219/1341 1135/1340 1220/1330
f 1135/1340 1134/1342 1220/1330
f 1220/1330 1134/1342 1215/1331
f 1134/1342 1133/1343 1215/1331
f 1215/1331 1133/1343 1052/1228
f 1133/1343 1041/1226 1052/1228
f 1147/1300 1053/1235 1054/1237
f 1148/1314 1221/1344 1147/1300
f 1052/1228 1230/1345 1149/1333
f 1147/1300 1221/1344 1053/1235
f 1224/1346 1225/1347 1222/1348
f 1222/1348 1225/1347 1223/1349
f 1225/1347 1226/1350 1223/1349
f 1224/1346 1227/1351 1225/1347
f 1227/1351 1228/1352 1225/1347
f 1225/1347 1228/1352 1226/1350
f 1228/1352 1229/1353 1226/1350
f 1227/1351 1231/1354 1228/1352
f 1231/1354 1232/1355 1228/1352
f 1228/1352 1232/1355 1229/1353
f 1232/1355 1233/1356 1229/1353
f 1052/1228 1049/1227 1230/1345
f 1231/1357 1132/1358 1232/1359
f 1132/1358 1131/1360 1232/1359
f 1232/1359 1131/1360 1233/1361
f 1131/1362 1130/1363 1233/1364
f 1095/1365 1236/1366 1096/1367
f 1094/1368 1238/1369 1095/1365
f 1096/1367 1236/1366 1234/1370
f 1236/1366 1235/1371 1234/1370
f 1234/1370 1235/1371 1146/1256
f 1235/1371 1145/1257 1146/1256
f 1095/1365 1238/1369 1236/1366
f 1238/1369 1239/1372 1236/1366
f 1236/1366 1239/1372 1235/1371
f 1239/1372 1237/1373 1235/1371
f 1235/1371 1237/1373 1145/1257
f 1237/1373 1144/1258 1145/1257
f 1094/1368 1240/1374 1238/1369
f 1240/1374 1241/1375 1238/1369
f 1238/1369 1241/1375 1239/1372
f 1241/1375 1242/1376 1239/1372
f 1240/1374 1243/1377 1241/1375
f 1243/1377 1244/1378 1241/1375
f 1241/1375 1244/1378 1242/1376
f 1244/1378 1245/1379 1242/1376
f 1243/1377 1247/1380 1244/1378
f 1247/1380 1248/1381 1244/1378
f 1244/1378 1248/1381 1245/1379
f 1248/1381 1249/1382 1245/1379
f 1247/1380 1124/1383 1248/1381
f 1124/1383 1123/1384 1248/1381
f 1248/1381 1123/1384 1249/1382
f 1123/1384 1122/1385 1249/1382
f 1249/1382 1122/1385 1246/1386
f 1122/1385 1121/1387 1246/1386
f 1246/1386 1121/1387 1143/1259
f 1121/1387 1048/1232 1143/1259
f 1047/1388 1051/1233 1048/1232
f 1128/1389 1250/1390 1129/1391
f 1127/1392 1251/1393 1128/1389
f 1125/1225 1256/1394 1126/1395
f 1128/1389 1251/1393 1250/1390
f 1126/1395 1256/1394 1252/1396
f 1256/1394 1257/1397 1252/1396
f 1252/1396 1257/1397 1253/1398
f 1257/1397 1258/1399 1253/1398
f 1253/1398 1258/1399 1254/1400
f 1258/1399 1259/1401 1254/1400
f 1254/1400 1259/1401 1255/1402
f 1259/1401 1260/1403 1255/1402
f 1125/1225 1043/1224 1256/1394
f 1043/1224 1118/1404 1256/1394
f 1256/1394 1118/1404 1257/1397
f 1118/1404 1117/1405 1257/1397
f 1257/1397 1117/1405 1258/1399
f 1117/1405 1116/1406 1258/1399
f 1258/1399 1116/1406 1259/1401
f 1116/1406 1115/1407 1259/1401
f 1259/1401 1115/1407 1260/1403
f 1115/1407 1114/1408 1260/1403
f 1113/1409 1046/1229 1140/1291
f 1045/1410 1050/1230 1046/1229
f 1119/1222 1264/1411 1120/1412
f 1120/1412 1264/1411 1261/1413
f 1264/1411 1265/1414 1261/1413
f 1261/1413 1265/1414 1262/1415
f 1265/1414 1266/1416 1262/1415
f 1262/1415 1266/1416 1263/1417
f 1266/1416 1267/1418 1263/1417
f 1119/1222 1042/1219 1264/1411
f 1042/1219 1108/1419 1264/1411
f 1264/1411 1108/1419 1265/1414
f 1108/1419 1107/1420 1265/1414
f 1265/1414 1107/1420 1266/1416
f 1107/1420 1106/1421 1266/1416
f 1266/1416 1106/1421 1267/1418
f 1106/1421 1105/1422 1267/1418
f 1111/1423 1268/1424 1112/1425
f 1110/1426 1269/1427 1111/1423
f 1111/1423 1269/1427 1268/1424
f 1269/1427 1270/1428 1268/1424
f 1110/1426 1271/1429 1269/1427
f 1271/1429 1272/1430 1269/1427
f 1269/1427 1272/1430 1270/1428
f 1100/1431 1099/1432 1274/1433
f 1274/1433 1099/1432 1275/1434
f 1099/1432 1098/1435 1275/1434
f 1275/1434 1098/1435 1273/1436
f 1098/1435 1097/1437 1273/1436
f 1273/1436 1097/1437 1133/1343
f 1097/1437 1041/1226 1133/1343
f 1040/1438 1049/1227 1041/1226
f 1103/1439 1276/1440 1104/1441
f 1102/1442 1278/1443 1103/1439
f 1101/1220 1280/1444 1102/1442
f 1103/1439 1278/1443 1276/1440
f 1277/1445 1131/1360 1132/1358
f 1102/1442 1280/1444 1278/1443
f 1281/1446 1279/1447 1277/1445
f 1277/1445 1279/1447 1131/1360
f 1279/1448 1130/1363 1131/1362
f 1101/1220 1038/1213 1280/1444
f 1093/1449 1092/1450 1281/1451
f 1281/1452 1092/1453 1279/1448
f 1092/1453 1091/1454 1279/1448
f 1279/1448 1091/1454 1130/1363
f 1121/1387 1047/1388 1048/1232
f 1122/1385 1282/1455 1121/1387
f 1123/1384 1284/1456 1122/1385
f 1124/1383 1286/1457 1123/1384
f 1121/1387 1282/1455 1047/1388
f 1122/1385 1284/1456 1282/1455
f 1284/1456 1283/1458 1282/1455
f 1282/1455 1283/1458 1129/1459
f 1283/1460 1128/1389 1129/1391
f 1123/1384 1286/1457 1284/1456
f 1286/1457 1287/1461 1284/1456
f 1284/1456 1287/1461 1283/1458
f 1287/1461 1285/1462 1283/1458
f 1283/1460 1285/1463 1128/1389
f 1285/1463 1127/1392 1128/1389
f 1288/1464 1289/1465 1286/1457
f 1286/1457 1289/1465 1287/1461
f 1289/1465 1290/1466 1287/1461
f 1287/1461 1290/1466 1285/1462
f 1291/1467 1292/1468 1288/1464
f 1288/1464 1292/1468 1289/1465
f 1292/1468 1293/1469 1289/1465
f 1289/1465 1293/1469 1290/1466
f 1295/1470 1296/1471 1291/1467
f 1291/1467 1296/1471 1292/1468
f 1296/1471 1297/1472 1292/1468
f 1292/1468 1297/1472 1293/1469
f 1294/1473 1125/1225 1126/1395
f 1090/1474 1089/1475 1295/1470
f 1295/1470 1089/1475 1296/1471
f 1089/1475 1088/1476 1296/1471
f 1296/1471 1088/1476 1297/1472
f 1087/1477 1086/1478 1294/1473
f 1294/1473 1086/1478 1125/1225
f 1086/1478 1044/1223 1125/1225
f 1113/1409 1045/1410 1046/1229
f 1115/1407 1298/1479 1114/1408
f 1116/1406 1299/1480 1115/1407
f 1115/1407 1299/1480 1298/1479
f 1299/1480 1300/1481 1298/1479
f 1116/1406 1301/1482 1299/1480
f 1301/1482 1302/1483 1299/1480
f 1299/1480 1302/1483 1300/1481
f 1302/1483 1303/1484 1300/1481
f 1301/1482 1304/1485 1302/1483
f 1304/1485 1305/1486 1302/1483
f 1302/1483 1305/1486 1303/1484
f 1305/1486 1306/1487 1303/1484
f 1304/1485 1308/1488 1305/1486
f 1308/1488 1309/1489 1305/1486
f 1305/1486 1309/1489 1306/1487
f 1307/1490 1119/1222 1120/1412
f 1307/1490 1085/1491 1119/1222
f 1085/1491 1036/1217 1119/1222
f 1106/1421 1313/1492 1105/1422
f 1107/1420 1316/1493 1106/1421
f 1105/1422 1313/1492 1311/1494
f 1313/1492 1314/1495 1311/1494
f 1311/1494 1314/1495 1310/1496
f 1314/1495 1312/1497 1310/1496
f 1310/1496 1312/1497 1112/1425
f 1312/1497 1111/1423 1112/1425
f 1106/1421 1316/1493 1313/1492
f 1316/1493 1317/1498 1313/1492
f 1313/1492 1317/1498 1314/1495
f 1317/1498 1318/1499 1314/1495
f 1314/1495 1318/1499 1312/1497
f 1318/1499 1315/1500 1312/1497
f 1312/1497 1315/1500 1111/1423
f 1315/1500 1110/1426 1111/1423
f 1081/1501 1032/1214 1109/1221
f 1097/1437 1040/1438 1041/1226
f 1098/1435 1319/1502 1097/1437
f 1099/1432 1320/1503 1098/1435
f 1100/1431 1321/1504 1099/1432
f 1097/1437 1319/1502 1040/1438
f 1098/1435 1320/1503 1319/1502
f 1099/1432 1321/1504 1320/1503
f 1321/1504 1322/1505 1320/1503
f 1100/1431 1324/1506 1321/1504
f 1324/1506 1325/1507 1321/1504
f 1321/1504 1325/1507 1322/1505
f 1325/1507 1326/1508 1322/1505
f 1323/1509 1103/1439 1104/1441
f 1324/1506 1328/1510 1325/1507
f 1328/1510 1329/1511 1325/1507
f 1325/1507 1329/1511 1326/1508
f 1329/1511 1330/1512 1326/1508
f 1330/1512 1327/1513 1323/1509
f 1323/1509 1327/1513 1103/1439
f 1327/1513 1102/1442 1103/1439
f 1328/1510 1332/1514 1329/1511
f 1332/1514 1333/1515 1329/1511
f 1329/1511 1333/1515 1330/1512
f 1333/1515 1334/1516 1330/1512
f 1330/1512 1334/1516 1327/1513
f 1334/1516 1331/1517 1327/1513
f 1327/1513 1331/1517 1102/1442
f 1331/1517 1101/1220 1102/1442
f 1332/1514 1072/1518 1333/1515
f 1072/1518 1071/1519 1333/1515
f 1333/1515 1071/1519 1334/1516
f 1071/1519 1070/1520 1334/1516
f 1334/1516 1070/1520 1331/1517
f 1331/1517 1069/1521 1101/1220
f 1069/1521 1030/1207 1101/1220
f 1092/1453 1335/1522 1091/1454
f 1093/1523 1337/1524 1092/1453
f 1092/1453 1337/1524 1335/1522
f 1337/1524 1336/1525 1335/1522
f 1336/1525 1095/1365 1096/1367
f 1093/1523 1339/1526 1337/1524
f 1339/1526 1340/1527 1337/1524
f 1337/1524 1340/1527 1336/1525
f 1340/1527 1338/1528 1336/1525
f 1336/1525 1338/1528 1095/1365
f 1338/1528 1094/1368 1095/1365
f 1339/1526 1341/1529 1340/1527
f 1341/1529 1342/1530 1340/1527
f 1340/1527 1342/1530 1338/1528
f 1342/1530 1343/1531 1338/1528
f 1338/1528 1343/1531 1094/1368
f 1341/1529 1344/1532 1342/1530
f 1344/1532 1345/1533 1342/1530
f 1342/1530 1345/1533 1343/1531
f 1075/1534 1346/1535 1076/1536
f 1074/1537 1348/1538 1075/1539
f 1076/1536 1346/1535 1090/1474
f 1346/1535 1089/1475 1090/1474
f 1075/1534 1348/1540 1346/1535
f 1348/1540 1347/1541 1346/1535
f 1346/1535 1347/1541 1089/1475
f 1347/1541 1088/1476 1089/1475
f 1349/1542 1350/1543 1348/1544
f 1348/1540 1350/1545 1347/1541
f 1350/1545 1351/1546 1347/1541
f 1347/1541 1351/1546 1088/1476
f 1352/1547 1353/1548 1349/1542
f 1349/1542 1353/1548 1350/1543
f 1353/1548 1354/1549 1350/1543
f 1350/1543 1354/1549 1351/1550
f 1356/1551 1357/1552 1352/1547
f 1352/1547 1357/1552 1353/1548
f 1357/1552 1358/1553 1353/1548
f 1353/1548 1358/1553 1354/1549
f 1356/1551 1360/1554 1357/1552
f 1360/1554 1361/1555 1357/1552
f 1357/1552 1361/1555 1358/1553
f 1362/1556 1359/1557 1355/1558
f 1355/1558 1359/1557 1087/1477
f 1359/1557 1086/1478 1087/1477
f 1084/1559 1083/1560 1362/1561
f 1362/1556 1083/1562 1359/1557
f 1083/1562 1082/1563 1359/1557
f 1359/1557 1082/1563 1086/1478
f 1082/1563 1044/1223 1086/1478
f 1083/1562 1363/1564 1082/1563
f 1084/1559 1364/1565 1083/1560
f 1083/1562 1364/1566 1363/1564
f 1364/1566 1365/1567 1363/1564
f 1084/1559 1366/1568 1364/1565
f 1366/1568 1367/1569 1364/1565
f 1364/1566 1367/1570 1365/1567
f 1367/1570 1368/1571 1365/1567
f 1366/1568 1369/1572 1367/1569
f 1369/1572 1370/1573 1367/1569
f 1367/1569 1370/1573 1368/1574
f 1370/1575 1371/1576 1368/1577
f 1369/1572 1372/1578 1370/1573
f 1372/1578 1373/1579 1370/1573
f 1370/1573 1373/1579 1371/1580
f 1373/1579 1374/1581 1371/1580
f 1372/1578 1376/1582 1373/1579
f 1376/1582 1377/1583 1373/1579
f 1373/1579 1377/1583 1374/1581
f 1377/1583 1375/1584 1374/1581
f 1080/1585 1079/1586 1376/1582
f 1376/1582 1079/1586 1377/1583
f 1079/1586 1078/1587 1377/1583
f 1377/1583 1078/1587 1375/1584
f 1078/1588 1077/1589 1375/1590
f 1375/1590 1077/1589 1085/1491
f 1077/1589 1036/1217 1085/1491
f 1077/1589 1035/1218 1036/1217
f 1078/1588 1378/1591 1077/1589
f 1079/1586 1379/1592 1078/1587
f 1080/1585 1380/1593 1079/1586
f 1077/1589 1378/1591 1035/1218
f 1078/1588 1379/1594 1378/1591
f 1079/1586 1380/1593 1379/1592
f 1034/1210 1027/1206 1382/1595
f 1027/1206 1062/1596 1382/1595
f 1382/1595 1062/1596 1383/1597
f 1062/1596 1061/1598 1383/1597
f 1383/1597 1061/1598 1384/1599
f 1061/1598 1060/1600 1384/1599
f 1384/1599 1060/1600 1385/1601
f 1060/1600 1059/1602 1385/1601
f 1385/1601 1059/1602 1386/1603
f 1059/1602 1058/1604 1386/1603
f 1386/1603 1058/1604 1381/1605
f 1058/1606 1057/1607 1381/1608
f 1381/1608 1057/1607 1081/1501
f 1057/1607 1032/1214 1081/1501
f 1387/1609 1075/1534 1076/1536
f 1389/1610 1388/1611 1387/1609
f 1387/1609 1388/1611 1075/1534
f 1388/1612 1074/1537 1075/1539
f 1389/1610 1390/1613 1388/1611
f 1390/1614 1391/1615 1388/1612
f 1388/1612 1391/1615 1074/1537
f 1033/1209 1029/1208 1393/1616
f 1029/1208 1068/1617 1393/1616
f 1393/1618 1068/1619 1394/1620
f 1068/1619 1067/1621 1394/1620
f 1394/1620 1067/1621 1395/1622
f 1067/1621 1066/1623 1395/1622
f 1395/1622 1066/1623 1396/1624
f 1066/1623 1065/1625 1396/1624
f 1396/1624 1065/1625 1397/1626
f 1065/1625 1064/1627 1397/1626
f 1397/1626 1064/1627 1392/1628
f 1064/1627 1063/1205 1392/1628
f 1392/1628 1063/1205 1073/1212
f 1063/1205 1028/1204 1073/1212
f 1057/1607 1031/1215 1032/1214
f 1058/1604 1398/1629 1057/1630
f 1059/1602 1399/1631 1058/1604
f 1060/1600 1400/1632 1059/1602
f 1061/1598 1402/1633 1060/1600
f 1062/1596 1404/1634 1061/1598
f 1027/1206 1406/1635 1062/1596
f 1057/1607 1398/1636 1031/1215
f 1058/1604 1399/1631 1398/1629
f 1059/1602 1400/1632 1399/1631
f 1060/1600 1402/1633 1400/1632
f 1401/1637 1071/1519 1072/1518
f 1061/1598 1404/1634 1402/1633
f 1401/1637 1403/1638 1071/1519
f 1403/1638 1070/1520 1071/1519
f 1062/1596 1406/1635 1404/1634
f 1027/1206 1063/1205 1406/1635
f 1063/1205 1064/1627 1406/1635
f 1406/1635 1064/1627 1407/1639
f 1064/1627 1065/1625 1407/1639
f 1407/1639 1065/1625 1408/1640
f 1065/1625 1066/1623 1408/1640
f 1408/1640 1066/1623 1409/1641
f 1066/1623 1067/1621 1409/1641
f 1409/1641 1067/1621 1410/1642
f 1067/1621 1068/1619 1410/1642
f 1410/1643 1068/1617 1405/1644
f 1068/1617 1029/1208 1405/1644
f 1405/1644 1029/1208 1069/1521
f 1029/1208 1030/1207 1069/1521
f 1025/1645 1024/1646 1409/1647 1410/1648
f 710/1649 883/1650 1267/1651 1105/1652
f 1026/1653 1025/1645 1410/1648 1405/1654
f 855/1655 756/1656 1144/1657 1237/1658
f 667/1659 950/1660 1331/1661 1070/1662
f 1014/1663 670/1664 1031/1665 1398/1666
f 984/1667 981/1668 1365/1669 1368/1670
f 950/1671 666/1672 1069/1673 1331/1674
f 854/1675 855/1655 1237/1658 1239/1676
f 982/1677 985/1678 1369/1679 1366/1680
f 779/1681 783/1682 1167/1683 1164/1684
f 887/1685 888/1686 1272/1687 1271/1688
f 1015/1689 1014/1663 1398/1666 1399/1690
f 783/1682 784/1691 1169/1692 1167/1683
f 923/1693 924/1694 1309/1695 1308/1696
f 743/905 891/998 1273/1697 1133/1698
f 914/1699 720/1700 1114/1701 1298/1702
f 890/996 889/994 1274/1703 1275/1704
f 1016/1705 1015/1689 1399/1690 1400/1706
f 891/998 890/996 1275/1704 1273/1697
f 987/1139 984/1667 1368/1670 1371/1707
f 784/1691 786/1708 1170/1709 1169/1692
f 884/1710 718/1711 1112/1712 1268/1713
f 1017/1714 1016/1705 1400/1706 1402/1715
f 755/1716 865/1717 1246/1718 1143/1719
f 985/1678 988/1720 1372/1721 1369/1679
f 761/1722 830/1723 1210/1329 1149/1724
f 916/1725 914/1699 1298/1702 1300/1726
f 669/1727 1018/1728 1401/1729 1072/1730
f 722/1731 917/1732 1301/1733 1116/1734
f 886/1735 884/1710 1268/1713 1270/1736
f 1019/1737 1017/1714 1402/1715 1404/1738
f 865/1717 864/1739 1249/1740 1246/1718
f 828/1741 827/1742 1212/1323 1213/1325
f 788/1743 781/1744 1166/1745 1172/1746
f 716/1747 887/1748 1271/1749 1110/1750
f 1018/1751 1020/1752 1403/1753 1401/1754
f 990/1140 987/1139 1371/1707 1374/1755
f 829/1756 828/1741 1213/1325 1214/1327
f 786/1708 789/1757 1173/1758 1170/1709
f 988/1720 991/1759 1376/1760 1372/1721
f 830/1723 829/1756 1214/1327 1210/1329
f 960/1761 961/1762 1345/1763 1344/1764
f 919/1765 916/1725 1300/1726 1303/1766
f 951/1767 693/1768 1091/1769 1335/1770
f 917/1732 920/1771 1304/1772 1301/1733
f 888/1686 886/1773 1270/1774 1272/1687
f 1021/1775 1019/1737 1404/1738 1406/1776
f 704/1777 715/1778 1109/1779 1039/1780
f 791/1781 788/1743 1172/1746 1175/1782
f 889/1783 703/1784 1100/1785 1274/1786
f 993/1143 990/1140 1374/1755 1375/1787
f 953/1788 951/1767 1335/1770 1336/1789
f 789/1757 792/1790 1176/1791 1173/1758
f 680/1792 686/1793 1037/1794 1034/1795
f 699/1796 953/1797 1336/1798 1096/1799
f 922/1800 919/1765 1303/1766 1306/1801
f 991/1802 679/1803 1080/1804 1376/1805
f 695/1085 954/1088 1339/1806 1093/1807
f 920/1771 923/1808 1308/1809 1304/1772
f 683/1810 647/1811 1044/1812 1082/1813
f 794/1814 791/1781 1175/1782 1178/1815
f 697/1816 856/1817 1240/1818 1094/1819
f 792/1790 758/1820 1146/1821 1176/1791
f 924/1822 922/1800 1306/1801 1309/1823
f 727/1824 925/1825 1307/1826 1120/1827
f 709/1828 742/1829 1049/1830 1040/1831
f 925/1052 687/1053 1085/1832 1307/1833
f 954/1088 957/1091 1341/1834 1339/1806
f 858/1835 854/1836 1239/1837 1242/1838
f 821/1839 760/1840 1148/1841 1205/1842
f 756/1656 794/1814 1178/1815 1144/1657
f 718/1711 927/1843 1310/1844 1112/1712
f 856/1817 859/1845 1243/1846 1240/1818
f 782/1847 755/1716 1143/1719 1056/1848
f 926/1849 710/1649 1105/1652 1311/1850
f 927/1843 926/1849 1311/1850 1310/1844
f 679/1851 996/1852 1380/1853 1080/1854
f 681/1855 1002/1856 1381/1857 1081/1858
f 823/1859 821/1839 1205/1842 1207/1860
f 959/1861 697/1862 1094/1863 1343/1864
f 892/1865 708/1866 1104/1867 1276/1868
f 861/1869 858/1835 1242/1838 1245/1870
f 997/1871 680/1792 1034/1795 1382/1872
f 957/1091 960/1094 1344/1873 1341/1834
f 859/1845 862/1874 1247/1875 1243/1846
f 998/1876 997/1871 1382/1872 1383/1877
f 893/1878 892/1879 1276/1880 1278/1881
f 999/1882 998/1876 1383/1877 1384/1883
f 934/1884 716/1747 1110/1750 1315/1885
f 741/1886 894/1887 1277/1888 1132/1889
f 1000/1890 999/1882 1384/1883 1385/1891
f 825/1892 823/1859 1207/1860 1209/1893
f 961/1894 959/1861 1343/1864 1345/1895
f 712/1896 931/1897 1316/1898 1107/1899
f 1001/1900 1000/1890 1385/1891 1386/1901
f 671/1902 696/1903 1038/1904 1033/1905
f 931/1897 932/1906 1317/1907 1316/1898
f 895/1908 893/1878 1278/1881 1280/1909
f 864/1910 861/1869 1245/1870 1249/1911
f 1002/1856 1001/1900 1386/1901 1381/1857
f 692/1912 675/1913 1076/1914 1090/1915
f 932/1906 933/1916 1318/1917 1317/1907
f 894/1887 896/1918 1281/1919 1277/1888
f 862/1874 732/1920 1124/1921 1247/1875
f 933/1916 934/1884 1315/1885 1318/1917
f 994/1922 682/1923 1035/1924 1378/1925
f 827/1926 825/1892 1209/1893 1212/1927
f 995/1928 994/1922 1378/1925 1379/1929
f 673/1930 963/1931 1348/1932 1074/1933
f 696/1903 895/1908 1280/1909 1038/1904
f 896/1918 695/1085 1093/1807 1281/1919
f 996/1852 995/1928 1379/1929 1380/1853
f 713/1934 712/1935 1107/1936 1108/1937
f 714/1938 713/1934 1108/1937 1042/1939
f 778/1940 795/1941 1179/1942 1163/1943
f 738/1944 754/1945 1051/1946 1047/1947
f 693/1768 739/1948 1130/1949 1091/1769
f 796/1950 779/1951 1164/1952 1181/1953
f 689/1954 974/1955 1355/1956 1087/1957
f 735/1958 867/1959 1251/1960 1127/1961
f 795/1941 797/1962 1180/1963 1179/1942
f 737/1964 898/1965 1282/1966 1129/1967
f 868/1968 734/1969 1126/1970 1252/1971
f 869/1972 868/1968 1252/1971 1253/1973
f 870/1974 869/1972 1253/1973 1254/1975
f 975/1976 976/1977 1361/1978 1360/1979
f 723/1980 722/1981 1116/1982 1117/1983
f 871/1984 870/1974 1254/1975 1255/1985
f 770/1986 749/1987 1139/1988 1156/1989
f 799/1990 796/1950 1181/1953 1184/1991
f 724/1992 723/1980 1117/1983 1118/1993
f 797/1962 800/1994 1182/1995 1180/1963
f 725/1996 724/1992 1118/1993 1043/1997
f 682/1923 714/1938 1042/1939 1035/1924
f 903/1998 735/1999 1127/2000 1285/2001
f 715/2002 681/1855 1081/1858 1109/2003
f 732/1920 901/2004 1286/2005 1124/1921
f 781/2006 801/2007 1186/2008 1166/2009
f 866/2010 737/1964 1129/1967 1250/2011
f 963/2012 965/2013 1349/2014 1348/2015
f 803/2016 799/1990 1184/1991 1188/2017
f 867/1959 866/2018 1250/2019 1251/1960
f 800/1994 804/2020 1185/2021 1182/1995
f 1006/2022 1007/2023 1391/2024 1390/2025
f 672/2026 1013/2027 1392/2028 1073/2029
f 801/2007 805/2030 1190/2031 1186/2008
f 1008/2032 671/1902 1033/1905 1393/2033
f 967/2034 690/2035 1088/2036 1351/2037
f 1009/2038 1008/2032 1393/2033 1394/2039
f 965/2013 968/2040 1352/2041 1349/2014
f 1010/2042 1009/2038 1394/2039 1395/2043
f 898/2044 738/1944 1047/1947 1282/2045
f 1011/2046 1010/2042 1395/2043 1396/2047
f 807/2048 803/2016 1188/2017 1192/2049
f 1012/2050 1011/2046 1396/2047 1397/2051
f 760/1840 837/2052 1221/2053 1148/1841
f 804/2020 808/2054 1189/2055 1185/2021
f 744/2056 743/2057 1133/2058 1134/2059
f 1013/2027 1012/2050 1397/2051 1392/2028
f 839/2060 838/2061 1222/2062 1223/2063
f 970/2064 967/2034 1351/2037 1354/2065
f 745/2066 744/2056 1134/2059 1135/2067
f 876/2068 871/2069 1255/2070 1260/2071
f 675/1913 1003/2072 1387/2073 1076/1914
f 968/2040 971/2074 1356/2075 1352/2041
f 805/2030 809/2076 1194/2077 1190/2031
f 746/2078 745/2066 1135/2067 1136/2079
f 1003/2072 1004/2080 1389/2081 1387/2073
f 747/2082 746/2078 1136/2079 1137/2083
f 748/2084 747/2082 1137/2083 1138/2085
f 935/2086 709/1828 1040/1831 1319/2087
f 749/1987 748/2084 1138/2085 1139/1988
f 1004/2088 1006/2089 1390/2090 1389/2091
f 973/2092 970/2064 1354/2065 1358/2093
f 811/2094 807/2048 1192/2049 1196/2095
f 971/2096 975/1976 1360/1979 1356/2097
f 808/2054 812/2098 1193/2099 1189/2055
f 936/2100 935/2086 1319/2087 1320/2101
f 753/2102 752/2103 1141/2104 1142/2105
f 1007/2023 673/1930 1074/1933 1391/2024
f 754/795 782/794 1056/2106 1051/2107
f 901/2108 904/2109 1288/2110 1286/2111
f 837/2112 763/2113 1053/2114 1221/2115
f 976/2116 973/2092 1358/2093 1361/2117
f 809/2076 753/2118 1142/2119 1194/2077
f 938/2120 936/2100 1320/2101 1322/2121
f 838/2122 840/2123 1224/2124 1222/2125
f 974/1119 977/1118 1362/2126 1355/2127
f 703/1784 939/2128 1324/2129 1100/1785
f 720/2130 876/2068 1260/2071 1114/2131
f 752/2132 811/2094 1196/2095 1141/2133
f 906/1028 903/1024 1285/2134 1290/2135
f 751/2136 719/2137 1113/2138 1140/2139
f 842/2140 839/2060 1223/2063 1226/2141
f 686/2142 672/2026 1073/2029 1037/2143
f 812/2098 751/2136 1140/2139 1193/2099
f 904/2109 907/2144 1291/2145 1288/2110
f 728/2146 750/2147 1050/2148 1045/2149
f 840/2123 843/2150 1227/2151 1224/2124
f 977/1118 685/1121 1084/2152 1362/2126
f 941/2153 938/2120 1322/2121 1326/2154
f 764/2155 765/2156 1151/2157 1150/2158
f 877/2159 727/1824 1120/1827 1261/2160
f 708/2161 942/2162 1323/2163 1104/2164
f 765/2156 766/2165 1152/2166 1151/2157
f 878/2167 877/2159 1261/2160 1262/2168
f 939/2128 943/2169 1328/2170 1324/2129
f 766/2165 767/2171 1153/2172 1152/2166
f 879/2173 878/2167 1262/2168 1263/2174
f 767/2171 768/2175 1154/2176 1153/2172
f 909/1031 906/1028 1290/2135 1293/2177
f 845/2178 842/2140 1226/2141 1229/2179
f 768/2175 769/2180 1155/2181 1154/2176
f 907/2144 910/2182 1295/2183 1291/2145
f 846/2184 761/2185 1149/2186 1230/2187
f 769/2180 770/2188 1156/2189 1155/2181
f 843/2150 847/2190 1231/2191 1227/2151
f 945/2192 941/2153 1326/2154 1330/2193
f 942/2162 945/2194 1330/2195 1323/2163
f 912/1034 909/1031 1293/2177 1297/2196
f 647/1811 725/1996 1043/1997 1044/1812
f 813/2197 764/2198 1150/2199 1197/2200
f 734/1969 913/2201 1294/2202 1126/1970
f 849/2203 845/2178 1229/2179 1233/2204
f 943/2169 947/2205 1332/2206 1328/2170
f 910/2182 692/2207 1090/2208 1295/2183
f 814/2209 813/2197 1197/2200 1198/2210
f 742/1829 846/2184 1230/2187 1049/1830
f 847/2190 741/1886 1132/1889 1231/2191
f 815/2211 814/2209 1198/2210 1199/2212
f 883/1650 879/2213 1263/2214 1267/1651
f 687/2215 993/2216 1375/2217 1085/2218
f 690/1038 912/1034 1297/2196 1088/2219
f 1020/2220 667/1659 1070/1662 1403/2221
f 816/2222 815/2211 1199/2212 1200/2223
f 913/2201 689/1954 1087/1957 1294/2202
f 763/2113 778/1940 1163/1943 1053/2114
f 666/1672 1026/1653 1405/1654 1069/1673
f 739/1948 849/2203 1233/2204 1130/1949
f 979/2224 683/2225 1082/2226 1363/2227
f 817/2228 816/2222 1200/2223 1201/2229
f 758/1820 850/2230 1234/2231 1146/1821
f 670/1664 704/2232 1039/2233 1031/1665
f 719/2234 728/2235 1045/2236 1113/2237
f 1022/2238 1021/2239 1406/2240 1407/2241
f 850/2230 699/1796 1096/1799 1234/2231
f 818/2242 817/2228 1201/2229 1202/2243
f 947/2205 669/1727 1072/1730 1332/2206
f 1023/2244 1022/2238 1407/2241 1408/2245
f 981/1668 979/2224 1363/2227 1365/1669
f 1024/1646 1023/2244 1408/2245 1409/1647
f 685/1121 982/1677 1366/1680 1084/2152
f 750/2147 818/2242 1202/2243 1050/2148
f 1545/2246 1446/2247 1445/2248 1544/2249
f 1549/2250 1439/2251 1438/2252 1548/2253
f 1553/2254 1454/2255 1453/2256 1552/2257
f 1555/2258 1447/2259 1446/2247 1545/2246
f 1557/2260 1440/2261 1439/2251 1549/2250
f 1559/2262 1433/2263 1454/2255 1553/2254
f 1561/2264 1448/2265 1447/2259 1555/2258
f 1563/2266 1441/2267 1440/2261 1557/2260
f 1565/2268 1434/2269 1433/2263 1559/2262
f 1567/2270 1449/2271 1448/2265 1561/2264
f 1569/2272 1442/2273 1441/2267 1563/2266
f 1571/2274 1435/2275 1434/2269 1565/2268
f 1573/2276 1450/2277 1449/2271 1567/2270
f 1575/2278 1443/2279 1442/2273 1569/2272
f 1577/2280 1436/2281 1435/2275 1571/2274
f 1579/2282 1451/2283 1450/2277 1573/2276
f 1581/2284 1444/2285 1443/2279 1575/2278
f 1583/2286 1437/2287 1436/2281 1577/2280
f 1585/2288 1452/2289 1451/2283 1579/2282
f 1544/2249 1445/2248 1444/2285 1581/2284
f 1548/2253 1438/2252 1437/2287 1583/2286
f 1552/2257 1453/2256 1452/2289 1585/2288
f 1501/2290 1498/2291 1497/2292 1500/2293
f 1505/2294 1491/2295 1490/2296 1504/2297
f 1509/2298 1484/2299 1483/2300 1508/2301
f 1511/2302 1477/2303 1498/2291 1501/2290
f 1513/2304 1492/2305 1491/2295 1505/2294
f 1515/2306 1485/2307 1484/2299 1509/2298
f 1517/2308 1478/2309 1477/2303 1511/2302
f 1519/2310 1493/2311 1492/2305 1513/2304
f 1521/2312 1486/2313 1485/2307 1515/2306
f 1523/2314 1479/2315 1478/2309 1517/2308
f 1525/2316 1494/2317 1493/2311 1519/2310
f 1527/2318 1487/2319 1486/2313 1521/2312
f 1529/2320 1480/2321 1479/2315 1523/2314
f 1531/2322 1495/2323 1494/2317 1525/2316
f 1533/2324 1488/2325 1487/2319 1527/2318
f 1535/2326 1481/2327 1480/2321 1529/2320
f 1537/2328 1496/2329 1495/2323 1531/2322
f 1539/2330 1489/2331 1488/2325 1533/2324
f 1541/2332 1482/2333 1481/2327 1535/2326
f 1500/2293 1497/2292 1496/2329 1537/2328
f 1504/2297 1490/2296 1489/2331 1539/2330
f 1508/2301 1483/2300 1482/2333 1541/2332
f 1461/2334 1507/2335 1542/2336 1460/2337
f 1507/2335 1508/2301 1541/2332 1542/2336
f 1468/2338 1503/2339 1540/2340 1467/2341
f 1503/2339 1504/2297 1539/2330 1540/2340
f 1475/2342 1499/2343 1538/2344 1474/2345
f 1499/2343 1500/2293 1537/2328 1538/2344
f 1460/2337 1542/2336 1536/2346 1459/2347
f 1542/2336 1541/2332 1535/2326 1536/2346
f 1467/2341 1540/2340 1534/2348 1466/2349
f 1540/2340 1539/2330 1533/2324 1534/2348
f 1474/2345 1538/2344 1532/2350 1473/2351
f 1538/2344 1537/2328 1531/2322 1532/2350
f 1459/2347 1536/2346 1530/2352 1458/2353
f 1536/2346 1535/2326 1529/2320 1530/2352
f 1466/2349 1534/2348 1528/2354 1465/2355
f 1534/2348 1533/2324 1527/2318 1528/2354
f 1473/2351 1532/2350 1526/2356 1472/2357
f 1532/2350 1531/2322 1525/2316 1526/2356
f 1458/2353 1530/2352 1524/2358 1457/2359
f 1530/2352 1529/2320 1523/2314 1524/2358
f 1465/2355 1528/2354 1522/2360 1464/2361
f 1528/2354 1527/2318 1521/2312 1522/2360
f 1472/2357 1526/2356 1520/2362 1471/2363
f 1526/2356 1525/2316 1519/2310 1520/2362
f 1457/2359 1524/2358 1518/2364 1456/2365
f 1524/2358 1523/2314 1517/2308 1518/2364
f 1464/2361 1522/2360 1516/2366 1463/2367
f 1522/2360 1521/2312 1515/2306 1516/2366
f 1471/2363 1520/2362 1514/2368 1470/2369
f 1520/2362 1519/2310 1513/2304 1514/2368
f 1456/2365 1518/2364 1512/2370 1455/2371
f 1518/2364 1517/2308 1511/2302 1512/2370
f 1463/2367 1516/2366 1510/2372 1462/2373
f 1516/2366 1515/2306 1509/2298 1510/2372
f 1470/2369 1514/2368 1506/2374 1469/2375
f 1514/2368 1513/2304 1505/2294 1506/2374
f 1455/2371 1512/2370 1502/2376 1476/2377
f 1512/2370 1511/2302 1501/2290 1502/2376
f 1462/2373 1510/2372 1507/2335 1461/2334
f 1510/2372 1509/2298 1508/2301 1507/2335
f 1469/2375 1506/2374 1503/2339 1468/2338
f 1506/2374 1505/2294 1504/2297 1503/2339
f 1476/2377 1502/2376 1499/2343 1475/2342
f 1502/2376 1501/2290 1500/2293 1499/2343
f 1431/2378 1551/2379 1586/2380 1430/2381
f 1551/2379 1552/2257 1585/2288 1586/2380
f 1416/2382 1547/2383 1584/2384 1415/2385
f 1547/2383 1548/2253 1583/2286 1584/2384
f 1423/2386 1543/2387 1582/2388 1422/2389
f 1543/2387 1544/2249 1581/2284 1582/2388
f 1430/2381 1586/2380 1580/2390 1429/2391
f 1586/2380 1585/2288 1579/2282 1580/2390
f 1415/2385 1584/2384 1578/2392 1414/2393
f 1584/2384 1583/2286 1577/2280 1578/2392
f 1422/2389 1582/2388 1576/2394 1421/2395
f 1582/2388 1581/2284 1575/2278 1576/2394
f 1429/2391 1580/2390 1574/2396 1428/2397
f 1580/2390 1579/2282 1573/2276 1574/2396
f 1414/2393 1578/2392 1572/2398 1413/2399
f 1578/2392 1577/2280 1571/2274 1572/2398
f 1421/2395 1576/2394 1570/2400 1420/2401
f 1576/2394 1575/2278 1569/2272 1570/2400
f 1428/2397 1574/2396 1568/2402 1427/2403
f 1574/2396 1573/2276 1567/2270 1568/2402
f 1413/2399 1572/2398 1566/2404 1412/2405
f 1572/2398 1571/2274 1565/2268 1566/2404
f 1420/2401 1570/2400 1564/2406 1419/2407
f 1570/2400 1569/2272 1563/2266 1564/2406
f 1427/2403 1568/2402 1562/2408 1426/2409
f 1568/2402 1567/2270 1561/2264 1562/2408
f 1412/2405 1566/2404 1560/2410 1411/2411
f 1566/2404 1565/2268 1559/2262 1560/2410
f 1419/2407 1564/2406 1558/2412 1418/2413
f 1564/2406 1563/2266 1557/2260 1558/2412
f 1426/2409 1562/2408 1556/2414 1425/2415
f 1562/2408 1561/2264 1555/2258 1556/2414
f 1411/2411 1560/2410 1554/2416 1432/2417
f 1560/2410 1559/2262 1553/2254 1554/2416
f 1418/2413 1558/2412 1550/2418 1417/2419
f 1558/2412 1557/2260 1549/2250 1550/2418
f 1425/2415 1556/2414 1546/2420 1424/2421
f 1556/2414 1555/2258 1545/2246 1546/2420
f 1432/2417 1554/2416 1551/2379 1431/2378
f 1554/2416 1553/2254 1552/2257 1551/2379
f 1417/2419 1550/2418 1547/2383 1416/2382
f 1550/2418 1549/2250 1548/2253 1547/2383
f 1424/2421 1546/2420 1543/2387 1423/2386
f 1546/2420 1545/2246 1544/2249 1543/2387
f 1721/2422 1720/2423 1621/2424 1622/2425
f 1725/2426 1724/2427 1614/2428 1615/2429
f 1729/2430 1728/2431 1629/2432 1630/2433
f 1731/2434 1721/2422 1622/2425 1623/2435
f 1733/2436 1725/2426 1615/2429 1616/2437
f 1735/2438 1729/2430 1630/2433 1609/2439
f 1737/2440 1731/2434 1623/2435 1624/2441
f 1739/2442 1733/2436 1616/2437 1617/2443
f 1741/2444 1735/2438 1609/2439 1610/2445
f 1743/2446 1737/2440 1624/2441 1625/2447
f 1745/2448 1739/2442 1617/2443 1618/2449
f 1747/2450 1741/2444 1610/2445 1611/2451
f 1749/2452 1743/2446 1625/2447 1626/2453
f 1751/2454 1745/2448 1618/2449 1619/2455
f 1753/2456 1747/2450 1611/2451 1612/2457
f 1755/2458 1749/2452 1626/2453 1627/2459
f 1757/2460 1751/2454 1619/2455 1620/2461
f 1759/2462 1753/2456 1612/2457 1613/2463
f 1761/2464 1755/2458 1627/2459 1628/2465
f 1720/2423 1757/2460 1620/2461 1621/2424
f 1724/2427 1759/2462 1613/2463 1614/2428
f 1728/2431 1761/2464 1628/2465 1629/2432
f 1677/2466 1676/2467 1673/2468 1674/2469
f 1681/2470 1680/2471 1666/2472 1667/2473
f 1685/2474 1684/2475 1659/2476 1660/2477
f 1687/2478 1677/2466 1674/2469 1653/2479
f 1689/2480 1681/2470 1667/2473 1668/2481
f 1691/2482 1685/2474 1660/2477 1661/2483
f 1693/2484 1687/2478 1653/2479 1654/2485
f 1695/2486 1689/2480 1668/2481 1669/2487
f 1697/2488 1691/2482 1661/2483 1662/2489
f 1699/2490 1693/2484 1654/2485 1655/2491
f 1701/2492 1695/2486 1669/2487 1670/2493
f 1703/2494 1697/2488 1662/2489 1663/2495
f 1705/2496 1699/2490 1655/2491 1656/2497
f 1707/2498 1701/2492 1670/2493 1671/2499
f 1709/2500 1703/2494 1663/2495 1664/2501
f 1711/2502 1705/2496 1656/2497 1657/2503
f 1713/2504 1707/2498 1671/2499 1672/2505
f 1715/2506 1709/2500 1664/2501 1665/2507
f 1717/2508 1711/2502 1657/2503 1658/2509
f 1676/2467 1713/2504 1672/2505 1673/2468
f 1680/2471 1715/2506 1665/2507 1666/2472
f 1684/2475 1717/2508 1658/2509 1659/2476
f 1637/2510 1636/2511 1718/2512 1683/2513
f 1683/2513 1718/2512 1717/2508 1684/2475
f 1644/2514 1643/2515 1716/2516 1679/2517
f 1679/2517 1716/2516 1715/2506 1680/2471
f 1651/2518 1650/2519 1714/2520 1675/2521
f 1675/2521 1714/2520 1713/2504 1676/2467
f 1636/2511 1635/2522 1712/2523 1718/2512
f 1718/2512 1712/2523 1711/2502 1717/2508
f 1643/2515 1642/2524 1710/2525 1716/2516
f 1716/2516 1710/2525 1709/2500 1715/2506
f 1650/2519 1649/2526 1708/2527 1714/2520
f 1714/2520 1708/2527 1707/2498 1713/2504
f 1635/2522 1634/2528 1706/2529 1712/2523
f 1712/2523 1706/2529 1705/2496 1711/2502
f 1642/2524 1641/2530 1704/2531 1710/2525
f 1710/2525 1704/2531 1703/2494 1709/2500
f 1649/2526 1648/2532 1702/2533 1708/2527
f 1708/2527 1702/2533 1701/2492 1707/2498
f 1634/2528 1633/2534 1700/2535 1706/2529
f 1706/2529 1700/2535 1699/2490 1705/2496
f 1641/2530 1640/2536 1698/2537 1704/2531
f 1704/2531 1698/2537 1697/2488 1703/2494
f 1648/2532 1647/2538 1696/2539 1702/2533
f 1702/2533 1696/2539 1695/2486 1701/2492
f 1633/2534 1632/2540 1694/2541 1700/2535
f 1700/2535 1694/2541 1693/2484 1699/2490
f 1640/2536 1639/2542 1692/2543 1698/2537
f 1698/2537 1692/2543 1691/2482 1697/2488
f 1647/2538 1646/2544 1690/2545 1696/2539
f 1696/2539 1690/2545 1689/2480 1695/2486
f 1632/2540 1631/2546 1688/2547 1694/2541
f 1694/2541 1688/2547 1687/2478 1693/2484
f 1639/2542 1638/2548 1686/2549 1692/2543
f 1692/2543 1686/2549 1685/2474 1691/2482
f 1646/2544 1645/2550 1682/2551 1690/2545
f 1690/2545 1682/2551 1681/2470 1689/2480
f 1631/2546 1652/2552 1678/2553 1688/2547
f 1688/2547 1678/2553 1677/2466 1687/2478
f 1638/2548 1637/2510 1683/2513 1686/2549
f 1686/2549 1683/2513 1684/2475 1685/2474
f 1645/2550 1644/2514 1679/2517 1682/2551
f 1682/2551 1679/2517 1680/2471 1681/2470
f 1652/2552 1651/2518 1675/2521 1678/2553
f 1678/2553 1675/2521 1676/2467 1677/2466
f 1607/2554 1606/2555 1762/2556 1727/2557
f 1727/2557 1762/2556 1761/2464 1728/2431
f 1592/2558 1591/2559 1760/2560 1723/2561
f 1723/2561 1760/2560 1759/2462 1724/2427
f 1599/2562 1598/2563 1758/2564 1719/2565
f 1719/2565 1758/2564 1757/2460 1720/2423
f 1606/2555 1605/2566 1756/2567 1762/2556
f 1762/2556 1756/2567 1755/2458 1761/2464
f 1591/2559 1590/2568 1754/2569 1760/2560
f 1760/2560 1754/2569 1753/2456 1759/2462
f 1598/2563 1597/2570 1752/2571 1758/2564
f 1758/2564 1752/2571 1751/2454 1757/2460
f 1605/2566 1604/2572 1750/2573 1756/2567
f 1756/2567 1750/2573 1749/2452 1755/2458
f 1590/2568 1589/2574 1748/2575 1754/2569
f 1754/2569 1748/2575 1747/2450 1753/2456
f 1597/2570 1596/2576 1746/2577 1752/2571
f 1752/2571 1746/2577 1745/2448 1751/2454
f 1604/2572 1603/2578 1744/2579 1750/2573
f 1750/2573 1744/2579 1743/2446 1749/2452
f 1589/2574 1588/2580 1742/2581 1748/2575
f 1748/2575 1742/2581 1741/2444 1747/2450
f 1596/2576 1595/2582 1740/2583 1746/2577
f 1746/2577 1740/2583 1739/2442 1745/2448
f 1603/2578 1602/2584 1738/2585 1744/2579
f 1744/2579 1738/2585 1737/2440 1743/2446
f 1588/2580 1587/2586 1736/2587 1742/2581
f 1742/2581 1736/2587 1735/2438 1741/2444
f 1595/2582 1594/2588 1734/2589 1740/2583
f 1740/2583 1734/2589 1733/2436 1739/2442
f 1602/2584 1601/2590 1732/2591 1738/2585
f 1738/2585 1732/2591 1731/2434 1737/2440
f 1587/2586 1608/2592 1730/2593 1736/2587
f 1736/2587 1730/2593 1729/2430 1735/2438
f 1594/2588 1593/2594 1726/2595 1734/2589
f 1734/2589 1726/2595 1725/2426 1733/2436
f 1601/2590 1600/2596 1722/2597 1732/2591
f 1732/2591 1722/2597 1721/2422 1731/2434
f 1608/2592 1607/2554 1727/2557 1730/2593
f 1730/2593 1727/2557 1728/2431 1729/2430
f 1593/2594 1592/2558 1723/2561 1726/2595
f 1726/2595 1723/2561 1724/2427 1725/2426
f 1600/2596 1599/2562 1719/2565 1722/2597
f 1722/2597 1719/2565 1720/2423 1721/2422
f 1463/2598 1462/2599 1638/2600 1639/2601
f 1411/2602 1432/2603 1608/2604 1587/2605
f 1489/2606 1490/2607 1666/2608 1665/2609
f 1464/2610 1463/2598 1639/2601 1640/2611
f 1433/2612 1434/2613 1610/2614 1609/2615
f 1490/2607 1491/2616 1667/2617 1666/2608
f 1465/2618 1464/2610 1640/2611 1641/2619
f 1434/2613 1435/2620 1611/2621 1610/2614
f 1491/2616 1492/2622 1668/2623 1667/2617
f 1466/2624 1465/2625 1641/2626 1642/2627
f 1435/2620 1436/2628 1612/2629 1611/2621
f 1492/2622 1493/2630 1669/2631 1668/2623
f 1467/2632 1466/2624 1642/2627 1643/2633
f 1436/2628 1437/2634 1613/2635 1612/2629
f 1493/2636 1494/2637 1670/2638 1669/2639
f 1468/2640 1467/2632 1643/2633 1644/2641
f 1437/2634 1438/2642 1614/2643 1613/2635
f 1412/2644 1411/2602 1587/2605 1588/2645
f 1494/2637 1495/2646 1671/2647 1670/2638
f 1469/2648 1468/2640 1644/2641 1645/2649
f 1438/2650 1439/2651 1615/2652 1614/2653
f 1413/2654 1412/2644 1588/2645 1589/2655
f 1495/2646 1496/2656 1672/2657 1671/2647
f 1470/2658 1469/2648 1645/2649 1646/2659
f 1439/2651 1440/2660 1616/2661 1615/2652
f 1414/2662 1413/2654 1589/2655 1590/2663
f 1496/2656 1497/2664 1673/2665 1672/2657
f 1471/2666 1470/2658 1646/2659 1647/2667
f 1440/2660 1441/2668 1617/2669 1616/2661
f 1415/2670 1414/2662 1590/2663 1591/2671
f 1497/2664 1498/2672 1674/2673 1673/2665
f 1472/2674 1471/2675 1647/2676 1648/2677
f 1441/2668 1442/2678 1618/2679 1617/2669
f 1416/2680 1415/2670 1591/2671 1592/2681
f 1498/2682 1477/2683 1653/2684 1674/2685
f 1473/2686 1472/2674 1648/2677 1649/2687
f 1442/2678 1443/2688 1619/2689 1618/2679
f 1417/2690 1416/2691 1592/2692 1593/2693
f 1474/2694 1473/2686 1649/2687 1650/2695
f 1443/2696 1444/2697 1620/2698 1619/2699
f 1418/2700 1417/2690 1593/2693 1594/2701
f 1475/2702 1474/2694 1650/2695 1651/2703
f 1444/2697 1445/2704 1621/2705 1620/2698
f 1419/2706 1418/2700 1594/2701 1595/2707
f 1476/2708 1475/2702 1651/2703 1652/2709
f 1445/2704 1446/2710 1622/2711 1621/2705
f 1420/2712 1419/2706 1595/2707 1596/2713
f 1455/2714 1476/2715 1652/2716 1631/2717
f 1446/2710 1447/2718 1623/2719 1622/2711
f 1421/2720 1420/2712 1596/2713 1597/2721
f 1477/2683 1478/2722 1654/2723 1653/2684
f 1447/2718 1448/2724 1624/2725 1623/2719
f 1422/2726 1421/2727 1597/2728 1598/2729
f 1478/2722 1479/2730 1655/2731 1654/2723
f 1448/2724 1449/2732 1625/2733 1624/2725
f 1423/2734 1422/2726 1598/2729 1599/2735
f 1479/2730 1480/2736 1656/2737 1655/2731
f 1449/2738 1450/2739 1626/2740 1625/2741
f 1424/2742 1423/2734 1599/2735 1600/2743
f 1480/2736 1481/2744 1657/2745 1656/2737
f 1450/2739 1451/2746 1627/2747 1626/2740
f 1425/2748 1424/2742 1600/2743 1601/2749
f 1481/2744 1482/2750 1658/2751 1657/2745
f 1456/2752 1455/2714 1631/2717 1632/2753
f 1451/2746 1452/2754 1628/2755 1627/2747
f 1426/2756 1425/2748 1601/2749 1602/2757
f 1482/2758 1483/2759 1659/2760 1658/2761
f 1457/2762 1456/2752 1632/2753 1633/2763
f 1452/2754 1453/2764 1629/2765 1628/2755
f 1427/2766 1426/2756 1602/2757 1603/2767
f 1483/2759 1484/2768 1660/2769 1659/2760
f 1458/2770 1457/2762 1633/2763 1634/2771
f 1453/2764 1454/2772 1630/2773 1629/2765
f 1428/2774 1427/2775 1603/2776 1604/2777
f 1484/2768 1485/2778 1661/2779 1660/2769
f 1459/2780 1458/2770 1634/2771 1635/2781
f 1454/2782 1433/2612 1609/2615 1630/2783
f 1429/2784 1428/2774 1604/2777 1605/2785
f 1485/2778 1486/2786 1662/2787 1661/2779
f 1460/2788 1459/2780 1635/2781 1636/2789
f 1430/2790 1429/2784 1605/2785 1606/2791
f 1486/2786 1487/2792 1663/2793 1662/2787
f 1461/2794 1460/2795 1636/2796 1637/2797
f 1431/2798 1430/2790 1606/2791 1607/2799
f 1487/2800 1488/2801 1664/2802 1663/2803
f 1462/2599 1461/2794 1637/2797 1638/2600
f 1432/2804 1431/2798 1607/2799 1608/2805
f 1488/2801 1489/2606 1665/2609 1664/2802
