# Blender 5.1.1
# www.blender.org
mtllib saturno.mtl
o Icosphere
v 0.000000 -1.000000 0.000000
v 0.723607 -0.447220 0.525725
v -0.276388 -0.447220 -0.850649
v 0.723607 -0.447220 -0.525725
v 0.276388 0.447220 0.850649
v -0.723607 0.447220 0.525725
v -0.723607 0.447220 -0.525725
v 0.276388 0.447220 -0.850649
v 0.000000 1.000000 0.000000
v -0.232822 -0.657519 0.716563
v -0.200688 -0.760403 0.617666
v -0.162456 -0.850654 0.499995
v 0.203181 -0.967950 0.147618
v 0.315251 -0.920955 0.229040
v 0.425323 -0.850654 0.309011
v 0.525420 -0.760403 0.381735
v 0.609547 -0.657519 0.442856
v 0.675300 -0.550685 0.490628
v 0.638452 -0.476987 0.604038
v 0.114564 -0.519572 0.846711
v -0.029639 -0.502302 0.864184
v -0.161465 -0.476988 0.863951
v 0.771771 -0.476987 -0.420539
v 0.812729 -0.502301 -0.295238
v 0.840673 -0.519571 -0.152694
v 0.850648 -0.525736 0.000000
v 0.812729 -0.502301 0.295238
v 0.771771 -0.476987 0.420539
v 0.096471 -0.992865 -0.070089
v 0.203181 -0.967950 -0.147618
v 0.315251 -0.920955 -0.229040
v 0.425323 -0.850654 -0.309011
v 0.525420 -0.760403 -0.381735
v 0.609547 -0.657519 -0.442856
v 0.675300 -0.550685 -0.490628
v -0.834716 -0.550681 0.000000
v -0.753442 -0.657515 0.000000
v -0.649456 -0.760399 0.000000
v -0.525730 -0.850652 0.000000
v -0.389673 -0.920953 0.000000
v -0.119245 -0.992865 0.000000
v -0.590366 -0.519572 0.617668
v -0.688189 -0.525736 0.499997
v -0.769872 -0.519570 0.370600
v -0.257937 -0.550685 -0.793860
v -0.232822 -0.657519 -0.716563
v -0.200688 -0.760403 -0.617666
v -0.162456 -0.850654 -0.499995
v -0.120413 -0.920955 -0.370598
v -0.077607 -0.967950 -0.238853
v -0.036848 -0.992865 -0.113408
v -0.871565 -0.476984 -0.113408
v -0.831051 -0.502299 -0.238853
v -0.769872 -0.519570 -0.370600
v -0.688189 -0.525736 -0.499997
v -0.590366 -0.519572 -0.617668
v -0.483971 -0.502302 -0.716565
v -0.377183 -0.476988 -0.793861
v -0.161465 -0.476988 -0.863951
v -0.029639 -0.502302 -0.864184
v 0.114564 -0.519573 -0.846711
v 0.262869 -0.525738 -0.809012
v 0.405008 -0.519572 -0.752338
v 0.531941 -0.502302 -0.681712
v 0.638453 -0.476987 -0.604038
v 0.956626 0.251149 0.147618
v 0.964711 0.129893 0.229041
v 0.951058 -0.000000 0.309013
v 0.915098 -0.129893 0.381737
v 0.860698 -0.251151 0.442858
v 0.794547 -0.357741 0.490629
v 0.794547 -0.357741 -0.490629
v 0.860698 -0.251151 -0.442858
v 0.951058 0.000000 -0.309013
v 0.964711 0.129893 -0.229041
v 0.956626 0.251149 -0.147618
v 0.221089 0.357741 0.907271
v 0.155215 0.251152 0.955422
v 0.080276 0.129894 0.988273
v -0.000000 -0.000000 1.000000
v -0.080276 -0.129894 0.988273
v -0.155215 -0.251152 0.955422
v 0.712150 -0.357741 0.604039
v 0.687159 -0.251152 0.681715
v 0.645839 -0.129894 0.752343
v 0.354409 0.357742 0.863953
v -0.860698 0.251151 0.442858
v -0.915098 0.129893 0.381737
v -0.951058 -0.000000 0.309013
v -0.515946 -0.129894 0.846716
v -0.587786 0.000000 0.809017
v -0.645839 0.129894 0.752342
v -0.687159 0.251152 0.681715
v -0.712150 0.357741 0.604039
v -0.712150 0.357741 -0.604039
v -0.687159 0.251152 -0.681715
v -0.645839 0.129894 -0.752343
v -0.587786 -0.000000 -0.809017
v -0.515946 -0.129894 -0.846716
v -0.436007 -0.251152 -0.864188
v -0.354409 -0.357742 -0.863953
v -0.964711 -0.129893 -0.229041
v -0.951058 0.000000 -0.309013
v -0.915098 0.129893 -0.381737
v -0.794547 0.357741 -0.490629
v 0.354409 0.357742 -0.863953
v 0.515946 0.129894 -0.846716
v 0.587786 -0.000000 -0.809017
v 0.645839 -0.129894 -0.752342
v 0.687159 -0.251152 -0.681715
v 0.712150 -0.357741 -0.604039
v -0.221089 -0.357741 -0.907271
v -0.155215 -0.251152 -0.955422
v -0.080276 -0.129894 -0.988273
v 0.000000 0.000000 -1.000000
v 0.080276 0.129894 -0.988273
v 0.155215 0.251152 -0.955422
v 0.221089 0.357741 -0.907271
v 0.871565 0.476984 0.113408
v 0.831051 0.502299 0.238853
v 0.769872 0.519570 0.370600
v 0.688189 0.525736 0.499997
v 0.590366 0.519572 0.617668
v 0.483971 0.502302 0.716565
v 0.377183 0.476988 0.793861
v 0.161465 0.476988 0.863951
v 0.029639 0.502302 0.864184
v -0.114564 0.519573 0.846711
v -0.262869 0.525738 0.809012
v -0.531941 0.502302 0.681712
v -0.638453 0.476987 0.604038
v -0.771771 0.476987 0.420539
v -0.840673 0.519571 0.152694
v -0.850648 0.525736 -0.000000
v -0.840673 0.519571 -0.152694
v -0.812729 0.502301 -0.295238
v -0.771771 0.476987 -0.420539
v -0.638452 0.476987 -0.604038
v -0.531941 0.502302 -0.681712
v -0.405008 0.519572 -0.752338
v -0.262869 0.525738 -0.809012
v 0.161465 0.476988 -0.863951
v 0.483971 0.502302 -0.716565
v 0.590366 0.519572 -0.617668
v 0.688189 0.525736 -0.499997
v 0.769872 0.519570 -0.370600
v 0.036848 0.992865 0.113408
v 0.077607 0.967950 0.238853
v 0.120413 0.920955 0.370598
v 0.162456 0.850654 0.499995
v 0.232822 0.657519 0.716563
v 0.257937 0.550685 0.793860
v 0.834716 0.550681 0.000000
v 0.753442 0.657515 0.000000
v 0.649456 0.760399 0.000000
v 0.525730 0.850652 0.000000
v 0.389673 0.920953 0.000000
v 0.251147 0.967949 0.000000
v 0.119245 0.992865 0.000000
v -0.096471 0.992865 0.070089
v -0.203181 0.967950 0.147618
v -0.315251 0.920955 0.229040
v -0.425323 0.850654 0.309011
v -0.525420 0.760403 0.381735
v -0.609547 0.657519 0.442856
v -0.675300 0.550685 0.490628
v -0.096471 0.992865 -0.070089
v -0.315251 0.920955 -0.229040
v -0.425323 0.850654 -0.309011
v -0.525420 0.760403 -0.381735
v -0.609547 0.657519 -0.442856
v -0.675300 0.550685 -0.490628
v 0.036848 0.992865 -0.113408
v 0.077607 0.967950 -0.238853
v 0.120413 0.920955 -0.370598
v 0.162456 0.850654 -0.499995
v 0.200688 0.760403 -0.617666
v 0.232822 0.657519 -0.716563
v 0.166198 0.978672 -0.120749
v 0.307167 0.943208 -0.126518
v 0.215245 0.943209 -0.253036
v 0.451375 0.882854 -0.129731
v 0.361800 0.894429 -0.262863
v 0.262862 0.882855 -0.389192
v 0.587783 0.798549 -0.129731
v 0.506729 0.819912 -0.266403
v 0.409951 0.819913 -0.399604
v 0.305014 0.798552 -0.518924
v 0.706258 0.696558 -0.126519
v 0.550008 0.733353 -0.399605
v 0.447209 0.723612 -0.525728
v 0.338569 0.696561 -0.632593
v 0.801022 0.586331 -0.120750
v 0.672087 0.629942 -0.389194
v 0.577830 0.629943 -0.518926
v 0.471599 0.614344 -0.632594
v 0.362366 0.586334 -0.724502
v -0.063483 0.978672 -0.195376
v -0.025408 0.943209 -0.331227
v 0.016098 0.882855 -0.469369
v -0.288916 0.882855 -0.370262
v 0.058250 0.798552 -0.599101
v -0.096779 0.819914 -0.564248
v 0.097915 0.696561 -0.710785
v -0.052790 0.723612 -0.688185
v -0.210088 0.733355 -0.646571
v -0.361804 0.723612 -0.587778
v -0.009708 0.614345 -0.788978
v -0.162463 0.629944 -0.759458
v -0.314971 0.629944 -0.709904
v -0.455902 0.614344 -0.643998
v -0.577066 0.586334 -0.568513
v -0.322868 0.943208 -0.078192
v -0.441423 0.882855 -0.160354
v -0.447210 0.894429 0.000000
v -0.441423 0.882855 0.160354
v -0.551779 0.798551 -0.240532
v -0.566539 0.819912 -0.082322
v -0.566539 0.819912 0.082322
v -0.551779 0.798551 0.240532
v -0.670817 0.723611 -0.162457
v -0.679848 0.733353 0.000000
v -0.670817 0.723611 0.162457
v -0.645740 0.696560 0.312768
v -0.719015 0.586334 -0.373135
v -0.772492 0.629942 -0.080177
v -0.772492 0.629942 0.080177
v -0.753363 0.614343 0.234576
v -0.719015 0.586334 0.373135
v -0.063483 0.978672 0.195376
v -0.174138 0.943209 0.282901
v -0.025408 0.943209 0.331227
v -0.288916 0.882855 0.370262
v -0.138197 0.894430 0.425319
v 0.016098 0.882855 0.469369
v -0.399272 0.798552 0.450440
v -0.253366 0.819914 0.513369
v -0.096779 0.819914 0.564248
v 0.058250 0.798552 0.599101
v -0.497009 0.696561 0.517479
v -0.210088 0.733355 0.646571
v -0.052790 0.723612 0.688185
v 0.097915 0.696561 0.710785
v -0.577066 0.586334 0.568513
v -0.162463 0.629944 0.759458
v -0.009708 0.614345 0.788978
v 0.132684 0.586335 0.799129
v 0.166198 0.978672 0.120749
v 0.215245 0.943209 0.253036
v 0.307167 0.943208 0.126518
v 0.262862 0.882855 0.389192
v 0.361800 0.894429 0.262863
v 0.451375 0.882854 0.129731
v 0.506729 0.819912 0.266403
v 0.587783 0.798549 0.129731
v 0.638194 0.723610 0.262864
v 0.706258 0.696558 0.126519
v 0.362366 0.586334 0.724502
v 0.471599 0.614344 0.632594
v 0.577830 0.629943 0.518926
v 0.672087 0.629942 0.389194
v 0.747366 0.614342 0.253038
v 0.801022 0.586331 0.120750
v 0.921508 0.266063 -0.282902
v 0.854992 0.399094 -0.331229
v 0.918856 0.136410 -0.370264
v 0.861804 0.276396 -0.425322
v 0.782446 0.409229 -0.469371
v 0.892805 -0.000000 -0.450443
v 0.846660 0.140059 -0.513372
v 0.776630 0.280118 -0.564251
v 0.688190 0.409230 -0.599104
v 0.809019 0.000000 -0.587782
v 0.749882 0.140059 -0.646576
v 0.670821 0.276397 -0.688189
v 0.579226 0.399096 -0.710788
v 0.782501 -0.253933 -0.568515
v 0.753368 -0.133032 -0.644002
v 0.704293 0.000000 -0.709909
v 0.636088 0.136411 -0.759463
v 0.553820 0.266065 -0.788982
v 0.093451 0.380900 -0.919882
v 0.015700 0.266064 -0.963827
v -0.068205 0.136410 -0.988302
v -0.138198 0.276397 -0.951055
v -0.152509 -0.000000 -0.988302
v -0.226618 0.140059 -0.963861
v -0.296648 0.280118 -0.912981
v -0.357124 0.409230 -0.839639
v -0.230948 -0.133033 -0.963829
v -0.309016 -0.000000 -0.951057
v -0.383207 0.140059 -0.912982
v -0.447215 0.276397 -0.850649
v -0.497012 0.399096 -0.770520
v -0.298885 -0.253934 -0.919883
v -0.379680 -0.133033 -0.915503
v -0.457527 -0.000000 -0.889196
v -0.525732 0.136410 -0.839642
v -0.579229 0.266065 -0.770522
v -0.616302 0.380900 -0.689266
v -0.845982 0.380899 -0.373136
v -0.886396 0.399095 -0.234577
v -0.961008 0.136410 -0.240533
v -0.908902 0.409229 -0.080178
v -0.987059 0.000000 -0.160355
v -0.986715 0.140059 -0.082322
v -0.908902 0.409229 0.080178
v -1.000000 0.000001 0.000000
v -0.986715 0.140059 0.082323
v -0.947213 0.276397 0.162458
v -0.987059 0.000001 0.160356
v -0.961008 0.136411 0.240534
v -0.616302 0.380900 0.689266
v -0.579229 0.266064 0.770521
v -0.497012 0.399096 0.770520
v -0.525732 0.136410 0.839641
v -0.447216 0.276397 0.850649
v -0.357124 0.409230 0.839639
v -0.457527 -0.000001 0.889196
v -0.383208 0.140059 0.912982
v -0.296649 0.280118 0.912981
v -0.204616 0.409230 0.889193
v -0.379681 -0.133033 0.915502
v -0.309017 -0.000001 0.951056
v -0.226619 0.140059 0.963861
v -0.138199 0.276397 0.951055
v -0.050817 0.399096 0.915500
v -0.230948 -0.133033 0.963828
v -0.152509 -0.000000 0.988302
v -0.068206 0.136410 0.988302
v 0.015699 0.266064 0.963827
v 0.093451 0.380900 0.919882
v 0.465085 0.380900 0.799132
v 0.579226 0.399096 0.710788
v 0.670820 0.276396 0.688190
v 0.688190 0.409229 0.599104
v 0.776630 0.280116 0.564252
v 0.782446 0.409228 0.469372
v 0.753368 -0.133034 0.644002
v 0.809019 -0.000002 0.587783
v 0.846659 0.140057 0.513373
v 0.861804 0.276394 0.425323
v 0.854992 0.399093 0.331230
v 0.782501 -0.253934 0.568515
v 0.845289 -0.133034 0.517482
v 0.892805 -0.000002 0.450444
v 0.918856 0.136407 0.370266
v 0.921508 0.266061 0.282904
v 0.903740 0.380896 0.195377
v 0.298886 0.253934 -0.919883
v 0.230948 0.133033 -0.963828
v 0.457527 -0.000000 -0.889196
v 0.152509 0.000000 -0.988302
v 0.525732 -0.136411 -0.839641
v 0.383207 -0.140060 -0.912982
v 0.579229 -0.266065 -0.770521
v 0.447216 -0.276398 -0.850648
v 0.296648 -0.280119 -0.912980
v 0.138199 -0.276398 -0.951055
v -0.015699 -0.266065 -0.963827
v 0.616302 -0.380900 -0.689265
v 0.497012 -0.399097 -0.770520
v 0.357124 -0.409231 -0.839639
v 0.204615 -0.409231 -0.889192
v 0.050817 -0.399097 -0.915500
v -0.093451 -0.380900 -0.919881
v -0.892805 0.000000 -0.450444
v -0.846659 -0.140059 -0.513374
v -0.918856 -0.136410 -0.370265
v -0.553819 -0.266065 -0.788983
v -0.776628 -0.280118 -0.564253
v -0.861803 -0.276396 -0.425324
v -0.921507 -0.266063 -0.282904
v -0.465084 -0.380900 -0.799132
v -0.579224 -0.399096 -0.710789
v -0.688189 -0.409230 -0.599106
v -0.782445 -0.409229 -0.469374
v -0.854991 -0.399094 -0.331231
v -0.903739 -0.380897 -0.195378
v -0.845290 0.133032 0.517482
v -0.892805 -0.000000 0.450444
v -0.809018 0.000000 0.587783
v -0.704293 0.000000 0.709910
v -0.918856 -0.136410 0.370265
v -0.846659 -0.140059 0.513374
v -0.749881 -0.140059 0.646577
v -0.636087 -0.136411 0.759464
v -0.861803 -0.276396 0.425324
v -0.776629 -0.280118 0.564253
v -0.670819 -0.276397 0.688191
v -0.782445 -0.409229 0.469374
v -0.688189 -0.409230 0.599106
v -0.579224 -0.399096 0.710789
v 0.298886 0.253934 0.919883
v 0.230948 0.133032 0.963828
v 0.152509 -0.000000 0.988302
v 0.309017 0.000000 0.951056
v 0.068206 -0.136410 0.988302
v 0.226619 -0.140060 0.963861
v 0.383207 -0.140060 0.912982
v 0.525732 -0.136411 0.839641
v -0.015699 -0.266065 0.963827
v 0.138199 -0.276397 0.951055
v 0.296648 -0.280119 0.912980
v 0.447216 -0.276398 0.850648
v 0.579229 -0.266065 0.770521
v -0.093451 -0.380900 0.919882
v 0.050817 -0.399097 0.915500
v 0.204615 -0.409230 0.889192
v 0.357124 -0.409230 0.839639
v 0.497012 -0.399097 0.770520
v 0.616302 -0.380900 0.689266
v 0.967222 0.253931 0.000000
v 0.988023 0.133031 0.078192
v 0.988023 0.133031 -0.078192
v 0.987059 -0.000000 0.160355
v 1.000000 0.000000 0.000000
v 0.987059 0.000000 -0.160355
v 0.961008 -0.136410 0.240533
v 0.911804 -0.266064 0.312769
v 0.947213 -0.276396 0.162458
v 0.959966 -0.280117 0.000000
v 0.947213 -0.276396 -0.162458
v 0.911804 -0.266064 -0.312769
v 0.845982 -0.380899 0.373136
v 0.908902 -0.409229 0.080178
v 0.908902 -0.409229 -0.080178
v 0.886396 -0.399095 -0.234576
v 0.845982 -0.380899 -0.373136
v 0.577066 -0.586334 -0.568513
v 0.497009 -0.696561 -0.517479
v 0.455902 -0.614344 -0.643999
v 0.399272 -0.798552 -0.450441
v 0.361804 -0.723612 -0.587779
v 0.314971 -0.629943 -0.709905
v 0.288916 -0.882855 -0.370263
v 0.253366 -0.819913 -0.513370
v 0.210087 -0.733354 -0.646572
v 0.162463 -0.629943 -0.759459
v 0.174138 -0.943209 -0.282902
v 0.138197 -0.894429 -0.425321
v 0.009708 -0.614344 -0.788979
v 0.063482 -0.978671 -0.195377
v 0.025407 -0.943208 -0.331229
v -0.097915 -0.696560 -0.710786
v -0.132684 -0.586334 -0.799129
v -0.362367 -0.586334 -0.724501
v -0.338569 -0.696561 -0.632593
v -0.471601 -0.614344 -0.632593
v -0.447211 -0.723612 -0.525727
v -0.577832 -0.629943 -0.518924
v -0.262862 -0.882855 -0.389192
v -0.409952 -0.819913 -0.399603
v -0.550010 -0.733353 -0.399603
v -0.672088 -0.629942 -0.389192
v -0.215245 -0.943209 -0.253036
v -0.361801 -0.894429 -0.262863
v -0.506730 -0.819912 -0.266402
v -0.638195 -0.723609 -0.262863
v -0.747367 -0.614341 -0.253036
v -0.166198 -0.978671 -0.120749
v -0.451376 -0.882853 -0.129730
v -0.587784 -0.798549 -0.129730
v -0.706258 -0.696557 -0.126518
v -0.801022 -0.586330 -0.120749
v -0.801022 -0.586330 0.120750
v -0.706258 -0.696558 0.126518
v -0.747367 -0.614341 0.253037
v -0.587784 -0.798549 0.129731
v -0.638195 -0.723609 0.262864
v -0.672088 -0.629941 0.389193
v -0.451375 -0.882853 0.129731
v -0.506730 -0.819911 0.266403
v -0.550009 -0.733352 0.399605
v -0.577832 -0.629942 0.518925
v -0.307168 -0.943208 0.126519
v -0.361801 -0.894428 0.262864
v -0.409952 -0.819912 0.399605
v -0.447211 -0.723610 0.525729
v -0.471601 -0.614343 0.632594
v -0.215246 -0.943208 0.253038
v -0.262863 -0.882854 0.389194
v -0.305015 -0.798550 0.518925
v -0.338569 -0.696560 0.632594
v 0.719015 -0.586334 -0.373135
v 0.753363 -0.614343 -0.234576
v 0.645740 -0.696560 -0.312768
v 0.670817 -0.723611 -0.162457
v 0.551780 -0.798551 -0.240532
v 0.566540 -0.819912 -0.082322
v 0.441423 -0.882854 -0.160354
v 0.753364 -0.614343 0.234576
v 0.566541 -0.819911 0.082323
v 0.447211 -0.894428 0.000001
v 0.322869 -0.943208 -0.078191
v 0.719016 -0.586333 0.373136
v 0.645741 -0.696559 0.312769
v 0.551781 -0.798550 0.240533
v 0.441424 -0.882854 0.160356
v 0.322870 -0.943208 0.078193
v 0.205432 -0.978671 0.000001
v -0.132684 -0.586334 0.799129
v -0.097915 -0.696561 0.710785
v 0.009709 -0.614344 0.788978
v -0.058249 -0.798552 0.599101
v 0.052790 -0.723612 0.688185
v 0.162463 -0.629944 0.759458
v -0.016097 -0.882855 0.469370
v 0.096780 -0.819913 0.564249
v 0.210089 -0.733354 0.646572
v 0.138199 -0.894429 0.425321
v 0.253368 -0.819912 0.513370
v 0.361805 -0.723611 0.587779
v 0.174140 -0.943208 0.282902
v 0.288918 -0.882854 0.370264
v 0.399274 -0.798550 0.450441
v 0.497011 -0.696560 0.517480
v 0.577067 -0.586333 0.568513
v -0.036733 -1.002315 0.114332
v 0.000466 -1.009518 -0.000156
v -0.162538 -0.481522 0.872027
v -0.278556 -0.451471 0.858598
v -0.119915 -1.002315 -0.000156
v -0.879404 -0.481518 0.114332
v -0.902483 -0.451466 -0.000156
v 0.940526 0.361157 -0.070914
v 0.903414 0.451487 -0.000156
v -0.222730 -0.361139 0.915759
v -0.939595 -0.361136 0.070601
v -0.718470 0.361161 0.609638
v -0.730036 0.451491 0.530578
v 0.163469 0.481543 -0.872340
v 0.279487 0.451492 -0.858911
v 0.880335 0.481539 -0.114645
v 0.260860 0.555943 -0.801581
v -0.259928 -0.555922 0.801268
v -0.234574 -0.663774 0.723234
v -0.163538 -0.858749 0.504603
v -0.121094 -0.929719 0.373973
v -0.077880 -0.977162 0.240972
v 0.097855 -1.002315 0.070601
v 0.205583 -0.977162 0.148868
v 0.645002 -0.481522 0.609637
v 0.537475 -0.507077 0.688052
v 0.409333 -0.524513 0.759350
v 0.265839 -0.530737 0.816564
v 0.116121 -0.524513 0.854622
v 0.849149 -0.524511 -0.154306
v 0.859219 -0.530735 -0.000156
v 0.849149 -0.524511 0.153993
v 0.820939 -0.507076 0.297894
v 0.097855 -1.002315 -0.070913
v 0.318720 -0.929719 -0.231379
v 0.429841 -0.858749 -0.312112
v 0.530892 -0.767638 -0.385529
v -0.842204 -0.555917 -0.000156
v -0.392921 -0.929718 -0.000156
v -0.253074 -0.977161 -0.000156
v -0.380311 -0.481522 0.801269
v -0.488117 -0.507077 0.723236
v -0.595525 -0.524512 0.623397
v -0.776742 -0.524510 0.373974
v -0.838503 -0.507074 0.240973
v -0.202135 -0.767638 -0.623708
v -0.163538 -0.858749 -0.504916
v -0.121094 -0.929719 -0.374286
v -0.879404 -0.481518 -0.114645
v 0.940526 0.361157 0.070601
v 0.966206 0.253553 0.148869
v 0.869364 -0.253533 -0.447234
v 0.924283 -0.131120 -0.385530
v 0.960585 0.000011 -0.312113
v 0.966206 0.253553 -0.149181
v -0.156228 -0.253534 0.964369
v 0.652459 -0.131121 0.759355
v 0.593852 0.000011 0.816569
v 0.521327 0.131142 0.854627
v 0.440627 0.253556 0.872266
v 0.358252 0.361161 0.872029
v -0.801652 0.361160 0.495147
v -0.868433 0.253554 0.446921
v -0.923352 0.131141 0.385218
v -0.959654 0.000011 0.311801
v -0.973438 -0.131120 0.231067
v -0.965275 -0.253532 0.148869
v -0.357320 -0.361140 0.872029
v -0.439696 -0.253535 0.872266
v -0.520396 -0.131121 0.854627
v -0.651527 0.131142 0.759355
v -0.693240 0.253556 0.688055
v -0.718470 0.361161 -0.609951
v -0.693240 0.253556 -0.688367
v -0.651527 0.131142 -0.759667
v -0.592920 0.000011 -0.816882
v -0.520396 -0.131121 -0.854940
v -0.939595 -0.361136 -0.070914
v -0.965275 -0.253532 -0.149181
v -0.973438 -0.131120 -0.231380
v -0.923352 0.131141 -0.385530
v -0.868433 0.253554 -0.447234
v -0.801652 0.361160 -0.495460
v 0.358252 0.361161 -0.872341
v 0.440627 0.253556 -0.872578
v 0.521327 0.131142 -0.854940
v -0.080575 -0.131121 -0.997846
v 0.000466 0.000011 -1.009685
v 0.880335 0.481539 0.114332
v -0.115190 0.524534 0.854622
v -0.264908 0.530758 0.816564
v -0.408402 0.524534 0.759350
v -0.536544 0.507098 0.688052
v -0.778659 0.481542 0.424389
v -0.820007 0.507097 0.297894
v -0.848217 0.524532 0.153993
v -0.848217 0.524532 -0.154306
v -0.820007 0.507097 -0.298207
v -0.264908 0.530758 -0.816877
v -0.115190 0.524534 -0.854935
v 0.030387 0.507098 -0.872575
v 0.381243 0.481543 -0.801582
v 0.489049 0.507098 -0.723549
v 0.777673 0.524531 -0.374287
v 0.839435 0.507095 -0.241286
v 0.164469 0.858770 0.504603
v 0.203066 0.767659 0.623395
v 0.235506 0.663795 0.723234
v 0.843135 0.555938 -0.000156
v -0.096924 1.002336 0.070601
v -0.204651 0.977183 0.148868
v -0.317789 0.929740 0.231066
v -0.096924 1.002336 -0.070913
v -0.204651 0.977183 -0.149181
v -0.317789 0.929740 -0.231379
v -0.428910 0.858770 -0.312112
v -0.529960 0.767659 -0.385529
v -0.614889 0.663794 -0.447232
v 0.235506 0.663795 -0.723547
v 0.593849 0.806169 -0.131123
v 0.512023 0.827735 -0.269097
v 0.713453 0.703206 -0.127880
v 0.644740 0.730515 -0.265525
v 0.555714 0.740351 -0.403569
v 0.366284 0.591932 -0.731562
v 0.809120 0.591928 -0.122057
v 0.754953 0.620206 -0.255605
v 0.678956 0.635955 -0.393059
v -0.063622 0.988007 -0.197394
v -0.175332 0.952206 -0.285753
v -0.025184 0.952206 -0.334540
v -0.291203 0.891278 -0.373946
v 0.016717 0.891278 -0.473998
v -0.139048 0.902963 -0.429528
v -0.402611 0.806171 -0.454889
v -0.097236 0.827736 -0.569781
v -0.255315 0.827736 -0.518417
v -0.501279 0.703209 -0.522566
v 0.099314 0.703209 -0.717714
v -0.211624 0.740353 -0.652888
v -0.364785 0.730518 -0.593535
v 0.134414 0.591932 -0.806899
v -0.009335 0.620209 -0.796652
v -0.163545 0.635957 -0.766851
v -0.459781 0.620209 -0.650291
v -0.582099 0.591932 -0.574086
v -0.206923 0.988007 -0.000156
v -0.325479 0.952206 0.078780
v -0.325479 0.952206 -0.079093
v -0.451005 0.902962 -0.000156
v -0.445163 0.891277 0.161726
v -0.556571 0.806171 -0.242980
v -0.651427 0.703208 -0.315904
v -0.676743 0.730516 -0.164161
v -0.725401 0.591931 -0.376847
v -0.760076 0.620207 -0.236968
v -0.779387 0.635955 -0.081098
v -0.760076 0.620207 0.236655
v -0.725401 0.591931 0.376534
v 0.059270 0.806171 0.604653
v -0.402611 0.806171 0.454576
v -0.255314 0.827736 0.518104
v 0.099314 0.703209 0.717401
v -0.501279 0.703209 0.522253
v -0.364785 0.730518 0.593223
v -0.211624 0.740353 0.652575
v -0.582099 0.591932 0.573774
v -0.459781 0.620209 0.649978
v -0.317506 0.635957 0.716512
v -0.163545 0.635957 0.766538
v 0.265832 0.891278 0.392744
v 0.365713 0.902962 0.265211
v 0.308385 0.806171 0.523712
v 0.414323 0.827736 0.403255
v 0.512023 0.827735 0.268785
v 0.342260 0.703209 0.638464
v 0.451936 0.730517 0.530581
v 0.555714 0.740351 0.403256
v 0.644740 0.730515 0.265212
v 0.366284 0.591931 0.731249
v 0.476558 0.620208 0.638466
v 0.583802 0.635956 0.523714
v 0.678956 0.635955 0.392746
v 0.912817 0.384537 -0.197394
v 0.863604 0.402907 -0.334541
v 0.930754 0.268608 -0.285754
v 0.901778 0.000010 -0.454891
v 0.585211 0.402910 -0.717717
v 0.853810 -0.134289 -0.522568
v 0.817194 0.000011 -0.593539
v 0.469982 0.384540 -0.806902
v 0.790423 -0.256343 -0.574088
v 0.761012 -0.134289 -0.650295
v 0.559562 0.268611 -0.796656
v 0.094807 0.384540 -0.928803
v -0.050835 0.402910 -0.924379
v 0.016315 0.268610 -0.973167
v -0.206099 0.413140 -0.897821
v -0.139050 0.279041 -0.960273
v -0.299008 0.282798 -0.921836
v -0.360061 0.413140 -0.847796
v -0.853577 0.384539 -0.376847
v -0.920026 0.268609 -0.315905
v -0.894376 0.402908 -0.236968
v -0.969699 0.137720 -0.242981
v -0.955773 0.279040 -0.164162
v -0.917097 0.413138 -0.081098
v -0.917097 0.413138 0.080785
v -0.995999 0.000011 -0.162039
v -0.995651 0.141404 -0.083263
v -0.968647 0.282797 -0.000156
v -0.894375 0.402909 0.236655
v -0.996971 -0.134288 -0.079093
v -1.009062 0.000011 -0.000156
v -0.995651 0.141404 0.082951
v -0.955772 0.279041 0.163849
v -0.853577 0.384539 0.376535
v -0.975973 -0.256340 -0.000156
v -0.996971 -0.134287 0.078781
v -0.995999 0.000012 0.161727
v -0.969699 0.137721 0.242669
v -0.920025 0.268610 0.315593
v -0.501282 0.402909 0.777705
v -0.360061 0.413140 0.847483
v -0.382833 -0.134290 0.924069
v -0.301268 -0.256343 0.928492
v -0.232683 -0.134290 0.972856
v 0.469982 0.384540 0.806590
v 0.559562 0.268610 0.796344
v 0.585211 0.402909 0.717405
v 0.642614 0.137720 0.766543
v 0.677678 0.279040 0.694591
v 0.711469 0.000009 0.716517
v 0.757493 0.141403 0.652581
v 0.784495 0.282796 0.569472
v 0.761012 -0.134291 0.649982
v 0.817193 0.000009 0.593227
v 0.855192 0.141402 0.518109
v 0.912817 0.384536 0.197082
v 0.302199 0.256364 -0.928804
v 0.383764 0.134311 -0.924382
v 0.233615 0.134311 -0.973168
v 0.154428 0.000011 -0.997875
v 0.462352 0.000011 -0.897824
v 0.312427 0.000011 -0.960275
v 0.069321 -0.137700 -0.997875
v 0.387324 -0.141384 -0.921837
v 0.229244 -0.141384 -0.973201
v 0.299940 -0.282777 -0.921836
v 0.139982 -0.279021 -0.960273
v -0.015383 -0.268589 -0.973167
v -0.789491 0.256364 -0.574089
v -0.852878 0.134310 -0.522569
v -0.760080 0.134311 -0.650295
v -0.710538 0.000011 -0.716830
v -0.816261 0.000011 -0.593540
v -0.900846 0.000011 -0.454892
v -0.641682 -0.137700 -0.766856
v -0.756560 -0.141383 -0.652894
v -0.854260 -0.141383 -0.518422
v -0.929822 -0.268588 -0.285756
v -0.558630 -0.268589 -0.796657
v -0.676745 -0.279020 -0.694904
v -0.783563 -0.282777 -0.569786
v -0.911885 -0.384516 -0.197396
v -0.584278 -0.402888 -0.717718
v -0.694280 -0.413118 -0.604971
v -0.789491 0.256364 0.573776
v -0.760081 0.134311 0.649982
v -0.852878 0.134310 0.522256
v -0.816261 0.000011 0.593227
v -0.710538 0.000011 0.716517
v -0.641682 -0.137700 0.766544
v -0.927145 -0.137699 0.373637
v -0.558630 -0.268589 0.796344
v -0.929822 -0.268588 0.285443
v -0.869549 -0.279019 0.429220
v -0.676745 -0.279020 0.694592
v -0.469049 -0.384519 0.806590
v -0.911885 -0.384516 0.197083
v -0.862672 -0.402887 0.334230
v -0.789434 -0.413118 0.473690
v -0.584278 -0.402888 0.717406
v 0.302199 0.256364 0.928492
v 0.383764 0.134311 0.924069
v 0.233615 0.134311 0.972856
v 0.462352 0.000011 0.897512
v 0.312427 0.000011 0.959962
v 0.531207 -0.137700 0.847485
v 0.387324 -0.141384 0.921524
v -0.093876 -0.384519 0.928490
v 0.207031 -0.413119 0.897508
v 0.360992 -0.413119 0.847483
v 0.502213 -0.402889 0.777705
v 0.622640 -0.384519 0.695677
v 0.976904 0.256361 -0.000156
v 0.996930 0.000011 -0.162039
v 0.996930 0.000011 0.161727
v 1.009994 0.000011 -0.000156
v 0.970630 -0.137699 -0.242981
v 0.970630 -0.137699 0.242668
v 0.996583 -0.141383 0.082950
v 0.996583 -0.141383 -0.083263
v 0.920957 -0.268588 -0.315905
v 0.920957 -0.268588 0.315593
v 0.956704 -0.279019 0.163849
v 0.969578 -0.282776 -0.000156
v 0.956704 -0.279019 -0.164162
v 0.854509 -0.384518 0.376535
v 0.895307 -0.402887 0.236655
v 0.918028 -0.413117 0.080785
v 0.256246 -0.827715 -0.518418
v 0.212555 -0.740331 -0.652889
v 0.164476 -0.635935 -0.766851
v 0.139979 -0.902941 -0.429530
v 0.098166 -0.827714 -0.569782
v 0.053758 -0.730495 -0.694900
v 0.010266 -0.620187 -0.796653
v 0.026115 -0.952185 -0.334542
v -0.015787 -0.891256 -0.474000
v -0.058340 -0.806149 -0.604968
v -0.098383 -0.703186 -0.717715
v -0.341330 -0.703188 -0.638776
v -0.307455 -0.806150 -0.524024
v -0.451006 -0.730496 -0.530893
v -0.264901 -0.891257 -0.393056
v -0.413392 -0.827714 -0.403567
v -0.554784 -0.740330 -0.403567
v -0.216830 -0.952185 -0.255603
v -0.364783 -0.902941 -0.265524
v -0.511092 -0.827713 -0.269097
v -0.167316 -0.987986 -0.122056
v -0.309629 -0.952184 -0.127880
v -0.455211 -0.891255 -0.131123
v -0.808189 -0.591907 0.121744
v -0.754022 -0.620184 0.255291
v -0.475628 -0.620187 0.638465
v -0.309629 -0.952184 0.127568
v -0.365354 -0.591910 0.731249
v -0.167316 -0.987986 0.121745
v -0.216831 -0.952185 0.255292
v -0.264902 -0.891255 0.392746
v -0.341330 -0.703186 0.638465
v 0.761007 -0.620186 -0.236967
v 0.557503 -0.806149 -0.242980
v 0.780319 -0.635934 -0.081098
v 0.677674 -0.730495 -0.164161
v 0.446095 -0.891256 -0.162038
v 0.780319 -0.635934 0.080785
v 0.686792 -0.740330 -0.000156
v 0.572404 -0.827714 -0.083262
v 0.761008 -0.620186 0.236655
v 0.677675 -0.730494 0.163849
v 0.572404 -0.827713 0.082951
v 0.207855 -0.987986 -0.000156
v 0.652359 -0.703185 0.315593
v 0.557504 -0.806148 0.242669
v -0.133483 -0.591911 0.806587
v 0.164477 -0.635935 0.766538
v 0.318438 -0.635935 0.716512
v -0.015785 -0.891257 0.473685
v 0.212556 -0.740331 0.652576
v 0.460713 -0.620187 0.649978
v 0.026117 -0.952185 0.334228
v 0.139981 -0.902941 0.429217
v 0.365718 -0.730495 0.593223
v 0.583031 -0.591910 0.573774
v 0.064554 -0.987986 0.197082
v 0.176265 -0.952185 0.285442
v 0.502212 -0.703186 0.522254
v -0.000000 -0.010005 -1.181184
v -0.452019 -0.010005 -1.091271
v -0.835223 -0.010005 -0.835223
v -1.091271 -0.010005 -0.452019
v -1.181184 -0.010005 -0.000000
v -1.091271 -0.010005 0.452019
v -0.835223 -0.010005 0.835223
v -0.452019 -0.010005 1.091271
v -0.000000 -0.010005 1.181184
v 0.452019 -0.010005 1.091271
v 0.835223 -0.010005 0.835223
v 1.091271 -0.010005 0.452019
v 1.181184 -0.010005 -0.000000
v 1.091271 -0.010005 -0.452019
v 0.835223 -0.010005 -0.835223
v 0.452019 -0.010005 -1.091271
v -0.000000 -0.010005 -1.423304
v -0.544675 -0.010005 -1.314961
v -1.006428 -0.010005 -1.006428
v -1.314961 -0.010005 -0.544675
v -1.423304 -0.010005 -0.000000
v -1.314961 -0.010005 0.544675
v -1.006428 -0.010005 1.006428
v -0.544675 -0.010005 1.314961
v -0.000000 -0.010005 1.423304
v 0.544675 -0.010005 1.314961
v 1.006428 -0.010005 1.006428
v 1.314961 -0.010005 0.544675
v 1.423304 -0.010005 -0.000000
v 1.314961 -0.010005 -0.544675
v 1.006428 -0.010005 -1.006428
v 0.544675 -0.010005 -1.314961
v -0.000000 -0.010005 -1.509826
v -0.577785 -0.010005 -1.394898
v -1.067608 -0.010005 -1.067608
v -1.394898 -0.010005 -0.577785
v -1.509826 -0.010005 -0.000000
v -1.394898 -0.010005 0.577785
v -1.067608 -0.010005 1.067608
v -0.577785 -0.010005 1.394898
v -0.000000 -0.010005 1.509826
v 0.577785 -0.010005 1.394898
v 1.067608 -0.010005 1.067608
v 1.394898 -0.010005 0.577785
v 1.509826 -0.010005 -0.000000
v 1.394898 -0.010005 -0.577785
v 1.067608 -0.010005 -1.067608
v 0.577785 -0.010005 -1.394898
v -0.000000 -0.010005 -1.828803
v -0.699853 -0.010005 -1.689594
v -1.293159 -0.010005 -1.293159
v -1.689594 -0.010005 -0.699853
v -1.828803 -0.010005 -0.000000
v -1.689594 -0.010005 0.699853
v -1.293159 -0.010005 1.293159
v -0.699853 -0.010005 1.689594
v -0.000000 -0.010005 1.828803
v 0.699853 -0.010005 1.689594
v 1.293159 -0.010005 1.293159
v 1.689594 -0.010005 0.699853
v 1.828803 -0.010005 -0.000000
v 1.689594 -0.010005 -0.699853
v 1.293159 -0.010005 -1.293159
v 0.699853 -0.010005 -1.689594
v -0.000000 -0.010005 -1.923373
v -0.736043 -0.010005 -1.776966
v -1.360031 -0.010005 -1.360031
v -1.776966 -0.010005 -0.736043
v -1.923373 -0.010005 -0.000000
v -1.776966 -0.010005 0.736043
v -1.360031 -0.010005 1.360031
v -0.736043 -0.010005 1.776966
v -0.000000 -0.010005 1.923373
v 0.736043 -0.010005 1.776966
v 1.360031 -0.010005 1.360031
v 1.776966 -0.010005 0.736043
v 1.923373 -0.010005 -0.000000
v 1.776966 -0.010005 -0.736043
v 1.360031 -0.010005 -1.360031
v 0.736043 -0.010005 -1.776966
v -0.000000 -0.010005 -2.583291
v -0.988583 -0.010005 -2.386650
v -1.826663 -0.010005 -1.826663
v -2.386650 -0.010005 -0.988583
v -2.583291 -0.010005 -0.000000
v -2.386650 -0.010005 0.988583
v -1.826663 -0.010005 1.826663
v -0.988583 -0.010005 2.386650
v -0.000000 -0.010005 2.583291
v 0.988583 -0.010005 2.386650
v 1.826663 -0.010005 1.826663
v 2.386650 -0.010005 0.988583
v 2.583291 -0.010005 -0.000000
v 2.386650 -0.010005 -0.988583
v 1.826663 -0.010005 -1.826663
v 0.988583 -0.010005 -2.386650
v -1.261890 -0.010005 -0.000000
v -1.342597 -0.010005 -0.000000
v -1.240398 -0.010005 0.513790
v -1.165835 -0.010005 0.482905
v 1.261890 -0.010005 -0.000000
v 1.342597 -0.010005 -0.000000
v 1.240398 -0.010005 -0.513790
v 1.165835 -0.010005 -0.482905
v -0.949360 -0.010005 0.949360
v -0.892291 -0.010005 0.892291
v 0.949360 -0.010005 -0.949360
v 0.892291 -0.010005 -0.892291
v -0.513790 -0.010005 1.240398
v -0.482905 -0.010005 1.165835
v 0.513790 -0.010005 -1.240398
v 0.482905 -0.010005 -1.165835
v -0.000000 -0.010005 1.342597
v -0.000000 -0.010005 1.261890
v -0.000000 -0.010005 -1.261890
v -0.000000 -0.010005 -1.342597
v -0.513790 -0.010005 -1.240398
v -0.482905 -0.010005 -1.165835
v 0.513790 -0.010005 1.240398
v 0.482905 -0.010005 1.165835
v -0.949360 -0.010005 -0.949360
v -0.892291 -0.010005 -0.892291
v 0.949360 -0.010005 0.949360
v 0.892291 -0.010005 0.892291
v -1.240398 -0.010005 -0.513790
v -1.165835 -0.010005 -0.482905
v 1.240398 -0.010005 0.513790
v 1.165835 -0.010005 0.482905
v -0.000000 -0.010005 1.616152
v -0.000000 -0.010005 1.722477
v 0.659164 -0.010005 1.591362
v 0.618475 -0.010005 1.493130
v -0.618475 -0.010005 -1.493130
v -0.659164 -0.010005 -1.591362
v -1.217976 -0.010005 -1.217976
v -1.142792 -0.010005 -1.142792
v 1.217976 -0.010005 1.217976
v 1.142792 -0.010005 1.142792
v -1.591362 -0.010005 -0.659164
v -1.493130 -0.010005 -0.618475
v 1.591362 -0.010005 0.659164
v 1.493130 -0.010005 0.618475
v -1.722477 -0.010005 -0.000000
v -1.616152 -0.010005 -0.000000
v 1.722477 -0.010005 -0.000000
v 1.616152 -0.010005 -0.000000
v -1.591362 -0.010005 0.659164
v -1.493130 -0.010005 0.618475
v 1.591362 -0.010005 -0.659164
v 1.493130 -0.010005 -0.618475
v -1.217976 -0.010005 1.217976
v -1.142792 -0.010005 1.142792
v 1.217976 -0.010005 -1.217976
v 1.142792 -0.010005 -1.142792
v -0.659164 -0.010005 1.591362
v -0.618475 -0.010005 1.493130
v 0.659164 -0.010005 -1.591362
v 0.618475 -0.010005 -1.493130
v -0.000000 -0.010005 -1.616152
v -0.000000 -0.010005 -1.722477
v 2.096288 -0.010005 -0.000000
v 2.399162 -0.010005 -0.000000
v 2.216537 -0.010005 -0.918120
v 1.936718 -0.010005 -0.802215
v -1.936718 -0.010005 0.802215
v -2.216537 -0.010005 0.918120
v -1.696464 -0.010005 1.696464
v -1.482300 -0.010005 1.482300
v 1.696464 -0.010005 -1.696464
v 1.482300 -0.010005 -1.482300
v -0.918120 -0.010005 2.216537
v -0.802215 -0.010005 1.936718
v 0.918120 -0.010005 -2.216537
v 0.802215 -0.010005 -1.936718
v -0.000000 -0.010005 2.399162
v -0.000000 -0.010005 2.096288
v -0.000000 -0.010005 -2.096288
v -0.000000 -0.010005 -2.399162
v -0.918120 -0.010005 -2.216537
v -0.802215 -0.010005 -1.936718
v 0.918120 -0.010005 2.216537
v 0.802215 -0.010005 1.936718
v -1.696464 -0.010005 -1.696464
v -1.482300 -0.010005 -1.482300
v 1.696464 -0.010005 1.696464
v 1.482300 -0.010005 1.482300
v -2.216537 -0.010005 -0.918120
v -1.936718 -0.010005 -0.802215
v 2.216537 -0.010005 0.918120
v 1.936718 -0.010005 0.802215
v -2.399162 -0.010005 -0.000000
v -2.096288 -0.010005 -0.000000
v 0.000306 0.010164 -1.181184
v -0.451713 0.010164 -1.091271
v -0.834917 0.010164 -0.835223
v -1.090965 0.010164 -0.452019
v -1.180877 0.010164 0.000000
v -1.090965 0.010164 0.452019
v -0.834917 0.010164 0.835223
v -0.451713 0.010164 1.091271
v 0.000306 0.010164 1.181184
v 0.452326 0.010164 1.091271
v 0.835529 0.010164 0.835223
v 1.091578 0.010164 0.452019
v 1.181490 0.010164 0.000000
v 1.091578 0.010164 -0.452019
v 0.835529 0.010164 -0.835223
v 0.452326 0.010164 -1.091271
v 0.000306 0.010164 -1.423304
v -0.544369 0.010164 -1.314961
v -1.006122 0.010164 -1.006428
v -1.314655 0.010164 -0.544675
v -1.422998 0.010164 -0.000000
v -1.314655 0.010164 0.544675
v -1.006122 0.010164 1.006428
v -0.544369 0.010164 1.314961
v 0.000306 0.010164 1.423304
v 0.544981 0.010164 1.314961
v 1.006734 0.010164 1.006428
v 1.315268 0.010164 0.544675
v 1.423610 0.010164 -0.000000
v 1.315268 0.010164 -0.544675
v 1.006734 0.010164 -1.006428
v 0.544981 0.010164 -1.314961
v 0.000306 0.010164 -1.509826
v -0.577479 0.010164 -1.394898
v -1.067302 0.010164 -1.067608
v -1.394591 0.010164 -0.577785
v -1.509520 0.010164 0.000000
v -1.394591 0.010164 0.577785
v -1.067302 0.010164 1.067608
v -0.577479 0.010164 1.394898
v 0.000306 0.010164 1.509826
v 0.578092 0.010164 1.394898
v 1.067914 0.010164 1.067608
v 1.395204 0.010164 0.577785
v 1.510132 0.010164 0.000000
v 1.395204 0.010164 -0.577785
v 1.067914 0.010164 -1.067608
v 0.578092 0.010164 -1.394898
v 0.000306 0.010164 -1.828803
v -0.699547 0.010164 -1.689594
v -1.292853 0.010164 -1.293159
v -1.689288 0.010164 -0.699853
v -1.828497 0.010164 0.000000
v -1.689288 0.010164 0.699853
v -1.292853 0.010164 1.293159
v -0.699547 0.010164 1.689594
v 0.000306 0.010164 1.828803
v 0.700159 0.010164 1.689594
v 1.293465 0.010164 1.293159
v 1.689900 0.010164 0.699853
v 1.829109 0.010164 0.000000
v 1.689900 0.010164 -0.699853
v 1.293465 0.010164 -1.293159
v 0.700159 0.010164 -1.689594
v 0.000306 0.010164 -1.923373
v -0.735737 0.010164 -1.776966
v -1.359724 0.010164 -1.360031
v -1.776659 0.010164 -0.736043
v -1.923067 0.010164 0.000000
v -1.776659 0.010164 0.736043
v -1.359724 0.010164 1.360031
v -0.735737 0.010164 1.776966
v 0.000306 0.010164 1.923373
v 0.736349 0.010164 1.776966
v 1.360337 0.010164 1.360031
v 1.777272 0.010164 0.736043
v 1.923680 0.010164 0.000000
v 1.777272 0.010164 -0.736043
v 1.360337 0.010164 -1.360031
v 0.736349 0.010164 -1.776966
v 0.000306 0.010164 -2.583291
v -0.988277 0.010164 -2.386650
v -1.826357 0.010164 -1.826663
v -2.386344 0.010164 -0.988583
v -2.582985 0.010164 -0.000000
v -2.386344 0.010164 0.988583
v -1.826357 0.010164 1.826663
v -0.988277 0.010164 2.386650
v 0.000306 0.010164 2.583291
v 0.988889 0.010164 2.386650
v 1.826969 0.010164 1.826663
v 2.386956 0.010164 0.988583
v 2.583597 0.010164 -0.000000
v 2.386956 0.010164 -0.988583
v 1.826969 0.010164 -1.826663
v 0.988889 0.010164 -2.386650
v -1.261584 0.010164 0.000000
v -1.342291 0.010164 -0.000000
v -1.240092 0.010164 0.513790
v -1.165529 0.010164 0.482905
v 1.262196 0.010164 0.000000
v 1.342903 0.010164 -0.000000
v 1.240704 0.010164 -0.513790
v 1.166141 0.010164 -0.482905
v -0.949053 0.010164 0.949360
v -0.891985 0.010164 0.892291
v 0.949666 0.010164 -0.949360
v 0.892597 0.010164 -0.892291
v -0.513484 0.010164 1.240398
v -0.482598 0.010164 1.165835
v 0.514096 0.010164 -1.240398
v 0.483211 0.010164 -1.165835
v 0.000306 0.010164 1.342597
v 0.000306 0.010164 1.261890
v 0.000306 0.010164 -1.261890
v 0.000306 0.010164 -1.342597
v -0.513484 0.010164 -1.240398
v -0.482598 0.010164 -1.165835
v 0.514096 0.010164 1.240398
v 0.483211 0.010164 1.165835
v -0.949053 0.010164 -0.949360
v -0.891985 0.010164 -0.892291
v 0.949666 0.010164 0.949360
v 0.892597 0.010164 0.892291
v -1.240092 0.010164 -0.513790
v -1.165529 0.010164 -0.482905
v 1.240704 0.010164 0.513790
v 1.166141 0.010164 0.482905
v 0.000306 0.010164 1.616152
v 0.000306 0.010164 1.722477
v 0.659470 0.010164 1.591362
v 0.618781 0.010164 1.493130
v -0.618168 0.010164 -1.493130
v -0.658858 0.010164 -1.591362
v -1.217669 0.010164 -1.217976
v -1.142486 0.010164 -1.142792
v 1.218282 0.010164 1.217976
v 1.143098 0.010164 1.142792
v -1.591056 0.010164 -0.659164
v -1.492824 0.010164 -0.618475
v 1.591668 0.010164 0.659164
v 1.493436 0.010164 0.618475
v -1.722171 0.010164 0.000000
v -1.615846 0.010164 0.000000
v 1.722784 0.010164 0.000000
v 1.616458 0.010164 0.000000
v -1.591056 0.010164 0.659164
v -1.492824 0.010164 0.618475
v 1.591668 0.010164 -0.659164
v 1.493436 0.010164 -0.618475
v -1.217669 0.010164 1.217976
v -1.142486 0.010164 1.142792
v 1.218282 0.010164 -1.217976
v 1.143098 0.010164 -1.142792
v -0.658858 0.010164 1.591362
v -0.618168 0.010164 1.493130
v 0.659470 0.010164 -1.591362
v 0.618781 0.010164 -1.493130
v 0.000306 0.010164 -1.616152
v 0.000306 0.010164 -1.722477
v 2.096594 0.010164 -0.000000
v 2.399468 0.010164 -0.000000
v 2.216843 0.010164 -0.918120
v 1.937024 0.010164 -0.802215
v -1.936412 0.010164 0.802215
v -2.216231 0.010164 0.918120
v -1.696158 0.010164 1.696464
v -1.481993 0.010164 1.482300
v 1.696770 0.010164 -1.696464
v 1.482606 0.010164 -1.482300
v -0.917813 0.010164 2.216537
v -0.801909 0.010164 1.936718
v 0.918426 0.010164 -2.216537
v 0.802521 0.010164 -1.936718
v 0.000306 0.010164 2.399162
v 0.000306 0.010164 2.096288
v 0.000306 0.010164 -2.096288
v 0.000306 0.010164 -2.399162
v -0.917813 0.010164 -2.216537
v -0.801909 0.010164 -1.936718
v 0.918426 0.010164 2.216537
v 0.802521 0.010164 1.936718
v -1.696158 0.010164 -1.696464
v -1.481993 0.010164 -1.482300
v 1.696770 0.010164 1.696464
v 1.482606 0.010164 1.482300
v -2.216231 0.010164 -0.918120
v -1.936412 0.010164 -0.802215
v 2.216843 0.010164 0.918120
v 1.937024 0.010164 0.802215
v -2.398856 0.010164 -0.000000
v -2.095982 0.010164 -0.000000
vt 0.151112 0.910439
vt 0.155532 0.895698
vt 0.166801 0.909339
vt 0.180826 0.796833
vt 0.177693 0.787740
vt 0.188731 0.790266
vt 0.188756 0.804087
vt 0.157305 0.925983
vt 0.260992 0.718279
vt 0.247271 0.712020
vt 0.262851 0.702828
vt 0.281754 0.856508
vt 0.284377 0.840445
vt 0.298870 0.854146
vt 0.137667 0.920110
vt 0.276543 0.715867
vt 0.288560 0.872252
vt 0.580858 0.674883
vt 0.596178 0.680866
vt 0.580369 0.690698
vt 0.463163 0.746951
vt 0.474460 0.736693
vt 0.477518 0.753793
vt 0.488193 0.884951
vt 0.481518 0.870373
vt 0.498950 0.874237
vt 0.584282 0.794001
vt 0.578902 0.806672
vt 0.572758 0.796596
vt 0.597425 0.791108
vt 0.591603 0.804788
vt 0.612075 0.787944
vt 0.606160 0.802538
vt 0.627886 0.784492
vt 0.622322 0.799938
vt 0.644337 0.780359
vt 0.639566 0.797399
vt 0.660861 0.775843
vt 0.656732 0.792081
vt 0.677597 0.772382
vt 0.672486 0.786969
vt 0.585496 0.818248
vt 0.599620 0.817180
vt 0.592532 0.831362
vt 0.615742 0.815585
vt 0.608292 0.831050
vt 0.600424 0.845779
vt 0.633664 0.813407
vt 0.625798 0.829982
vt 0.617503 0.845998
vt 0.609083 0.860735
vt 0.644391 0.827763
vt 0.635973 0.845517
vt 0.626821 0.861377
vt 0.617438 0.875385
vt 0.663536 0.827495
vt 0.655342 0.844672
vt 0.645898 0.861541
vt 0.635921 0.876521
vt 0.682703 0.823995
vt 0.674984 0.842962
vt 0.665686 0.861076
vt 0.655076 0.877253
vt 0.565697 0.805059
vt 0.571074 0.816861
vt 0.577394 0.829486
vt 0.583028 0.844728
vt 0.592156 0.860706
vt 0.601584 0.877298
vt 0.548068 0.839063
vt 0.535760 0.840275
vt 0.545951 0.827042
vt 0.574847 0.860340
vt 0.581902 0.875789
vt 0.563388 0.872662
vt 0.588105 0.890274
vt 0.570723 0.892356
vt 0.550433 0.889170
vt 0.544803 0.874285
vt 0.531340 0.883808
vt 0.515756 0.879293
vt 0.508231 0.863944
vt 0.556316 0.906205
vt 0.538144 0.902708
vt 0.519912 0.897624
vt 0.503074 0.891794
vt 0.561196 0.792397
vt 0.529968 0.823286
vt 0.522638 0.847676
vt 0.516370 0.836072
vt 0.492636 0.859424
vt 0.540107 0.812812
vt 0.526985 0.805293
vt 0.524398 0.789804
vt 0.521519 0.774013
vt 0.535792 0.780935
vt 0.513597 0.817587
vt 0.510680 0.800102
vt 0.508201 0.783340
vt 0.506321 0.767435
vt 0.500163 0.828359
vt 0.496710 0.811714
vt 0.493942 0.793812
vt 0.492122 0.776734
vt 0.491416 0.760832
vt 0.483094 0.824807
vt 0.479818 0.805646
vt 0.477098 0.786666
vt 0.476167 0.770860
vt 0.475478 0.853281
vt 0.470887 0.836615
vt 0.466548 0.818208
vt 0.463568 0.799182
vt 0.464670 0.761161
vt 0.573687 0.784860
vt 0.549460 0.785285
vt 0.562102 0.778825
vt 0.549100 0.772154
vt 0.534749 0.765204
vt 0.519658 0.757345
vt 0.503144 0.751604
vt 0.489615 0.743014
vt 0.574907 0.771517
vt 0.562715 0.764334
vt 0.576086 0.756989
vt 0.549022 0.756477
vt 0.563547 0.748408
vt 0.577120 0.741624
vt 0.533610 0.748253
vt 0.549657 0.739308
vt 0.565141 0.730855
vt 0.535370 0.730091
vt 0.550489 0.721781
vt 0.566163 0.714318
vt 0.535511 0.713224
vt 0.550258 0.704444
vt 0.565486 0.696738
vt 0.578911 0.706070
vt 0.485623 0.726545
vt 0.533054 0.696664
vt 0.549752 0.687288
vt 0.565655 0.680249
vt 0.586239 0.781165
vt 0.588274 0.766622
vt 0.589801 0.751266
vt 0.595792 0.698735
vt 0.600525 0.777049
vt 0.603955 0.760532
vt 0.616222 0.772960
vt 0.620212 0.757384
vt 0.632896 0.768361
vt 0.637817 0.749621
vt 0.650281 0.763293
vt 0.641694 0.731427
vt 0.655913 0.745021
vt 0.667730 0.758986
vt 0.612808 0.688231
vt 0.611949 0.705763
vt 0.630088 0.698251
vt 0.628032 0.716982
vt 0.646196 0.711362
vt 0.660957 0.725868
vt 0.673966 0.740755
vt 0.684408 0.755228
vt 0.749787 0.799253
vt 0.724438 0.808280
vt 0.729197 0.786322
vt 0.773878 0.816057
vt 0.746060 0.825744
vt 0.309833 0.872077
vt 0.295116 0.891030
vt 0.719755 0.833672
vt 0.702757 0.818359
vt 0.696001 0.839490
vt 0.768697 0.846845
vt 0.738735 0.853804
vt 0.711141 0.858415
vt 0.686571 0.860846
vt 0.758424 0.878015
vt 0.727360 0.881079
vt 0.699524 0.881975
vt 0.674600 0.881681
vt 0.333421 0.869115
vt 0.360811 0.860197
vt 0.355017 0.887598
vt 0.743496 0.907032
vt 0.712888 0.905860
vt 0.686791 0.902857
vt 0.318952 0.849937
vt 0.341872 0.842989
vt 0.367202 0.833776
vt 0.725542 0.932111
vt 0.696222 0.927170
vt 0.630171 0.924072
vt 0.618007 0.910363
vt 0.633260 0.906887
vt 0.625066 0.944369
vt 0.610712 0.926592
vt 0.617099 0.968692
vt 0.600723 0.945594
vt 0.605350 0.996731
vt 0.589833 0.971165
vt 0.318245 0.711493
vt 0.325327 0.687537
vt 0.343387 0.704327
vt 0.295489 0.713497
vt 0.301395 0.693233
vt 0.280323 0.698117
vt 0.576317 0.949009
vt 0.573936 0.996879
vt 0.561849 0.969599
vt 0.552615 0.943515
vt 0.545294 0.922107
vt 0.307079 0.669402
vt 0.543152 0.992230
vt 0.534628 0.964143
vt 0.528080 0.938730
vt 0.523162 0.916603
vt 0.283709 0.676722
vt 0.287545 0.651957
vt 0.514305 0.984209
vt 0.508843 0.956335
vt 0.505420 0.931274
vt 0.503444 0.909780
vt 0.264181 0.684359
vt 0.264159 0.660991
vt 0.268399 0.635253
vt 0.487944 0.973815
vt 0.485622 0.946563
vt 0.485739 0.922212
vt 0.484977 0.902528
vt 0.472415 0.886236
vt 0.396024 0.887109
vt 0.416259 0.866058
vt 0.423054 0.889633
vt 0.142947 0.644744
vt 0.127257 0.627429
vt 0.151434 0.622480
vt 0.464215 0.870243
vt 0.457259 0.851425
vt 0.451820 0.831764
vt 0.388512 0.857737
vt 0.410053 0.840088
vt 0.450391 0.811508
vt 0.385857 0.828974
vt 0.410279 0.815526
vt 0.385857 0.800972
vt 0.409109 0.786487
vt 0.423635 0.800748
vt 0.387059 0.774626
vt 0.410872 0.765162
vt 0.457173 0.733021
vt 0.450162 0.716834
vt 0.469027 0.721320
vt 0.440378 0.697593
vt 0.463228 0.702844
vt 0.435160 0.673059
vt 0.457414 0.680879
vt 0.031069 0.776280
vt 0.011377 0.783795
vt 0.016717 0.761529
vt 0.484039 0.708850
vt 0.479401 0.688749
vt 0.498826 0.697230
vt 0.452746 0.656147
vt 0.476014 0.665362
vt 0.497533 0.675327
vt 0.516379 0.685015
vt 0.515539 0.700788
vt 0.029226 0.797039
vt 0.011178 0.808452
vt 0.473437 0.639567
vt 0.496717 0.651274
vt 0.517343 0.663530
vt 0.535064 0.675902
vt 0.032289 0.818142
vt 0.013739 0.832231
vt 0.496675 0.625294
vt 0.518731 0.639574
vt 0.537634 0.653953
vt 0.553198 0.667754
vt 0.047388 0.827084
vt 0.033591 0.839548
vt 0.017439 0.854930
vt 0.520704 0.614480
vt 0.540804 0.630497
vt 0.557386 0.646477
vt 0.570460 0.661478
vt 0.591786 0.660872
vt 0.120433 0.930986
vt 0.122620 0.956338
vt 0.099111 0.941585
vt 0.142647 0.939426
vt 0.608853 0.668445
vt 0.629743 0.675503
vt 0.650383 0.669239
vt 0.649100 0.690218
vt 0.674417 0.680197
vt 0.667251 0.705632
vt 0.700929 0.673620
vt 0.691853 0.700764
vt 0.682525 0.723022
vt 0.150906 0.961860
vt 0.134214 0.982884
vt 0.162423 0.986459
vt 0.716909 0.644204
vt 0.732772 0.671611
vt 0.718904 0.697903
vt 0.706491 0.721411
vt 0.695505 0.740724
vt 0.165461 0.944165
vt 0.176292 0.964928
vt 0.189750 0.987940
vt 0.747092 0.696925
vt 0.732032 0.720670
vt 0.717266 0.741430
vt 0.462937 0.798472
vt 0.475889 0.786187
vt 0.647058 0.914608
vt 0.645085 0.960123
vt 0.648367 0.934133
vt 0.650159 0.934144
vt 0.646898 0.960405
vt 0.226717 0.856638
vt 0.238604 0.869135
vt 0.237655 0.869524
vt 0.225879 0.857009
vt 0.704703 0.954909
vt 0.345289 0.817946
vt 0.322105 0.827932
vt 0.301761 0.835334
vt 0.161932 0.401220
vt 0.161932 0.535095
vt 0.153653 0.535572
vt 0.153653 0.400421
vt 0.201116 0.401063
vt 0.201117 0.528346
vt 0.192803 0.528917
vt 0.192803 0.400421
vt 0.125367 0.844898
vt 0.137267 0.856138
vt 0.136537 0.856870
vt 0.125040 0.845901
vt 0.483543 0.825960
vt 0.471866 0.836878
vt 0.648394 0.913843
vt 0.246594 0.676773
vt 0.245790 0.675648
vt 0.262727 0.660239
vt 0.637906 0.990707
vt 0.371772 0.805575
vt 0.345573 0.790593
vt 0.192521 0.728545
vt 0.208567 0.729747
vt 0.208415 0.730736
vt 0.192902 0.729469
vt 0.723029 0.807178
vt 0.727702 0.786309
vt 0.057543 0.754902
vt 0.070503 0.764807
vt 0.070095 0.765778
vt 0.057251 0.755959
vt 0.562985 0.871731
vt 0.574021 0.859693
vt 0.726115 0.762591
vt 0.724465 0.763090
vt 0.716287 0.743036
vt 0.147960 0.825431
vt 0.136683 0.814710
vt 0.137437 0.814200
vt 0.148340 0.824558
vt 0.323229 0.803808
vt 0.322218 0.777438
vt 0.476516 0.852440
vt 0.493071 0.858234
vt 0.590375 0.750535
vt 0.604216 0.759506
vt 0.189373 0.641446
vt 0.176040 0.619462
vt 0.177224 0.618633
vt 0.190613 0.640816
vt 0.226096 0.821659
vt 0.238156 0.831383
vt 0.236754 0.831516
vt 0.225710 0.822591
vt 0.306270 0.731572
vt 0.303069 0.814615
vt 0.302207 0.792494
vt 0.298149 0.770357
vt 0.312602 0.753511
vt 0.292010 0.749880
vt 0.284790 0.731577
vt 0.285774 0.822682
vt 0.285579 0.803680
vt 0.283279 0.784133
vt 0.279122 0.765243
vt 0.273836 0.747751
vt 0.267670 0.731907
vt 0.577843 0.740830
vt 0.344116 0.706171
vt 0.319100 0.712721
vt 0.557308 0.906976
vt 0.546536 0.922288
vt 0.213838 0.817930
vt 0.214442 0.818903
vt 0.247192 0.695433
vt 0.215007 0.762141
vt 0.205682 0.756981
vt 0.206250 0.756331
vt 0.216242 0.761889
vt 0.086490 0.734055
vt 0.075203 0.717844
vt 0.076133 0.717325
vt 0.087129 0.733152
vt 0.410722 0.785850
vt 0.425477 0.800680
vt 0.138194 0.901225
vt 0.122960 0.907988
vt 0.123208 0.906648
vt 0.137158 0.900152
vt 0.553833 0.942341
vt 0.576513 0.947498
vt 0.107763 0.844892
vt 0.107902 0.845922
vt 0.187994 0.804420
vt 0.180257 0.797261
vt 0.307914 0.731919
vt 0.314056 0.753093
vt 0.332852 0.870699
vt 0.310693 0.873773
vt 0.175830 0.876680
vt 0.179686 0.861074
vt 0.180419 0.861704
vt 0.177106 0.876483
vt 0.323485 0.776403
vt 0.412707 0.914937
vt 0.224244 0.735741
vt 0.223505 0.736594
vt 0.424753 0.889794
vt 0.414058 0.915649
vt 0.119157 0.734435
vt 0.102336 0.736374
vt 0.102394 0.735349
vt 0.118671 0.733463
vt 0.169456 0.535034
vt 0.169456 0.401157
vt 0.176962 0.400421
vt 0.176962 0.535573
vt 0.265467 0.776898
vt 0.253244 0.789971
vt 0.252448 0.788980
vt 0.264188 0.776655
vt 0.164840 0.642287
vt 0.187228 0.815309
vt 0.186318 0.814686
vt 0.238371 0.798380
vt 0.238274 0.797333
vt 0.237626 0.886109
vt 0.221927 0.897764
vt 0.220927 0.897056
vt 0.236399 0.885494
vt 0.678892 0.772865
vt 0.673444 0.787895
vt 0.581891 0.844638
vt 0.199602 0.663350
vt 0.177252 0.662205
vt 0.154846 0.663509
vt 0.129666 0.802701
vt 0.130697 0.802759
vt 0.228936 0.687986
vt 0.499900 0.829364
vt 0.145571 0.697223
vt 0.137929 0.711473
vt 0.137091 0.710940
vt 0.144542 0.696780
vt 0.038325 0.758269
vt 0.039139 0.759400
vt 0.209639 0.682960
vt 0.188160 0.680844
vt 0.168221 0.680567
vt 0.150538 0.682286
vt 0.083790 0.863126
vt 0.092259 0.847901
vt 0.092852 0.848739
vt 0.085176 0.863222
vt 0.231677 0.706059
vt 0.214643 0.701095
vt 0.196572 0.697814
vt 0.178427 0.696269
vt 0.161294 0.696178
vt 0.633616 0.905463
vt 0.599866 0.944199
vt 0.546935 0.826803
vt 0.549043 0.839862
vt 0.673606 0.882999
vt 0.654966 0.878491
vt 0.416076 0.738948
vt 0.425710 0.754684
vt 0.390422 0.747705
vt 0.182753 0.906604
vt 0.184988 0.890703
vt 0.186243 0.890432
vt 0.183764 0.906852
vt 0.508936 0.863136
vt 0.534617 0.713268
vt 0.532195 0.697903
vt 0.077853 0.820938
vt 0.065566 0.829440
vt 0.065344 0.828304
vt 0.077483 0.820135
vt 0.065417 0.698698
vt 0.066536 0.698126
vt 0.208264 0.846780
vt 0.210849 0.831186
vt 0.212023 0.831433
vt 0.209145 0.847420
vt 0.033416 0.817500
vt 0.047855 0.825978
vt 0.576590 0.829865
vt 0.411683 0.816166
vt 0.411609 0.839950
vt 0.398714 0.717900
vt 0.609232 0.925841
vt 0.164259 0.763592
vt 0.172200 0.752130
vt 0.172899 0.752637
vt 0.164984 0.764064
vt 0.176963 0.535095
vt 0.176963 0.401220
vt 0.184490 0.400421
vt 0.184490 0.535572
vt 0.417802 0.689167
vt 0.054553 0.678192
vt 0.041762 0.698419
vt 0.054141 0.717969
vt 0.031384 0.719979
vt 0.045019 0.738134
vt 0.023498 0.741324
vt 0.201117 0.528689
vt 0.201117 0.401404
vt 0.209182 0.400421
vt 0.209182 0.528919
vt 0.640500 0.798292
vt 0.634633 0.813268
vt 0.066111 0.735721
vt 0.617080 0.909111
vt 0.486725 0.726349
vt 0.490502 0.742415
vt 0.227489 0.842440
vt 0.226574 0.842100
vt 0.570259 0.817279
vt 0.091422 0.817465
vt 0.090825 0.816634
vt 0.210499 0.682070
vt 0.228805 0.686566
vt 0.077209 0.751067
vt 0.267072 0.634955
vt 0.515564 0.836931
vt 0.486246 0.974135
vt 0.484002 0.946661
vt 0.184247 0.778902
vt 0.176748 0.787635
vt 0.183455 0.778317
vt 0.450743 0.831982
vt 0.449230 0.811061
vt 0.564770 0.805450
vt 0.147312 0.870020
vt 0.144570 0.885593
vt 0.143407 0.885291
vt 0.146226 0.870326
vt 0.702318 0.817087
vt 0.484168 0.922253
vt 0.094391 0.750137
vt 0.087320 0.766183
vt 0.483695 0.903037
vt 0.516427 0.878579
vt 0.531173 0.882502
vt 0.189319 0.754655
vt 0.191535 0.768650
vt 0.190721 0.768472
vt 0.188628 0.754505
vt 0.682436 0.822702
vt 0.055689 0.677467
vt 0.579185 0.644428
vt 0.567175 0.624838
vt 0.545730 0.606134
vt 0.039579 0.859643
vt 0.053563 0.843601
vt 0.456150 0.733477
vt 0.449129 0.717320
vt 0.439399 0.698742
vt 0.417293 0.690297
vt 0.417851 0.865680
vt 0.572140 0.597036
vt 0.588614 0.891377
vt 0.571328 0.893508
vt 0.696211 0.742019
vt 0.534467 0.730044
vt 0.023790 0.877885
vt 0.048295 0.881693
vt 0.032789 0.901949
vt 0.060295 0.906634
vt 0.030398 0.797073
vt 0.685456 0.755812
vt 0.399897 0.716746
vt 0.417438 0.737995
vt 0.061933 0.862501
vt 0.072419 0.882538
vt 0.086210 0.901671
vt 0.079288 0.925045
vt 0.103125 0.917572
vt 0.073655 0.846196
vt 0.093235 0.880966
vt 0.106886 0.896591
vt 0.215319 0.916541
vt 0.213892 0.916283
vt 0.083702 0.833014
vt 0.197308 0.745634
vt 0.197316 0.744332
vt 0.181099 0.740134
vt 0.181714 0.740657
vt 0.456099 0.851836
vt 0.544413 0.873238
vt 0.536076 0.782000
vt 0.525205 0.790106
vt 0.503649 0.750695
vt 0.104374 0.791935
vt 0.100393 0.804914
vt 0.099506 0.804531
vt 0.103415 0.792092
vt 0.176964 0.924772
vt 0.178352 0.924657
vt 0.741357 0.745503
vt 0.759345 0.723288
vt 0.201333 0.963626
vt 0.186404 0.942904
vt 0.747934 0.772070
vt 0.769335 0.752965
vt 0.774425 0.784901
vt 0.217728 0.987130
vt 0.427397 0.755099
vt 0.617527 0.876648
vt 0.602093 0.878260
vt 0.527960 0.804658
vt 0.540910 0.812104
vt 0.567033 0.714847
vt 0.566273 0.730485
vt 0.463048 0.870807
vt 0.412085 0.766013
vt 0.136047 0.790423
vt 0.136556 0.791133
vt 0.230626 0.748934
vt 0.229880 0.749772
vt 0.532585 0.747582
vt 0.471396 0.886933
vt 0.032350 0.776650
vt 0.536044 0.841198
vt 0.522230 0.848923
vt 0.059622 0.908125
vt 0.032474 0.903295
vt 0.519630 0.756329
vt 0.213625 0.934751
vt 0.212297 0.936294
vt 0.475345 0.771308
vt 0.235875 0.932241
vt 0.237533 0.908032
vt 0.257892 0.921056
vt 0.256633 0.896888
vt 0.278298 0.906967
vt 0.273844 0.884740
vt 0.096753 0.777517
vt 0.095986 0.778096
vt 0.187794 0.942080
vt 0.245277 0.754162
vt 0.245019 0.754990
vt 0.254405 0.877585
vt 0.269235 0.867106
vt 0.267923 0.848689
vt 0.253584 0.840415
vt 0.269585 0.832327
vt 0.254286 0.823946
vt 0.239244 0.815334
vt 0.224955 0.808406
vt 0.200340 0.810092
vt 0.211404 0.802250
vt 0.199124 0.795893
vt 0.270078 0.814575
vt 0.254190 0.806617
vt 0.269032 0.796093
vt 0.222637 0.793790
vt 0.636699 0.748752
vt 0.640561 0.731847
vt 0.462135 0.747239
vt 0.574252 0.597208
vt 0.568808 0.624593
vt 0.261296 0.760194
vt 0.210233 0.786780
vt 0.549124 0.786193
vt 0.499212 0.698541
vt 0.485139 0.709239
vt 0.560453 0.793058
vt 0.208230 0.772521
vt 0.209182 0.772847
vt 0.211156 0.786266
vt 0.174777 0.821669
vt 0.174520 0.820872
vt 0.694546 0.927718
vt 0.685429 0.903476
vt 0.256566 0.743141
vt 0.197589 0.781758
vt 0.149057 0.786890
vt 0.157128 0.775762
vt 0.157893 0.776272
vt 0.149582 0.787694
vt 0.595855 0.699977
vt 0.579496 0.707042
vt 0.635909 0.877764
vt 0.580512 0.643592
vt 0.240073 0.739336
vt 0.250745 0.728698
vt 0.236220 0.723224
vt 0.220170 0.718099
vt 0.674612 0.678768
vt 0.699591 0.671924
vt 0.169456 0.400906
vt 0.169456 0.534784
vt 0.161932 0.535575
vt 0.161932 0.400421
vt 0.203155 0.714192
vt 0.086917 0.767035
vt 0.592759 0.659782
vt 0.202738 0.962663
vt 0.141973 0.645536
vt 0.126170 0.628292
vt 0.185640 0.711775
vt 0.619939 0.756328
vt 0.175251 0.725429
vt 0.168398 0.710429
vt 0.107744 0.895765
vt 0.260540 0.760987
vt 0.094383 0.880272
vt 0.165852 0.738415
vt 0.159251 0.724309
vt 0.152373 0.710418
vt 0.663454 0.826161
vt 0.121242 0.957590
vt 0.098225 0.942929
vt 0.157841 0.750728
vt 0.151268 0.737499
vt 0.144661 0.724273
vt 0.219324 0.986225
vt 0.129486 0.722656
vt 0.135987 0.735883
vt 0.143154 0.749638
vt 0.150296 0.763069
vt 0.650473 0.667606
vt 0.223058 0.792940
vt 0.149557 0.682011
vt 0.127188 0.748975
vt 0.110586 0.749281
vt 0.135060 0.762922
vt 0.119046 0.763197
vt 0.102961 0.763915
vt 0.142598 0.776080
vt 0.127492 0.776945
vt 0.111653 0.777496
vt 0.120512 0.790866
vt 0.194085 0.854275
vt 0.194597 0.855283
vt 0.353692 0.889417
vt 0.078144 0.926429
vt 0.629800 0.673914
vt 0.645046 0.826591
vt 0.296434 0.892215
vt 0.114378 0.803855
vt 0.657167 0.793346
vt 0.609429 0.667169
vt 0.254644 0.858588
vt 0.346536 0.788956
vt 0.170558 0.893562
vt 0.240528 0.849556
vt 0.161934 0.824567
vt 0.161834 0.823623
vt 0.153477 0.663790
vt 0.128813 0.722107
vt 0.145352 0.400968
vt 0.145352 0.534846
vt 0.137050 0.535575
vt 0.137050 0.400421
vt 0.515547 0.701847
vt 0.279335 0.908246
vt 0.258698 0.922396
vt 0.200711 0.662858
vt 0.236301 0.933474
vt 0.196481 0.837976
vt 0.198837 0.823127
vt 0.627351 0.717873
vt 0.372893 0.804014
vt 0.182191 0.844297
vt 0.184974 0.829271
vt 0.159828 0.880375
vt 0.164043 0.864792
vt 0.168054 0.849388
vt 0.171551 0.834857
vt 0.463775 0.761628
vt 0.611376 0.706917
vt 0.106887 0.817062
vt 0.122278 0.815919
vt 0.099061 0.831690
vt 0.115254 0.830390
vt 0.131591 0.828617
vt 0.715473 0.643293
vt 0.639767 0.991248
vt 0.132248 0.983962
vt 0.142285 0.841141
vt 0.192803 0.401000
vt 0.192803 0.528285
vt 0.184490 0.528919
vt 0.184490 0.400421
vt 0.157722 0.838153
vt 0.153062 0.853435
vt 0.702946 0.955560
vt 0.209182 0.528345
vt 0.209182 0.401063
vt 0.216681 0.400421
vt 0.216681 0.528916
vt 0.153653 0.401157
vt 0.153653 0.535032
vt 0.145352 0.535571
vt 0.145352 0.400421
vt 0.177196 0.808322
vt 0.169235 0.798512
vt 0.071896 0.806451
vt 0.060968 0.814941
vt 0.130632 0.698830
vt 0.121373 0.709212
vt 0.117207 0.692752
vt 0.060408 0.798431
vt 0.132868 0.684311
vt 0.625673 0.891496
vt 0.693965 0.769763
vt 0.691338 0.785661
vt 0.651949 0.810618
vt 0.669845 0.807135
vt 0.687483 0.803521
vt 0.644243 0.893305
vt 0.608795 0.892919
vt 0.555547 0.815732
vt 0.560860 0.828529
vt 0.566439 0.842978
vt 0.555904 0.856767
vt 0.539104 0.854352
vt 0.526652 0.866709
vt 0.597565 0.909065
vt 0.578141 0.908802
vt 0.551953 0.801299
vt 0.504689 0.847141
vt 0.538875 0.795874
vt 0.488028 0.841961
vt 0.461585 0.779753
vt 0.579740 0.724079
vt 0.518121 0.739910
vt 0.502637 0.732690
vt 0.517477 0.721970
vt 0.501485 0.715039
vt 0.592764 0.733326
vt 0.594493 0.715870
vt 0.606588 0.743707
vt 0.609212 0.725616
vt 0.623476 0.737271
vt 0.709305 0.776925
vt 0.706632 0.795611
vt 0.305055 0.917672
vt 0.336555 0.923376
vt 0.311994 0.949169
vt 0.322030 0.894461
vt 0.661981 0.898811
vt 0.669769 0.920899
vt 0.588444 0.926405
vt 0.566977 0.925273
vt 0.450686 0.889304
vt 0.441747 0.869510
vt 0.136116 0.666760
vt 0.119942 0.653927
vt 0.117775 0.675453
vt 0.435065 0.847405
vt 0.430993 0.824404
vt 0.097999 0.639168
vt 0.445854 0.788824
vt 0.098489 0.665871
vt 0.073570 0.656769
vt 0.428517 0.776930
vt 0.446296 0.768342
vt 0.100519 0.686452
vt 0.080034 0.680756
vt 0.447675 0.750609
vt 0.047210 0.788732
vt 0.047260 0.807158
vt 0.605485 0.643880
vt 0.623546 0.623984
vt 0.628012 0.651791
vt 0.648351 0.600287
vt 0.651641 0.634947
vt 0.097674 0.974369
vt 0.070284 0.955268
vt 0.683591 0.615888
vt 0.678774 0.651516
vt 0.705003 0.757511
vt 0.672835 0.945552
vt 0.673889 0.977836
vt 0.372893 0.769460
vt 0.342048 0.758918
vt 0.363193 0.734433
vt 0.331657 0.732661
vt 0.466086 0.907112
vt 0.462298 0.930890
vt 0.459864 0.959960
vt 0.242826 0.650515
vt 0.442462 0.911606
vt 0.434771 0.939638
vt 0.237595 0.621522
vt 0.217199 0.643195
vt 0.205936 0.617019
vt 0.224552 0.666946
vt 0.438143 0.735325
vt 0.088025 0.700785
vt 0.106331 0.704776
vt 0.427323 0.716326
vt 0.051818 0.772286
vt 0.095821 0.718750
vt 0.064460 0.783486
vt 0.111842 0.721122
vt 0.080778 0.779492
vt 0.075678 0.793423
vt 0.594097 0.621780
vt 0.611595 0.593604
vt 0.047336 0.932959
vt 0.102091 0.862527
vt 0.112955 0.876681
vt 0.125285 0.889207
vt 0.229618 0.958375
vt 0.251430 0.980685
vt 0.257327 0.949821
vt 0.283470 0.968195
vt 0.283139 0.935603
vt 0.195844 0.921262
vt 0.201349 0.902569
vt 0.236007 0.782050
vt 0.248545 0.771365
vt 0.221429 0.776777
vt 0.232732 0.765790
vt 0.214208 0.746910
vt 0.178442 0.766044
vt 0.170663 0.776244
vt 0.163892 0.787910
vt 0.089651 0.792578
vt 0.156858 0.799652
vt 0.143747 0.801342
vt 0.084965 0.805485
vt 0.222563 0.876697
vt 0.205230 0.884541
vt 0.208332 0.865748
vt 0.191956 0.872551
vt 0.152560 0.811968
vt 0.165628 0.810187
vt 0.119035 0.860612
vt 0.130573 0.873635
vt 0.387037 0.184099
vt 0.381963 0.185108
vt 0.381963 0.149505
vt 0.387037 0.150514
vt 0.555875 0.150514
vt 0.560950 0.149504
vt 0.560950 0.185108
vt 0.555875 0.184099
vt 0.399889 0.215127
vt 0.395587 0.218002
vt 0.543023 0.119486
vt 0.547325 0.116611
vt 0.423637 0.238875
vt 0.420762 0.243177
vt 0.519276 0.095738
vt 0.522150 0.091436
vt 0.454664 0.251727
vt 0.453655 0.256802
vt 0.454664 0.082885
vt 0.453655 0.077811
vt 0.489258 0.077811
vt 0.488248 0.082885
vt 0.488248 0.251727
vt 0.489258 0.256802
vt 0.423637 0.095738
vt 0.420762 0.091436
vt 0.519276 0.238875
vt 0.522150 0.243177
vt 0.399889 0.119486
vt 0.395587 0.116611
vt 0.543023 0.215127
vt 0.547325 0.218002
vt 0.197277 0.584044
vt 0.198804 0.591720
vt 0.146279 0.591720
vt 0.147806 0.584044
vt 0.102100 0.354260
vt 0.097752 0.347753
vt 0.146279 0.327651
vt 0.147806 0.335328
vt 0.242983 0.565111
vt 0.247331 0.571619
vt 0.067119 0.389243
vt 0.060611 0.384894
vt 0.277965 0.530129
vt 0.284472 0.534477
vt 0.048187 0.434950
vt 0.040510 0.433423
vt 0.296897 0.484422
vt 0.304573 0.485949
vt 0.048187 0.484422
vt 0.040510 0.485949
vt 0.296897 0.434949
vt 0.304573 0.433422
vt 0.067119 0.530129
vt 0.060611 0.534477
vt 0.277965 0.389242
vt 0.284472 0.384894
vt 0.102100 0.565111
vt 0.097752 0.571619
vt 0.242983 0.354260
vt 0.247331 0.347752
vt 0.198804 0.327651
vt 0.197277 0.335328
vt 0.313010 0.139866
vt 0.323459 0.137788
vt 0.323459 0.196111
vt 0.313010 0.194032
vt 0.061435 0.244075
vt 0.052577 0.249994
vt 0.030258 0.196111
vt 0.040707 0.194032
vt 0.292282 0.089824
vt 0.301141 0.083905
vt 0.099735 0.282375
vt 0.093816 0.291234
vt 0.253982 0.051523
vt 0.259901 0.042664
vt 0.149776 0.303104
vt 0.147698 0.313553
vt 0.149777 0.030795
vt 0.147698 0.020345
vt 0.206020 0.020345
vt 0.203941 0.030795
vt 0.203941 0.303104
vt 0.206019 0.313553
vt 0.099735 0.051523
vt 0.093816 0.042665
vt 0.253982 0.282375
vt 0.259901 0.291234
vt 0.061435 0.089824
vt 0.052577 0.083905
vt 0.292282 0.244074
vt 0.301140 0.249994
vt 0.040708 0.139867
vt 0.030258 0.137788
vt 0.545726 0.182080
vt 0.550800 0.183089
vt 0.538721 0.212252
vt 0.534419 0.209378
vt 0.397186 0.152533
vt 0.392112 0.151524
vt 0.404191 0.122361
vt 0.408493 0.125235
vt 0.516401 0.234573
vt 0.513527 0.230271
vt 0.426511 0.100040
vt 0.429386 0.104342
vt 0.487239 0.246653
vt 0.486229 0.241578
vt 0.455674 0.087960
vt 0.456683 0.093035
vt 0.455674 0.246653
vt 0.456683 0.241578
vt 0.486229 0.093035
vt 0.487239 0.087960
vt 0.516401 0.100040
vt 0.513527 0.104342
vt 0.426511 0.234573
vt 0.429386 0.230271
vt 0.538721 0.122360
vt 0.534419 0.125235
vt 0.404191 0.212253
vt 0.408493 0.209378
vt 0.550800 0.151523
vt 0.545726 0.152533
vt 0.392112 0.183090
vt 0.397186 0.182080
vt 0.194224 0.350680
vt 0.195750 0.343004
vt 0.238635 0.360768
vt 0.234287 0.367275
vt 0.150860 0.350681
vt 0.149333 0.343004
vt 0.150860 0.568691
vt 0.149333 0.576367
vt 0.106448 0.558604
vt 0.110797 0.552096
vt 0.271457 0.393591
vt 0.264950 0.397939
vt 0.073626 0.525781
vt 0.080134 0.521432
vt 0.289220 0.436476
vt 0.281544 0.438003
vt 0.055863 0.482895
vt 0.063539 0.481368
vt 0.289220 0.482895
vt 0.281544 0.481368
vt 0.055863 0.436477
vt 0.063539 0.438003
vt 0.271457 0.525780
vt 0.264950 0.521432
vt 0.073626 0.393591
vt 0.080134 0.397940
vt 0.238635 0.558603
vt 0.234287 0.552096
vt 0.106448 0.360768
vt 0.110797 0.367276
vt 0.195751 0.576367
vt 0.194224 0.568691
vt 0.067708 0.188661
vt 0.057895 0.190613
vt 0.057896 0.143286
vt 0.067708 0.145237
vt 0.286009 0.188661
vt 0.295822 0.190613
vt 0.277711 0.234338
vt 0.269392 0.228779
vt 0.076007 0.099560
vt 0.084326 0.105119
vt 0.244246 0.267804
vt 0.238687 0.259485
vt 0.109472 0.066095
vt 0.115030 0.074414
vt 0.200522 0.285915
vt 0.198570 0.276102
vt 0.153196 0.047983
vt 0.155147 0.057796
vt 0.153195 0.285915
vt 0.155147 0.276102
vt 0.198570 0.057796
vt 0.200522 0.047983
vt 0.244246 0.066095
vt 0.238688 0.074414
vt 0.109471 0.267804
vt 0.115030 0.259485
vt 0.277711 0.099560
vt 0.269392 0.105119
vt 0.076006 0.234338
vt 0.084325 0.228780
vt 0.295822 0.143285
vt 0.286009 0.145237
vt 0.131184 0.096317
vt 0.107437 0.120065
vt 0.103135 0.117191
vt 0.128310 0.092015
vt 0.226822 0.239454
vt 0.250569 0.215706
vt 0.254871 0.218581
vt 0.229697 0.243757
vt 0.162212 0.083465
vt 0.161202 0.078390
vt 0.195795 0.252307
vt 0.196804 0.257382
vt 0.195795 0.083465
vt 0.196805 0.078390
vt 0.162211 0.252307
vt 0.161202 0.257382
vt 0.226822 0.096317
vt 0.229697 0.092015
vt 0.107437 0.215706
vt 0.131184 0.239454
vt 0.128309 0.243757
vt 0.103135 0.218581
vt 0.250570 0.120065
vt 0.254872 0.117191
vt 0.094585 0.184678
vt 0.089510 0.185688
vt 0.263421 0.151093
vt 0.268496 0.150084
vt 0.094585 0.151093
vt 0.089510 0.150084
vt 0.263421 0.184678
vt 0.268496 0.185688
vt 0.542025 0.389242
vt 0.507044 0.354260
vt 0.511392 0.347752
vt 0.548532 0.384894
vt 0.312249 0.484422
vt 0.331181 0.530129
vt 0.324673 0.534477
vt 0.304573 0.485949
vt 0.560957 0.434949
vt 0.568633 0.433422
vt 0.312249 0.434950
vt 0.304573 0.433423
vt 0.560957 0.484422
vt 0.568633 0.485949
vt 0.331181 0.389243
vt 0.324673 0.384894
vt 0.542025 0.530129
vt 0.548532 0.534477
vt 0.366162 0.354260
vt 0.361814 0.347753
vt 0.507044 0.565111
vt 0.511392 0.571619
vt 0.411867 0.335328
vt 0.410340 0.327651
vt 0.461338 0.584044
vt 0.462865 0.591720
vt 0.461338 0.335328
vt 0.462865 0.327651
vt 0.411867 0.584044
vt 0.410340 0.591720
vt 0.366162 0.565111
vt 0.361814 0.571619
vt 0.547181 0.282375
vt 0.585480 0.244075
vt 0.594339 0.249994
vt 0.553099 0.291234
vt 0.442977 0.030795
vt 0.392936 0.051523
vt 0.387017 0.042665
vt 0.440898 0.020345
vt 0.497140 0.303104
vt 0.499218 0.313553
vt 0.497140 0.030795
vt 0.499219 0.020345
vt 0.442976 0.303104
vt 0.440897 0.313553
vt 0.547181 0.051523
vt 0.553100 0.042665
vt 0.354636 0.244074
vt 0.392935 0.282375
vt 0.387016 0.291234
vt 0.345777 0.249994
vt 0.585481 0.089824
vt 0.594339 0.083905
vt 0.333908 0.194032
vt 0.323459 0.196111
vt 0.606208 0.139867
vt 0.616657 0.137788
vt 0.333908 0.139866
vt 0.323459 0.137788
vt 0.606208 0.194032
vt 0.616657 0.196111
vt 0.354636 0.089824
vt 0.345778 0.083905
vt 0.241965 0.209957
vt 0.253272 0.182659
vt 0.258347 0.183669
vt 0.246267 0.212832
vt 0.116041 0.125814
vt 0.104734 0.153112
vt 0.099660 0.152103
vt 0.111739 0.122940
vt 0.253272 0.153112
vt 0.258347 0.152103
vt 0.104734 0.182659
vt 0.099660 0.183669
vt 0.241966 0.125814
vt 0.246268 0.122940
vt 0.116041 0.209957
vt 0.111739 0.212832
vt 0.221073 0.104921
vt 0.223948 0.100619
vt 0.136933 0.230850
vt 0.164230 0.242157
vt 0.163221 0.247232
vt 0.134058 0.235152
vt 0.193776 0.093614
vt 0.194786 0.088540
vt 0.193776 0.242157
vt 0.194785 0.247232
vt 0.164230 0.093614
vt 0.163221 0.088540
vt 0.221073 0.230850
vt 0.223948 0.235152
vt 0.136933 0.104921
vt 0.134059 0.100619
vt 0.374858 0.552096
vt 0.414921 0.568691
vt 0.413394 0.576367
vt 0.370510 0.558604
vt 0.344196 0.521432
vt 0.337688 0.525781
vt 0.498347 0.367275
vt 0.458285 0.350680
vt 0.459812 0.343004
vt 0.502695 0.360768
vt 0.458285 0.568691
vt 0.459812 0.576367
vt 0.414921 0.350681
vt 0.413394 0.343004
vt 0.498347 0.552096
vt 0.502695 0.558603
vt 0.374858 0.367276
vt 0.370510 0.360768
vt 0.529010 0.521432
vt 0.535517 0.525780
vt 0.344196 0.397939
vt 0.337688 0.393591
vt 0.545604 0.481368
vt 0.553281 0.482895
vt 0.327601 0.438003
vt 0.319925 0.436477
vt 0.545604 0.438003
vt 0.553281 0.436476
vt 0.327601 0.481368
vt 0.319925 0.482895
vt 0.529010 0.397939
vt 0.535517 0.393591
vt 0.408230 0.074414
vt 0.377526 0.105119
vt 0.369207 0.099560
vt 0.402672 0.066095
vt 0.562590 0.228780
vt 0.579207 0.188661
vt 0.589020 0.190613
vt 0.570909 0.234338
vt 0.360909 0.145237
vt 0.351096 0.143285
vt 0.579208 0.145237
vt 0.589020 0.143286
vt 0.360909 0.188661
vt 0.351096 0.190613
vt 0.562591 0.105119
vt 0.570910 0.099560
vt 0.377526 0.228779
vt 0.369207 0.234338
vt 0.531887 0.074414
vt 0.537445 0.066095
vt 0.408230 0.259485
vt 0.448347 0.276102
vt 0.446395 0.285915
vt 0.402671 0.267804
vt 0.491770 0.057796
vt 0.493721 0.047983
vt 0.491769 0.276102
vt 0.493721 0.285915
vt 0.448347 0.057796
vt 0.446395 0.047983
vt 0.531886 0.259485
vt 0.537444 0.267804
vt 0.993461 0.342586
vt 0.993461 0.393407
vt 0.991616 0.393434
vt 0.991616 0.342613
vt 0.979231 0.277939
vt 0.979886 0.214750
vt 0.981731 0.214777
vt 0.981076 0.277966
vt 0.994069 0.175905
vt 0.993886 0.116012
vt 0.995732 0.116015
vt 0.995915 0.175908
vt 0.995540 0.524734
vt 0.995593 0.474579
vt 0.997438 0.474582
vt 0.997386 0.524737
vt 0.992739 0.440512
vt 0.990894 0.440539
vt 0.979231 0.346614
vt 0.981076 0.346641
vt 0.982943 0.444968
vt 0.984095 0.399250
vt 0.985940 0.399277
vt 0.984788 0.444995
vt 0.995593 0.578637
vt 0.997438 0.578641
vt 0.997228 0.861610
vt 0.997370 0.825062
vt 0.999216 0.825065
vt 0.999074 0.861614
vt 0.987742 0.895968
vt 0.987742 0.938143
vt 0.985898 0.938170
vt 0.985898 0.895995
vt 0.979886 0.410320
vt 0.981731 0.410347
vt 0.984718 0.339168
vt 0.986563 0.339195
vt 0.995743 0.628084
vt 0.997589 0.628087
vt 0.997420 0.777782
vt 0.999266 0.777785
vt 0.988342 0.856876
vt 0.986497 0.856903
vt 0.981098 0.459360
vt 0.982943 0.459387
vt 0.979947 0.608112
vt 0.980898 0.570368
vt 0.982743 0.570395
vt 0.981792 0.608139
vt 0.997370 0.726967
vt 0.999216 0.726970
vt 0.998036 0.146343
vt 0.998154 0.116012
vt 1.000000 0.116015
vt 0.999882 0.146346
vt 0.993637 0.499046
vt 0.993477 0.435816
vt 0.995323 0.435809
vt 0.995483 0.499039
vt 0.979432 0.657715
vt 0.981277 0.657742
vt 0.997228 0.680354
vt 0.999074 0.680357
vt 0.997995 0.185580
vt 0.999841 0.185584
vt 0.993694 0.567722
vt 0.995540 0.567715
vt 0.979432 0.711624
vt 0.981277 0.711651
vt 0.990250 0.680327
vt 0.991147 0.644746
vt 0.992992 0.644773
vt 0.992095 0.680354
vt 0.998036 0.227751
vt 0.999882 0.227754
vt 0.993637 0.631389
vt 0.995483 0.631382
vt 0.979947 0.761633
vt 0.981792 0.761660
vt 0.991632 0.597986
vt 0.993477 0.598013
vt 0.998154 0.266435
vt 1.000000 0.266438
vt 0.993477 0.680354
vt 0.995323 0.680347
vt 0.980898 0.800128
vt 0.982743 0.800155
vt 0.991297 0.145540
vt 0.992041 0.116012
vt 0.993886 0.116039
vt 0.993142 0.145567
vt 0.992095 0.812685
vt 0.993071 0.875927
vt 0.991226 0.875954
vt 0.990250 0.812712
vt 0.996105 0.165654
vt 0.995979 0.116019
vt 0.997825 0.116012
vt 0.997950 0.165647
vt 0.990894 0.184345
vt 0.992739 0.184372
vt 0.988405 0.707401
vt 0.988405 0.615163
vt 0.990250 0.615190
vt 0.990250 0.707428
vt 0.996149 0.219564
vt 0.997995 0.219557
vt 0.990894 0.226520
vt 0.992739 0.226547
vt 0.987525 0.529598
vt 0.989370 0.529625
vt 0.996105 0.269541
vt 0.997950 0.269534
vt 0.991297 0.265644
vt 0.993142 0.265671
vt 0.985898 0.463734
vt 0.987743 0.463761
vt 0.995979 0.307978
vt 0.997825 0.307971
vt 0.992041 0.295760
vt 0.993886 0.295787
vt 0.989049 0.444459
vt 0.988833 0.359534
vt 0.990679 0.359527
vt 0.990894 0.444451
vt 0.984587 0.936949
vt 0.985353 0.986594
vt 0.983509 0.986621
vt 0.982743 0.936976
vt 0.998093 0.305276
vt 0.997995 0.266445
vt 0.999841 0.266438
vt 0.999939 0.305269
vt 0.988757 0.267295
vt 0.990603 0.267288
vt 0.984718 0.273870
vt 0.986563 0.273897
vt 0.998128 0.347451
vt 0.999974 0.347444
vt 0.988833 0.181784
vt 0.990679 0.181776
vt 0.984095 0.213296
vt 0.985940 0.213323
vt 0.998093 0.386550
vt 0.999939 0.386543
vt 0.989049 0.116019
vt 0.990894 0.116012
vt 0.982943 0.166668
vt 0.984788 0.166695
vt 0.997995 0.416621
vt 0.999841 0.416614
vt 0.984587 0.570368
vt 0.985898 0.655309
vt 0.984053 0.655336
vt 0.982743 0.570395
vt 0.995382 0.912875
vt 0.995230 0.852754
vt 0.997076 0.852747
vt 0.997228 0.912868
vt 0.988342 0.976982
vt 0.986497 0.977009
vt 0.985898 0.747549
vt 0.984053 0.747576
vt 0.995176 0.787455
vt 0.997022 0.787447
vt 0.991632 0.547166
vt 0.993477 0.547193
vt 0.984587 0.833044
vt 0.982743 0.833071
vt 0.995230 0.726918
vt 0.997076 0.726911
vt 0.991147 0.500023
vt 0.992992 0.500050
vt 0.986563 0.444992
vt 0.986821 0.378657
vt 0.988667 0.378660
vt 0.988409 0.444995
vt 0.992095 0.744009
vt 0.990250 0.744035
vt 0.995382 0.680361
vt 0.997228 0.680354
vt 0.990250 0.463734
vt 0.992095 0.463761
vt 0.986911 0.292843
vt 0.988757 0.292846
vt 0.993071 0.680354
vt 0.991226 0.680381
vt 0.981815 0.800155
vt 0.982743 0.860288
vt 0.980898 0.860315
vt 0.979971 0.800182
vt 0.997750 0.616775
vt 0.997631 0.569984
vt 0.999477 0.569977
vt 0.999596 0.616768
vt 0.986821 0.200614
vt 0.988667 0.200618
vt 0.993138 0.729743
vt 0.993330 0.680354
vt 0.995176 0.680357
vt 0.994984 0.729746
vt 0.982743 0.925587
vt 0.980898 0.925614
vt 0.997589 0.519164
vt 0.999435 0.519157
vt 0.986563 0.116012
vt 0.988409 0.116015
vt 0.993071 0.793635
vt 0.994917 0.793639
vt 0.981815 0.986112
vt 0.979971 0.986139
vt 0.997631 0.472050
vt 0.999477 0.472043
vt 0.985898 0.856849
vt 0.987525 0.792270
vt 0.989370 0.792297
vt 0.987743 0.856876
vt 0.993138 0.862304
vt 0.994984 0.862307
vt 0.993886 0.348908
vt 0.994069 0.301948
vt 0.995915 0.301951
vt 0.995732 0.348912
vt 0.984587 0.883039
vt 0.982743 0.883066
vt 0.997750 0.435816
vt 0.999596 0.435809
vt 0.993330 0.925294
vt 0.995176 0.925297
vt 0.994133 0.241197
vt 0.995979 0.241200
vt 0.985353 0.833071
vt 0.983509 0.833098
vt 0.992739 0.295787
vt 0.990894 0.295814
vt 0.981098 0.166668
vt 0.982943 0.166695
vt 0.995743 0.435809
vt 0.997589 0.435812
s 0
usemtl saturno
f 2/1 18/2 28/3
f 1/4 41/5 51/6
f 1/4 51/6 29/7
f 2/1 28/3 71/8
f 3/9 58/10 101/11
f 4/12 65/13 111/14
f 2/1 71/8 83/15
f 3/9 101/11 112/16
f 4/12 111/14 72/17
f 5/18 125/19 152/20
f 6/21 131/22 166/23
f 7/24 137/25 172/26
f 159/27 173/28 9/29
f 158/30 179/31 159/27
f 157/32 180/33 158/30
f 156/34 182/35 157/32
f 155/36 185/37 156/34
f 154/38 189/39 155/36
f 153/40 193/41 154/38
f 159/27 179/31 173/28
f 179/31 174/42 173/28
f 158/30 180/33 179/31
f 180/33 181/43 179/31
f 179/31 181/43 174/42
f 181/43 175/44 174/42
f 157/32 182/35 180/33
f 182/35 183/45 180/33
f 180/33 183/45 181/43
f 183/45 184/46 181/43
f 181/43 184/46 175/44
f 184/46 176/47 175/44
f 156/34 185/37 182/35
f 185/37 186/48 182/35
f 182/35 186/48 183/45
f 186/48 187/49 183/45
f 183/45 187/49 184/46
f 187/49 188/50 184/46
f 184/46 188/50 176/47
f 188/50 177/51 176/47
f 155/36 189/39 185/37
f 186/48 190/52 187/49
f 190/52 191/53 187/49
f 187/49 191/53 188/50
f 191/53 192/54 188/50
f 188/50 192/54 177/51
f 192/54 178/55 177/51
f 154/38 193/41 189/39
f 194/56 195/57 190/52
f 190/52 195/57 191/53
f 195/57 196/58 191/53
f 191/53 196/58 192/54
f 196/58 197/59 192/54
f 192/54 197/59 178/55
f 146/60 145/61 194/56
f 194/56 145/61 195/57
f 145/61 144/62 195/57
f 195/57 144/62 196/58
f 144/62 143/63 196/58
f 196/58 143/63 197/59
f 173/28 167/64 9/29
f 174/42 198/65 173/28
f 175/44 199/66 174/42
f 176/47 200/67 175/44
f 177/51 202/68 176/47
f 178/55 204/69 177/51
f 173/28 198/65 167/64
f 174/42 199/66 198/65
f 175/44 200/67 199/66
f 201/70 169/71 168/72
f 176/47 202/68 200/67
f 202/68 203/73 200/67
f 177/51 204/69 202/68
f 204/69 205/74 202/68
f 202/68 205/74 203/73
f 205/74 206/75 203/73
f 204/69 208/76 205/74
f 208/76 209/77 205/74
f 205/74 209/77 206/75
f 209/77 210/78 206/75
f 206/75 210/78 207/79
f 210/78 211/80 207/79
f 212/81 172/26 171/82
f 209/77 141/83 210/78
f 141/83 140/84 210/78
f 210/78 140/84 211/80
f 140/84 139/85 211/80
f 211/80 139/85 212/81
f 139/85 138/86 212/81
f 212/81 138/86 172/26
f 138/86 7/24 172/26
f 167/64 160/87 9/29
f 169/71 214/88 168/72
f 170/89 217/90 169/71
f 172/26 225/91 171/82
f 168/72 214/88 213/92
f 214/88 215/93 213/92
f 216/94 163/95 162/96
f 169/71 217/90 214/88
f 217/90 218/97 214/88
f 214/88 218/97 215/93
f 218/97 219/98 215/93
f 215/93 219/98 216/94
f 219/98 220/99 216/94
f 216/94 220/99 163/95
f 220/99 164/100 163/95
f 217/90 221/101 218/97
f 221/101 222/102 218/97
f 218/97 222/102 219/98
f 222/102 223/103 219/98
f 219/98 223/103 220/99
f 223/103 224/104 220/99
f 220/99 224/104 164/100
f 224/104 165/105 164/100
f 221/101 226/106 222/102
f 226/106 227/107 222/102
f 222/102 227/107 223/103
f 227/107 228/108 223/103
f 223/103 228/108 224/104
f 228/108 229/109 224/104
f 224/104 229/109 165/105
f 229/109 166/23 165/105
f 172/26 137/25 225/91
f 137/25 136/110 225/91
f 135/111 134/112 226/106
f 226/106 134/112 227/107
f 134/112 133/113 227/107
f 227/107 133/113 228/108
f 229/109 132/114 166/23
f 132/114 6/21 166/23
f 160/87 147/115 9/29
f 161/116 230/117 160/87
f 162/96 231/118 161/116
f 163/95 233/119 162/96
f 164/100 236/120 163/95
f 165/105 240/121 164/100
f 166/23 244/122 165/105
f 160/87 230/117 147/115
f 230/117 148/123 147/115
f 161/116 231/118 230/117
f 231/118 232/124 230/117
f 230/117 232/124 148/123
f 232/124 149/125 148/123
f 162/96 233/119 231/118
f 233/119 234/126 231/118
f 231/118 234/126 232/124
f 234/126 235/127 232/124
f 232/124 235/127 149/125
f 235/127 150/128 149/125
f 163/95 236/120 233/119
f 236/120 237/129 233/119
f 233/119 237/129 234/126
f 237/129 238/130 234/126
f 234/126 238/130 235/127
f 238/130 239/131 235/127
f 235/127 239/131 150/128
f 164/100 240/121 236/120
f 237/129 241/132 238/130
f 241/132 242/133 238/130
f 238/130 242/133 239/131
f 242/133 243/134 239/131
f 165/105 244/122 240/121
f 241/132 245/135 242/133
f 245/135 246/136 242/133
f 242/133 246/136 243/134
f 246/136 247/137 243/134
f 243/134 247/137 151/138
f 247/137 152/20 151/138
f 166/23 131/22 244/122
f 131/22 130/139 244/122
f 245/135 128/140 246/136
f 128/140 127/141 246/136
f 246/136 127/141 247/137
f 127/141 126/142 247/137
f 247/137 126/142 152/20
f 126/142 5/18 152/20
f 147/115 159/27 9/29
f 148/123 248/143 147/115
f 149/125 249/144 148/123
f 150/128 251/145 149/125
f 152/20 258/146 151/138
f 147/115 248/143 159/27
f 248/143 158/30 159/27
f 148/123 249/144 248/143
f 249/144 250/147 248/143
f 248/143 250/147 158/30
f 250/147 157/32 158/30
f 149/125 251/145 249/144
f 251/145 252/148 249/144
f 249/144 252/148 250/147
f 252/148 253/149 250/147
f 250/147 253/149 157/32
f 253/149 156/34 157/32
f 252/148 254/150 253/149
f 254/150 255/151 253/149
f 253/149 255/151 156/34
f 255/151 155/36 156/34
f 254/150 256/152 255/151
f 256/152 257/153 255/151
f 255/151 257/153 155/36
f 257/153 154/38 155/36
f 261/154 262/155 256/152
f 256/152 262/155 257/153
f 262/155 263/156 257/153
f 257/153 263/156 154/38
f 263/156 153/40 154/38
f 152/20 125/19 258/146
f 125/19 124/157 258/146
f 258/146 124/157 259/158
f 124/157 123/159 259/158
f 259/158 123/159 260/160
f 123/159 122/161 260/160
f 260/160 122/161 261/154
f 122/161 121/162 261/154
f 261/154 121/162 262/155
f 121/162 120/163 262/155
f 262/155 120/163 263/156
f 120/163 119/164 263/156
f 263/156 119/164 153/40
f 75/165 264/166 76/167
f 74/168 266/169 75/165
f 72/17 277/170 73/171
f 75/165 266/169 264/166
f 266/169 267/172 264/166
f 264/166 267/172 265/173
f 267/172 268/174 265/173
f 265/173 268/174 146/60
f 268/174 145/61 146/60
f 74/168 269/175 266/169
f 269/175 270/176 266/169
f 266/169 270/176 267/172
f 270/176 271/177 267/172
f 267/172 271/177 268/174
f 271/177 272/178 268/174
f 268/174 272/178 145/61
f 272/178 144/62 145/61
f 269/175 273/179 270/176
f 273/179 274/180 270/176
f 270/176 274/180 271/177
f 274/180 275/181 271/177
f 271/177 275/181 272/178
f 275/181 276/182 272/178
f 272/178 276/182 144/62
f 276/182 143/63 144/62
f 278/183 279/184 273/185
f 273/179 279/186 274/180
f 279/186 280/187 274/180
f 274/180 280/187 275/181
f 280/187 281/188 275/181
f 275/181 281/188 276/182
f 72/17 111/14 277/170
f 111/14 110/189 277/170
f 277/170 110/189 278/183
f 110/189 109/190 278/183
f 278/183 109/190 279/184
f 109/190 108/191 279/184
f 279/186 108/192 280/187
f 108/192 107/193 280/187
f 280/187 107/193 281/188
f 118/194 142/195 8/196
f 117/197 282/198 118/194
f 116/199 283/200 117/197
f 115/201 284/202 116/199
f 114/203 286/204 115/205
f 113/206 290/207 114/203
f 112/16 295/208 113/206
f 118/194 282/198 142/195
f 117/197 283/200 282/198
f 116/199 284/202 283/200
f 284/202 285/209 283/200
f 115/201 286/210 284/202
f 286/210 287/211 284/202
f 284/202 287/211 285/209
f 287/211 288/212 285/209
f 289/213 140/84 141/83
f 114/203 290/207 286/204
f 290/207 291/214 286/204
f 286/210 291/215 287/211
f 291/215 292/216 287/211
f 287/211 292/216 288/212
f 292/216 293/217 288/212
f 288/212 293/217 289/213
f 293/217 294/218 289/213
f 289/213 294/218 140/84
f 294/218 139/85 140/84
f 113/206 295/208 290/207
f 295/208 296/219 290/207
f 290/207 296/219 291/214
f 296/219 297/220 291/214
f 291/215 297/221 292/216
f 297/221 298/222 292/216
f 292/216 298/222 293/217
f 298/222 299/223 293/217
f 293/217 299/223 294/218
f 299/223 300/224 294/218
f 294/218 300/224 139/85
f 300/224 138/86 139/85
f 112/16 101/11 295/208
f 101/11 100/225 295/208
f 295/208 100/225 296/219
f 100/225 99/226 296/219
f 296/219 99/226 297/220
f 99/226 98/227 297/220
f 297/221 98/228 298/222
f 98/228 97/229 298/222
f 298/222 97/229 299/223
f 97/229 96/230 299/223
f 299/223 96/230 300/224
f 96/230 95/231 300/224
f 300/224 95/231 138/86
f 95/231 7/24 138/86
f 105/232 137/25 7/24
f 103/233 303/234 104/235
f 102/236 305/237 103/238
f 105/232 301/239 137/25
f 301/239 136/110 137/25
f 301/239 302/240 136/110
f 302/240 135/111 136/110
f 302/240 304/241 135/111
f 304/241 134/112 135/111
f 103/233 305/242 303/234
f 305/242 306/243 303/234
f 304/241 307/244 134/112
f 307/244 133/113 134/112
f 305/242 308/245 306/243
f 308/245 309/246 306/243
f 308/245 311/247 309/246
f 311/247 312/248 309/246
f 309/246 312/248 310/249
f 311/247 89/250 312/248
f 89/250 88/251 312/248
f 94/252 131/22 6/21
f 93/253 313/254 94/252
f 92/255 314/256 93/253
f 91/257 316/258 92/255
f 90/259 319/260 91/261
f 94/252 313/254 131/22
f 313/254 130/139 131/22
f 93/253 314/256 313/254
f 314/256 315/262 313/254
f 313/254 315/262 130/139
f 92/255 316/258 314/256
f 316/258 317/263 314/256
f 314/256 317/263 315/262
f 317/263 318/264 315/262
f 91/257 319/265 316/258
f 319/265 320/266 316/258
f 316/258 320/266 317/263
f 320/266 321/267 317/263
f 317/263 321/267 318/264
f 321/267 322/268 318/264
f 318/264 322/268 129/269
f 322/268 128/140 129/269
f 90/259 323/270 319/260
f 323/270 324/271 319/260
f 319/265 324/272 320/266
f 324/272 325/273 320/266
f 320/266 325/273 321/267
f 325/273 326/274 321/267
f 321/267 326/274 322/268
f 326/274 327/275 322/268
f 322/268 327/275 128/140
f 327/275 127/141 128/140
f 323/270 328/276 324/271
f 328/276 329/277 324/271
f 324/272 329/278 325/273
f 329/278 330/279 325/273
f 325/273 330/279 326/274
f 330/279 331/280 326/274
f 326/274 331/280 327/275
f 331/280 332/281 327/275
f 327/275 332/281 127/141
f 332/281 126/142 127/141
f 82/282 81/283 328/276
f 328/276 81/283 329/277
f 81/283 80/284 329/277
f 329/278 80/285 330/279
f 80/285 79/286 330/279
f 330/279 79/286 331/280
f 79/286 78/287 331/280
f 331/280 78/287 332/281
f 78/287 77/288 332/281
f 332/281 77/288 126/142
f 77/288 5/18 126/142
f 86/289 125/19 5/18
f 84/290 339/291 85/292
f 83/15 344/293 84/290
f 86/289 333/294 125/19
f 333/294 124/157 125/19
f 333/294 334/295 124/157
f 334/295 123/159 124/157
f 335/296 336/297 334/295
f 334/295 336/297 123/159
f 336/297 122/161 123/159
f 335/296 337/298 336/297
f 337/298 338/299 336/297
f 336/297 338/299 122/161
f 338/299 121/162 122/161
f 341/300 342/301 337/298
f 337/298 342/301 338/299
f 342/301 343/302 338/299
f 338/299 343/302 121/162
f 343/302 120/163 121/162
f 84/290 344/293 339/291
f 344/293 345/303 339/291
f 339/291 345/303 340/304
f 345/303 346/305 340/304
f 340/306 346/307 341/300
f 346/307 347/308 341/300
f 341/300 347/308 342/301
f 347/308 348/309 342/301
f 342/301 348/309 343/302
f 348/309 349/310 343/302
f 343/302 349/310 120/163
f 349/310 119/164 120/163
f 83/15 71/8 344/293
f 71/8 70/311 344/293
f 344/293 70/311 345/303
f 70/311 69/312 345/303
f 345/303 69/312 346/305
f 69/312 68/313 346/305
f 346/307 68/314 347/308
f 68/314 67/315 347/308
f 347/308 67/315 348/309
f 67/315 66/316 348/309
f 348/309 66/316 349/310
f 228/108 133/113 614/317 676/318
f 106/319 118/194 8/196
f 351/320 350/321 758/322 760/323
f 488/324 486/325 862/326 865/327
f 108/192 352/328 107/193
f 109/190 354/329 108/191
f 110/189 356/330 109/190
f 111/14 361/331 110/189
f 106/319 350/321 118/194
f 350/321 117/197 118/194
f 417/332 416/333 816/334 817/335
f 74/336 418/337 815/338 572/339
f 350/321 351/320 117/197
f 351/320 116/199 117/197
f 510/340 513/341 884/342 880/343
f 135/111 226/106 675/344 615/345
f 350/321 106/319 602/346 758/322
f 99/226 370/347 780/348 595/349
f 351/320 353/350 116/199
f 353/350 115/201 116/199
f 108/191 354/329 352/351
f 354/329 355/352 352/351
f 454/353 450/354 843/355 846/356
f 76/167 264/166 704/357 573/358
f 390/359 393/360 801/361 796/362
f 203/73 206/75 658/363 654/364
f 66/316 413/365 814/366 569/367
f 511/368 508/369 879/370 883/371
f 109/190 356/330 354/329
f 356/330 357/372 354/329
f 354/329 357/372 355/352
f 357/372 358/373 355/352
f 225/91 136/110 616/374 673/375
f 252/148 251/145 689/376 690/377
f 368/378 367/379 775/380 778/381
f 413/365 76/167 573/358 814/366
f 32/382 33/383 555/384 554/385
f 360/386 113/206 114/203
f 110/189 361/331 356/330
f 361/331 362/387 356/330
f 356/330 362/387 357/372
f 362/387 363/388 357/372
f 357/372 363/388 358/373
f 363/388 364/389 358/373
f 358/373 364/389 359/390
f 364/389 365/391 359/390
f 359/390 365/391 360/386
f 365/391 366/392 360/386
f 360/386 366/392 113/206
f 366/392 112/16 113/206
f 111/14 65/13 361/331
f 65/13 64/393 361/331
f 361/331 64/393 362/387
f 64/393 63/394 362/387
f 362/387 63/394 363/388
f 63/394 62/395 363/388
f 363/388 62/395 364/389
f 62/395 61/396 364/389
f 364/389 61/396 365/391
f 61/396 60/397 365/391
f 365/391 60/397 366/392
f 60/397 59/398 366/392
f 366/392 59/398 112/16
f 59/398 3/9 112/16
f 95/231 105/232 7/24
f 251/145 150/128 624/399 689/376
f 114/203 115/205 606/400 605/401
f 289/213 141/83 617/402 719/403
f 31/404 32/382 554/385 553/405
f 100/225 370/347 99/226
f 101/11 374/406 100/225
f 48/407 452/408 844/409 565/410
f 391/411 388/412 795/413 800/414
f 310/249 312/248 739/415 734/416
f 19/417 412/418 813/419 543/420
f 285/209 288/212 718/421 717/422
f 507/423 510/340 880/343 877/424
f 1/4 29/7 552/425 520/426
f 359/390 360/386 769/427 768/428
f 277/170 278/183 711/429 710/430
f 497/431 498/432 875/433 874/434
f 358/373 359/390 768/428 767/435
f 367/436 103/233 104/235
f 450/354 448/437 841/438 843/355
f 367/436 104/235 599/439 775/440
f 468/441 44/442 562/443 854/444
f 311/445 308/446 732/447 738/448
f 439/449 438/450 831/451 832/452
f 368/378 369/453 367/379
f 367/379 369/453 103/238
f 369/453 102/236 103/238
f 29/7 501/454 873/455 552/425
f 438/450 437/456 830/457 831/451
f 25/458 26/459 549/460 548/461
f 193/41 153/40 627/462 644/463
f 200/67 203/73 654/364 651/464
f 371/465 372/466 368/378
f 368/378 372/466 369/453
f 372/466 373/467 369/453
f 369/453 373/467 102/236
f 508/369 12/468 538/469 879/370
f 100/225 374/406 370/347
f 374/406 375/470 370/347
f 226/106 221/101 672/471 675/344
f 52/472 36/473 556/474 567/475
f 387/476 390/359 796/362 791/477
f 376/478 377/479 371/465
f 371/465 377/479 372/466
f 377/479 378/480 372/466
f 372/466 378/480 373/467
f 378/480 379/481 373/467
f 409/482 20/483 547/484 810/485
f 20/483 507/423 877/424 547/484
f 101/11 58/10 374/406
f 58/10 57/486 374/406
f 374/406 57/486 375/470
f 57/486 56/487 375/470
f 375/470 56/487 376/478
f 56/487 55/488 376/478
f 376/478 55/488 377/479
f 55/488 54/489 377/479
f 377/479 54/489 378/480
f 54/489 53/490 378/480
f 378/480 53/490 379/481
f 53/490 52/472 379/481
f 106/319 8/196 533/491 602/346
f 283/200 285/209 717/422 715/492
f 201/70 168/72 633/493 650/494
f 143/63 276/182 706/495 621/496
f 88/251 380/497 87/498
f 89/250 381/499 88/251
f 27/500 492/501 870/502 551/503
f 171/82 225/91 673/375 636/504
f 128/140 245/135 688/505 608/506
f 22/507 407/508 809/509 521/510
f 388/412 384/511 792/512 795/413
f 490/513 491/514 866/515 869/516
f 82/282 328/276 745/517 574/518
f 199/66 200/67 651/464 649/519
f 306/243 309/246 733/520 728/521
f 88/251 381/499 380/497
f 381/499 382/522 380/497
f 282/198 283/200 715/492 713/523
f 40/524 462/525 852/526 557/527
f 308/528 305/529 727/530 732/531
f 383/532 91/257 92/255
f 89/533 384/511 381/534
f 384/511 385/535 381/534
f 381/534 385/535 382/536
f 385/535 386/537 382/536
f 382/536 386/537 383/538
f 386/537 387/476 383/538
f 383/538 387/476 91/261
f 387/476 90/259 91/261
f 115/539 353/540 761/541 606/542
f 186/48 185/37 638/543 639/544
f 384/511 388/412 385/535
f 388/412 389/545 385/535
f 385/535 389/545 386/537
f 389/545 390/359 386/537
f 386/537 390/359 387/476
f 142/195 282/198 713/523 532/546
f 491/514 31/404 553/405 866/515
f 244/122 130/139 611/547 685/548
f 489/549 488/324 865/327 863/550
f 198/65 199/66 649/519 647/551
f 502/552 22/507 521/510 876/553
f 375/470 376/478 785/554 784/555
f 388/412 391/411 389/545
f 391/411 392/556 389/545
f 389/545 392/556 390/359
f 392/556 393/360 390/359
f 98/227 99/226 595/349 594/557
f 221/101 217/90 670/558 672/471
f 97/229 98/228 594/559 593/560
f 461/561 41/5 523/562 850/563
f 307/244 304/241 725/564 726/565
f 167/64 198/65 647/551 631/566
f 517/567 518/568 885/569 888/570
f 264/166 265/173 703/571 704/357
f 96/230 97/229 593/560 592/572
f 44/442 43/573 391/411
f 391/411 43/573 392/556
f 43/573 42/574 392/556
f 392/556 42/574 393/360
f 95/231 96/230 592/572 591/575
f 211/80 212/81 664/576 663/577
f 457/578 456/579 847/580 848/581
f 265/173 146/60 622/582 703/571
f 384/511 89/533 583/583 792/512
f 77/288 86/289 5/18
f 78/287 394/584 77/288
f 79/286 395/585 78/287
f 80/285 396/586 79/286
f 81/283 398/587 80/284
f 82/282 402/588 81/283
f 486/325 25/458 548/461 862/326
f 77/288 394/584 86/289
f 93/253 94/252 530/589 590/590
f 78/287 395/585 394/584
f 383/532 92/255 589/591 790/592
f 303/234 306/243 728/521 723/593
f 92/255 93/253 590/590 589/591
f 79/286 396/586 395/585
f 396/586 397/594 395/585
f 407/508 82/282 574/518 809/509
f 209/77 208/76 661/595 662/596
f 349/310 66/316 569/367 757/597
f 245/135 241/132 684/598 688/505
f 80/284 398/587 396/599
f 398/587 399/600 396/599
f 396/599 399/600 397/601
f 399/600 400/602 397/601
f 518/568 19/417 543/420 885/569
f 328/276 323/270 743/603 745/517
f 153/40 119/164 607/604 627/462
f 380/497 382/522 789/605 788/606
f 81/283 402/588 398/587
f 402/588 403/607 398/587
f 398/587 403/607 399/600
f 403/607 404/608 399/600
f 399/600 404/608 400/602
f 404/608 405/609 400/602
f 400/602 405/609 401/610
f 405/609 406/611 401/610
f 401/610 406/611 85/292
f 406/611 84/290 85/292
f 82/282 407/508 402/588
f 407/508 408/612 402/588
f 402/588 408/612 403/607
f 408/612 409/482 403/607
f 403/607 409/482 404/608
f 409/482 410/613 404/608
f 404/608 410/613 405/609
f 410/613 411/614 405/609
f 405/609 411/614 406/611
f 411/614 412/418 406/611
f 406/611 412/418 84/290
f 412/418 83/15 84/290
f 26/459 426/615 829/616 549/460
f 22/507 21/617 407/508
f 407/508 21/617 408/612
f 21/617 20/483 408/612
f 408/612 20/483 409/482
f 452/408 453/618 845/619 844/409
f 462/525 458/620 849/621 852/526
f 304/241 302/240 722/622 725/564
f 206/75 207/79 659/623 658/363
f 216/94 162/96 630/624 669/625
f 240/121 244/122 685/548 682/626
f 484/627 10/628 537/629 861/630
f 412/418 19/417 83/15
f 19/417 2/1 83/15
f 425/631 27/500 551/503 827/632
f 456/579 461/561 850/563 847/580
f 67/315 414/633 66/316
f 68/314 416/634 67/315
f 69/312 419/635 68/313
f 70/311 420/636 69/312
f 71/8 425/631 70/311
f 288/212 289/213 719/403 718/421
f 104/235 303/234 723/593 599/439
f 66/316 414/633 413/365
f 414/633 415/637 413/365
f 413/365 415/637 76/167
f 415/637 75/165 76/167
f 67/315 416/634 414/633
f 416/634 417/638 414/633
f 414/633 417/638 415/637
f 417/638 418/639 415/637
f 415/637 418/639 75/165
f 418/639 74/168 75/165
f 68/313 419/635 416/640
f 87/498 380/497 788/606 581/641
f 204/69 178/55 637/642 657/643
f 213/92 215/93 668/644 667/645
f 239/131 243/134 681/646 678/647
f 302/240 301/239 720/648 722/622
f 88/251 87/498 581/641 582/649
f 12/468 482/650 860/651 538/469
f 69/312 420/636 419/635
f 448/437 47/652 564/653 841/438
f 8/196 142/195 532/546 533/491
f 241/132 237/129 680/654 684/598
f 301/239 105/232 601/655 720/648
f 323/270 90/259 588/656 743/603
f 170/89 169/71 634/657 635/658
f 397/601 400/602 808/659 806/660
f 236/120 240/121 682/626 679/661
f 426/615 421/662 824/663 829/616
f 70/311 425/631 420/636
f 229/109 228/108 676/318 677/664
f 150/128 239/131 678/647 624/399
f 105/232 95/231 591/575 601/655
f 421/662 426/615 422/665
f 426/615 427/666 422/665
f 422/665 427/666 423/667
f 427/666 428/668 423/667
f 423/667 428/668 424/669
f 428/668 429/670 424/669
f 424/669 429/670 73/171
f 429/670 72/17 73/171
f 71/8 28/3 425/631
f 28/3 27/500 425/631
f 169/71 201/70 650/494 634/657
f 480/671 484/627 861/630 855/672
f 420/636 425/631 827/632 823/673
f 47/652 445/674 840/675 564/653
f 426/615 26/459 427/666
f 26/459 25/458 427/666
f 427/666 25/458 428/668
f 25/458 24/676 428/668
f 428/668 24/676 429/670
f 24/676 23/677 429/670
f 429/670 23/677 72/17
f 23/677 4/12 72/17
f 35/678 65/13 4/12
f 34/679 430/680 35/678
f 33/383 431/681 34/679
f 32/382 433/682 33/383
f 31/404 436/683 32/382
f 30/684 440/685 31/404
f 29/7 443/686 30/684
f 35/678 430/680 65/13
f 430/680 64/393 65/13
f 34/679 431/681 430/680
f 431/681 432/687 430/680
f 430/680 432/687 64/393
f 432/687 63/394 64/393
f 33/383 433/682 431/681
f 433/682 434/688 431/681
f 431/681 434/688 432/687
f 434/688 435/689 432/687
f 432/687 435/689 63/394
f 435/689 62/395 63/394
f 32/382 436/683 433/682
f 436/683 437/456 433/682
f 433/682 437/456 434/688
f 437/456 438/450 434/688
f 434/688 438/450 435/689
f 438/450 439/449 435/689
f 435/689 439/449 62/395
f 439/449 61/396 62/395
f 31/404 440/685 436/683
f 440/685 441/690 436/683
f 436/683 441/690 437/456
f 261/154 256/152 697/691 701/692
f 10/628 502/552 876/553 537/629
f 94/252 6/21 531/693 530/589
f 309/246 310/249 734/416 733/520
f 395/585 397/594 806/694 804/695
f 439/449 442/696 61/396
f 442/696 60/397 61/396
f 30/684 443/686 440/685
f 443/686 444/697 440/685
f 440/685 444/697 441/690
f 162/96 161/116 629/698 630/624
f 315/262 318/264 742/699 741/700
f 161/116 160/87 628/701 629/698
f 444/697 49/702 566/703 837/704
f 501/454 13/705 542/706 873/455
f 281/188 107/193 604/707 712/708
f 445/674 446/709 442/696
f 442/696 446/709 60/397
f 446/709 59/398 60/397
f 29/7 51/6 443/686
f 51/6 50/710 443/686
f 443/686 50/710 444/697
f 50/710 49/702 444/697
f 481/711 476/712 856/713 859/714
f 151/138 258/146 698/715 626/716
f 197/59 143/63 621/496 643/717
f 394/584 395/585 804/695 802/718
f 90/259 387/476 791/477 588/656
f 47/652 46/719 445/674
f 445/674 46/719 446/709
f 46/719 45/720 446/709
f 446/709 45/720 59/398
f 45/720 3/9 59/398
f 45/720 58/10 3/9
f 46/719 447/721 45/720
f 47/652 448/437 46/719
f 130/139 315/262 741/700 611/547
f 49/702 452/408 48/407
f 50/710 456/579 49/702
f 51/6 461/561 50/710
f 45/720 447/721 58/10
f 447/721 57/486 58/10
f 46/719 448/437 447/721
f 448/437 449/722 447/721
f 447/721 449/722 57/486
f 449/722 56/487 57/486
f 341/300 337/298 753/723 756/724
f 382/725 383/726 790/727 789/728
f 448/437 450/354 449/722
f 450/354 451/729 449/722
f 449/722 451/729 56/487
f 451/729 55/488 56/487
f 42/574 480/671 855/672 561/730
f 86/289 394/584 802/718 579/731
f 419/635 420/636 823/673 819/732
f 305/237 102/236 598/733 727/734
f 450/354 454/353 451/729
f 454/353 455/735 451/729
f 451/729 455/735 55/488
f 455/735 54/489 55/488
f 49/702 456/579 452/408
f 456/579 457/578 452/408
f 452/408 457/578 453/618
f 41/5 1/4 520/426 523/562
f 256/152 254/150 693/736 697/691
f 458/620 459/737 454/353
f 454/353 459/737 455/735
f 459/737 460/738 455/735
f 455/735 460/738 54/489
f 460/738 53/490 54/489
f 50/710 461/561 456/579
f 133/113 307/244 726/565 614/317
f 412/418 411/614 812/739 813/419
f 445/674 442/696 836/740 840/675
f 411/614 410/613 811/741 812/739
f 462/525 463/742 458/620
f 458/620 463/742 459/737
f 463/742 464/743 459/737
f 459/737 464/743 460/738
f 464/743 465/744 460/738
f 460/738 465/744 53/490
f 465/744 52/472 53/490
f 51/6 41/5 461/561
f 146/60 194/56 646/745 622/582
f 410/613 409/482 810/485 811/741
f 217/90 170/89 635/658 670/558
f 85/292 339/291 754/746 575/747
f 40/524 39/748 462/525
f 462/525 39/748 463/742
f 39/748 38/749 463/742
f 463/742 38/749 464/743
f 38/749 37/750 464/743
f 464/743 37/750 465/744
f 37/750 36/473 465/744
f 465/744 36/473 52/472
f 215/93 216/94 669/625 668/644
f 416/640 419/635 819/732 816/751
f 37/750 466/752 36/473
f 38/749 467/753 37/750
f 39/748 469/754 38/749
f 40/524 472/755 39/748
f 337/298 335/296 750/756 753/723
f 441/690 444/697 837/704 833/757
f 276/182 281/188 712/708 706/495
f 476/712 40/524 557/527 856/713
f 37/750 467/753 466/752
f 467/753 468/441 466/752
f 178/55 197/59 643/717 637/642
f 379/481 52/472 567/475 783/758
f 38/749 469/754 467/753
f 469/754 470/759 467/753
f 467/753 470/759 468/441
f 470/759 471/760 468/441
f 468/441 471/760 44/442
f 471/760 43/573 44/442
f 39/748 472/755 469/754
f 472/755 473/761 469/754
f 469/754 473/761 470/759
f 473/761 474/762 470/759
f 470/759 474/762 471/760
f 474/762 475/763 471/760
f 471/760 475/763 43/573
f 475/763 42/574 43/573
f 40/524 476/712 472/755
f 476/712 477/764 472/755
f 472/755 477/764 473/761
f 477/764 478/765 473/761
f 473/761 478/765 474/762
f 478/765 479/766 474/762
f 474/762 479/766 475/763
f 479/766 480/671 475/763
f 475/763 480/671 42/574
f 168/72 213/92 667/645 633/493
f 254/150 252/148 690/377 693/736
f 442/696 439/449 832/452 836/740
f 476/712 481/711 477/764
f 481/711 482/650 477/764
f 477/764 482/650 478/765
f 482/650 483/767 478/765
f 478/765 483/767 479/766
f 483/767 484/627 479/766
f 479/766 484/627 480/671
f 498/432 493/768 872/769 875/433
f 278/183 273/185 708/770 711/429
f 400/602 401/610 807/771 808/659
f 160/87 167/64 631/566 628/701
f 335/296 334/295 748/772 750/756
f 360/386 114/203 605/401 769/427
f 194/56 190/52 642/773 646/745
f 492/501 497/431 874/434 870/502
f 73/171 277/170 710/430 570/774
f 482/650 12/468 483/767
f 12/468 11/775 483/767
f 483/767 11/775 484/627
f 11/775 10/628 484/627
f 437/456 441/690 833/757 830/457
f 401/610 85/292 575/747 807/771
f 189/39 193/41 644/463 640/776
f 334/295 333/294 746/777 748/772
f 23/677 35/678 4/12
f 24/676 485/778 23/677
f 25/458 486/325 24/676
f 243/134 151/138 626/716 681/646
f 355/352 358/373 767/435 765/779
f 141/83 209/77 662/596 617/402
f 28/3 496/780 27/500
f 23/677 485/778 35/678
f 485/778 34/679 35/678
f 24/676 486/325 485/778
f 486/325 487/781 485/778
f 485/778 487/781 34/679
f 487/781 33/383 34/679
f 237/129 236/120 679/661 680/654
f 493/768 490/513 869/516 872/769
f 486/325 488/324 487/781
f 488/324 489/549 487/781
f 487/781 489/549 33/383
f 13/705 514/782 887/783 542/706
f 333/294 86/289 579/731 746/777
f 373/467 379/481 783/758 779/784
f 466/752 468/441 854/444 853/785
f 136/110 135/111 615/345 616/374
f 273/786 269/787 705/788 708/789
f 318/264 129/269 609/790 742/699
f 190/52 186/48 639/544 642/773
f 49/702 48/407 565/410 566/703
f 36/473 466/752 853/785 556/474
f 423/667 424/669 822/791 826/792
f 376/478 371/465 782/793 785/554
f 185/37 189/39 640/776 638/543
f 422/665 423/667 826/792 825/794
f 493/768 494/795 490/513
f 490/513 494/795 491/514
f 494/795 495/796 491/514
f 491/514 495/796 31/404
f 495/796 30/684 31/404
f 27/500 496/780 492/501
f 496/780 497/431 492/501
f 212/81 171/82 636/504 664/576
f 260/160 261/154 701/692 700/797
f 352/351 355/352 765/779 762/798
f 498/432 499/799 493/768
f 493/768 499/799 494/795
f 499/799 500/800 494/795
f 494/795 500/800 495/796
f 500/800 501/454 495/796
f 495/796 501/454 30/684
f 501/454 29/7 30/684
f 28/3 18/2 496/780
f 18/2 17/801 496/780
f 496/780 17/801 497/431
f 17/801 16/802 497/431
f 497/431 16/802 498/432
f 16/802 15/803 498/432
f 498/432 15/803 499/799
f 15/803 14/804 499/799
f 499/799 14/804 500/800
f 14/804 13/705 500/800
f 500/800 13/705 501/454
f 6/21 132/114 612/805 531/693
f 421/662 422/665 825/794 824/663
f 513/341 517/567 888/570 884/342
f 119/164 349/310 757/597 607/604
f 259/158 260/160 700/797 699/806
f 11/775 503/807 10/628
f 12/468 505/808 11/775
f 258/146 259/158 699/806 698/715
f 370/347 375/470 784/555 780/348
f 482/650 481/711 859/714 860/651
f 207/79 211/80 663/577 659/623
f 502/552 21/617 22/507
f 10/628 503/807 502/552
f 503/807 504/809 502/552
f 502/552 504/809 21/617
f 504/809 20/483 21/617
f 11/775 505/808 503/807
f 505/808 506/810 503/807
f 503/807 506/810 504/809
f 506/810 507/423 504/809
f 504/809 507/423 20/483
f 393/360 42/574 561/730 801/361
f 12/468 508/369 505/808
f 508/369 509/811 505/808
f 505/808 509/811 506/810
f 509/811 510/340 506/810
f 506/810 510/340 507/423
f 424/669 73/171 570/774 822/791
f 340/306 341/300 756/724 755/812
f 353/350 351/320 760/323 761/813
f 129/269 128/140 608/506 609/790
f 339/291 340/304 755/814 754/746
f 508/369 511/368 509/811
f 511/368 512/815 509/811
f 509/811 512/815 510/340
f 512/815 513/341 510/340
f 269/816 74/817 572/818 705/819
f 102/236 373/467 779/784 598/733
f 514/782 511/368 883/371 887/783
f 458/620 454/353 846/356 849/621
f 132/114 229/109 677/664 612/805
f 44/442 391/411 800/414 562/443
f 33/383 489/549 863/550 555/384
f 514/782 515/820 511/368
f 511/368 515/820 512/815
f 515/820 516/821 512/815
f 512/815 516/821 513/341
f 516/821 517/567 513/341
f 312/248 88/251 582/649 739/415
f 107/193 352/328 762/822 604/707
f 453/618 457/578 848/581 845/619
f 208/76 204/69 657/643 661/595
f 371/465 368/378 778/381 782/793
f 89/823 311/824 738/825 583/826
f 418/827 417/828 817/829 815/830
f 13/705 14/804 514/782
f 514/782 14/804 515/820
f 14/804 15/803 515/820
f 515/820 15/803 516/821
f 15/803 16/802 516/821
f 516/821 16/802 517/567
f 16/802 17/801 517/567
f 517/567 17/801 518/568
f 17/801 18/2 518/568
f 518/568 18/2 19/417
f 18/2 2/1 19/417
f 520/426 541/831 519/832
f 520/426 519/832 523/562
f 522/833 521/510 528/834
f 525/835 524/836 529/837
f 522/833 528/834 586/838
f 525/835 529/837 596/839
f 533/491 532/546 535/840
f 527/841 534/842 627/462
f 640/776 641/843 638/543
f 638/543 641/843 639/544
f 641/843 642/773 639/544
f 644/463 645/844 640/776
f 640/776 645/844 641/843
f 645/844 646/745 641/843
f 641/843 646/745 642/773
f 643/717 535/840 637/642
f 627/462 534/842 644/463
f 534/842 623/845 644/463
f 644/463 623/845 645/844
f 623/845 622/582 645/844
f 645/844 622/582 646/745
f 621/496 620/846 643/717
f 643/717 620/846 535/840
f 620/846 533/491 535/840
f 535/840 660/847 637/642
f 647/551 632/848 631/566
f 649/519 648/849 647/551
f 647/551 648/849 632/848
f 648/849 633/493 632/848
f 651/464 652/850 649/519
f 649/519 652/850 648/849
f 652/850 650/494 648/849
f 648/849 650/494 633/493
f 651/464 654/364 652/850
f 654/364 655/851 652/850
f 652/850 655/851 650/494
f 655/851 653/852 650/494
f 650/494 653/852 634/657
f 653/852 635/658 634/657
f 654/364 658/363 655/851
f 658/363 659/623 655/851
f 655/851 659/623 653/852
f 659/623 656/853 653/852
f 653/852 656/853 635/658
f 656/853 636/504 635/658
f 637/642 660/847 657/643
f 660/847 661/595 657/643
f 659/623 663/577 656/853
f 663/577 664/576 656/853
f 656/853 664/576 636/504
f 535/840 532/546 660/847
f 532/546 619/854 660/847
f 660/847 619/854 661/595
f 619/854 618/855 661/595
f 661/595 618/855 662/596
f 618/855 617/402 662/596
f 632/848 665/856 631/566
f 633/493 667/645 632/848
f 636/504 671/857 635/658
f 631/566 665/856 628/701
f 665/856 629/698 628/701
f 632/848 667/645 665/856
f 667/645 666/858 665/856
f 665/856 666/858 629/698
f 666/858 630/624 629/698
f 667/645 668/644 666/858
f 668/644 669/625 666/858
f 666/858 669/625 630/624
f 635/658 671/857 670/558
f 671/857 672/471 670/558
f 636/504 673/375 671/857
f 673/375 674/859 671/857
f 671/857 674/859 672/471
f 674/859 675/344 672/471
f 673/375 616/374 674/859
f 616/374 615/345 674/859
f 674/859 615/345 675/344
f 614/317 613/860 676/318
f 676/318 613/860 677/664
f 613/860 612/805 677/664
f 678/647 625/861 624/399
f 682/626 683/862 679/661
f 679/661 683/862 680/654
f 683/862 684/598 680/654
f 678/647 681/646 625/861
f 681/646 626/716 625/861
f 685/548 686/863 682/626
f 682/626 686/863 683/862
f 686/863 687/864 683/862
f 683/862 687/864 684/598
f 687/864 688/505 684/598
f 685/548 611/547 686/863
f 611/547 610/865 686/863
f 686/863 610/865 687/864
f 610/865 609/790 687/864
f 687/864 609/790 688/505
f 609/790 608/506 688/505
f 625/861 691/866 624/399
f 626/716 694/867 625/861
f 624/399 691/866 689/376
f 691/866 692/868 689/376
f 689/376 692/868 690/377
f 692/868 693/736 690/377
f 625/861 694/867 691/866
f 694/867 695/869 691/866
f 691/866 695/869 692/868
f 695/869 696/870 692/868
f 692/868 696/870 693/736
f 696/870 697/691 693/736
f 626/716 698/715 694/867
f 698/715 699/806 694/867
f 694/867 699/806 695/869
f 699/806 700/797 695/869
f 695/869 700/797 696/870
f 700/797 701/692 696/870
f 696/870 701/692 697/691
f 607/604 527/841 627/462
f 526/871 534/842 527/841
f 573/358 702/872 526/871
f 571/873 705/874 572/875
f 570/774 707/876 571/873
f 526/871 702/872 534/842
f 702/872 623/845 534/842
f 573/358 704/357 702/872
f 704/357 703/571 702/872
f 702/872 703/571 623/845
f 703/571 622/582 623/845
f 571/873 707/876 705/874
f 707/876 708/770 705/874
f 570/774 710/430 707/876
f 710/430 711/429 707/876
f 707/876 711/429 708/770
f 712/708 709/877 706/495
f 706/495 709/877 621/496
f 709/877 620/846 621/496
f 604/707 603/878 712/708
f 712/708 603/878 709/877
f 603/878 602/346 709/877
f 709/877 602/346 620/846
f 602/346 533/491 620/846
f 713/523 619/854 532/546
f 715/492 714/879 713/523
f 713/523 714/879 619/854
f 714/879 618/855 619/854
f 715/492 717/422 714/879
f 717/422 716/880 714/879
f 714/879 716/880 618/855
f 716/880 617/402 618/855
f 717/422 718/421 716/880
f 718/421 719/403 716/880
f 716/880 719/403 617/402
f 600/881 720/648 601/655
f 599/439 721/882 600/881
f 597/883 731/884 598/733
f 596/839 736/885 597/883
f 600/881 721/882 720/648
f 721/882 722/622 720/648
f 599/439 723/593 721/882
f 723/593 724/886 721/882
f 721/882 724/886 722/622
f 724/886 725/564 722/622
f 723/593 728/521 724/886
f 728/521 729/887 724/886
f 724/886 729/887 725/564
f 729/887 726/565 725/564
f 598/733 731/884 727/734
f 731/884 732/888 727/734
f 728/521 733/520 729/887
f 733/520 734/416 729/887
f 729/887 734/416 726/565
f 734/416 730/889 726/565
f 726/565 730/889 614/317
f 730/889 613/860 614/317
f 597/883 736/885 731/884
f 736/885 737/890 731/884
f 731/884 737/890 732/888
f 737/890 738/891 732/888
f 739/415 740/892 734/416
f 734/416 740/892 730/889
f 740/892 735/893 730/889
f 730/889 735/893 613/860
f 735/893 612/805 613/860
f 596/839 529/837 736/885
f 529/837 585/894 736/885
f 736/885 585/894 737/890
f 585/894 584/895 737/890
f 737/890 584/895 738/891
f 584/895 583/583 738/891
f 739/415 582/649 740/892
f 582/649 581/641 740/892
f 740/892 581/641 735/893
f 581/641 580/896 735/893
f 735/893 580/896 612/805
f 580/896 531/693 612/805
f 587/897 743/603 588/656
f 586/838 744/898 587/897
f 741/700 610/865 611/547
f 741/700 742/699 610/865
f 742/699 609/790 610/865
f 587/897 744/898 743/603
f 744/898 745/517 743/603
f 586/838 528/834 744/898
f 528/834 574/518 744/898
f 744/898 574/518 745/517
f 578/899 746/777 579/731
f 577/900 747/901 578/899
f 576/902 749/903 577/900
f 575/747 751/904 576/905
f 578/899 747/901 746/777
f 747/901 748/772 746/777
f 577/900 749/903 747/901
f 749/903 750/756 747/901
f 747/901 750/756 748/772
f 576/902 751/906 749/903
f 751/906 752/907 749/903
f 749/903 752/907 750/756
f 752/907 753/723 750/756
f 575/747 754/746 751/904
f 754/746 755/814 751/904
f 751/906 755/812 752/907
f 755/812 756/724 752/907
f 752/907 756/724 753/723
f 569/367 568/908 757/597
f 757/597 568/908 607/604
f 568/908 527/841 607/604
f 603/878 758/322 602/346
f 604/707 759/909 603/878
f 603/878 759/909 758/322
f 759/909 760/323 758/322
f 604/707 762/822 759/909
f 762/822 763/910 759/909
f 759/909 763/910 760/323
f 763/910 761/813 760/323
f 762/798 765/779 763/911
f 765/779 766/912 763/911
f 763/911 766/912 761/913
f 766/912 764/914 761/913
f 761/913 764/914 606/400
f 764/914 605/401 606/400
f 765/779 767/435 766/912
f 767/435 768/428 766/912
f 766/912 768/428 764/914
f 768/428 769/427 764/914
f 764/914 769/427 605/401
f 592/572 770/915 591/575
f 593/560 772/916 592/572
f 594/559 773/917 593/560
f 595/349 776/918 594/557
f 591/575 770/915 601/655
f 770/915 600/881 601/655
f 592/572 772/916 770/915
f 772/916 771/919 770/915
f 770/915 771/919 600/881
f 771/919 599/439 600/881
f 593/560 773/917 772/916
f 773/917 774/920 772/916
f 772/916 774/920 771/919
f 774/920 775/440 771/919
f 771/919 775/440 599/439
f 594/557 776/918 773/921
f 776/918 777/922 773/921
f 773/921 777/922 774/923
f 777/922 778/381 774/923
f 774/923 778/381 775/380
f 595/349 780/348 776/918
f 780/348 781/924 776/918
f 776/918 781/924 777/922
f 781/924 782/793 777/922
f 777/922 782/793 778/381
f 779/784 597/883 598/733
f 780/348 784/555 781/924
f 784/555 785/554 781/924
f 781/924 785/554 782/793
f 779/784 783/758 597/883
f 783/758 596/839 597/883
f 783/758 567/475 596/839
f 567/475 525/835 596/839
f 580/896 530/589 531/693
f 581/641 786/925 580/896
f 584/895 792/512 583/583
f 585/894 794/926 584/895
f 529/837 798/927 585/894
f 580/896 786/925 530/589
f 786/925 590/590 530/589
f 581/641 788/606 786/925
f 788/606 787/928 786/925
f 786/925 787/928 590/590
f 787/928 589/591 590/590
f 788/606 789/605 787/928
f 789/605 790/592 787/928
f 787/928 790/592 589/591
f 584/895 794/926 792/512
f 794/926 795/413 792/512
f 796/362 793/929 791/477
f 791/477 793/929 588/656
f 793/929 587/897 588/656
f 585/894 798/927 794/926
f 798/927 799/930 794/926
f 794/926 799/930 795/413
f 799/930 800/414 795/413
f 796/362 801/361 793/929
f 801/361 797/931 793/929
f 793/929 797/931 587/897
f 797/931 586/838 587/897
f 529/837 524/836 798/927
f 524/836 563/932 798/927
f 798/927 563/932 799/930
f 563/932 562/443 799/930
f 799/930 562/443 800/414
f 561/730 560/933 801/361
f 801/361 560/933 797/931
f 560/933 559/934 797/931
f 797/931 559/934 586/838
f 559/934 522/833 586/838
f 528/834 809/509 574/518
f 802/718 578/899 579/731
f 804/695 803/935 802/718
f 802/718 803/935 578/899
f 803/935 577/900 578/899
f 804/695 806/694 803/935
f 806/694 805/936 803/935
f 803/935 805/936 577/900
f 805/936 576/902 577/900
f 806/660 808/659 805/937
f 808/659 807/771 805/937
f 805/937 807/771 576/905
f 807/771 575/747 576/905
f 528/834 521/510 809/509
f 547/484 546/938 810/485
f 810/485 546/938 811/741
f 546/938 545/939 811/741
f 811/741 545/939 812/739
f 545/939 544/940 812/739
f 812/739 544/940 813/419
f 544/940 543/420 813/419
f 568/908 526/871 527/841
f 569/367 814/366 568/908
f 568/908 814/366 526/871
f 814/366 573/358 526/871
f 819/732 820/941 816/751
f 816/751 820/941 817/942
f 820/941 821/943 817/942
f 817/942 821/943 815/944
f 821/943 818/945 815/944
f 815/944 818/945 572/875
f 818/945 571/873 572/875
f 823/673 824/663 819/732
f 819/732 824/663 820/941
f 824/663 825/794 820/941
f 820/941 825/794 821/943
f 825/794 826/792 821/943
f 821/943 826/792 818/945
f 826/792 822/791 818/945
f 818/945 822/791 571/873
f 822/791 570/774 571/873
f 827/632 828/946 823/673
f 823/673 828/946 824/663
f 828/946 829/616 824/663
f 827/632 551/503 828/946
f 551/503 550/947 828/946
f 828/946 550/947 829/616
f 550/947 549/460 829/616
f 833/757 834/948 830/457
f 830/457 834/948 831/451
f 834/948 835/949 831/451
f 831/451 835/949 832/452
f 835/949 836/740 832/452
f 837/704 838/950 833/757
f 833/757 838/950 834/948
f 838/950 839/951 834/948
f 834/948 839/951 835/949
f 839/951 840/675 835/949
f 835/949 840/675 836/740
f 837/704 566/703 838/950
f 566/703 565/410 838/950
f 838/950 565/410 839/951
f 565/410 564/653 839/951
f 839/951 564/653 840/675
f 565/410 842/952 564/653
f 564/653 842/952 841/438
f 842/952 843/355 841/438
f 565/410 844/409 842/952
f 844/409 845/619 842/952
f 842/952 845/619 843/355
f 845/619 846/356 843/355
f 848/581 849/621 845/619
f 845/619 849/621 846/356
f 850/563 851/953 847/580
f 847/580 851/953 848/581
f 851/953 852/526 848/581
f 848/581 852/526 849/621
f 523/562 558/954 850/563
f 850/563 558/954 851/953
f 558/954 557/527 851/953
f 851/953 557/527 852/526
f 556/474 525/835 567/475
f 556/474 524/836 525/835
f 558/954 856/713 557/527
f 523/562 858/955 558/954
f 556/474 853/785 524/836
f 853/785 563/932 524/836
f 853/785 854/444 563/932
f 854/444 562/443 563/932
f 855/672 560/933 561/730
f 558/954 858/955 856/713
f 858/955 859/714 856/713
f 861/630 857/956 855/672
f 855/672 857/956 560/933
f 857/956 559/934 560/933
f 523/562 519/832 858/955
f 519/832 540/957 858/955
f 858/955 540/957 859/714
f 540/957 539/958 859/714
f 859/714 539/958 860/651
f 539/958 538/469 860/651
f 861/630 537/629 857/956
f 537/629 536/959 857/956
f 857/956 536/959 559/934
f 536/959 522/833 559/934
f 549/460 864/960 548/461
f 550/947 867/961 549/460
f 551/503 870/502 550/947
f 548/461 864/960 862/326
f 864/960 865/327 862/326
f 863/550 554/385 555/384
f 549/460 867/961 864/960
f 867/961 868/962 864/960
f 864/960 868/962 865/327
f 868/962 869/516 865/327
f 865/327 869/516 863/550
f 869/516 866/515 863/550
f 863/550 866/515 554/385
f 866/515 553/405 554/385
f 550/947 870/502 867/961
f 870/502 871/963 867/961
f 867/961 871/963 868/962
f 871/963 872/769 868/962
f 868/962 872/769 869/516
f 870/502 874/434 871/963
f 874/434 875/433 871/963
f 871/963 875/433 872/769
f 542/706 541/831 873/455
f 873/455 541/831 552/425
f 541/831 520/426 552/425
f 536/959 521/510 522/833
f 537/629 876/553 536/959
f 539/958 879/370 538/469
f 540/957 882/964 539/958
f 519/832 886/965 540/957
f 536/959 876/553 521/510
f 877/424 546/938 547/484
f 880/343 878/966 877/424
f 877/424 878/966 546/938
f 878/966 545/939 546/938
f 539/958 882/964 879/370
f 882/964 883/371 879/370
f 880/343 884/342 878/966
f 884/342 881/967 878/966
f 878/966 881/967 545/939
f 881/967 544/940 545/939
f 540/957 886/965 882/964
f 886/965 887/783 882/964
f 882/964 887/783 883/371
f 884/342 888/570 881/967
f 888/570 885/569 881/967
f 881/967 885/569 544/940
f 885/569 543/420 544/940
f 519/832 541/831 886/965
f 541/831 542/706 886/965
f 886/965 542/706 887/783
f 987/968 910/969 909/970 986/971
f 991/972 918/973 917/974 990/975
f 993/976 911/977 910/969 987/968
f 995/978 919/979 918/973 991/972
f 997/980 912/981 911/977 993/976
f 999/982 920/983 919/979 995/978
f 1001/984 913/985 912/981 997/980
f 1005/986 906/987 905/988 1004/989
f 1004/989 905/988 920/983 999/982
f 1007/990 914/991 913/985 1001/984
f 1009/992 907/993 906/987 1005/986
f 1011/994 915/995 914/991 1007/990
f 1013/996 908/997 907/993 1009/992
f 1015/998 916/999 915/995 1011/994
f 986/971 909/970 908/997 1013/996
f 990/975 917/974 916/999 1015/998
f 1019/1000 946/1001 945/1002 1018/1003
f 1023/1004 939/1005 938/1006 1022/1007
f 1025/1008 947/1009 946/1001 1019/1000
f 1027/1010 940/1011 939/1005 1023/1004
f 1029/1012 948/1013 947/1009 1025/1008
f 1031/1014 941/1015 940/1011 1027/1010
f 1033/1016 949/1017 948/1013 1029/1012
f 1035/1018 942/1019 941/1015 1031/1014
f 1037/1020 950/1021 949/1017 1033/1016
f 1039/1022 943/1023 942/1019 1035/1018
f 1041/1024 951/1025 950/1021 1037/1020
f 1043/1026 944/1027 943/1023 1039/1022
f 1045/1028 952/1029 951/1025 1041/1024
f 1018/1003 945/1002 944/1027 1043/1026
f 1022/1007 938/1006 937/1030 1048/1031
f 1048/1031 937/1030 952/1029 1045/1028
f 1051/1032 982/1033 981/1034 1050/1035
f 1055/1036 975/1037 974/1038 1054/1039
f 1057/1040 983/1041 982/1033 1051/1032
f 1059/1042 976/1043 975/1037 1055/1036
f 1061/1044 984/1045 983/1041 1057/1040
f 1063/1046 977/1047 976/1043 1059/1042
f 1067/1048 970/1049 969/1050 1066/1051
f 1066/1051 969/1050 984/1045 1061/1044
f 1069/1052 978/1053 977/1047 1063/1046
f 1071/1054 971/1055 970/1049 1067/1048
f 1073/1056 979/1057 978/1053 1069/1052
f 1075/1058 972/1059 971/1055 1071/1054
f 1077/1060 980/1061 979/1057 1073/1056
f 1079/1062 973/1063 972/1059 1075/1058
f 1050/1035 981/1034 980/1061 1077/1060
f 1054/1039 974/1038 973/1063 1079/1062
f 901/1064 989/1065 1016/1066 900/1067
f 989/1065 990/975 1015/998 1016/1066
f 893/1068 985/1069 1014/1070 892/1071
f 985/1069 986/971 1013/996 1014/1070
f 900/1067 1016/1066 1012/1072 899/1073
f 1016/1066 1015/998 1011/994 1012/1072
f 892/1071 1014/1070 1010/1074 891/1075
f 1014/1070 1013/996 1009/992 1010/1074
f 899/1073 1012/1072 1008/1076 898/1077
f 1012/1072 1011/994 1007/990 1008/1076
f 891/1075 1010/1074 1006/1078 890/1079
f 1010/1074 1009/992 1005/986 1006/1078
f 898/1077 1008/1076 1002/1080 897/1081
f 1008/1076 1007/990 1001/984 1002/1080
f 889/1082 1003/1083 1000/1084 904/1085
f 1003/1083 1004/989 999/982 1000/1084
f 890/1079 1006/1078 1003/1083 889/1082
f 1006/1078 1005/986 1004/989 1003/1083
f 897/1081 1002/1080 998/1086 896/1087
f 1002/1080 1001/984 997/980 998/1086
f 904/1085 1000/1084 996/1088 903/1089
f 1000/1084 999/982 995/978 996/1088
f 896/1087 998/1086 994/1090 895/1091
f 998/1086 997/980 993/976 994/1090
f 903/1089 996/1088 992/1092 902/1093
f 996/1088 995/978 991/972 992/1092
f 895/1091 994/1090 988/1094 894/1095
f 994/1090 993/976 987/968 988/1094
f 902/1093 992/1092 989/1065 901/1064
f 992/1092 991/972 990/975 989/1065
f 894/1095 988/1094 985/1069 893/1068
f 988/1094 987/968 986/971 985/1069
f 921/1096 1047/1097 1046/1098 936/1099
f 1047/1097 1048/1031 1045/1028 1046/1098
f 922/1100 1021/1101 1047/1097 921/1096
f 1021/1101 1022/1007 1048/1031 1047/1097
f 929/1102 1017/1103 1044/1104 928/1105
f 1017/1103 1018/1003 1043/1026 1044/1104
f 936/1099 1046/1098 1042/1106 935/1107
f 1046/1098 1045/1028 1041/1024 1042/1106
f 928/1105 1044/1104 1040/1108 927/1109
f 1044/1104 1043/1026 1039/1022 1040/1108
f 935/1107 1042/1106 1038/1110 934/1111
f 1042/1106 1041/1024 1037/1020 1038/1110
f 927/1109 1040/1108 1036/1112 926/1113
f 1040/1108 1039/1022 1035/1018 1036/1112
f 934/1111 1038/1110 1034/1114 933/1115
f 1038/1110 1037/1020 1033/1016 1034/1114
f 926/1113 1036/1112 1032/1116 925/1117
f 1036/1112 1035/1018 1031/1014 1032/1116
f 933/1115 1034/1114 1030/1118 932/1119
f 1034/1114 1033/1016 1029/1012 1030/1118
f 925/1117 1032/1116 1028/1120 924/1121
f 1032/1116 1031/1014 1027/1010 1028/1120
f 932/1119 1030/1118 1026/1122 931/1123
f 1030/1118 1029/1012 1025/1008 1026/1122
f 924/1121 1028/1120 1024/1124 923/1125
f 1028/1120 1027/1010 1023/1004 1024/1124
f 931/1123 1026/1122 1020/1126 930/1127
f 1026/1122 1025/1008 1019/1000 1020/1126
f 923/1125 1024/1124 1021/1101 922/1100
f 1024/1124 1023/1004 1022/1007 1021/1101
f 930/1127 1020/1126 1017/1103 929/1102
f 1020/1126 1019/1000 1018/1003 1017/1103
f 958/1128 1053/1129 1080/1130 957/1131
f 1053/1129 1054/1039 1079/1062 1080/1130
f 965/1132 1049/1133 1078/1134 964/1135
f 1049/1133 1050/1035 1077/1060 1078/1134
f 957/1131 1080/1130 1076/1136 956/1137
f 1080/1130 1079/1062 1075/1058 1076/1136
f 964/1135 1078/1134 1074/1138 963/1139
f 1078/1134 1077/1060 1073/1056 1074/1138
f 956/1137 1076/1136 1072/1140 955/1141
f 1076/1136 1075/1058 1071/1054 1072/1140
f 963/1139 1074/1138 1070/1142 962/1143
f 1074/1138 1073/1056 1069/1052 1070/1142
f 955/1141 1072/1140 1068/1144 954/1145
f 1072/1140 1071/1054 1067/1048 1068/1144
f 962/1143 1070/1142 1064/1146 961/1147
f 1070/1142 1069/1052 1063/1046 1064/1146
f 953/1148 1065/1149 1062/1150 968/1151
f 1065/1149 1066/1051 1061/1044 1062/1150
f 954/1145 1068/1144 1065/1149 953/1148
f 1068/1144 1067/1048 1066/1051 1065/1149
f 961/1147 1064/1146 1060/1152 960/1153
f 1064/1146 1063/1046 1059/1042 1060/1152
f 968/1151 1062/1150 1058/1154 967/1155
f 1062/1150 1061/1044 1057/1040 1058/1154
f 960/1153 1060/1152 1056/1156 959/1157
f 1060/1152 1059/1042 1055/1036 1056/1156
f 967/1155 1058/1154 1052/1158 966/1159
f 1058/1154 1057/1040 1051/1032 1052/1158
f 959/1157 1056/1156 1053/1129 958/1128
f 1056/1156 1055/1036 1054/1039 1053/1129
f 966/1159 1052/1158 1049/1133 965/1132
f 1052/1158 1051/1032 1050/1035 1049/1133
f 1179/1160 1178/1161 1101/1162 1102/1163
f 1183/1164 1182/1165 1109/1166 1110/1167
f 1185/1168 1179/1160 1102/1163 1103/1169
f 1187/1170 1183/1164 1110/1167 1111/1171
f 1189/1172 1185/1168 1103/1169 1104/1173
f 1191/1174 1187/1170 1111/1171 1112/1175
f 1193/1176 1189/1172 1104/1173 1105/1177
f 1197/1178 1196/1179 1097/1180 1098/1181
f 1196/1179 1191/1174 1112/1175 1097/1180
f 1199/1182 1193/1176 1105/1177 1106/1183
f 1201/1184 1197/1178 1098/1181 1099/1185
f 1203/1186 1199/1182 1106/1183 1107/1187
f 1205/1188 1201/1184 1099/1185 1100/1189
f 1207/1190 1203/1186 1107/1187 1108/1191
f 1178/1161 1205/1188 1100/1189 1101/1162
f 1182/1165 1207/1190 1108/1191 1109/1166
f 1211/1192 1210/1193 1137/1194 1138/1195
f 1215/1196 1214/1197 1130/1198 1131/1199
f 1217/1200 1211/1192 1138/1195 1139/1201
f 1219/1202 1215/1196 1131/1199 1132/1203
f 1221/1204 1217/1200 1139/1201 1140/1205
f 1223/1206 1219/1202 1132/1203 1133/1207
f 1225/1208 1221/1204 1140/1205 1141/1209
f 1227/1210 1223/1206 1133/1207 1134/1211
f 1229/1212 1225/1208 1141/1209 1142/1213
f 1231/1214 1227/1210 1134/1211 1135/1215
f 1233/1216 1229/1212 1142/1213 1143/1217
f 1235/1218 1231/1214 1135/1215 1136/1219
f 1237/1220 1233/1216 1143/1217 1144/1221
f 1210/1193 1235/1218 1136/1219 1137/1194
f 1214/1197 1240/1222 1129/1223 1130/1198
f 1240/1222 1237/1220 1144/1221 1129/1223
f 1243/1224 1242/1225 1173/1226 1174/1227
f 1247/1228 1246/1229 1166/1230 1167/1231
f 1249/1232 1243/1224 1174/1227 1175/1233
f 1251/1234 1247/1228 1167/1231 1168/1235
f 1253/1236 1249/1232 1175/1233 1176/1237
f 1255/1238 1251/1234 1168/1235 1169/1239
f 1259/1240 1258/1241 1161/1242 1162/1243
f 1258/1241 1253/1236 1176/1237 1161/1242
f 1261/1244 1255/1238 1169/1239 1170/1245
f 1263/1246 1259/1240 1162/1243 1163/1247
f 1265/1248 1261/1244 1170/1245 1171/1249
f 1267/1250 1263/1246 1163/1247 1164/1251
f 1269/1252 1265/1248 1171/1249 1172/1253
f 1271/1254 1267/1250 1164/1251 1165/1255
f 1242/1225 1269/1252 1172/1253 1173/1226
f 1246/1229 1271/1254 1165/1255 1166/1230
f 1093/1256 1092/1257 1208/1258 1181/1259
f 1181/1259 1208/1258 1207/1190 1182/1165
f 1085/1260 1084/1261 1206/1262 1177/1263
f 1177/1263 1206/1262 1205/1188 1178/1161
f 1092/1257 1091/1264 1204/1265 1208/1258
f 1208/1258 1204/1265 1203/1186 1207/1190
f 1084/1261 1083/1266 1202/1267 1206/1262
f 1206/1262 1202/1267 1201/1184 1205/1188
f 1091/1264 1090/1268 1200/1269 1204/1265
f 1204/1265 1200/1269 1199/1182 1203/1186
f 1083/1266 1082/1270 1198/1271 1202/1267
f 1202/1267 1198/1271 1197/1178 1201/1184
f 1090/1268 1089/1272 1194/1273 1200/1269
f 1200/1269 1194/1273 1193/1176 1199/1182
f 1081/1274 1096/1275 1192/1276 1195/1277
f 1195/1277 1192/1276 1191/1174 1196/1179
f 1082/1270 1081/1274 1195/1277 1198/1271
f 1198/1271 1195/1277 1196/1179 1197/1178
f 1089/1272 1088/1278 1190/1279 1194/1273
f 1194/1273 1190/1279 1189/1172 1193/1176
f 1096/1275 1095/1280 1188/1281 1192/1276
f 1192/1276 1188/1281 1187/1170 1191/1174
f 1088/1278 1087/1282 1186/1283 1190/1279
f 1190/1279 1186/1283 1185/1168 1189/1172
f 1095/1280 1094/1284 1184/1285 1188/1281
f 1188/1281 1184/1285 1183/1164 1187/1170
f 1087/1282 1086/1286 1180/1287 1186/1283
f 1186/1283 1180/1287 1179/1160 1185/1168
f 1094/1284 1093/1256 1181/1259 1184/1285
f 1184/1285 1181/1259 1182/1165 1183/1164
f 1086/1286 1085/1260 1177/1263 1180/1287
f 1180/1287 1177/1263 1178/1161 1179/1160
f 1113/1288 1128/1289 1238/1290 1239/1291
f 1239/1291 1238/1290 1237/1220 1240/1222
f 1114/1292 1113/1288 1239/1291 1213/1293
f 1213/1293 1239/1291 1240/1222 1214/1197
f 1121/1294 1120/1295 1236/1296 1209/1297
f 1209/1297 1236/1296 1235/1218 1210/1193
f 1128/1289 1127/1298 1234/1299 1238/1290
f 1238/1290 1234/1299 1233/1216 1237/1220
f 1120/1295 1119/1300 1232/1301 1236/1296
f 1236/1296 1232/1301 1231/1214 1235/1218
f 1127/1298 1126/1302 1230/1303 1234/1299
f 1234/1299 1230/1303 1229/1212 1233/1216
f 1119/1300 1118/1304 1228/1305 1232/1301
f 1232/1301 1228/1305 1227/1210 1231/1214
f 1126/1302 1125/1306 1226/1307 1230/1303
f 1230/1303 1226/1307 1225/1208 1229/1212
f 1118/1304 1117/1308 1224/1309 1228/1305
f 1228/1305 1224/1309 1223/1206 1227/1210
f 1125/1306 1124/1310 1222/1311 1226/1307
f 1226/1307 1222/1311 1221/1204 1225/1208
f 1117/1308 1116/1312 1220/1313 1224/1309
f 1224/1309 1220/1313 1219/1202 1223/1206
f 1124/1310 1123/1314 1218/1315 1222/1311
f 1222/1311 1218/1315 1217/1200 1221/1204
f 1116/1312 1115/1316 1216/1317 1220/1313
f 1220/1313 1216/1317 1215/1196 1219/1202
f 1123/1314 1122/1318 1212/1319 1218/1315
f 1218/1315 1212/1319 1211/1192 1217/1200
f 1115/1316 1114/1292 1213/1293 1216/1317
f 1216/1317 1213/1293 1214/1197 1215/1196
f 1122/1318 1121/1294 1209/1297 1212/1319
f 1212/1319 1209/1297 1210/1193 1211/1192
f 1150/1320 1149/1321 1272/1322 1245/1323
f 1245/1323 1272/1322 1271/1254 1246/1229
f 1157/1324 1156/1325 1270/1326 1241/1327
f 1241/1327 1270/1326 1269/1252 1242/1225
f 1149/1321 1148/1328 1268/1329 1272/1322
f 1272/1322 1268/1329 1267/1250 1271/1254
f 1156/1325 1155/1330 1266/1331 1270/1326
f 1270/1326 1266/1331 1265/1248 1269/1252
f 1148/1328 1147/1332 1264/1333 1268/1329
f 1268/1329 1264/1333 1263/1246 1267/1250
f 1155/1330 1154/1334 1262/1335 1266/1331
f 1266/1331 1262/1335 1261/1244 1265/1248
f 1147/1332 1146/1336 1260/1337 1264/1333
f 1264/1333 1260/1337 1259/1240 1263/1246
f 1154/1334 1153/1338 1256/1339 1262/1335
f 1262/1335 1256/1339 1255/1238 1261/1244
f 1145/1340 1160/1341 1254/1342 1257/1343
f 1257/1343 1254/1342 1253/1236 1258/1241
f 1146/1336 1145/1340 1257/1343 1260/1337
f 1260/1337 1257/1343 1258/1241 1259/1240
f 1153/1338 1152/1344 1252/1345 1256/1339
f 1256/1339 1252/1345 1251/1234 1255/1238
f 1160/1341 1159/1346 1250/1347 1254/1342
f 1254/1342 1250/1347 1249/1232 1253/1236
f 1152/1344 1151/1348 1248/1349 1252/1345
f 1252/1345 1248/1349 1247/1228 1251/1234
f 1159/1346 1158/1350 1244/1351 1250/1347
f 1250/1347 1244/1351 1243/1224 1249/1232
f 1151/1348 1150/1320 1245/1323 1248/1349
f 1248/1349 1245/1323 1246/1229 1247/1228
f 1158/1350 1157/1324 1241/1327 1244/1351
f 1244/1351 1241/1327 1242/1225 1243/1224
f 913/1352 914/1353 1106/1354 1105/1355
f 961/1356 960/1357 1152/1358 1153/1359
f 950/1360 951/1361 1143/1362 1142/1363
f 925/1364 924/1365 1116/1366 1117/1367
f 914/1353 915/1368 1107/1369 1106/1354
f 962/1370 961/1356 1153/1359 1154/1371
f 951/1372 952/1373 1144/1374 1143/1375
f 926/1376 925/1364 1117/1367 1118/1377
f 915/1378 916/1379 1108/1380 1107/1381
f 890/1382 889/1383 1081/1384 1082/1385
f 963/1386 962/1370 1154/1371 1155/1387
f 952/1373 937/1388 1129/1389 1144/1374
f 927/1390 926/1376 1118/1377 1119/1391
f 916/1379 917/1392 1109/1393 1108/1380
f 891/1394 890/1382 1082/1385 1083/1395
f 964/1396 963/1386 1155/1387 1156/1397
f 928/1398 927/1399 1119/1400 1120/1401
f 917/1392 918/1402 1110/1403 1109/1393
f 892/1404 891/1405 1083/1406 1084/1407
f 965/1408 964/1409 1156/1410 1157/1411
f 929/1412 928/1398 1120/1401 1121/1413
f 918/1402 919/1414 1111/1415 1110/1403
f 893/1416 892/1404 1084/1407 1085/1417
f 966/1418 965/1408 1157/1411 1158/1419
f 930/1420 929/1412 1121/1413 1122/1421
f 919/1422 920/1423 1112/1424 1111/1425
f 894/1426 893/1416 1085/1417 1086/1427
f 967/1428 966/1418 1158/1419 1159/1429
f 931/1430 930/1420 1122/1421 1123/1431
f 920/1423 905/1432 1097/1433 1112/1424
f 895/1434 894/1426 1086/1427 1087/1435
f 968/1436 967/1428 1159/1429 1160/1437
f 932/1438 931/1430 1123/1431 1124/1439
f 896/1440 895/1441 1087/1442 1088/1443
f 953/1444 968/1445 1160/1446 1145/1447
f 933/1448 932/1449 1124/1450 1125/1451
f 897/1452 896/1440 1088/1443 1089/1453
f 969/1454 970/1455 1162/1456 1161/1457
f 934/1458 933/1448 1125/1451 1126/1459
f 898/1460 897/1452 1089/1453 1090/1461
f 970/1455 971/1462 1163/1463 1162/1456
f 935/1464 934/1458 1126/1459 1127/1465
f 899/1466 898/1460 1090/1461 1091/1467
f 971/1462 972/1468 1164/1469 1163/1463
f 936/1470 935/1464 1127/1465 1128/1471
f 900/1472 899/1466 1091/1467 1092/1473
f 972/1474 973/1475 1165/1476 1164/1477
f 921/1478 936/1479 1128/1480 1113/1481
f 901/1482 900/1483 1092/1484 1093/1485
f 973/1475 974/1486 1166/1487 1165/1476
f 937/1388 938/1488 1130/1489 1129/1389
f 902/1490 901/1482 1093/1485 1094/1491
f 974/1486 975/1492 1167/1493 1166/1487
f 938/1488 939/1494 1131/1495 1130/1489
f 903/1496 902/1490 1094/1491 1095/1497
f 975/1492 976/1498 1168/1499 1167/1493
f 939/1494 940/1500 1132/1501 1131/1495
f 904/1502 903/1496 1095/1497 1096/1503
f 976/1504 977/1505 1169/1506 1168/1507
f 940/1508 941/1509 1133/1510 1132/1511
f 889/1383 904/1512 1096/1513 1081/1384
f 977/1505 978/1514 1170/1515 1169/1506
f 941/1509 942/1516 1134/1517 1133/1510
f 905/1432 906/1518 1098/1519 1097/1433
f 978/1514 979/1520 1171/1521 1170/1515
f 942/1516 943/1522 1135/1523 1134/1517
f 906/1518 907/1524 1099/1525 1098/1519
f 979/1526 980/1527 1172/1528 1171/1529
f 954/1530 953/1444 1145/1447 1146/1531
f 943/1522 944/1532 1136/1533 1135/1523
f 907/1524 908/1534 1100/1535 1099/1525
f 980/1527 981/1536 1173/1537 1172/1528
f 955/1538 954/1530 1146/1531 1147/1539
f 944/1540 945/1541 1137/1542 1136/1543
f 908/1544 909/1545 1101/1546 1100/1547
f 981/1536 982/1548 1174/1549 1173/1537
f 956/1550 955/1551 1147/1552 1148/1553
f 945/1541 946/1554 1138/1555 1137/1542
f 909/1545 910/1556 1102/1557 1101/1546
f 982/1548 983/1558 1175/1559 1174/1549
f 957/1560 956/1550 1148/1553 1149/1561
f 946/1554 947/1562 1139/1563 1138/1555
f 910/1556 911/1564 1103/1565 1102/1557
f 983/1566 984/1567 1176/1568 1175/1569
f 958/1570 957/1560 1149/1561 1150/1571
f 947/1572 948/1573 1140/1574 1139/1575
f 922/1576 921/1478 1113/1481 1114/1577
f 911/1564 912/1578 1104/1579 1103/1565
f 984/1567 969/1454 1161/1457 1176/1568
f 959/1580 958/1570 1150/1571 1151/1581
f 948/1573 949/1582 1141/1583 1140/1574
f 923/1584 922/1576 1114/1577 1115/1585
f 912/1586 913/1352 1105/1355 1104/1587
f 960/1357 959/1588 1151/1589 1152/1358
f 949/1582 950/1360 1142/1363 1141/1583
f 924/1365 923/1590 1115/1591 1116/1366
