# Blender 5.1.1
# www.blender.org
mtllib urano.mtl
o Cliff_Rock_11.002
v -0.007400 0.178608 -0.970147
v 0.091965 0.190787 -0.956837
v 0.209756 0.205225 -0.941058
v 0.139510 0.365632 -0.894697
v 0.086887 0.345642 -0.906214
v 0.042590 0.362286 -0.904865
v -0.020018 0.350562 -0.914588
v -0.111539 0.321866 -0.932615
v -0.148322 0.297735 -0.942579
v -0.168087 0.224292 -0.970099
v -0.106493 0.367574 -0.917061
v -0.057327 0.350248 -1.118973
v -0.090995 0.319774 -1.150012
v -0.142148 0.325447 -1.135606
v -0.115336 0.384899 -1.114441
v -0.093356 0.433985 -1.080537
v -0.068065 0.435916 -1.085811
v 0.080066 0.414966 -1.076091
v 0.039786 0.409651 -1.082537
v -0.013830 0.400226 -1.062766
v 0.195967 0.360386 -0.891149
v 0.149039 0.399256 -0.996597
v -0.107832 0.271385 -1.150236
v -0.058048 0.257231 -1.150251
v -0.156056 0.266746 -1.098758
v 0.043353 0.283610 -1.114640
v 0.160789 0.242988 -1.094032
v 0.212201 0.280638 -1.095333
v 0.258329 0.243558 -0.923867
v 0.320718 0.246849 -0.916947
v 0.336748 0.284061 -0.903169
v 0.278238 0.417672 -0.864553
v 0.212905 0.393164 -0.878749
v 0.338484 0.351520 -1.027617
v 0.300829 0.446182 -1.017740
v 0.288693 0.454567 -0.976367
v 0.157301 0.428409 -1.084948
v -0.006690 0.315608 -1.121375
v 0.160534 0.314032 -1.106609
v 0.110446 0.299993 -1.110333
v 0.249920 0.445440 -1.025804
v 0.202481 0.434284 -1.036820
v 0.201078 0.439815 -1.058081
v 0.307423 0.298268 -1.072078
v 0.266074 0.387493 -1.065136
v 0.243619 0.346342 -1.088894
v 0.102755 0.222898 -1.085966
v 0.723607 -0.447219 0.525725
v -0.276388 -0.447220 0.850649
v -0.894426 -0.447216 -0.000000
v -0.276388 -0.447220 -0.850649
v 0.723607 -0.447220 -0.525725
v 0.276388 0.447220 0.850649
v -0.723607 0.447220 0.525725
v -0.723607 0.447220 -0.525725
v 0.276388 0.447220 -0.850649
v 0.000000 1.000000 -0.000000
v -0.257936 -0.550685 0.793860
v -0.232821 -0.657519 0.716563
v -0.200688 -0.760403 0.617666
v -0.162456 -0.850654 0.499995
v -0.120413 -0.920955 0.370598
v 0.315251 -0.920955 0.229040
v 0.425323 -0.850654 0.309011
v 0.525420 -0.760403 0.381735
v 0.609547 -0.657519 0.442856
v 0.675300 -0.550685 0.490628
v 0.638452 -0.476987 0.604037
v 0.531941 -0.502302 0.681712
v -0.029639 -0.502302 0.864184
v -0.161465 -0.476988 0.863951
v 0.771771 -0.476987 -0.420539
v 0.812729 -0.502301 -0.295238
v 0.840673 -0.519571 -0.152694
v 0.850648 -0.525736 -0.000000
v 0.840673 -0.519571 0.152694
v 0.812729 -0.502301 0.295238
v 0.771771 -0.476987 0.420538
v 0.203181 -0.967950 -0.147618
v 0.315251 -0.920955 -0.229040
v 0.425323 -0.850654 -0.309011
v 0.525420 -0.760403 -0.381735
v 0.609547 -0.657519 -0.442856
v 0.675300 -0.550685 -0.490628
v -0.834716 -0.550681 -0.000000
v -0.753442 -0.657515 -0.000000
v -0.649456 -0.760399 -0.000000
v -0.525730 -0.850652 -0.000000
v -0.377183 -0.476987 0.793861
v -0.483971 -0.502302 0.716564
v -0.590366 -0.519572 0.617668
v -0.688189 -0.525736 0.499997
v -0.769872 -0.519570 0.370599
v -0.831051 -0.502299 0.238853
v -0.871565 -0.476984 0.113408
v -0.257937 -0.550685 -0.793861
v -0.232822 -0.657519 -0.716563
v -0.200688 -0.760403 -0.617666
v -0.162456 -0.850654 -0.499995
v -0.120413 -0.920955 -0.370598
v -0.077607 -0.967950 -0.238853
v -0.871565 -0.476984 -0.113408
v -0.831051 -0.502299 -0.238854
v -0.769872 -0.519570 -0.370600
v -0.688189 -0.525736 -0.499997
v -0.590366 -0.519572 -0.617668
v -0.483971 -0.502302 -0.716565
v -0.377183 -0.476988 -0.793861
v -0.161465 -0.476988 -0.863951
v -0.029639 -0.502302 -0.864184
v 0.114564 -0.519572 -0.846711
v 0.262869 -0.525738 -0.809012
v 0.405008 -0.519572 -0.752338
v 0.531941 -0.502302 -0.681712
v 0.638452 -0.476987 -0.604038
v 0.931188 0.357738 0.070089
v 0.956626 0.251149 0.147618
v 0.964711 0.129893 0.229041
v 0.915098 -0.129893 0.381737
v 0.860698 -0.251151 0.442858
v 0.794547 -0.357741 0.490629
v 0.794547 -0.357741 -0.490629
v 0.915098 -0.129893 -0.381737
v 0.951058 0.000000 -0.309013
v 0.964711 0.129893 -0.229041
v 0.956626 0.251150 -0.147618
v 0.931188 0.357738 -0.070089
v 0.221089 0.357741 0.907271
v 0.155215 0.251152 0.955422
v 0.080276 0.129894 0.988273
v 0.000000 0.000000 1.000000
v -0.155215 -0.251151 0.955422
v -0.221089 -0.357741 0.907271
v 0.712150 -0.357741 0.604039
v 0.687159 -0.251152 0.681715
v 0.645839 -0.129894 0.752342
v 0.587786 0.000000 0.809017
v 0.515946 0.129894 0.846716
v 0.436007 0.251152 0.864188
v 0.354409 0.357742 0.863953
v -0.794547 0.357741 0.490629
v -0.915098 0.129893 0.381737
v -0.951058 0.000000 0.309012
v -0.964711 -0.129893 0.229041
v -0.956626 -0.251149 0.147618
v -0.931188 -0.357738 0.070089
v -0.354409 -0.357741 0.863953
v -0.436007 -0.251152 0.864188
v -0.515946 -0.129894 0.846716
v -0.712150 0.357741 0.604039
v -0.712150 0.357741 -0.604039
v -0.645839 0.129894 -0.752343
v -0.587786 0.000000 -0.809017
v -0.515946 -0.129894 -0.846716
v -0.354409 -0.357742 -0.863953
v -0.931188 -0.357738 -0.070089
v -0.956626 -0.251149 -0.147619
v -0.964711 -0.129893 -0.229041
v -0.951058 0.000000 -0.309013
v -0.915098 0.129893 -0.381737
v -0.860698 0.251151 -0.442858
v -0.794547 0.357741 -0.490629
v 0.354409 0.357742 -0.863953
v 0.436007 0.251152 -0.864188
v 0.515946 0.129894 -0.846716
v 0.587786 0.000000 -0.809017
v 0.645839 -0.129894 -0.752342
v 0.687159 -0.251152 -0.681715
v 0.712150 -0.357741 -0.604039
v -0.221089 -0.357741 -0.907271
v -0.155215 -0.251152 -0.955422
v -0.080276 -0.129894 -0.988273
v 0.000000 0.000000 -1.000000
v 0.080276 0.129894 -0.988273
v 0.769872 0.519570 0.370600
v 0.688189 0.525736 0.499997
v 0.590366 0.519572 0.617668
v 0.483971 0.502302 0.716564
v 0.377183 0.476988 0.793861
v 0.161465 0.476988 0.863951
v 0.029639 0.502302 0.864184
v -0.114564 0.519572 0.846711
v -0.262869 0.525738 0.809011
v -0.405008 0.519572 0.752338
v -0.531941 0.502302 0.681712
v -0.638452 0.476987 0.604037
v -0.771771 0.476987 0.420538
v -0.812729 0.502301 0.295238
v -0.840673 0.519571 -0.152694
v -0.812729 0.502301 -0.295238
v -0.771771 0.476987 -0.420539
v -0.638452 0.476987 -0.604038
v -0.531941 0.502302 -0.681713
v -0.405008 0.519572 -0.752338
v -0.262869 0.525738 -0.809012
v -0.114564 0.519572 -0.846711
v 0.029639 0.502302 -0.864184
v 0.161465 0.476988 -0.863951
v 0.377183 0.476988 -0.793861
v 0.483972 0.502302 -0.716565
v 0.590366 0.519572 -0.617668
v 0.688189 0.525736 -0.499997
v 0.769872 0.519570 -0.370600
v 0.831051 0.502299 -0.238853
v 0.036848 0.992865 0.113407
v 0.077607 0.967950 0.238853
v 0.200688 0.760403 0.617666
v 0.232822 0.657519 0.716563
v 0.257937 0.550685 0.793860
v 0.834716 0.550681 -0.000000
v 0.753442 0.657515 -0.000000
v 0.649456 0.760399 -0.000000
v 0.525730 0.850652 -0.000000
v -0.096471 0.992865 0.070089
v -0.203181 0.967950 0.147618
v -0.315251 0.920955 0.229040
v -0.425323 0.850654 0.309011
v -0.525420 0.760403 0.381735
v -0.675300 0.550685 0.490628
v -0.315251 0.920955 -0.229041
v -0.425323 0.850654 -0.309011
v -0.525420 0.760403 -0.381735
v -0.675300 0.550685 -0.490628
v 0.162456 0.850654 -0.499995
v 0.200689 0.760403 -0.617666
v 0.232822 0.657519 -0.716563
v 0.257937 0.550685 -0.793860
v 0.587783 0.798549 -0.129731
v 0.305014 0.798552 -0.518924
v 0.706258 0.696558 -0.126519
v 0.638194 0.723610 -0.262864
v 0.550008 0.733353 -0.399605
v 0.447209 0.723612 -0.525728
v 0.338569 0.696561 -0.632593
v 0.801022 0.586331 -0.120750
v 0.747366 0.614342 -0.253038
v 0.672087 0.629942 -0.389194
v 0.577830 0.629943 -0.518926
v 0.471599 0.614344 -0.632594
v 0.362366 0.586334 -0.724502
v -0.025408 0.943209 -0.331227
v -0.174138 0.943209 -0.282901
v 0.016098 0.882855 -0.469369
v -0.138197 0.894430 -0.425320
v -0.288916 0.882855 -0.370262
v 0.058250 0.798552 -0.599101
v -0.096779 0.819914 -0.564248
v -0.253366 0.819913 -0.513369
v -0.399272 0.798552 -0.450440
v 0.097915 0.696561 -0.710785
v -0.052790 0.723612 -0.688185
v -0.210088 0.733355 -0.646571
v -0.361804 0.723612 -0.587779
v 0.132684 0.586334 -0.799129
v -0.009708 0.614345 -0.788978
v -0.162463 0.629944 -0.759458
v -0.314971 0.629944 -0.709904
v -0.455902 0.614344 -0.643998
v -0.577066 0.586334 -0.568513
v -0.205432 0.978671 -0.000000
v -0.441423 0.882855 -0.160354
v -0.441423 0.882855 0.160354
v -0.551779 0.798551 -0.240532
v -0.566539 0.819912 -0.082322
v -0.566539 0.819912 0.082322
v -0.551779 0.798551 0.240532
v -0.645740 0.696561 -0.312768
v -0.670817 0.723611 -0.162457
v -0.679848 0.733353 -0.000000
v -0.670817 0.723611 0.162457
v -0.645740 0.696560 0.312768
v -0.753363 0.614343 -0.234576
v -0.772492 0.629942 -0.080178
v -0.772492 0.629942 0.080177
v -0.063483 0.978672 0.195376
v -0.174138 0.943209 0.282901
v -0.025408 0.943209 0.331227
v -0.288916 0.882855 0.370262
v -0.399272 0.798552 0.450440
v -0.253366 0.819914 0.513369
v 0.058250 0.798552 0.599100
v -0.497009 0.696561 0.517479
v -0.361804 0.723612 0.587778
v -0.210087 0.733355 0.646571
v -0.052790 0.723612 0.688185
v 0.097915 0.696561 0.710785
v -0.577066 0.586334 0.568513
v -0.455902 0.614345 0.643998
v -0.314971 0.629944 0.709904
v -0.162463 0.629944 0.759458
v -0.009708 0.614345 0.788978
v 0.132684 0.586334 0.799129
v 0.166198 0.978671 0.120749
v 0.215245 0.943209 0.253036
v 0.307167 0.943208 0.126518
v 0.361800 0.894429 0.262863
v 0.451375 0.882854 0.129730
v 0.506729 0.819912 0.266402
v 0.587783 0.798549 0.129731
v 0.338569 0.696561 0.632593
v 0.447209 0.723612 0.525728
v 0.550008 0.733353 0.399605
v 0.638194 0.723610 0.262864
v 0.706258 0.696558 0.126518
v 0.362366 0.586334 0.724502
v 0.471599 0.614344 0.632594
v 0.577830 0.629943 0.518926
v 0.672087 0.629942 0.389194
v 0.747366 0.614342 0.253038
v 0.801022 0.586331 0.120750
v 0.903740 0.380897 -0.195377
v 0.921508 0.266063 -0.282902
v 0.918856 0.136410 -0.370264
v 0.782446 0.409229 -0.469371
v 0.892805 0.000000 -0.450443
v 0.776630 0.280118 -0.564251
v 0.688190 0.409230 -0.599104
v 0.749882 0.140059 -0.646576
v 0.670821 0.276397 -0.688189
v 0.579226 0.399096 -0.710788
v 0.782501 -0.253933 -0.568515
v 0.753368 -0.133032 -0.644002
v 0.704293 0.000000 -0.709909
v 0.636088 0.136411 -0.759463
v 0.553820 0.266065 -0.788982
v 0.465085 0.380900 -0.799132
v -0.050816 0.399096 -0.915500
v -0.068205 0.136410 -0.988302
v -0.204615 0.409230 -0.889193
v -0.152509 -0.000000 -0.988302
v -0.226618 0.140059 -0.963861
v -0.296648 0.280118 -0.912981
v -0.357124 0.409230 -0.839639
v -0.309016 -0.000000 -0.951057
v -0.383207 0.140059 -0.912982
v -0.447215 0.276397 -0.850649
v -0.497012 0.399096 -0.770520
v -0.298885 -0.253934 -0.919883
v -0.457527 -0.000000 -0.889196
v -0.525732 0.136410 -0.839642
v -0.579229 0.266065 -0.770522
v -0.616302 0.380900 -0.689266
v -0.845982 0.380899 -0.373136
v -0.911804 0.266063 -0.312769
v -0.886396 0.399095 -0.234577
v -0.961008 0.136410 -0.240533
v -0.947213 0.276396 -0.162458
v -0.987059 0.000000 -0.160355
v -0.986715 0.140059 -0.082322
v -0.959966 0.280117 -0.000000
v -0.908902 0.409229 0.080177
v -0.988023 -0.133031 -0.078192
v -1.000000 0.000001 0.000000
v -0.986715 0.140059 0.082323
v -0.947213 0.276397 0.162458
v -0.886395 0.399095 0.234576
v -0.967222 -0.253931 0.000000
v -0.988023 -0.133030 0.078193
v -0.987059 0.000001 0.160356
v -0.961008 0.136411 0.240533
v -0.911803 0.266065 0.312769
v -0.845982 0.380900 0.373136
v -0.616302 0.380900 0.689265
v -0.579229 0.266065 0.770521
v -0.497012 0.399096 0.770520
v -0.447216 0.276397 0.850648
v -0.357124 0.409230 0.839639
v -0.383208 0.140059 0.912981
v -0.296648 0.280118 0.912980
v -0.204616 0.409230 0.889192
v -0.226619 0.140059 0.963861
v -0.138199 0.276397 0.951055
v -0.050817 0.399096 0.915500
v -0.298885 -0.253934 0.919883
v -0.068206 0.136410 0.988302
v 0.015699 0.266064 0.963827
v 0.093451 0.380900 0.919882
v 0.465085 0.380900 0.799131
v 0.553820 0.266064 0.788983
v 0.579226 0.399096 0.710788
v 0.636088 0.136410 0.759463
v 0.670820 0.276396 0.688190
v 0.688190 0.409229 0.599104
v 0.704293 -0.000001 0.709909
v 0.753368 -0.133034 0.644002
v 0.846659 0.140057 0.513373
v 0.861804 0.276394 0.425323
v 0.854992 0.399093 0.331229
v 0.782501 -0.253934 0.568515
v 0.845289 -0.133034 0.517482
v 0.918856 0.136407 0.370266
v 0.921508 0.266061 0.282904
v 0.903740 0.380896 0.195377
v 0.379681 0.133033 -0.915502
v 0.230948 0.133033 -0.963829
v 0.457527 0.000000 -0.889196
v 0.309017 -0.000000 -0.951056
v 0.152509 0.000000 -0.988302
v 0.525732 -0.136411 -0.839641
v 0.383207 -0.140060 -0.912982
v 0.226619 -0.140060 -0.963861
v 0.068205 -0.136410 -0.988302
v 0.579229 -0.266065 -0.770521
v 0.447216 -0.276398 -0.850648
v 0.296648 -0.280119 -0.912980
v 0.138199 -0.276398 -0.951055
v -0.015699 -0.266065 -0.963828
v 0.616302 -0.380900 -0.689266
v 0.497012 -0.399097 -0.770520
v 0.357124 -0.409231 -0.839639
v 0.204615 -0.409230 -0.889192
v 0.050817 -0.399097 -0.915500
v -0.093451 -0.380900 -0.919882
v -0.753368 0.133032 -0.644002
v -0.704293 0.000000 -0.709910
v -0.809018 0.000000 -0.587783
v -0.636087 -0.136411 -0.759464
v -0.749881 -0.140059 -0.646577
v -0.846659 -0.140059 -0.513374
v -0.918856 -0.136410 -0.370265
v -0.670819 -0.276397 -0.688191
v -0.776628 -0.280118 -0.564253
v -0.861803 -0.276396 -0.425324
v -0.921507 -0.266063 -0.282904
v -0.465084 -0.380900 -0.799132
v -0.688188 -0.409230 -0.599106
v -0.782445 -0.409229 -0.469374
v -0.854991 -0.399094 -0.331231
v -0.903739 -0.380897 -0.195378
v -0.892805 0.000000 0.450443
v -0.809018 0.000000 0.587783
v -0.704293 0.000000 0.709909
v -0.918856 -0.136410 0.370265
v -0.846659 -0.140059 0.513373
v -0.749881 -0.140059 0.646577
v -0.636087 -0.136410 0.759463
v -0.921508 -0.266063 0.282903
v -0.861803 -0.276396 0.425324
v -0.776629 -0.280118 0.564253
v -0.670819 -0.276397 0.688190
v -0.553819 -0.266065 0.788983
v -0.903739 -0.380897 0.195377
v -0.854991 -0.399094 0.331231
v -0.782445 -0.409229 0.469373
v -0.688189 -0.409230 0.599106
v -0.579224 -0.399096 0.710789
v -0.465084 -0.380900 0.799132
v 0.298886 0.253934 0.919883
v 0.230948 0.133033 0.963828
v 0.379681 0.133033 0.915502
v 0.152509 0.000000 0.988302
v 0.309017 0.000000 0.951056
v 0.457527 0.000000 0.889195
v 0.226619 -0.140059 0.963860
v 0.383207 -0.140060 0.912981
v 0.525732 -0.136411 0.839641
v 0.296648 -0.280119 0.912980
v 0.447215 -0.276398 0.850648
v 0.579229 -0.266065 0.770521
v -0.093451 -0.380900 0.919881
v 0.357124 -0.409230 0.839638
v 0.497012 -0.399097 0.770520
v 0.616302 -0.380900 0.689265
v 0.967222 0.253931 -0.000000
v 0.988023 0.133031 0.078192
v 0.988023 0.133031 -0.078192
v 1.000000 0.000000 -0.000000
v 0.987059 0.000000 -0.160355
v 0.961008 -0.136410 0.240533
v 0.986715 -0.140058 0.082322
v 0.986715 -0.140059 -0.082322
v 0.961008 -0.136410 -0.240533
v 0.911804 -0.266063 0.312769
v 0.947213 -0.276396 0.162458
v 0.959966 -0.280117 -0.000000
v 0.947213 -0.276396 -0.162458
v 0.845982 -0.380899 0.373136
v 0.886395 -0.399095 0.234576
v 0.908902 -0.409229 -0.080178
v 0.886396 -0.399095 -0.234576
v 0.845982 -0.380899 -0.373136
v 0.577066 -0.586334 -0.568513
v 0.455902 -0.614344 -0.643999
v 0.314971 -0.629943 -0.709905
v 0.288916 -0.882855 -0.370263
v 0.174138 -0.943208 -0.282902
v 0.138197 -0.894429 -0.425321
v 0.063482 -0.978671 -0.195377
v 0.025407 -0.943208 -0.331229
v -0.016099 -0.882854 -0.469371
v -0.132684 -0.586333 -0.799129
v -0.362367 -0.586334 -0.724502
v -0.338569 -0.696561 -0.632593
v -0.471601 -0.614344 -0.632593
v -0.305014 -0.798552 -0.518923
v -0.447211 -0.723611 -0.525727
v -0.577832 -0.629943 -0.518924
v -0.262862 -0.882855 -0.389192
v -0.409952 -0.819913 -0.399603
v -0.550010 -0.733353 -0.399603
v -0.672088 -0.629942 -0.389193
v -0.215245 -0.943208 -0.253036
v -0.361801 -0.894429 -0.262863
v -0.506730 -0.819911 -0.266402
v -0.638195 -0.723609 -0.262863
v -0.747367 -0.614341 -0.253036
v -0.451376 -0.882853 -0.129730
v -0.587784 -0.798549 -0.129730
v -0.706258 -0.696557 -0.126518
v -0.801022 -0.586330 -0.120750
v -0.801022 -0.586330 0.120750
v -0.706258 -0.696557 0.126518
v -0.747367 -0.614341 0.253036
v -0.587784 -0.798549 0.129731
v -0.638195 -0.723609 0.262864
v -0.672088 -0.629941 0.389193
v -0.506730 -0.819911 0.266403
v -0.550009 -0.733352 0.399605
v -0.577832 -0.629942 0.518925
v -0.361801 -0.894428 0.262864
v -0.409952 -0.819912 0.399605
v -0.447210 -0.723610 0.525728
v -0.471601 -0.614343 0.632594
v -0.262863 -0.882854 0.389194
v -0.305015 -0.798550 0.518925
v -0.338569 -0.696560 0.632594
v -0.362367 -0.586333 0.724502
v 0.719015 -0.586334 -0.373135
v 0.753363 -0.614343 -0.234576
v 0.645740 -0.696560 -0.312768
v 0.772493 -0.629942 -0.080177
v 0.670817 -0.723611 -0.162457
v 0.551780 -0.798551 -0.240532
v 0.772493 -0.629942 0.080178
v 0.679849 -0.733352 0.000000
v 0.566540 -0.819912 -0.082322
v 0.441423 -0.882854 -0.160354
v 0.753364 -0.614343 0.234576
v 0.670817 -0.723610 0.162458
v 0.566541 -0.819911 0.082323
v 0.447211 -0.894428 0.000001
v 0.322869 -0.943208 -0.078191
v 0.719016 -0.586333 0.373135
v 0.645741 -0.696559 0.312769
v 0.551781 -0.798550 0.240533
v 0.441424 -0.882854 0.160355
v -0.132684 -0.586334 0.799129
v -0.097915 -0.696561 0.710785
v 0.009709 -0.614344 0.788978
v -0.058249 -0.798552 0.599101
v 0.052790 -0.723612 0.688185
v -0.016097 -0.882855 0.469369
v 0.096780 -0.819913 0.564249
v 0.210089 -0.733354 0.646572
v 0.138199 -0.894429 0.425321
v 0.253368 -0.819912 0.513370
v 0.361805 -0.723611 0.587779
v 0.174140 -0.943208 0.282902
v 0.288918 -0.882854 0.370264
v 0.399274 -0.798550 0.450441
v 0.497011 -0.696560 0.517479
v 0.577067 -0.586333 0.568513
v -0.037904 -1.013056 0.116246
v -0.000355 -1.020327 0.000679
v -0.121871 -1.013056 0.000679
v -0.037905 -1.013056 -0.114889
v 0.948568 0.363271 -0.070746
v 0.911107 0.454452 0.000679
v 0.224945 0.363274 -0.923872
v 0.281297 0.454457 -0.866172
v 0.164186 0.484792 -0.879727
v 0.887810 0.484788 -0.114889
v 0.121161 1.010494 0.000679
v -0.000355 1.017765 0.000679
v -0.123061 -0.939776 0.378335
v -0.079440 -0.987666 0.244081
v 0.097953 -1.013056 0.072103
v 0.206696 -0.987666 0.151108
v 0.320900 -0.939776 0.234081
v 0.541717 -0.513149 0.695375
v 0.412367 -0.530749 0.767346
v 0.267520 -0.537032 0.825099
v 0.116391 -0.530749 0.863516
v -0.030559 -0.513149 0.881322
v 0.866494 -0.537030 0.000679
v 0.856329 -0.530747 0.156281
v 0.097953 -1.013056 -0.070745
v 0.206696 -0.987666 -0.149751
v 0.433068 -0.868137 -0.314218
v 0.535072 -0.776166 -0.388327
v 0.620801 -0.671323 -0.450612
v -0.536098 -0.868134 0.000679
v -0.397450 -0.939775 0.000679
v -0.256285 -0.987666 0.000679
v -0.237611 -0.671323 -0.729532
v -0.204866 -0.776166 -0.628752
v -0.165905 -0.868137 -0.508839
v -0.079440 -0.987666 -0.242723
v -0.701652 -0.537030 -0.508841
v -0.601965 -0.530748 -0.628753
v -0.493544 -0.513149 -0.729534
v -0.030559 -0.513150 -0.879965
v 0.116391 -0.530749 -0.862159
v 0.267520 -0.537032 -0.823741
v 0.948568 0.363271 0.072103
v 0.982730 0.131086 0.234082
v 0.968817 -0.001281 0.315577
v 0.932172 -0.133648 0.389686
v 0.809325 -0.365835 -0.499295
v 0.876736 -0.257215 -0.450613
v 0.932172 -0.133648 -0.388329
v -0.000355 -0.001281 1.019725
v -0.082160 -0.133648 1.007774
v -0.158526 -0.257216 0.974298
v -0.810035 0.363273 0.500652
v -0.877445 0.254653 0.451971
v -0.932882 0.131086 0.389686
v -0.444666 -0.257216 0.881326
v -0.526127 -0.133649 0.863521
v -0.599335 -0.001281 0.825104
v -0.658495 0.131087 0.767350
v -0.700601 0.254655 0.695378
v -0.726069 0.363274 0.616222
v -0.726069 0.363274 -0.614865
v -0.700601 0.254655 -0.694021
v -0.658495 0.131087 -0.765993
v -0.526127 -0.133649 -0.862164
v -0.444666 -0.257216 -0.879969
v -0.361514 -0.365836 -0.879729
v -0.969527 -0.001281 -0.314219
v -0.932882 0.131086 -0.388329
v -0.877445 0.254653 -0.450614
v -0.810035 0.363273 -0.499295
v 0.360804 0.363274 -0.879729
v 0.443956 0.254655 -0.879969
v -0.158526 -0.257216 -0.972940
v -0.082160 -0.133648 -1.006417
v 0.081450 0.131087 -1.006417
v 0.157816 0.254654 -0.972940
v 0.887810 0.484788 0.116246
v 0.846524 0.510585 0.244081
v 0.784180 0.528185 0.378337
v 0.700942 0.534469 0.510198
v -0.786825 0.484791 0.429227
v -0.828564 0.510587 0.301539
v -0.857039 0.528186 0.156281
v -0.867204 0.534468 0.000679
v -0.857039 0.528186 -0.154924
v -0.828564 0.510587 -0.300182
v -0.786825 0.484791 -0.427869
v 0.029849 0.510588 -0.879965
v 0.784180 0.528185 -0.376979
v 0.846524 0.510585 -0.242724
v 0.037195 1.010494 0.116246
v 0.078730 0.985105 0.244081
v 0.122351 0.937214 0.378335
v 0.165195 0.865575 0.510197
v 0.204156 0.773605 0.630109
v 0.850259 0.559888 0.000679
v 0.535388 0.865572 0.000679
v 0.396740 0.937213 0.000679
v 0.255575 0.985104 0.000679
v -0.098663 1.010494 0.072103
v -0.207406 0.985104 0.151108
v -0.321610 0.937214 0.234081
v -0.535782 0.773605 0.389684
v -0.621511 0.668761 0.451970
v -0.688517 0.559893 0.500651
v -0.098663 1.010494 -0.070745
v -0.207406 0.985104 -0.149751
v -0.321610 0.937214 -0.232724
v -0.535782 0.773605 -0.388327
v -0.621511 0.668761 -0.450612
v -0.688517 0.559893 -0.499294
v 0.037195 1.010494 -0.114889
v 0.078730 0.985104 -0.242723
v 0.122351 0.937215 -0.376978
v 0.165195 0.865575 -0.508840
v 0.169008 0.996031 -0.122370
v 0.218989 0.959892 -0.257176
v 0.312663 0.959891 -0.128249
v 0.267513 0.898389 -0.395926
v 0.459617 0.898388 -0.131523
v 0.368336 0.910184 -0.267191
v 0.598623 0.812478 -0.131523
v 0.516025 0.834247 -0.270798
v 0.417404 0.834248 -0.406536
v 0.310468 0.812480 -0.528128
v 0.649994 0.736111 -0.267192
v 0.560129 0.746040 -0.406537
v 0.455372 0.736113 -0.535063
v 0.815923 0.596217 -0.122371
v -0.065047 0.996031 -0.198418
v -0.177810 0.959892 -0.287611
v -0.026247 0.959892 -0.336857
v 0.016050 0.898389 -0.477630
v -0.407232 0.812480 -0.458341
v -0.506830 0.708547 -0.526656
v -0.369049 0.736113 -0.598295
v -0.588412 0.596221 -0.578662
v -0.321325 0.640661 -0.722746
v -0.464940 0.624765 -0.655585
v -0.209699 0.996030 0.000679
v -0.329373 0.959892 0.080359
v -0.329373 0.959892 -0.079002
v -0.450185 0.898389 -0.162730
v -0.456082 0.910184 0.000679
v -0.450185 0.898389 0.164087
v -0.577685 0.834248 -0.083211
v -0.577685 0.834248 0.084569
v -0.658393 0.708546 0.319404
v -0.658394 0.708546 -0.318046
v -0.683948 0.736112 0.166230
v -0.733065 0.596220 0.380920
v -0.733065 0.596220 -0.379563
v -0.768067 0.624763 -0.238365
v -0.787560 0.640659 -0.081026
v -0.787560 0.640659 0.082383
v -0.768067 0.624763 0.239722
v -0.026247 0.959892 0.338215
v -0.177810 0.959892 0.288968
v 0.016050 0.898389 0.478987
v -0.294774 0.898389 0.377993
v -0.141184 0.910184 0.434099
v 0.059004 0.812481 0.611190
v -0.258547 0.834249 0.523825
v -0.098977 0.834249 0.575673
v -0.506830 0.708547 0.528013
v -0.214444 0.746041 0.659564
v -0.054150 0.736113 0.701971
v -0.588412 0.596221 0.580019
v 0.169008 0.996031 0.123728
v 0.312663 0.959891 0.129606
v 0.218989 0.959892 0.258534
v 0.459617 0.898388 0.132880
v 0.267513 0.898389 0.397283
v 0.368336 0.910184 0.268548
v 0.310468 0.812480 0.529486
v 0.417404 0.834248 0.407894
v 0.516025 0.834247 0.272155
v 0.344662 0.708547 0.645320
v 0.455372 0.736113 0.536420
v 0.560129 0.746040 0.407894
v 0.815923 0.596217 0.123729
v 0.761245 0.624762 0.258536
v 0.920597 0.386871 -0.198419
v 0.870921 0.405415 -0.336859
v 0.938704 0.269849 -0.287612
v 0.936002 0.137727 -0.376638
v 0.877863 0.280380 -0.432744
v 0.796994 0.415742 -0.477632
v 0.909455 -0.001281 -0.458343
v 0.862430 0.141446 -0.522471
v 0.791067 0.284172 -0.574319
v 0.861035 -0.136847 -0.526659
v 0.824073 -0.001281 -0.598298
v 0.763810 0.141446 -0.658211
v 0.797050 -0.260051 -0.578664
v 0.767362 -0.136847 -0.655589
v 0.717353 -0.001281 -0.722751
v 0.094876 0.386874 -0.936723
v 0.015644 0.269851 -0.981506
v -0.052139 0.405417 -0.932258
v -0.069859 0.137727 -1.006446
v -0.141186 0.280380 -0.968490
v -0.208867 0.415744 -0.905450
v -0.155768 -0.001281 -1.006447
v -0.231289 0.141446 -0.981540
v -0.302653 0.284173 -0.929691
v -0.364280 0.415744 -0.854952
v -0.235701 -0.136847 -0.981507
v -0.315257 -0.001281 -0.968492
v -0.456088 0.280381 -0.866172
v -0.506833 0.405417 -0.784517
v -0.304933 -0.260051 -0.936725
v -0.387267 -0.136847 -0.932261
v -0.466596 -0.001281 -0.905453
v -0.536100 0.137727 -0.854955
v -0.590616 0.269851 -0.784518
v -0.628395 0.386874 -0.701715
v -0.903633 0.405415 -0.238366
v -0.926568 0.415742 -0.081026
v -0.965609 0.280379 -0.164873
v -0.926568 0.415742 0.082383
v -0.978604 0.284172 0.000679
v -0.903633 0.405416 0.239723
v -0.929524 0.269851 0.319405
v -0.862449 0.386873 0.380921
v -0.628395 0.386874 0.703072
v -0.590616 0.269851 0.785875
v -0.536101 0.137727 0.856312
v -0.456088 0.280380 0.867529
v -0.466596 -0.001281 0.906810
v -0.390861 0.141445 0.931049
v -0.387267 -0.136848 0.933618
v -0.315258 -0.001282 0.969849
v -0.231290 0.141445 0.982897
v -0.304933 -0.260051 0.938082
v -0.235702 -0.136847 0.982864
v -0.155769 -0.001281 1.007804
v -0.069860 0.137727 1.007804
v 0.700943 0.415742 0.611194
v 0.647848 0.137727 0.774607
v 0.683242 0.280380 0.701976
v 0.796994 0.415741 0.478990
v 0.717352 -0.001282 0.724109
v 0.763809 0.141445 0.659570
v 0.791067 0.284171 0.575678
v 0.870921 0.405414 0.338217
v 0.767362 -0.136848 0.656947
v 0.824072 -0.001283 0.599657
v 0.862430 0.141444 0.523830
v 0.877863 0.280378 0.434103
v 0.920598 0.386870 0.199777
v 0.861034 -0.136849 0.528017
v 0.909454 -0.001283 0.459702
v 0.936002 0.137725 0.377996
v 0.304223 0.257490 -0.936725
v 0.234992 0.134285 -0.981507
v 0.386557 0.134286 -0.932260
v 0.155059 -0.001281 -1.006447
v 0.208158 -0.418306 -0.905449
v -0.797760 0.257489 -0.578665
v -0.861744 0.134285 -0.526659
v -0.768072 0.134285 -0.655589
v -0.910164 -0.001281 -0.458344
v -0.824782 -0.001281 -0.598300
v -0.648557 -0.140289 -0.773250
v -0.863139 -0.144008 -0.522473
v -0.936711 -0.140289 -0.376639
v -0.564722 -0.272413 -0.803331
v -0.683951 -0.282942 -0.700619
v -0.878572 -0.282941 -0.432746
v -0.939413 -0.272411 -0.287613
v -0.474297 -0.389436 -0.813674
v -0.590611 -0.407978 -0.723648
v -0.701651 -0.418305 -0.609838
v -0.797760 0.257489 0.580022
v -0.768072 0.134285 0.656947
v -0.861744 0.134285 0.528016
v -0.718062 -0.001281 0.724109
v -0.910164 -0.001281 0.459701
v -0.824782 -0.001281 0.599657
v -0.648557 -0.140289 0.774607
v 0.155059 -0.001281 1.007804
v 0.069150 -0.140289 1.007804
v 0.230580 -0.144008 0.982897
v -0.016353 -0.272413 0.982863
v 0.140476 -0.282943 0.969847
v 0.301943 -0.286735 0.931048
v -0.095586 -0.389436 0.938080
v 0.051429 -0.407979 0.933615
v 0.208158 -0.418305 0.906806
v 0.363571 -0.418306 0.856309
v 0.506123 -0.407979 0.785874
v 1.006486 0.134284 0.080360
v 1.006486 0.134284 -0.079002
v 1.005504 -0.001281 0.164088
v 1.018691 -0.001281 0.000679
v 1.005504 -0.001281 -0.162731
v 0.978957 -0.140288 -0.244435
v 0.978956 -0.140288 0.245793
v 1.005153 -0.144007 0.084569
v 0.928815 -0.272412 -0.318047
v 0.964899 -0.282941 0.166230
v 0.977894 -0.286733 0.000679
v 0.964899 -0.282941 -0.164873
v 0.861740 -0.389434 -0.379564
v 0.902923 -0.407977 0.239723
v 0.925858 -0.418304 0.082383
v 0.925858 -0.418304 -0.081026
v 0.902923 -0.407977 -0.238366
v 0.587702 -0.598782 -0.578662
v 0.506120 -0.711108 -0.526656
v 0.464231 -0.627326 -0.655586
v 0.320615 -0.643222 -0.722747
v 0.406522 -0.815042 -0.458341
v 0.368339 -0.738674 -0.598295
v 0.165202 -0.643222 -0.773245
v 0.294064 -0.900951 -0.376637
v 0.257837 -0.836810 -0.522469
v 0.213734 -0.748602 -0.658208
v 0.009538 -0.627326 -0.803327
v 0.140474 -0.912745 -0.432743
v 0.098267 -0.836809 -0.574318
v 0.053440 -0.738674 -0.700615
v 0.064336 -0.998592 -0.198419
v -0.016760 -0.900950 -0.477632
v -0.059715 -0.815040 -0.609835
v -0.100135 -0.711107 -0.723645
v -0.135567 -0.598782 -0.813671
v -0.219700 -0.962454 -0.257176
v -0.369047 -0.912745 -0.267190
v -0.169718 -0.998592 -0.122370
v -0.313373 -0.962453 -0.128249
v -0.460327 -0.900949 -0.131522
v -0.599333 -0.815039 0.132881
v -0.650705 -0.738672 0.268549
v -0.460327 -0.900949 0.132881
v -0.516736 -0.836808 0.272156
v -0.313373 -0.962453 0.129607
v -0.369047 -0.912745 0.268550
v -0.169719 -0.998592 0.123729
v -0.219700 -0.962453 0.258536
v -0.268224 -0.900950 0.397285
v 0.328664 -0.962453 -0.079002
v 0.455374 -0.912745 0.000679
v 0.208990 -0.998592 0.000679
v 0.449477 -0.900949 0.164088
v 0.328664 -0.962453 0.080361
v 0.009539 -0.627326 0.804684
v 0.165203 -0.643222 0.774602
v 0.053441 -0.738675 0.701971
v 0.320615 -0.643222 0.724104
v -0.016759 -0.900951 0.478988
v 0.213735 -0.748602 0.659565
v 0.464231 -0.627325 0.656943
v 0.025538 -0.962454 0.338215
v 0.140476 -0.912745 0.434100
v 0.368341 -0.738674 0.599653
v 0.064338 -0.998592 0.199776
v 0.177102 -0.962453 0.288969
v 0.506122 -0.711107 0.528014
v 0.587703 -0.598781 0.580020
v -0.822955 0.253820 0.539052
v -0.866087 0.240229 0.549453
v -0.872852 0.205078 0.578982
v -0.836485 0.183517 0.598108
v -0.793353 0.197108 0.587706
v -0.786588 0.232259 0.558178
v -0.825679 0.345741 0.647854
v -0.868811 0.332151 0.658256
v -0.875576 0.297000 0.687784
v -0.839209 0.275439 0.706910
v -0.796077 0.289030 0.696508
v -0.789312 0.324181 0.666980
v -0.833896 0.359588 0.735378
v -0.812687 0.211828 0.506732
v -0.833658 0.171501 0.516070
v -0.860612 0.167519 0.553632
v -0.866595 0.203864 0.581855
v -0.845624 0.244191 0.572517
v -0.818670 0.248173 0.534955
v -0.877965 0.235508 0.462399
v -0.898936 0.195181 0.471738
v -0.925890 0.191199 0.509300
v -0.931873 0.227544 0.537523
v -0.910902 0.267871 0.528184
v -0.883948 0.271853 0.490622
v -0.939715 0.244149 0.476330
v -0.852788 0.244185 0.570537
v -0.879179 0.209973 0.553615
v -0.862783 0.166588 0.552133
v -0.819996 0.157415 0.567575
v -0.793606 0.191627 0.584497
v -0.810002 0.235012 0.585978
v -0.897584 0.223439 0.682340
v -0.923975 0.189227 0.665418
v -0.907579 0.145842 0.663937
v -0.864793 0.136669 0.679378
v -0.838402 0.170881 0.696300
v -0.854798 0.214265 0.697781
v -0.905067 0.168995 0.740454
v -0.820486 0.225620 0.505489
v -0.862538 0.207204 0.512253
v -0.880536 0.205535 0.554991
v -0.856481 0.222282 0.590966
v -0.814429 0.240698 0.584202
v -0.796432 0.242367 0.541464
v -0.878470 0.350849 0.485962
v -0.920522 0.332433 0.492725
v -0.938519 0.330764 0.535464
v -0.914465 0.347512 0.571438
v -0.872413 0.365928 0.564675
v -0.854416 0.367597 0.521936
v -0.927375 0.415933 0.518291
v -0.865628 0.221124 0.579178
v -0.874586 0.211620 0.534651
v -0.846932 0.182770 0.511066
v -0.810321 0.163424 0.532010
v -0.801363 0.172928 0.576537
v -0.829017 0.201778 0.600121
v -0.920400 0.146615 0.606100
v -0.929358 0.137111 0.561572
v -0.901704 0.108261 0.537988
v -0.865093 0.088915 0.558932
v -0.856135 0.098419 0.603459
v -0.883789 0.127269 0.627043
v -0.921942 0.078049 0.596866
v -0.850925 0.209579 0.505568
v -0.846416 0.166334 0.521777
v -0.845611 0.158674 0.567537
v -0.849316 0.194259 0.597087
v -0.853825 0.237505 0.580877
v -0.854629 0.245165 0.535118
v -0.982281 0.195889 0.505585
v -0.977772 0.152644 0.521794
v -0.976968 0.144984 0.567554
v -0.980673 0.180569 0.597104
v -0.985182 0.223815 0.580895
v -0.985986 0.231475 0.535135
v -1.051495 0.180932 0.551354
v -0.856837 0.250054 0.542429
v -0.876859 0.211482 0.526163
v -0.872784 0.171600 0.549532
v -0.848687 0.170290 0.589166
v -0.828664 0.208862 0.605432
v -0.832740 0.248744 0.582063
v -1.004851 0.288402 0.633688
v -1.024873 0.249830 0.617423
v -1.020798 0.209948 0.640791
v -0.996700 0.208638 0.680425
v -0.976678 0.247210 0.696691
v -0.980753 0.287092 0.673322
v -1.079672 0.268961 0.705701
v 0.084845 -0.121078 0.995289
v 0.068380 -0.191810 0.991402
v 0.015561 -0.140092 1.004219
v 0.020991 -0.122903 1.004944
v 0.024889 -0.110561 1.005465
v 0.032282 -0.087158 1.006452
v 0.146787 -0.181832 0.980248
v 0.120688 -0.207932 0.981893
v 0.155196 -0.156994 0.981209
v 0.195004 -0.091615 0.981020
v 0.186647 -0.129024 0.978910
v 0.164153 -0.131134 0.982178
v 0.157957 -0.149023 0.981508
v 0.126261 -0.038760 0.996390
v 0.049003 -0.034224 1.008685
v 0.103675 -0.037263 0.999694
v 0.111334 -0.037884 0.998765
v 0.041851 -0.092613 1.052308
v 0.059584 -0.059533 1.078209
v 0.060872 -0.042566 1.061036
v 0.083048 -0.129171 1.097598
v 0.078840 -0.116563 1.094399
v 0.067127 -0.126449 1.083511
v 0.042307 -0.125403 1.062233
v 0.031820 -0.123144 1.050528
v 0.025210 -0.143602 1.049945
v 0.045212 -0.160675 1.063561
v 0.127563 -0.209312 1.033084
v 0.077134 -0.193772 1.042106
v 0.144226 -0.194259 1.043201
v 0.027444 -0.123966 1.034153
v 0.148579 -0.174960 1.058991
v 0.127952 -0.165267 1.068575
v 0.100792 -0.162787 1.069448
v 0.114917 -0.158836 1.074015
v 0.139373 -0.161844 1.069583
v 0.151049 -0.167620 1.064824
v 0.156161 -0.142223 1.086998
v 0.155338 -0.158364 0.983484
v 0.149804 -0.174240 1.055717
v 0.155758 -0.064867 1.065469
v 0.129839 -0.063205 1.068345
v 0.136987 -0.075440 1.072226
v 0.151535 -0.090622 1.073664
v 0.141517 -0.088612 1.074436
v 0.128646 -0.078067 1.072843
v 0.120765 -0.063346 1.069475
v 0.075677 -0.106999 1.092210
v 0.092465 -0.110592 1.089244
v 0.095260 -0.114034 1.089697
v 0.167570 -0.138738 1.081858
v 0.193086 -0.095667 1.067431
v 0.131836 -0.043210 1.030479
v 0.113561 -0.052684 1.051935
v 0.109917 -0.042881 1.039418
v 0.156621 -0.162588 1.038726
v 0.147571 -0.172944 1.058397
v 0.128704 -0.164458 1.066851
v 0.104816 -0.162001 1.069072
v 0.115087 -0.158465 1.072156
v 0.138549 -0.161692 1.067312
v 0.149630 -0.167156 1.063060
v 0.155024 -0.157415 0.984344
v 0.148353 -0.172330 1.055147
v 0.155672 -0.163068 1.038132
v 0.154939 -0.150478 0.984103
v 0.117232 -0.042492 1.036692
v 0.121555 -0.053029 1.050904
v 0.105299 -0.038902 1.000453
v 0.110123 -0.039368 0.999973
v 0.116021 -0.043785 1.037088
v 0.120209 -0.053979 1.050905
v 0.128128 -0.063614 1.067520
v 0.121280 -0.063716 1.067830
v 0.114855 -0.053433 1.050868
v 0.111465 -0.044206 1.039142
v 0.135373 -0.075614 1.071138
v 0.148030 -0.089733 1.071869
v 0.140855 -0.087974 1.072444
v 0.128795 -0.077492 1.070988
v 0.035542 -0.111770 1.051109
v 0.059355 -0.114791 1.075138
v 0.119913 -0.064058 1.064864
v 0.127471 -0.074251 1.069399
v 0.022927 -0.122563 1.007505
v 0.026144 -0.113559 1.007705
v 0.078564 -0.115970 1.091661
v 0.066840 -0.124554 1.081109
v 0.043685 -0.124056 1.060758
v 0.033015 -0.122173 1.049684
v 0.092625 -0.113641 1.087805
v 0.028682 -0.123131 1.033454
v 0.036139 -0.113920 1.050349
v 0.060098 -0.117046 1.074187
v 0.075691 -0.109501 1.089689
v 0.090725 -0.111911 1.087617
v -0.915429 0.148728 -0.405871
v -0.930504 0.113737 -0.457878
v -0.941082 0.097112 -0.447322
v -0.962856 0.071929 -0.415467
v -0.953482 0.112374 -0.400896
v -0.854792 0.116975 -0.565259
v -0.838079 0.104771 -0.595522
v -0.853904 0.055788 -0.571638
v -0.939773 -0.107478 -0.371267
v -0.909229 -0.135282 -0.421120
v -0.853861 -0.098379 -0.506238
v -0.813153 -0.006021 -0.564897
v -0.787881 0.107242 -0.597948
v -0.797351 0.196357 -0.577648
v -0.870464 0.230953 -0.460239
v -0.907864 0.140896 -0.406662
v -0.955201 -0.027249 -0.342106
v -0.899911 0.209078 -0.495174
v -0.878029 0.238786 -0.459449
v -0.882534 0.237362 -0.470520
v -0.892223 0.213142 -0.500215
v -0.871371 -0.090167 -0.511752
v -0.896468 -0.088088 -0.493929
v -0.892025 -0.085268 -0.500768
v -0.883536 -0.081594 -0.514551
v -0.879199 -0.068360 -0.534965
v -0.864463 0.001262 -0.556049
v -0.875392 0.019390 -0.538189
v -0.892391 0.044464 -0.513530
v -0.822503 0.000222 -0.568334
v -0.830662 0.014503 -0.575700
v -0.808111 0.115558 -0.605187
v -0.943099 -0.055655 -0.449335
v -0.987886 -0.024219 -0.376797
v -0.986907 -0.013501 -0.382668
v -0.926669 -0.021544 -0.467330
v -0.976940 -0.018876 -0.350301
v -0.898710 0.182130 -0.514394
v -0.963224 -0.114663 -0.421139
v -0.948174 -0.103406 -0.444202
v -0.960845 -0.116828 -0.425023
v -0.875544 -0.058923 -0.541960
v -0.893397 -0.041066 -0.516384
v -0.870223 -0.046850 -0.549628
v -0.859388 -0.028969 -0.559610
v -0.850519 0.193408 -0.567187
v -0.837857 -0.007844 -0.565700
v -0.926739 -0.127070 -0.426634
v -0.830966 0.132567 -0.614893
v -0.813090 0.204501 -0.582039
v -0.841818 0.160613 -0.601475
v -0.947393 -0.099643 -0.370511
v 0.244726 -0.858096 -0.467242
v 0.280677 -0.853162 -0.535390
v 0.305775 -0.855452 -0.526360
v 0.349700 -0.865473 -0.494501
v 0.304596 -0.878410 -0.470527
v 0.217209 -0.771581 -0.654091
v 0.215639 -0.746210 -0.689888
v 0.279953 -0.736477 -0.670206
v 0.533467 -0.742623 -0.465077
v 0.537333 -0.693357 -0.524819
v 0.453454 -0.652687 -0.614545
v 0.323879 -0.659121 -0.666642
v 0.185215 -0.694271 -0.687089
v 0.100218 -0.754388 -0.651445
v 0.124232 -0.854511 -0.515239
v 0.248695 -0.845700 -0.468484
v 0.462611 -0.804376 -0.420824
v 0.157215 -0.872594 -0.562835
v 0.120263 -0.866907 -0.513997
v 0.122288 -0.870578 -0.527791
v 0.147865 -0.866553 -0.567416
v 0.453415 -0.675661 -0.621771
v 0.468038 -0.703945 -0.603029
v 0.461454 -0.700603 -0.610259
v 0.450553 -0.693245 -0.625165
v 0.430707 -0.695410 -0.647012
v 0.345773 -0.717841 -0.660575
v 0.335793 -0.740012 -0.638014
v 0.323008 -0.772673 -0.607064
v 0.321819 -0.672407 -0.670822
v 0.309971 -0.688781 -0.678392
v 0.186252 -0.720139 -0.696633
v 0.467168 -0.772694 -0.550567
v 0.471215 -0.839732 -0.464953
v 0.458385 -0.844478 -0.470287
v 0.419190 -0.773695 -0.565314
v 0.464244 -0.831849 -0.431652
v 0.181544 -0.855803 -0.589284
v 0.545122 -0.762076 -0.527652
v 0.521046 -0.751705 -0.551780
v 0.545424 -0.758239 -0.532305
v 0.417568 -0.696573 -0.653575
v 0.412999 -0.726158 -0.622649
v 0.400631 -0.697415 -0.660385
v 0.374171 -0.695568 -0.668530
v 0.134167 -0.809441 -0.645109
v 0.339142 -0.684289 -0.670471
v 0.537295 -0.716331 -0.532045
v 0.179149 -0.753547 -0.708147
v 0.099479 -0.775478 -0.657163
v 0.157921 -0.781017 -0.689438
v 0.529520 -0.755077 -0.463881
v 0.109053 -0.602597 0.805242
v 0.037129 -0.561263 0.845383
v 0.041045 -0.541925 0.855470
v 0.043856 -0.528039 0.862712
v 0.049187 -0.501709 0.876446
v 0.202414 -0.573031 0.800441
v 0.174858 -0.606746 0.787653
v 0.208753 -0.544949 0.814937
v 0.246833 -0.466725 0.850590
v 0.242499 -0.507969 0.828147
v 0.215599 -0.515663 0.830000
v 0.210863 -0.535922 0.819580
v 0.155459 -0.428081 0.893704
v 0.061245 -0.442155 0.907508
v 0.127876 -0.431854 0.897509
v 0.137256 -0.430800 0.896371
v 0.063742 -0.530439 0.924596
v 0.081234 -0.505028 0.971350
v 0.079346 -0.477119 0.961384
v 0.121702 -0.587833 0.956511
v 0.114437 -0.573000 0.959544
v 0.101262 -0.579967 0.941902
v 0.069938 -0.571569 0.918185
v 0.056293 -0.564590 0.906123
v 0.051466 -0.587779 0.894425
v 0.079127 -0.610467 0.901008
v 0.185724 -0.634273 0.843798
v 0.122277 -0.630199 0.860592
v 0.204069 -0.620430 0.863472
v 0.050368 -0.557523 0.887431
v 0.207010 -0.606938 0.891328
v 0.180792 -0.604737 0.906496
v 0.147377 -0.606886 0.907999
v 0.164148 -0.602685 0.915560
v 0.194196 -0.599667 0.909757
v 0.209113 -0.601582 0.901755
v 0.212295 -0.584665 0.939941
v 0.209246 -0.547633 0.816732
v 0.208242 -0.604215 0.888120
v 0.198578 -0.488525 0.957172
v 0.166894 -0.492431 0.960495
v 0.177708 -0.506739 0.958500
v 0.197888 -0.521784 0.952448
v 0.185409 -0.521615 0.954082
v 0.167998 -0.511299 0.957548
v 0.155921 -0.494655 0.961411
v 0.108973 -0.561869 0.962108
v 0.129846 -0.561513 0.957398
v 0.133813 -0.565072 0.956152
v 0.225401 -0.576271 0.936428
v 0.248988 -0.517272 0.944060
v 0.164467 -0.450120 0.929245
v 0.144680 -0.474841 0.947446
v 0.138133 -0.458052 0.938688
v 0.213936 -0.581332 0.875692
v 0.205438 -0.604577 0.891712
v 0.181503 -0.602814 0.905038
v 0.152135 -0.605173 0.908116
v 0.164213 -0.601265 0.913704
v 0.193068 -0.598430 0.907300
v 0.207233 -0.600369 0.900008
v 0.208750 -0.547100 0.818180
v 0.206147 -0.602054 0.888462
v 0.212830 -0.581697 0.874752
v 0.207536 -0.539382 0.821594
v 0.146854 -0.454995 0.936086
v 0.154420 -0.473376 0.946350
v 0.130147 -0.433789 0.897525
v 0.136071 -0.433264 0.896885
v 0.145603 -0.456819 0.935803
v 0.152932 -0.474636 0.945808
v 0.164839 -0.492719 0.959316
v 0.156534 -0.494105 0.959408
v 0.146326 -0.474886 0.945904
v 0.140214 -0.459107 0.937723
v 0.175721 -0.506616 0.957157
v 0.193400 -0.520427 0.950831
v 0.184413 -0.519967 0.952196
v 0.168006 -0.509661 0.955804
v 0.059046 -0.551827 0.912914
v 0.089580 -0.564011 0.938599
v 0.154791 -0.493130 0.955904
v 0.165809 -0.505481 0.955728
v 0.043462 -0.542595 0.858541
v 0.045958 -0.532310 0.863636
v 0.113885 -0.570944 0.956819
v 0.100506 -0.576662 0.940241
v 0.071336 -0.569087 0.917307
v 0.057557 -0.562885 0.905739
v 0.130460 -0.564066 0.954190
v 0.051712 -0.556036 0.887136
v 0.060080 -0.553684 0.910948
v 0.090801 -0.565857 0.936370
v 0.109274 -0.563273 0.957988
v 0.127864 -0.562379 0.954846
v -0.392305 0.741610 -0.526264
v -0.417869 0.745006 -0.500995
v -0.427818 0.779828 -0.443662
v -0.483776 0.758742 -0.428780
v -0.492110 0.688301 -0.521986
v -0.400941 0.685755 -0.598548
v -0.460280 0.646435 -0.606814
v -0.592333 0.753152 -0.535371
v -0.601369 0.742385 -0.487219
v -0.559875 0.772753 -0.479082
v -0.455877 0.819185 -0.476956
v -0.507978 0.805067 -0.455040
v -0.474436 0.735943 -0.646466
v -0.448285 0.788733 -0.601396
v -0.442715 0.748488 -0.634404
v -0.454124 0.817422 -0.529262
v -0.590729 0.744832 -0.559205
v -0.516809 0.768126 -0.589717
v -0.519539 0.704168 -0.655385
v -0.572369 0.712398 -0.613068
v -0.577903 0.712987 -0.608952
v -0.573635 0.642370 -0.521872
v -0.520150 0.640775 -0.566932
v -0.478864 0.632188 -0.612143
v -0.526136 0.729167 -0.436818
v -0.575053 0.695012 -0.446099
v -0.529249 0.786314 -0.471911
v -0.448144 0.806998 -0.580277
v -0.540331 0.777412 -0.474694
v -0.453334 0.814125 -0.568785
v -0.515540 0.703049 -0.657902
v -0.513557 0.705486 -0.657565
v 0.986401 -0.048663 -0.222216
v 0.992374 0.017181 -0.226686
v 0.979809 -0.021209 -0.281835
v 0.975895 -0.071147 -0.274528
v 1.001148 -0.003549 -0.157527
v 1.000821 0.023758 -0.177210
v 0.999383 -0.027067 -0.153591
v 0.996970 -0.091626 -0.127312
v 1.000173 -0.056855 -0.129360
v 0.997570 -0.051582 -0.149311
v 0.982263 -0.128640 -0.196971
v 0.971981 -0.121084 -0.267222
v 1.005355 -0.073336 -0.276708
v 1.022070 -0.109008 -0.272337
v 1.007286 -0.121985 -0.268807
v 1.053625 -0.053983 -0.248698
v 1.008839 -0.025114 -0.284150
v 1.025945 -0.015189 -0.268386
v 1.032839 0.017712 -0.183633
v 1.024593 0.011393 -0.231293
v 1.041273 0.000233 -0.173811
v 1.065793 -0.053540 -0.181438
v 1.064341 -0.057905 -0.170718
v 1.036251 -0.118988 -0.185540
v 1.052419 -0.098436 -0.150249
v 1.001719 -0.129438 -0.199529
v 0.873564 -0.451684 0.191976
v 0.908898 -0.369615 0.179077
v 0.915012 -0.359968 0.149624
v 0.941633 -0.298150 0.139827
v 0.950045 -0.290044 0.068398
v 0.941987 -0.316350 0.025942
v 0.942193 -0.326914 -0.040161
v 0.918422 -0.387067 -0.061032
v 0.888380 -0.451875 -0.020358
v 0.870852 -0.492579 -0.013908
v 0.872074 -0.474143 0.078905
v 0.986565 -0.512593 0.174238
v 1.027980 -0.439615 0.159875
v 1.061156 -0.343820 0.120257
v 1.041025 -0.382185 0.129256
v 1.074792 -0.410002 0.098313
v 1.095547 -0.362853 0.093612
v 1.086237 -0.378928 0.023049
v 1.037564 -0.429545 -0.023463
v 1.010634 -0.355627 -0.035360
v 0.969928 -0.534143 -0.006957
v 1.014407 -0.519495 0.061257
v 1.097899 -0.370040 0.041838
v 0.999967 -0.486272 -0.033900
v 1.014512 -0.519885 0.085968
v 1.036215 -0.481107 0.102512
v 0.999564 -0.520266 0.161145
v 1.046959 -0.463405 0.095520
v 0.884566 -0.324484 -0.320277
v 0.903273 -0.253837 -0.334211
v 0.897011 -0.243375 -0.357212
v 0.911078 -0.190154 -0.367769
v 0.891677 -0.177759 -0.422794
v 0.871569 -0.196807 -0.453957
v 0.848637 -0.200669 -0.503983
v 0.825741 -0.250109 -0.516960
v 0.820202 -0.308252 -0.482643
v 0.810939 -0.343295 -0.475692
v 0.844131 -0.334815 -0.405630
v 0.964410 -0.364629 -0.378747
v 0.987443 -0.300858 -0.396767
v 0.994566 -0.217224 -0.428396
v 0.984191 -0.250731 -0.418424
v 0.999294 -0.268743 -0.455809
v 1.011342 -0.228318 -0.461967
v 0.979957 -0.237069 -0.512507
v 0.929115 -0.278712 -0.534850
v 0.902220 -0.219416 -0.527098
v 0.888506 -0.370434 -0.509154
v 0.945234 -0.360073 -0.472765
v 0.994969 -0.230290 -0.501808
v 0.899528 -0.327128 -0.534946
v 0.954098 -0.362163 -0.454549
v 0.974694 -0.330041 -0.446122
v 0.969695 -0.368996 -0.393720
v 0.979554 -0.314268 -0.453333
v -0.556255 0.643566 0.536051
v -0.579734 0.603768 0.554190
v -0.624425 0.578505 0.528542
v -0.661698 0.574560 0.484673
v -0.704758 0.530294 0.474062
v -0.747717 0.510480 0.445795
v -0.764967 0.526238 0.402584
v -0.744861 0.576057 0.369352
v -0.736043 0.622720 0.317323
v -0.708924 0.665118 0.308927
v -0.683050 0.682627 0.320627
v -0.665701 0.680656 0.339651
v -0.652465 0.680490 0.346586
v -0.645739 0.690164 0.352604
v -0.636843 0.699891 0.356038
v -0.629226 0.710250 0.353200
v -0.612864 0.720948 0.361243
v -0.597280 0.730089 0.370298
v -0.587254 0.725668 0.388806
v -0.570936 0.724846 0.412012
v -0.567495 0.706749 0.439176
v -0.556930 0.697295 0.470590
v -0.556900 0.672938 0.498902
v -0.620086 0.701181 0.507420
v -0.683581 0.724963 0.484778
v -0.675315 0.721510 0.500141
v -0.628208 0.720691 0.461680
v -0.620993 0.690121 0.515421
v -0.679467 0.702517 0.518344
v -0.751045 0.632523 0.415216
v -0.764147 0.600440 0.437164
v -0.766948 0.652955 0.462701
v -0.758612 0.673383 0.448424
v -0.687020 0.736230 0.466382
v -0.654229 0.734884 0.416275
v -0.694994 0.737024 0.454711
v -0.752900 0.590082 0.465288
v -0.759743 0.646197 0.480786
v -0.701160 0.734236 0.452359
v -0.716209 0.726473 0.439337
v -0.746317 0.647598 0.490227
v -0.684804 0.612221 0.488604
v -0.723278 0.672300 0.497195
v -0.730714 0.719423 0.428737
v -0.711795 0.701174 0.380863
v -0.731550 0.719108 0.428555
v -0.663631 0.639408 0.524551
v -0.707628 0.674278 0.515749
v -0.643537 0.650987 0.535913
v -0.689449 0.685519 0.526164
v -0.741403 0.703277 0.399067
v -0.752451 0.655398 0.384226
v -0.759320 0.688369 0.428802
v -0.746200 0.708732 0.419975
v -0.699122 0.731675 0.458298
v -0.703417 0.729299 0.455506
v -0.701398 0.722038 0.454391
v -0.697659 0.724107 0.456822
v -0.691119 0.730732 0.470181
v -0.689681 0.721209 0.483955
v -0.694232 0.730931 0.465777
v -0.712406 0.725151 0.448575
v -0.733437 0.716768 0.433108
v -0.733446 0.717065 0.432913
v -0.742890 0.707594 0.428501
v -0.753770 0.691040 0.435413
v -0.753208 0.678150 0.452362
v -0.760359 0.660611 0.464617
v -0.754616 0.655222 0.479037
v -0.736490 0.665495 0.490559
v -0.723121 0.677928 0.493007
v -0.709196 0.679684 0.509505
v -0.694116 0.688997 0.518135
v -0.686216 0.702420 0.512013
v -0.682685 0.718393 0.496852
v -0.750970 0.662241 0.462324
v -0.744745 0.677510 0.451655
v -0.693301 0.686952 0.508914
v -0.706429 0.678845 0.501401
v -0.689440 0.714996 0.479158
v -0.683349 0.712544 0.490386
v -0.745234 0.688731 0.436899
v -0.735762 0.703143 0.430882
v -0.718552 0.677316 0.487039
v -0.730190 0.666492 0.484908
v -0.693401 0.723459 0.463333
v -0.727541 0.711388 0.434723
v -0.709224 0.718427 0.448357
v -0.727532 0.711129 0.434892
v -0.745970 0.657549 0.474877
v -0.686423 0.698638 0.503585
v -0.690692 0.723286 0.467167
v 0.116507 -0.940367 0.298505
v 0.185737 -0.940196 0.239452
v 0.267805 -0.939994 0.169449
v 0.136803 -0.968661 0.076405
v 0.106713 -0.966464 0.118477
v 0.065133 -0.970268 0.127200
v 0.023479 -0.969692 0.167637
v -0.031800 -0.966896 0.235967
v -0.048161 -0.962509 0.272911
v -0.027190 -0.951684 0.341861
v -0.050176 -0.974503 0.197010
v 0.031781 -1.129163 0.265331
v 0.024346 -1.138866 0.313362
v -0.020228 -1.127285 0.327431
v -0.028643 -1.137483 0.267081
v -0.038688 -1.132912 0.210871
v -0.019000 -1.139211 0.200025
v 0.102689 -1.130155 0.142085
v 0.074977 -1.130891 0.166689
v 0.033954 -1.108456 0.189864
v 0.182045 -0.966509 0.052555
v 0.148309 -1.064131 0.089619
v 0.031970 -1.117385 0.353505
v 0.076491 -1.113878 0.340073
v -0.012662 -1.072226 0.358545
v 0.137210 -1.102290 0.261837
v 0.241571 -1.074596 0.226868
v 0.265528 -1.094448 0.178598
v 0.285926 -0.945380 0.114759
v 0.331509 -0.944537 0.081156
v 0.325565 -0.950463 0.043519
v 0.216447 -0.974340 -0.033981
v 0.178939 -0.971666 0.018004
v 0.320724 -1.077889 0.046582
v 0.249518 -1.108819 -0.003201
v 0.229073 -1.079099 -0.019482
v 0.158285 -1.146907 0.101076
v 0.086115 -1.118785 0.266125
v 0.213405 -1.115048 0.184485
v 0.181329 -1.109380 0.218354
v 0.211933 -1.112251 0.023871
v 0.181999 -1.113721 0.057463
v 0.182411 -1.132829 0.062770
v 0.327433 -1.088547 0.113901
v 0.256218 -1.119269 0.070599
v 0.260679 -1.119208 0.117743
v 0.203794 -1.056601 0.263798
v 0.356291 0.750101 0.521351
v 0.246753 0.777712 0.529065
v 0.116901 0.810444 0.538211
v 0.174990 0.889804 0.360510
v 0.234552 0.867260 0.370223
v 0.280857 0.867864 0.344289
v 0.350339 0.848097 0.343556
v 0.453231 0.812440 0.354262
v 0.495470 0.789713 0.370292
v 0.525946 0.743698 0.442246
v 0.442507 0.840221 0.308703
v 0.468708 0.983522 0.491577
v 0.515744 0.971481 0.529604
v 0.564063 0.951895 0.500072
v 0.528447 0.992889 0.445656
v 0.492848 1.014967 0.387983
v 0.468305 1.027217 0.397537
v 0.308407 1.043517 0.446741
v 0.353213 1.032763 0.444715
v 0.401847 0.996287 0.421890
v 0.114146 0.898374 0.377293
v 0.204856 0.992717 0.416234
v 0.532904 0.927342 0.562117
v 0.480341 0.929326 0.586625
v 0.563654 0.873637 0.512603
v 0.360217 0.953229 0.566808
v 0.228140 0.937240 0.614185
v 0.175048 0.983091 0.600560
v 0.059648 0.842885 0.508983
v -0.008630 0.857673 0.518267
v -0.030337 0.882748 0.483591
v 0.018048 0.948850 0.335576
v 0.091959 0.921043 0.347319
v 0.016905 1.027388 0.528758
v 0.053956 1.087734 0.438454
v 0.050820 1.061775 0.396721
v 0.230751 1.081946 0.464548
v 0.415901 0.970634 0.533816
v 0.234218 1.004439 0.569566
v 0.288175 0.981908 0.569403
v 0.110632 1.078987 0.431263
v 0.164662 1.064749 0.435263
v 0.174441 1.084078 0.447093
v 0.066092 1.006947 0.595281
v 0.108092 1.063920 0.510384
v 0.140370 1.040982 0.554020
v 0.285812 0.899161 0.607345
v 0.788298 -0.066521 0.606031
v 0.818584 -0.101469 0.575986
v 0.874637 -0.063622 0.635670
v 0.903370 -0.003556 0.677765
v 0.819640 0.132691 0.498683
v 0.792067 0.185148 0.519350
v 0.936290 0.174050 0.624979
v 0.765298 0.013147 0.611636
v 0.724680 0.050498 0.655014
v 0.726492 0.107286 0.634142
v 0.692295 0.151431 0.666549
v 0.684806 0.190340 0.664173
v 0.661168 0.234524 0.682145
v 0.679076 0.270557 0.646012
v 0.690047 0.324058 0.613694
v 0.710860 0.356669 0.574701
v 0.741654 0.343633 0.536864
v 0.779210 0.374340 0.475618
v 0.821740 0.343708 0.427452
v 0.838421 0.294264 0.420686
v 0.810266 0.266885 0.468012
v 0.795638 0.237074 0.497651
v 0.839239 0.056849 0.496485
v 0.839713 0.015333 0.509287
v 0.853257 -0.045856 0.510611
v 0.766527 0.259513 0.759282
v 0.958662 0.316109 0.580112
v 0.927439 0.255295 0.647340
v 0.848084 0.151935 0.745286
v 0.856976 0.034892 0.678756
v 0.876481 0.064876 0.713510
v 0.861902 0.089443 0.725464
v 0.914747 0.365768 0.495545
v 0.901636 0.056250 0.681947
v 0.818594 0.383681 0.504452
v 0.950629 0.014673 0.605636
v 0.962443 0.053825 0.602205
v 0.848694 0.389805 0.630312
v 0.842018 0.342796 0.725435
v 0.860714 0.392250 0.680570
v 0.807856 0.258967 0.777859
v 0.889878 0.344771 0.722282
v 0.901595 0.365367 0.704432
v 0.894914 0.225781 0.695990
v 0.942851 0.313002 0.652134
v 0.954212 0.353911 0.581571
v 0.912557 0.386858 0.675180
v 0.916269 0.401908 0.581964
v -0.258710 0.834503 -0.057480
v -0.379016 0.773526 -0.134724
v -0.466737 0.969512 -0.152815
v -0.480646 1.044870 -0.143162
v -0.451588 1.060533 -0.114383
v -0.363513 1.068654 -0.079093
v -0.462911 1.068382 0.058602
v -0.381713 0.792986 0.089176
v -0.279854 0.836723 0.069090
v -0.350394 0.977937 0.047320
v -0.452177 1.073579 0.047803
v -0.480715 0.740765 0.003496
v -0.406784 0.763410 -0.109674
v -0.438246 0.767051 0.082341
v -0.555844 1.029789 0.058089
v -0.555848 1.029787 0.058082
v -0.577423 0.956831 -0.016448
v -0.540260 1.012869 -0.087377
v -0.508679 1.029797 -0.139184
v -0.538487 1.038433 0.067572
v -0.501645 1.052113 0.037129
v -0.437173 1.072917 -0.030811
v 0.224930 0.731562 -0.387143
v 0.237899 0.781125 -0.260286
v 0.310271 0.898969 -0.386056
v 0.393642 1.036348 -0.500994
v 0.391806 1.028077 -0.521717
v 0.392649 0.637107 -0.366412
v 0.330367 0.658180 -0.404954
v 0.511636 0.940044 -0.552165
v 0.468640 0.815372 -0.450260
v 0.507112 0.813082 -0.412913
v 0.369767 0.714075 -0.228094
v 0.409046 0.669155 -0.273457
v 0.570126 0.904497 -0.377728
v 0.570527 0.990179 -0.361407
v 0.557487 1.005092 -0.346347
v 0.328576 0.724481 -0.261361
v 0.296495 0.755515 -0.236765
v 0.276572 0.766783 -0.239122
v 0.263275 0.704172 -0.395168
v 0.306814 0.672589 -0.405344
v 0.449032 1.066430 -0.359181
v 0.404028 1.083119 -0.383810
v 0.402839 0.839238 -0.489125
v 0.473376 0.962384 -0.555148
v 0.584115 0.915522 -0.507312
v 0.424849 1.005741 -0.525844
v 0.424491 1.047945 -0.433373
v 0.495480 1.040161 -0.353685
v 0.592942 0.932773 -0.457274
v 0.360104 0.870634 -0.467475
v -0.899644 0.414853 0.038747
v -0.885949 0.437528 -0.014714
v -0.855490 0.505953 -0.009130
v -0.853992 0.522988 0.085743
v -0.866661 0.495556 0.090536
v -0.879508 0.464051 0.069878
v -0.891334 0.438375 0.073865
v -1.039473 0.472328 0.034110
v -1.069283 0.503975 0.008175
v -1.061226 0.518486 -0.015192
v -1.053420 0.549097 0.076722
v -1.069079 0.514621 0.078702
v -0.924006 0.536530 -0.014743
v -1.031069 0.589551 0.013321
v -1.031161 0.592414 0.034542
v -1.011794 0.594073 0.075470
v -1.074295 0.501225 0.066129
v -1.040247 0.580024 0.088376
v -1.046073 0.553205 -0.008927
v -0.895496 0.437989 0.065387
v -0.983560 0.477659 0.059655
v -1.037265 0.476071 -0.000947
v -0.912769 0.394101 0.027022
v -0.910077 0.390663 -0.038120
v -1.042052 0.447154 -0.038878
v -1.048982 0.403425 -0.065965
v -0.848372 0.521258 -0.082312
v -0.852907 0.522142 -0.006523
v -0.935103 0.326795 -0.095654
v -0.933444 0.326715 -0.121692
v -0.881481 0.429390 -0.209430
v -1.009709 0.540428 0.021103
v -0.980139 0.579456 -0.014805
v -0.952130 0.567998 -0.089066
v -1.036965 0.422781 -0.166082
v -1.033802 0.371598 -0.128595
v -1.043198 0.388841 -0.079605
v -1.019247 0.469163 -0.175033
v -1.031869 0.438467 -0.179034
v -1.002586 0.554503 0.009075
v -1.002823 0.462960 -0.202404
v -0.988362 0.477537 -0.216387
v -0.928663 0.351371 0.001635
v -0.929217 0.346704 -0.022149
v -0.942578 0.313054 -0.049765
v -0.932600 0.329939 -0.086201
v -0.904705 0.396409 -0.054744
v -0.906483 0.403962 0.024840
v -0.889246 0.437986 -0.004503
v -0.959410 0.426637 -0.105735
v -0.945125 0.406833 -0.128935
v -0.958604 0.381213 -0.109339
v -0.976594 0.332694 -0.053008
v -0.969424 0.343048 -0.090046
v -0.954917 0.445613 0.001903
v -0.977969 0.401572 -0.001235
v -0.957383 0.425147 0.014763
v -0.984385 0.359904 -0.032145
v -0.958067 0.440285 -0.095712
v -0.970223 0.424619 -0.043414
v -0.941068 0.473247 -0.019381
v -0.944713 0.468560 -0.064782
v -0.944975 0.468291 -0.069414
v -0.884199 0.435465 -0.099492
v -0.885202 0.439992 -0.052747
v -0.883090 0.450478 -0.012633
v -0.919704 0.355659 -0.106322
v -0.904812 0.385360 -0.129557
v -0.963652 0.360839 -0.098931
v -0.985954 0.386674 -0.009352
v -0.959653 0.368164 -0.103925
v -0.989074 0.381063 -0.016657
v -0.940355 0.473342 -0.016200
v -0.941639 0.471943 -0.015253
v -1.000372 0.461369 -0.011601
v -1.001993 0.456694 -0.035335
v -1.018471 0.423960 -0.062364
v -1.008530 0.440042 -0.099172
v -0.975214 0.504542 -0.068910
v -0.973956 0.512390 0.010655
v -0.955392 0.545095 -0.019369
v -1.029333 0.538289 -0.118294
v -1.017164 0.517505 -0.141841
v -1.031721 0.492907 -0.121715
v -1.051163 0.445855 -0.064626
v -1.044485 0.455610 -0.101918
v -1.020159 0.557176 -0.010938
v -1.046229 0.514793 -0.013150
v -1.023597 0.536956 0.002086
v -1.056428 0.473582 -0.043652
v -1.026752 0.551839 -0.108381
v -1.038279 0.537160 -0.055656
v -1.005150 0.583755 -0.032772
v -1.010540 0.579216 -0.078014
v -1.010967 0.578955 -0.082635
v -0.953537 0.542008 -0.114458
v -0.952750 0.546706 -0.067726
v -0.948664 0.557120 -0.027746
v -0.994566 0.464779 -0.119805
v -0.978439 0.493345 -0.143632
v -1.037805 0.472947 -0.111060
v -1.055458 0.500452 -0.020943
v -1.033479 0.479972 -0.116211
v -1.059180 0.495047 -0.028121
v -1.004333 0.583809 -0.029616
v -1.005677 0.582502 -0.028623
v -0.257611 0.099182 0.914790
v -0.169114 0.074222 0.934720
v -0.157875 -0.043114 0.946249
v -0.298351 -0.095859 0.921894
v -0.313636 -0.050589 0.915223
v -0.291089 0.007989 0.915183
v -0.304628 0.050487 0.909085
v -0.312769 0.124324 1.146859
v -0.285609 0.110599 1.220662
v -0.245597 0.091897 1.230258
v -0.377611 0.016894 1.209374
v -0.390621 0.074807 1.202168
v -0.179697 -0.032943 1.063811
v -0.268736 -0.035685 1.235617
v -0.300431 -0.045878 1.229987
v -0.352564 -0.074513 1.190398
v -0.334227 -0.077711 1.104264
v -0.308544 -0.072368 1.105356
v -0.331717 -0.079822 1.095400
v -0.375227 0.100669 1.203255
v -0.386525 -0.038438 1.211926
v -0.245191 0.031553 1.235213
v -0.348833 -0.053844 1.091573
v -0.079160 -0.058607 0.971324
v -0.107979 -0.111671 0.964710
v -0.156797 -0.116397 0.953101
v -0.193778 -0.143924 0.944421
v -0.237355 -0.117715 0.933914
v -0.256230 -0.055196 0.929119
v -0.141612 0.030122 0.956022
v -0.123704 -0.074559 1.085921
v -0.143071 -0.087413 1.084953
v -0.147252 -0.096458 1.084024
v -0.165774 -0.113809 1.001392
v -0.253203 -0.111677 1.053876
v -0.280490 -0.059690 1.042855
v -0.219635 -0.125659 1.063540
v -0.223784 -0.012828 1.052863
v -0.200157 -0.096699 1.068897
v -0.178963 0.034324 1.067511
v -0.131500 0.081005 0.949264
v -0.053875 0.050354 0.970372
v -0.028767 -0.028680 0.980411
v -0.103169 -0.071241 0.963523
v -0.127761 -0.065153 0.957004
v -0.158656 -0.069384 0.949367
v -0.192576 -0.003686 0.937713
v -0.180274 0.037512 0.938918
v -0.199383 0.051956 1.186457
v -0.178320 0.071938 1.191203
v -0.159065 0.063527 1.204482
v -0.220621 -0.016182 1.190919
v -0.208098 -0.039525 1.192955
v -0.185619 -0.029695 1.196849
v -0.157839 -0.043227 1.184603
v -0.103642 -0.022640 1.207342
v -0.098229 -0.006606 1.209599
v -0.122229 0.057079 1.215636
v -0.235937 0.020878 1.177428
v -0.219438 0.035995 1.108240
v -0.236514 0.000385 1.176009
v -0.094619 -0.018543 1.178478
v -0.163349 -0.062159 1.094758
v -0.058362 -0.000306 1.057671
v -0.057787 -0.008062 1.060383
v -0.048966 -0.025214 1.048793
v -0.216171 0.044587 1.182584
v -0.062574 -0.031436 1.053294
v -0.330062 -0.069091 1.099251
v -0.121414 1.000480 -0.138261
v -0.153773 1.033230 -0.144061
v -0.182195 1.044219 -0.109066
v -0.178258 1.022459 -0.068270
v -0.145899 0.989709 -0.062471
v -0.117477 0.978720 -0.097466
v -0.028989 1.099584 -0.094318
v -0.061348 1.132334 -0.100118
v -0.089770 1.143323 -0.065122
v -0.085834 1.121562 -0.024327
v -0.053475 1.088813 -0.018527
v -0.025053 1.077824 -0.053522
v -0.008146 1.163399 -0.035899
v -0.156220 0.959297 -0.140675
v -0.199541 0.966471 -0.125672
v -0.211177 1.007353 -0.107056
v -0.179492 1.041061 -0.103443
v -0.136171 1.033888 -0.118447
v -0.124535 0.993006 -0.137063
v -0.177419 0.987214 -0.215232
v -0.220740 0.994387 -0.200228
v -0.232376 1.035269 -0.181613
v -0.200690 1.068978 -0.178000
v -0.157369 1.061804 -0.193003
v -0.145734 1.020923 -0.211619
v -0.200354 1.042976 -0.236357
v -0.140233 1.037831 -0.123264
v -0.185332 1.034981 -0.133811
v -0.213325 1.007688 -0.108816
v -0.196220 0.983243 -0.073276
v -0.151121 0.986093 -0.062729
v -0.123127 1.013386 -0.087723
v -0.163766 1.131057 -0.047818
v -0.208865 1.128208 -0.058365
v -0.236859 1.100914 -0.033370
v -0.219753 1.076470 0.002170
v -0.174654 1.079319 0.012717
v -0.146661 1.106613 -0.012277
v -0.204304 1.153456 0.017392
v -0.148941 0.968791 -0.151138
v -0.185341 0.996926 -0.157202
v -0.189548 1.035299 -0.131452
v -0.157356 1.045538 -0.099639
v -0.120956 1.017403 -0.093575
v -0.116749 0.979029 -0.119325
v -0.077403 1.040751 -0.246689
v -0.113802 1.068886 -0.252752
v -0.118009 1.107259 -0.227003
v -0.085817 1.117498 -0.195189
v -0.049417 1.089363 -0.189126
v -0.045210 1.050990 -0.214875
v -0.043477 1.117482 -0.271871
v -0.164939 1.044550 -0.112503
v -0.184483 1.020697 -0.147178
v -0.197825 0.976761 -0.140484
v -0.191623 0.956676 -0.099114
v -0.172080 0.980529 -0.064439
v -0.158738 1.024466 -0.071133
v -0.251874 1.075202 -0.084590
v -0.271418 1.051349 -0.119265
v -0.284760 1.007412 -0.112571
v -0.278558 0.987328 -0.071202
v -0.259015 1.011181 -0.036527
v -0.245673 1.055117 -0.043221
v -0.311556 1.047603 -0.063018
v -0.178305 0.985312 -0.158113
v -0.209667 0.977371 -0.124847
v -0.208582 1.002053 -0.085567
v -0.176135 1.034676 -0.079553
v -0.144772 1.042617 -0.112819
v -0.145857 1.017935 -0.152098
v -0.258545 1.075115 -0.212324
v -0.289908 1.067173 -0.179059
v -0.288823 1.091855 -0.139779
v -0.256376 1.124478 -0.133765
v -0.225013 1.132420 -0.167030
v -0.226098 1.107738 -0.206310
v -0.300232 1.147665 -0.201941
v -0.141786 1.025617 -0.149519
v -0.187102 1.017122 -0.154766
v -0.214765 1.014980 -0.117571
v -0.197113 1.021333 -0.075130
v -0.151796 1.029829 -0.069883
v -0.124133 1.031970 -0.107077
v -0.173030 1.200422 -0.162692
v -0.218346 1.191927 -0.167939
v -0.246009 1.189786 -0.130745
v -0.228357 1.196139 -0.088303
v -0.183040 1.204634 -0.083056
v -0.155377 1.206776 -0.120250
v -0.217347 1.291459 -0.132519
v 0.318115 0.959045 -0.108140
v 0.295639 1.018962 -0.117915
v 0.264153 1.049852 -0.070532
v 0.255143 1.020827 -0.013374
v 0.277619 0.960910 -0.003599
v 0.309105 0.930020 -0.050982
v 0.490117 1.034219 -0.042853
v 0.467641 1.094135 -0.052628
v 0.436156 1.125026 -0.005246
v 0.427146 1.096000 0.051912
v 0.449622 1.036083 0.061688
v 0.481108 1.005193 0.014305
v 0.550315 1.105180 0.039330
v 0.250561 0.926141 -0.113003
v 0.198770 0.960120 -0.094192
v 0.206277 1.019264 -0.068966
v 0.265575 1.044429 -0.062551
v 0.317366 1.010450 -0.081361
v 0.309859 0.951306 -0.106587
v 0.242474 0.971988 -0.218085
v 0.190683 1.005967 -0.199275
v 0.198190 1.065111 -0.174049
v 0.257489 1.090275 -0.167633
v 0.309279 1.056296 -0.186444
v 0.301772 0.997152 -0.211670
v 0.245670 1.055569 -0.248872
v 0.314622 1.017661 -0.088289
v 0.255973 1.039270 -0.105144
v 0.203803 1.020864 -0.071525
v 0.210281 0.980851 -0.021050
v 0.268930 0.959243 -0.004195
v 0.321100 0.977648 -0.037814
v 0.334175 1.151604 0.015383
v 0.275526 1.173212 -0.001473
v 0.223356 1.154807 0.032146
v 0.229835 1.114794 0.082621
v 0.288484 1.093186 0.099476
v 0.340654 1.111591 0.065857
v 0.292428 1.204595 0.104262
v 0.265649 0.933891 -0.127281
v 0.235423 0.990200 -0.137599
v 0.250680 1.042112 -0.102060
v 0.296161 1.037716 -0.056203
v 0.326386 0.981407 -0.045886
v 0.311130 0.929495 -0.081425
v 0.401558 0.983007 -0.257370
v 0.371333 1.039316 -0.267688
v 0.386589 1.091228 -0.232149
v 0.432070 1.086832 -0.186292
v 0.462295 1.030523 -0.175975
v 0.447039 0.978611 -0.211514
v 0.489259 1.061100 -0.291174
v 0.286478 1.040443 -0.074498
v 0.249540 1.020263 -0.123681
v 0.207402 0.971928 -0.114804
v 0.202202 0.943773 -0.056744
v 0.239141 0.963953 -0.007561
v 0.281279 1.012288 -0.016438
v 0.191834 1.129311 -0.039879
v 0.154895 1.109131 -0.089062
v 0.112757 1.060796 -0.080185
v 0.107558 1.032641 -0.022125
v 0.144496 1.052821 0.027058
v 0.186634 1.101156 0.018181
v 0.099247 1.128346 -0.012549
v 0.237861 0.971392 -0.138482
v 0.191994 0.979762 -0.093573
v 0.205681 1.011539 -0.038859
v 0.265235 1.034944 -0.029054
v 0.311103 1.026574 -0.073963
v 0.297416 0.994798 -0.128677
v 0.188666 1.129999 -0.218290
v 0.142799 1.138370 -0.173381
v 0.156486 1.170146 -0.118667
v 0.216040 1.193552 -0.108862
v 0.261908 1.185181 -0.153771
v 0.248221 1.153405 -0.208485
v 0.176130 1.246319 -0.206117
v 0.306841 1.002352 -0.124917
v 0.244499 1.017006 -0.134371
v 0.206461 1.030774 -0.083831
v 0.230765 1.029888 -0.023838
v 0.293107 1.015233 -0.014384
v 0.331145 1.001466 -0.064924
v 0.366444 1.242626 -0.145512
v 0.304101 1.257280 -0.154966
v 0.266063 1.271048 -0.104427
v 0.290367 1.270161 -0.044433
v 0.352710 1.255507 -0.034979
v 0.390748 1.241739 -0.085519
v 0.360176 1.384468 -0.105951
v 0.847336 0.529370 0.211305
v 0.866950 0.552462 0.246452
v 0.881820 0.529451 0.283904
v 0.877077 0.483348 0.286209
v 0.857463 0.460257 0.251061
v 0.842593 0.483268 0.213609
v 0.975191 0.513181 0.150593
v 0.994805 0.536272 0.185740
v 1.009676 0.513261 0.223192
v 1.004932 0.467159 0.225496
v 0.985318 0.444067 0.190349
v 0.970448 0.467078 0.152897
v 1.058213 0.481540 0.155683
v 0.800536 0.521135 0.236902
v 0.801385 0.517167 0.283128
v 0.841897 0.517946 0.305742
v 0.881561 0.522693 0.282130
v 0.880713 0.526661 0.235905
v 0.840200 0.525882 0.213290
v 0.794981 0.603023 0.244033
v 0.795830 0.599055 0.290259
v 0.836342 0.599834 0.312873
v 0.876006 0.604581 0.289261
v 0.875158 0.608549 0.243036
v 0.834645 0.607770 0.220422
v 0.832533 0.647451 0.270448
v 0.881620 0.533208 0.239305
v 0.864189 0.548842 0.279367
v 0.841062 0.520015 0.307429
v 0.835367 0.475554 0.295428
v 0.852799 0.459920 0.255366
v 0.875925 0.488746 0.227304
v 0.986063 0.504544 0.295937
v 0.968632 0.520178 0.335999
v 0.945505 0.491351 0.364060
v 0.939810 0.446890 0.352059
v 0.957242 0.431256 0.311997
v 0.980368 0.460083 0.283936
v 1.018609 0.460438 0.354184
v 0.807361 0.533159 0.229065
v 0.821698 0.555344 0.267216
v 0.864235 0.547493 0.284016
v 0.892435 0.517457 0.262665
v 0.878098 0.495272 0.224514
v 0.835561 0.503123 0.207713
v 0.857605 0.636450 0.150119
v 0.871942 0.658635 0.188271
v 0.914479 0.650784 0.205071
v 0.942679 0.620749 0.183720
v 0.928342 0.598563 0.145568
v 0.885805 0.606414 0.128768
v 0.926924 0.683657 0.124839
v 0.885241 0.529961 0.266649
v 0.846880 0.555313 0.272889
v 0.806055 0.534332 0.279696
v 0.803590 0.487997 0.280263
v 0.841951 0.462645 0.274023
v 0.882777 0.483626 0.267216
v 0.900916 0.530290 0.361679
v 0.862554 0.555642 0.367918
v 0.821729 0.534661 0.374725
v 0.819265 0.488326 0.375292
v 0.857626 0.462974 0.369052
v 0.898451 0.483955 0.362245
v 0.868445 0.509483 0.419139
v 0.812620 0.550555 0.258280
v 0.809018 0.522248 0.294872
v 0.845110 0.495966 0.307516
v 0.884804 0.497990 0.283567
v 0.888406 0.526297 0.246975
v 0.852314 0.552579 0.234331
v 0.855385 0.647316 0.337340
v 0.851783 0.619009 0.373932
v 0.887875 0.592727 0.386576
v 0.927569 0.594751 0.362627
v 0.931171 0.623058 0.326035
v 0.895079 0.649340 0.313391
v 0.914272 0.672611 0.392125
v 0.861170 0.552565 0.232381
v 0.840387 0.561235 0.272954
v 0.844307 0.531020 0.307953
v 0.869009 0.492135 0.302379
v 0.889792 0.483466 0.261806
v 0.885872 0.513681 0.226807
v 1.007203 0.637208 0.289097
v 0.986420 0.645877 0.329670
v 0.990340 0.615662 0.364670
v 1.015043 0.576778 0.359096
v 1.035825 0.568108 0.318523
v 1.031906 0.598323 0.283524
v 1.088964 0.652110 0.354329
v 0.829295 0.082616 -0.580501
v 0.873531 0.096630 -0.580260
v 0.905196 0.073085 -0.555841
v 0.892624 0.035527 -0.531664
v 0.848388 0.021512 -0.531905
v 0.816724 0.045057 -0.556324
v 0.855872 0.000678 -0.693969
v 0.900108 0.014692 -0.693727
v 0.931773 -0.008852 -0.669309
v 0.919201 -0.046411 -0.645131
v 0.874965 -0.060425 -0.645372
v 0.843301 -0.036881 -0.669791
v 0.901703 -0.066542 -0.730032
v 0.818607 0.100627 -0.530755
v 0.853262 0.101287 -0.499904
v 0.894964 0.084555 -0.511492
v 0.902010 0.067162 -0.553931
v 0.867354 0.066501 -0.584783
v 0.825652 0.083234 -0.573195
v 0.841075 0.175208 -0.557591
v 0.875731 0.175869 -0.526740
v 0.917432 0.159136 -0.538328
v 0.924478 0.141743 -0.580767
v 0.889822 0.141083 -0.611619
v 0.848121 0.157815 -0.600031
v 0.894753 0.198231 -0.583484
v 0.872113 0.072086 -0.585970
v 0.895990 0.098040 -0.555811
v 0.896260 0.086924 -0.510760
v 0.872653 0.049853 -0.495868
v 0.848776 0.023900 -0.526027
v 0.848506 0.035016 -0.571078
v 0.970719 0.002120 -0.603825
v 0.994595 0.028074 -0.573666
v 0.994865 0.016957 -0.528614
v 0.971258 -0.020113 -0.513722
v 0.947381 -0.046067 -0.543881
v 0.947112 -0.034950 -0.588932
v 1.023548 -0.046291 -0.568290
v 0.819740 0.107008 -0.545267
v 0.862866 0.123084 -0.539350
v 0.899215 0.097300 -0.552278
v 0.892440 0.055440 -0.571122
v 0.849314 0.039364 -0.577039
v 0.812964 0.065148 -0.564111
v 0.815609 0.164753 -0.672051
v 0.858734 0.180829 -0.666135
v 0.895084 0.155044 -0.679063
v 0.888309 0.113185 -0.697907
v 0.845183 0.097109 -0.703824
v 0.808833 0.122893 -0.690896
v 0.849757 0.169749 -0.752560
v 0.894261 0.070184 -0.569321
v 0.882286 0.111416 -0.551719
v 0.857730 0.113613 -0.512407
v 0.845148 0.074579 -0.490698
v 0.857123 0.033347 -0.508300
v 0.881680 0.031150 -0.547611
v 0.975980 0.072173 -0.518386
v 0.964005 0.113405 -0.500784
v 0.939448 0.115602 -0.461472
v 0.926867 0.076568 -0.439762
v 0.938842 0.035336 -0.457364
v 0.963398 0.033139 -0.496676
v 0.994982 0.075431 -0.451923
v 0.849432 0.122443 -0.537269
v 0.868036 0.103157 -0.499385
v 0.892770 0.064063 -0.503015
v 0.898900 0.044255 -0.544528
v 0.880296 0.063542 -0.582412
v 0.855561 0.102635 -0.578782
v 0.959278 0.193587 -0.554995
v 0.977883 0.174301 -0.517111
v 1.002617 0.135207 -0.520741
v 1.008747 0.115400 -0.562254
v 0.990142 0.134686 -0.600138
v 0.965408 0.173780 -0.596508
v 1.042565 0.192416 -0.568073
v 0.859392 0.098143 -0.585666
v 0.879912 0.119715 -0.550073
v 0.901345 0.094971 -0.517185
v 0.902259 0.048655 -0.519891
v 0.881739 0.027084 -0.555484
v 0.860306 0.051828 -0.588371
v 1.011232 0.106550 -0.678298
v 1.031752 0.128121 -0.642705
v 1.053185 0.103377 -0.609817
v 1.054099 0.057062 -0.612523
v 1.033579 0.035491 -0.648116
v 1.012146 0.060235 -0.681004
v 1.113602 0.086287 -0.694787
v -0.116108 -1.003081 -0.124272
v -0.092369 -1.052260 -0.115399
v -0.088875 -1.072419 -0.063995
v -0.109119 -1.043398 -0.021465
v -0.132858 -0.994219 -0.030338
v -0.136353 -0.974060 -0.081741
v -0.266629 -1.079283 -0.143922
v -0.242890 -1.128463 -0.135049
v -0.239396 -1.148621 -0.083646
v -0.259640 -1.119600 -0.041116
v -0.283379 -1.070421 -0.049989
v -0.286874 -1.050262 -0.101392
v -0.343368 -1.140060 -0.102993
v -0.066376 -0.968993 -0.101778
v -0.035256 -0.991589 -0.062006
v -0.048930 -1.040825 -0.040800
v -0.093725 -1.067465 -0.059366
v -0.124845 -1.044868 -0.099138
v -0.111170 -0.995632 -0.120344
v -0.011570 -1.013600 -0.170005
v 0.019550 -1.036196 -0.130233
v 0.005875 -1.085432 -0.109027
v -0.038919 -1.112072 -0.127593
v -0.070039 -1.089475 -0.167365
v -0.056364 -1.040239 -0.188571
v 0.003969 -1.086613 -0.185166
v -0.119408 -1.051143 -0.102239
v -0.068098 -1.064828 -0.086719
v -0.045911 -1.042101 -0.041419
v -0.075035 -1.005690 -0.011638
v -0.126345 -0.992005 -0.027158
v -0.148532 -1.014732 -0.072459
v -0.172875 -1.159987 -0.021447
v -0.121565 -1.173672 -0.005927
v -0.099378 -1.150946 0.039373
v -0.128502 -1.114534 0.069154
v -0.179812 -1.100849 0.053634
v -0.201999 -1.123576 0.008334
v -0.179188 -1.195279 0.066919
v -0.070650 -0.977905 -0.117945
v -0.041205 -1.023314 -0.106463
v -0.065465 -1.066532 -0.081874
v -0.119170 -1.064339 -0.068767
v -0.148615 -1.018930 -0.080248
v -0.124355 -0.975713 -0.104838
v -0.109540 -1.040755 -0.266778
v -0.080095 -1.086165 -0.255297
v -0.104355 -1.129382 -0.230708
v -0.158060 -1.127189 -0.217600
v -0.187506 -1.081780 -0.229082
v -0.163245 -1.038563 -0.253671
v -0.154530 -1.117474 -0.321523
v -0.103863 -1.066855 -0.077583
v -0.056148 -1.049268 -0.099375
v -0.031811 -1.003710 -0.079550
v -0.055189 -0.975738 -0.037933
v -0.102904 -0.993325 -0.016141
v -0.127240 -1.038884 -0.035966
v -0.045750 -1.130807 -0.001956
v 0.001964 -1.113220 -0.023748
v 0.026301 -1.067661 -0.003923
v 0.002923 -1.039690 0.037694
v -0.044791 -1.057277 0.059486
v -0.069128 -1.102836 0.039661
v 0.009563 -1.119337 0.058181
v -0.043539 -1.007678 -0.110113
v -0.029601 -1.007530 -0.056572
v -0.062237 -1.032345 -0.019424
v -0.108809 -1.057308 -0.035816
v -0.122747 -1.057456 -0.089357
v -0.090111 -1.032641 -0.126505
v 0.035709 -1.142226 -0.130371
v 0.049647 -1.142078 -0.076830
v 0.017011 -1.166893 -0.039682
v -0.029561 -1.191857 -0.056074
v -0.043499 -1.192004 -0.109615
v -0.010863 -1.167189 -0.146763
v 0.045316 -1.238761 -0.104021
v -0.098267 -1.039714 -0.127094
v -0.047898 -1.046691 -0.105296
v -0.041892 -1.051519 -0.050510
v -0.086254 -1.049370 -0.017522
v -0.136623 -1.042392 -0.039320
v -0.142630 -1.037565 -0.094106
v -0.120453 -1.250236 -0.143213
v -0.070084 -1.257213 -0.121415
v -0.064077 -1.262040 -0.066629
v -0.108440 -1.259891 -0.033641
v -0.158809 -1.252914 -0.055439
v -0.164816 -1.248086 -0.110225
v -0.126272 -1.367279 -0.097019
v -0.377401 -0.940049 0.075243
v -0.389629 -0.974763 0.105465
v -0.429025 -0.970548 0.131889
v -0.456193 -0.931619 0.128091
v -0.443965 -0.896904 0.097869
v -0.404569 -0.901119 0.071445
v -0.455165 -1.004625 -0.030395
v -0.467393 -1.039339 -0.000172
v -0.506789 -1.035124 0.026252
v -0.533957 -0.996195 0.022454
v -0.521729 -0.961480 -0.007769
v -0.482333 -0.965695 -0.034193
v -0.536012 -1.034831 -0.060279
v -0.359314 -0.905696 0.114756
v -0.379874 -0.908137 0.157644
v -0.416477 -0.937739 0.164853
v -0.432520 -0.964900 0.129175
v -0.411960 -0.962458 0.086287
v -0.375357 -0.932857 0.079078
v -0.305421 -0.966892 0.137109
v -0.325981 -0.969333 0.179997
v -0.362584 -0.998935 0.187206
v -0.378627 -1.026096 0.151528
v -0.358066 -1.023654 0.108640
v -0.321463 -0.994053 0.101431
v -0.313296 -1.029113 0.156234
v -0.409671 -0.968543 0.090280
v -0.402405 -0.973674 0.137065
v -0.415192 -0.938993 0.167094
v -0.435245 -0.899179 0.150336
v -0.442511 -0.894048 0.103551
v -0.429724 -0.928730 0.073522
v -0.523131 -1.020681 0.102182
v -0.515865 -1.025812 0.148968
v -0.528652 -0.991130 0.178996
v -0.548705 -0.951317 0.162239
v -0.555971 -0.946186 0.115453
v -0.543184 -0.980868 0.085425
v -0.596396 -1.013790 0.138555
v -0.353446 -0.918730 0.106900
v -0.363665 -0.949602 0.141693
v -0.405056 -0.973151 0.141235
v -0.436229 -0.965829 0.105983
v -0.426010 -0.934958 0.071190
v -0.384619 -0.911409 0.071648
v -0.292744 -1.023951 0.031368
v -0.302963 -1.054822 0.066162
v -0.344354 -1.078372 0.065703
v -0.375527 -1.071050 0.030451
v -0.365308 -1.040179 -0.004342
v -0.323917 -1.016629 -0.003883
v -0.301779 -1.103587 -0.009351
v -0.424612 -0.971327 0.114394
v -0.383590 -0.966694 0.138137
v -0.370839 -0.924256 0.155586
v -0.399109 -0.886452 0.149293
v -0.440132 -0.891085 0.125550
v -0.452883 -0.933522 0.108100
v -0.471252 -0.992114 0.199030
v -0.430229 -0.987481 0.222773
v -0.417478 -0.945044 0.240223
v -0.445749 -0.907239 0.233930
v -0.486771 -0.911872 0.210186
v -0.499522 -0.954309 0.192737
v -0.483360 -0.960757 0.261594
v -0.356973 -0.938940 0.135641
v -0.386416 -0.918383 0.166922
v -0.433547 -0.922840 0.161741
v -0.451235 -0.947854 0.125280
v -0.421792 -0.968411 0.093998
v -0.374661 -0.963954 0.099179
v -0.354702 -1.051204 0.211556
v -0.384145 -1.030647 0.242837
v -0.431276 -1.035104 0.237657
v -0.448963 -1.060118 0.201195
v -0.419520 -1.080675 0.169914
v -0.372389 -1.076218 0.175094
v -0.400622 -1.115502 0.246841
v -0.380184 -0.969537 0.094185
v -0.375225 -0.967078 0.141486
v -0.410603 -0.949785 0.168270
v -0.450940 -0.934952 0.147754
v -0.455899 -0.937411 0.100453
v -0.420521 -0.954703 0.073668
v -0.450160 -1.137589 0.110257
v -0.445201 -1.135131 0.157559
v -0.480579 -1.117838 0.184343
v -0.520916 -1.103004 0.163826
v -0.525875 -1.105463 0.116525
v -0.490497 -1.122756 0.089741
v -0.522838 -1.209875 0.145609
v -0.561340 -0.355241 -0.769082
v -0.586189 -0.399018 -0.792039
v -0.630136 -0.421928 -0.767448
v -0.649234 -0.401061 -0.719902
v -0.624386 -0.357283 -0.696945
v -0.580439 -0.334373 -0.721536
v -0.664016 -0.251446 -0.855879
v -0.688865 -0.295223 -0.878835
v -0.732812 -0.318133 -0.854245
v -0.751910 -0.297266 -0.806698
v -0.727062 -0.253488 -0.783742
v -0.683115 -0.230578 -0.808332
v -0.762693 -0.219029 -0.877555
v -0.532337 -0.389224 -0.722766
v -0.557592 -0.434871 -0.704343
v -0.607590 -0.448543 -0.723687
v -0.632332 -0.416568 -0.761453
v -0.607077 -0.370921 -0.779876
v -0.557079 -0.357249 -0.760532
v -0.490284 -0.441457 -0.794540
v -0.515540 -0.487105 -0.776118
v -0.565537 -0.500777 -0.795461
v -0.590280 -0.468802 -0.833228
v -0.565025 -0.423154 -0.851650
v -0.515027 -0.409482 -0.832307
v -0.517867 -0.482972 -0.852142
v -0.606406 -0.377694 -0.785553
v -0.601290 -0.431948 -0.776004
v -0.606584 -0.451601 -0.724559
v -0.616995 -0.417001 -0.682663
v -0.622111 -0.362746 -0.692211
v -0.616816 -0.343093 -0.743656
v -0.749518 -0.394940 -0.806870
v -0.744402 -0.449195 -0.797322
v -0.749697 -0.468848 -0.745877
v -0.760108 -0.434248 -0.703980
v -0.765224 -0.379993 -0.713529
v -0.759929 -0.360340 -0.764974
v -0.831097 -0.423787 -0.766788
v -0.529267 -0.385749 -0.741139
v -0.550892 -0.433492 -0.758855
v -0.604257 -0.436045 -0.773225
v -0.635998 -0.390854 -0.769878
v -0.614373 -0.343111 -0.752162
v -0.561008 -0.340559 -0.737792
v -0.489094 -0.345962 -0.897398
v -0.510718 -0.393705 -0.915115
v -0.564084 -0.396257 -0.929484
v -0.595825 -0.351066 -0.926138
v -0.574200 -0.303323 -0.908422
v -0.520835 -0.300771 -0.894052
v -0.521046 -0.327306 -0.995060
v -0.624817 -0.403432 -0.775806
v -0.578143 -0.433019 -0.773147
v -0.552052 -0.439238 -0.724759
v -0.572634 -0.415870 -0.679029
v -0.619308 -0.386284 -0.681688
v -0.645400 -0.380065 -0.730076
v -0.686119 -0.498264 -0.754939
v -0.639445 -0.527850 -0.752280
v -0.613353 -0.534069 -0.703892
v -0.633935 -0.510702 -0.658162
v -0.680610 -0.481116 -0.660821
v -0.706701 -0.474897 -0.709209
v -0.692703 -0.555032 -0.695428
v -0.540067 -0.423967 -0.751414
v -0.568235 -0.447830 -0.710208
v -0.622345 -0.437916 -0.704315
v -0.648286 -0.404140 -0.739629
v -0.620118 -0.380276 -0.780835
v -0.566008 -0.390190 -0.786728
v -0.572685 -0.546552 -0.844703
v -0.600853 -0.570415 -0.803497
v -0.654963 -0.560502 -0.797604
v -0.680905 -0.526725 -0.832918
v -0.652736 -0.502862 -0.874124
v -0.598626 -0.512775 -0.880017
v -0.644182 -0.601981 -0.888537
v -0.573674 -0.385928 -0.793049
v -0.568963 -0.437862 -0.774570
v -0.604602 -0.457165 -0.736912
v -0.644953 -0.424534 -0.717734
v -0.649665 -0.372599 -0.736213
v -0.614026 -0.353296 -0.773871
v -0.701740 -0.452885 -0.948572
v -0.697028 -0.504819 -0.930093
v -0.732668 -0.524122 -0.892435
v -0.773019 -0.491490 -0.873257
v -0.777731 -0.439556 -0.891736
v -0.742091 -0.420253 -0.929394
v -0.805643 -0.507878 -0.993814
vt 0.838581 0.850883
vt 0.838441 0.833661
vt 0.838276 0.813245
vt 0.869428 0.816114
vt 0.867014 0.825980
vt 0.871132 0.832443
vt 0.870476 0.843517
vt 0.867393 0.860342
vt 0.863997 0.867852
vt 0.850819 0.875133
vt 0.875670 0.856984
vt 0.512397 0.855764
vt 0.519489 0.855572
vt 0.518346 0.863109
vt 0.506417 0.861773
vt 0.495920 0.863154
vt 0.495548 0.859576
vt 0.874687 0.460195
vt 0.874452 0.472230
vt 0.843169 0.474874
vt 0.843031 0.467206
vt 0.847254 0.457916
vt 0.875110 0.490139
vt 0.875989 0.500219
vt 0.856284 0.489500
vt 0.838636 0.606519
vt 0.840740 0.598170
vt 0.876896 0.588658
vt 0.870104 0.615606
vt 0.846317 0.614315
vt 0.844075 0.577948
vt 0.878504 0.569913
vt 0.852922 0.558132
vt 0.848993 0.547217
vt 0.879121 0.536861
vt 0.880410 0.547692
vt 0.844157 0.803044
vt 0.843269 0.792471
vt 0.849722 0.787751
vt 0.875670 0.790141
vt 0.872730 0.802373
vt 0.867113 0.806999
vt 0.505572 0.267507
vt 0.524378 0.264398
vt 0.528755 0.270927
vt 0.529167 0.291573
vt 0.500971 0.291815
vt 0.876006 0.479528
vt 0.839961 0.488946
vt 0.999206 0.084480
vt 0.999206 0.099219
vt 0.991795 0.089814
vt 0.269620 0.995171
vt 0.266200 0.995341
vt 0.266200 0.980644
vt 0.276957 0.979755
vt 0.274440 0.986543
vt 0.910358 0.548720
vt 0.922088 0.560521
vt 0.910358 0.561587
vt 0.695629 0.950575
vt 0.705234 0.946520
vt 0.708484 0.967983
vt 0.703692 0.971784
vt 0.847034 0.517786
vt 0.846172 0.508320
vt 0.852135 0.517378
vt 0.873884 0.504920
vt 0.872793 0.518079
vt 0.846084 0.498988
vt 0.842345 0.498190
vt 0.693026 0.971784
vt 0.510701 0.890368
vt 0.501698 0.890917
vt 0.839961 0.448676
vt 0.841068 0.444244
vt 0.872720 0.445192
vt 0.497064 0.259906
vt 0.495457 0.289846
vt 0.529167 0.246364
vt 0.515122 0.256283
vt 0.508960 0.252369
vt 0.527729 0.871738
vt 0.528481 0.858672
vt 0.530501 0.893504
vt 0.515831 0.893504
vt 0.052738 0.990273
vt 0.045040 0.988057
vt 0.052738 0.954746
vt 0.851420 0.528763
vt 0.842838 0.538495
vt 0.988081 0.619363
vt 0.994864 0.634514
vt 0.988081 0.651681
vt 0.855803 0.569316
vt 0.529000 0.252801
vt 0.527774 0.260627
vt 0.530616 0.853673
vt 0.838948 0.585696
vt 0.833368 0.601330
vt 0.843543 0.565029
vt 0.843017 0.555293
vt 0.833266 0.550332
vt 0.880410 0.525315
vt 0.473658 0.393044
vt 0.459569 0.375749
vt 0.483621 0.375357
vt 0.493190 0.399743
vt 0.696370 0.496153
vt 0.708008 0.481947
vt 0.716458 0.505120
vt 0.287140 0.325698
vt 0.291471 0.345117
vt 0.267889 0.333932
vt 0.288026 0.052802
vt 0.267760 0.059091
vt 0.280883 0.037873
vt 0.088087 0.468243
vt 0.072316 0.455139
vt 0.093331 0.447013
vt 0.475050 0.415206
vt 0.303557 0.521586
vt 0.289456 0.537427
vt 0.283209 0.516744
vt 0.270594 0.312360
vt 0.304543 0.038241
vt 0.106100 0.468195
vt 0.444804 0.205924
vt 0.424475 0.200240
vt 0.439350 0.186311
vt 0.614915 0.127513
vt 0.599094 0.140729
vt 0.598699 0.114527
vt 0.668846 0.108712
vt 0.658744 0.128441
vt 0.648295 0.104970
vt 0.114907 0.031317
vt 0.130433 0.029309
vt 0.131248 0.045911
vt 0.102945 0.202144
vt 0.118991 0.179710
vt 0.128519 0.205063
vt 0.077110 0.198540
vt 0.091893 0.176836
vt 0.052676 0.194599
vt 0.065511 0.173901
vt 0.157511 0.106815
vt 0.164078 0.086456
vt 0.178006 0.111415
vt 0.106954 0.152680
vt 0.132971 0.103446
vt 0.141982 0.082049
vt 0.148032 0.064329
vt 0.079297 0.150630
vt 0.093160 0.125968
vt 0.121052 0.127566
vt 0.106000 0.101669
vt 0.116864 0.079540
vt 0.125266 0.060819
vt 0.053330 0.149066
vt 0.066049 0.125382
vt 0.078741 0.101500
vt 0.090502 0.079106
vt 0.100611 0.059592
vt 0.108733 0.043661
vt 0.182334 0.090397
vt 0.166190 0.066038
vt 0.148371 0.045538
vt 0.919136 0.000000
vt 0.922928 0.026114
vt 0.906874 0.005032
vt 0.908584 0.031167
vt 0.922642 0.053598
vt 0.906874 0.057815
vt 0.812227 0.668350
vt 0.833266 0.682315
vt 0.820119 0.693218
vt 0.195250 0.117268
vt 0.198471 0.096494
vt 0.778782 0.634118
vt 0.789892 0.622247
vt 0.793515 0.651918
vt 0.807062 0.639821
vt 0.827438 0.655875
vt 0.502748 0.724730
vt 0.497796 0.749803
vt 0.480136 0.739621
vt 0.183268 0.070180
vt 0.777270 0.604526
vt 0.790451 0.591959
vt 0.805509 0.609437
vt 0.824335 0.626640
vt 0.786224 0.549061
vt 0.794839 0.563365
vt 0.780005 0.575532
vt 0.807691 0.579575
vt 0.824413 0.596691
vt 0.794694 0.526233
vt 0.801991 0.538124
vt 0.812919 0.552328
vt 0.827438 0.568265
vt 0.666042 0.014017
vt 0.665070 0.038036
vt 0.642764 0.030610
vt 0.643064 0.056202
vt 0.665399 0.062869
vt 0.645089 0.081514
vt 0.666776 0.086821
vt 0.961919 0.442569
vt 0.943606 0.442569
vt 0.954144 0.418391
vt 0.477383 0.766056
vt 0.474005 0.000000
vt 0.476763 0.023183
vt 0.455455 0.015214
vt 0.523981 0.019945
vt 0.525990 0.046163
vt 0.500691 0.033587
vt 0.460296 0.756307
vt 0.951590 0.946818
vt 0.933610 0.957579
vt 0.933610 0.928259
vt 0.555472 0.032484
vt 0.556445 0.059021
vt 0.530379 0.044460
vt 0.531786 0.070717
vt 0.556424 0.085293
vt 0.497050 0.776808
vt 0.477550 0.795120
vt 0.458375 0.784825
vt 0.577312 -0.000000
vt 0.580185 0.022832
vt 0.553422 0.007883
vt 0.581358 0.048549
vt 0.580869 0.075012
vt 0.498740 0.805421
vt 0.480850 0.824735
vt 0.460155 0.814950
vt 0.465496 0.844326
vt 0.604584 0.040221
vt 0.502748 0.833617
vt 0.619740 0.106310
vt 0.433378 0.029197
vt 0.437338 0.009512
vt 0.452868 0.037142
vt 0.475794 0.047409
vt 0.501273 0.059849
vt 0.532827 0.098393
vt 0.430265 0.052634
vt 0.451164 0.063009
vt 0.527666 0.073808
vt 0.502161 0.089339
vt 0.557836 0.113410
vt 0.533502 0.128326
vt 0.529028 0.103717
vt 0.503330 0.120095
vt 0.477857 0.136129
vt 0.454496 0.150647
vt 0.451902 0.121796
vt 0.430715 0.136330
vt 0.434458 0.162936
vt 0.580199 0.127782
vt 0.558276 0.142640
vt 0.533730 0.158339
vt 0.529944 0.133717
vt 0.504689 0.149713
vt 0.480236 0.164260
vt 0.458168 0.176546
vt 0.579913 0.155413
vt 0.557713 0.170916
vt 0.533524 0.186235
vt 0.530379 0.161611
vt 0.506113 0.176204
vt 0.483052 0.188636
vt 0.462423 0.198514
vt 0.412464 0.038979
vt 0.412161 0.152572
vt 0.417763 0.178383
vt 0.408830 0.064934
vt 0.391125 0.051259
vt 0.387592 0.079435
vt 0.141326 0.253523
vt 0.135955 0.229479
vt 0.158673 0.230390
vt 0.116259 0.252074
vt 0.110199 0.226906
vt 0.093970 0.272943
vt 0.089139 0.248310
vt 0.083319 0.222864
vt 0.395566 0.168111
vt 0.389899 0.140130
vt 0.374460 0.155636
vt 0.097341 0.294707
vt 0.070831 0.290456
vt 0.066783 0.267557
vt 0.062148 0.242686
vt 0.057327 0.217830
vt 0.403128 0.192270
vt 0.382105 0.181844
vt 0.073991 0.309679
vt 0.048641 0.303815
vt 0.044855 0.283400
vt 0.040932 0.260207
vt 0.749866 0.593580
vt 0.777270 0.592632
vt 0.764792 0.613544
vt 0.734414 0.572096
vt 0.762260 0.570423
vt 0.719496 0.550398
vt 0.746768 0.547412
vt 0.167747 0.388254
vt 0.188285 0.372030
vt 0.189037 0.400029
vt 0.050553 0.102815
vt 0.731961 0.525315
vt 0.033559 0.080021
vt 0.063393 0.078516
vt 0.016258 0.058890
vt 0.046640 0.056533
vt 0.075312 0.056960
vt 0.000000 0.041074
vt 0.029691 0.037355
vt 0.058878 0.036889
vt 0.085609 0.039269
vt 0.112228 0.445567
vt 0.097406 0.423474
vt 0.116548 0.420714
vt 0.099577 0.398687
vt 0.933205 0.827436
vt 0.916603 0.809267
vt 0.933205 0.798657
vt 0.918039 0.780845
vt 0.013796 0.022180
vt 0.042364 0.020314
vt 0.069587 0.021700
vt 0.094002 0.025670
vt 0.228643 0.945858
vt 0.228643 0.971188
vt 0.213111 0.967940
vt 0.198330 0.967908
vt 0.183030 0.950141
vt 0.198330 0.940169
vt 0.298421 0.021996
vt 0.323963 0.023779
vt 0.819780 0.525315
vt 0.833266 0.540559
vt 0.849295 0.294795
vt 0.850510 0.313018
vt 0.824645 0.300627
vt 0.824785 0.321319
vt 0.690641 0.000000
vt 0.688925 0.023868
vt 0.850823 0.335523
vt 0.824593 0.345888
vt 0.798036 0.333165
vt 0.798036 0.358901
vt 0.688083 0.049627
vt 0.850137 0.360875
vt 0.824086 0.372413
vt 0.688054 0.075239
vt 0.415617 0.542768
vt 0.392906 0.556361
vt 0.390814 0.530255
vt 0.848576 0.387019
vt 0.823343 0.398692
vt 0.798386 0.385476
vt 0.688648 0.099076
vt 0.683684 0.124800
vt 0.701010 0.142857
vt 0.674217 0.146943
vt 0.720322 0.162143
vt 0.692447 0.167125
vt 0.740586 0.181457
vt 0.712742 0.187793
vt 0.417467 0.685439
vt 0.392998 0.698603
vt 0.394405 0.671853
vt 0.438355 0.696973
vt 0.416279 0.711186
vt 0.248828 0.320881
vt 0.251744 0.299319
vt 0.648483 0.150528
vt 0.664624 0.171188
vt 0.683711 0.192849
vt 0.733799 0.207370
vt 0.704809 0.213875
vt 0.675517 0.218152
vt 0.390814 0.724730
vt 0.726378 0.232516
vt 0.697137 0.238253
vt 0.668571 0.240957
vt 0.648211 0.219868
vt 0.642764 0.240652
vt 0.436824 0.720881
vt 0.224669 0.332501
vt 0.227687 0.308435
vt 0.201834 0.321161
vt 0.199427 0.347199
vt 0.458376 0.724730
vt 0.456938 0.750839
vt 0.433150 0.741801
vt 0.433117 0.768817
vt 0.410110 0.761157
vt 0.411923 0.787811
vt 0.390814 0.781182
vt 0.394468 0.806368
vt 0.642764 0.080243
vt 0.638851 0.104876
vt 0.623398 0.082922
vt 0.246047 0.344753
vt 0.222437 0.358213
vt 0.198471 0.373861
vt 0.456974 0.777518
vt 0.434976 0.795227
vt 0.633139 0.127433
vt 0.620379 0.148705
vt 0.266580 0.532712
vt 0.259875 0.509765
vt 0.603282 0.164172
vt 0.606207 0.189668
vt 0.582461 0.180770
vt 0.583751 0.207547
vt 0.558529 0.197436
vt 0.583360 0.233766
vt 0.558361 0.224397
vt 0.532914 0.212849
vt 0.530379 0.188231
vt 0.557059 0.249591
vt 0.531849 0.238776
vt 0.529910 0.214176
vt 0.505289 0.201824
vt 0.530379 0.261923
vt 0.528971 0.237351
vt 0.504603 0.225776
vt 0.482079 0.212398
vt 0.740015 0.513595
vt 0.719891 0.525315
vt 0.777270 0.835474
vt 0.800178 0.820375
vt 0.795987 0.845573
vt 0.504102 0.246364
vt 0.481756 0.233854
vt 0.461808 0.219983
vt 0.438355 0.221050
vt 0.821781 0.749759
vt 0.838276 0.739201
vt 0.836170 0.763152
vt 0.803432 0.735330
vt 0.821909 0.723820
vt 0.781659 0.720735
vt 0.801246 0.708091
vt 0.474168 0.467361
vt 0.494653 0.479636
vt 0.471250 0.494761
vt 0.475357 0.440299
vt 0.496168 0.451085
vt 0.495492 0.423982
vt 0.416703 0.215371
vt 0.837679 0.712847
vt 0.394455 0.206865
vt 0.819069 0.696044
vt 0.000000 0.306897
vt 0.022790 0.296472
vt 0.027140 0.315547
vt 0.777270 0.693218
vt 0.975395 0.238739
vt 0.977679 0.209660
vt 0.981060 0.210143
vt 0.978733 0.239776
vt 0.995738 0.837557
vt 0.995738 0.809979
vt 0.998374 0.809628
vt 0.998374 0.837731
vt 0.930756 0.956127
vt 0.930756 0.929772
vt 0.933609 0.930566
vt 0.933609 0.957423
vt 0.992363 0.369526
vt 0.992363 0.339590
vt 0.995688 0.339300
vt 0.995688 0.369806
vt 0.288356 0.823796
vt 0.284930 0.799898
vt 0.287591 0.799744
vt 0.291082 0.824097
vt 0.252424 0.942001
vt 0.251066 0.965479
vt 0.248600 0.965029
vt 0.249985 0.941104
vt 0.390814 0.537427
vt 0.390814 0.566474
vt 0.388445 0.567241
vt 0.388445 0.537641
vt 0.855974 0.319066
vt 0.850823 0.296565
vt 0.854090 0.294796
vt 0.859340 0.317725
vt 0.935304 0.553056
vt 0.930793 0.523431
vt 0.934111 0.522480
vt 0.938708 0.552669
vt 0.947994 0.204418
vt 0.951780 0.180556
vt 0.955303 0.180830
vt 0.951445 0.205147
vt 0.886141 0.588371
vt 0.892557 0.614930
vt 0.889534 0.615606
vt 0.882996 0.588542
vt 0.405338 0.969837
vt 0.405338 0.941832
vt 0.408938 0.941720
vt 0.408938 0.970258
vt 0.421360 0.933993
vt 0.414805 0.959596
vt 0.411766 0.960231
vt 0.418445 0.934141
vt 0.529560 0.581529
vt 0.523274 0.559561
vt 0.526614 0.559454
vt 0.533019 0.581840
vt 0.534131 0.744047
vt 0.536681 0.762028
vt 0.533214 0.761792
vt 0.530616 0.743468
vt 0.983352 0.210252
vt 0.981060 0.182440
vt 0.984301 0.181697
vt 0.986636 0.210039
vt 0.516404 0.433834
vt 0.998393 0.781382
vt 0.998393 0.808684
vt 0.995728 0.808666
vt 0.995728 0.780845
vt 0.531192 0.601843
vt 0.534682 0.602542
vt 0.981060 0.237071
vt 0.984301 0.237368
vt 0.794659 0.493813
vt 0.797090 0.522881
vt 0.793626 0.523475
vt 0.791149 0.493854
vt 0.708662 0.704845
vt 0.708919 0.679101
vt 0.733037 0.697033
vt 0.733340 0.671041
vt 0.757570 0.687386
vt 0.757298 0.662120
vt 0.613307 0.764687
vt 0.605175 0.739111
vt 0.608261 0.738194
vt 0.616547 0.764257
vt 0.915870 0.867427
vt 0.906483 0.890396
vt 0.903546 0.890683
vt 0.913112 0.867277
vt 0.513560 0.407732
vt 0.533443 0.416831
vt 0.101244 0.649237
vt 0.092684 0.624727
vt 0.095874 0.623671
vt 0.104597 0.648648
vt 0.869670 0.996229
vt 0.869670 0.971594
vt 0.872803 0.972329
vt 0.872803 0.997433
vt 0.935086 0.582271
vt 0.938486 0.582441
vt 0.390606 0.597159
vt 0.390606 0.625778
vt 0.388517 0.626102
vt 0.388517 0.596938
vt 0.711001 0.653558
vt 0.734776 0.646082
vt 0.757627 0.638473
vt 0.964804 0.781156
vt 0.959669 0.807894
vt 0.956330 0.808092
vt 0.961563 0.780845
vt 0.996274 0.954927
vt 0.996274 0.928653
vt 0.998916 0.928260
vt 0.998916 0.955035
vt 0.882701 0.074676
vt 0.884319 0.046356
vt 0.887542 0.046020
vt 0.885894 0.074879
vt 0.936797 0.869669
vt 0.936692 0.898693
vt 0.933610 0.899663
vt 0.933717 0.870086
vt 0.057406 0.006923
vt 0.356840 0.832684
vt 0.360325 0.804426
vt 0.373686 0.817786
vt 0.079481 0.380123
vt 0.099262 0.374263
vt 0.078858 0.406149
vt 0.076257 0.431667
vt 0.196001 0.836005
vt 0.198365 0.862601
vt 0.195633 0.864116
vt 0.193225 0.837013
vt 0.625658 0.995902
vt 0.625658 0.966016
vt 0.628985 0.965759
vt 0.628985 0.996214
vt 0.589897 0.817204
vt 0.583253 0.839691
vt 0.579811 0.839608
vt 0.586581 0.816693
vt 0.857074 0.017064
vt 0.844646 0.000704
vt 0.847489 -0.000000
vt 0.860154 0.016671
vt 0.940834 0.926756
vt 0.937830 0.928259
vt 0.930793 0.609112
vt 0.934111 0.609793
vt 0.375731 0.789323
vt 0.360416 0.774350
vt 0.374031 0.760190
vt 0.356840 0.744680
vt 0.581123 0.862065
vt 0.577640 0.862408
vt 0.813434 0.945168
vt 0.798642 0.968879
vt 0.796392 0.945168
vt 0.077765 0.355592
vt 0.055517 0.362210
vt 0.052866 0.338723
vt 0.029073 0.346567
vt 0.026256 0.325123
vt 0.002216 0.334419
vt 0.000000 0.315547
vt 0.371029 0.018872
vt 0.345767 0.010605
vt 0.368813 0.000000
vt 0.056342 0.388428
vt 0.030835 0.371754
vt 0.004157 0.357559
vt 0.372970 0.042012
vt 0.347203 0.031172
vt 0.055414 0.415215
vt 0.031402 0.398715
vt 0.005648 0.383481
vt 0.374460 0.067934
vt 0.348876 0.055096
vt 0.325210 0.045219
vt 0.053146 0.440590
vt 0.030904 0.425242
vt 0.006612 0.410091
vt 0.108879 0.712065
vt 0.114105 0.684005
vt 0.116998 0.684511
vt 0.111672 0.713105
vt 0.350668 0.080682
vt 0.327123 0.068944
vt 0.306043 0.059685
vt 0.998187 0.047015
vt 0.998187 0.074994
vt 0.995167 0.074712
vt 0.995167 0.046201
vt 0.872803 0.973629
vt 0.872803 0.946117
vt 0.875504 0.946808
vt 0.875504 0.974844
vt 0.846165 0.414532
vt 0.418540 0.568891
vt 0.940834 0.841870
vt 0.937830 0.841757
vt 0.653252 0.940003
vt 0.651258 0.964166
vt 0.647794 0.963858
vt 0.649825 0.939234
vt 0.572429 0.963899
vt 0.570750 0.941463
vt 0.574121 0.941248
vt 0.575833 0.964112
vt 0.653252 0.990052
vt 0.649825 0.990237
vt 0.797090 0.465056
vt 0.793626 0.464549
vt 0.982691 0.781388
vt 0.980453 0.808783
vt 0.976727 0.808762
vt 0.979007 0.780845
vt 0.570750 0.984868
vt 0.574121 0.985481
vt 0.114481 0.788164
vt 0.118560 0.813975
vt 0.115389 0.814889
vt 0.111232 0.788587
vt 0.819919 0.426552
vt 0.842774 0.444244
vt 0.617219 0.790850
vt 0.620533 0.790918
vt 0.323202 0.021596
vt 0.345421 0.008171
vt 0.079509 0.601324
vt 0.082448 0.599823
vt 0.961358 0.692530
vt 0.957648 0.670073
vt 0.960812 0.668933
vt 0.964592 0.691817
vt 0.394348 0.583942
vt 0.420369 0.598308
vt 0.395126 0.613837
vt 0.420769 0.629076
vt 0.979548 0.132250
vt 0.976388 0.105480
vt 0.979910 0.105461
vt 0.983130 0.132740
vt 0.961031 0.714564
vt 0.964259 0.714271
vt 0.982691 0.834956
vt 0.979007 0.835434
vt 0.419707 0.658789
vt 0.957648 0.734846
vt 0.960812 0.734940
vt 0.838214 0.899917
vt 0.838214 0.927844
vt 0.835322 0.928839
vt 0.835322 0.900381
vt 0.444145 0.583340
vt 0.445608 0.613622
vt 0.444932 0.644057
vt 0.863947 0.065507
vt 0.857181 0.046734
vt 0.860263 0.046907
vt 0.867158 0.066038
vt 0.061326 0.917631
vt 0.053589 0.895972
vt 0.056851 0.895877
vt 0.064735 0.917948
vt 0.442326 0.672357
vt 0.279047 0.859045
vt 0.283345 0.885875
vt 0.279966 0.886791
vt 0.275586 0.859450
vt 0.705206 0.971983
vt 0.705206 0.995400
vt 0.701886 0.995647
vt 0.701886 0.971784
vt 0.013877 0.965375
vt 0.013877 0.993779
vt 0.010336 0.993839
vt 0.010336 0.964894
vt 0.069972 0.019037
vt 0.094852 0.023083
vt 0.467702 0.598720
vt 0.468091 0.628686
vt 0.465919 0.657679
vt 0.461684 0.683823
vt 0.456150 0.706099
vt 0.630159 0.894794
vt 0.631357 0.919900
vt 0.615629 0.911947
vt 0.615629 0.937983
vt 0.631592 0.713153
vt 0.628547 0.739533
vt 0.625365 0.738973
vt 0.628468 0.712090
vt 0.116156 0.028837
vt 0.115638 0.654928
vt 0.118560 0.654880
vt 0.628697 0.884838
vt 0.628697 0.856254
vt 0.632299 0.856156
vt 0.632299 0.885284
vt 0.487644 0.613844
vt 0.486576 0.642443
vt 0.482896 0.669261
vt 0.477298 0.692942
vt 0.278598 0.295625
vt 0.295848 0.310212
vt 0.098338 0.738428
vt 0.101652 0.714365
vt 0.105012 0.715017
vt 0.101635 0.739537
vt 0.696708 0.829860
vt 0.703670 0.802107
vt 0.706918 0.802520
vt 0.699823 0.830802
vt 0.458376 0.805375
vt 0.223309 0.384671
vt 0.247959 0.369045
vt 0.271057 0.355759
vt 0.999244 0.107052
vt 0.999244 0.132325
vt 0.996665 0.131460
vt 0.996665 0.105705
vt 0.091060 0.763704
vt 0.094218 0.765295
vt 0.685031 0.856319
vt 0.687924 0.857765
vt 0.193632 0.608803
vt 0.194082 0.582186
vt 0.197318 0.582403
vt 0.196859 0.609526
vt 0.079509 0.788535
vt 0.082448 0.790599
vt 0.826386 0.993038
vt 0.826386 0.966456
vt 0.829183 0.965586
vt 0.829183 0.992675
vt 0.857594 0.110007
vt 0.857393 0.093602
vt 0.860479 0.094667
vt 0.860684 0.111385
vt 0.623806 0.759698
vt 0.620533 0.759522
vt 0.804026 0.915615
vt 0.804026 0.944048
vt 0.800453 0.944560
vt 0.800453 0.915586
vt 0.178812 0.949688
vt 0.176408 0.921997
vt 0.180023 0.922009
vt 0.182473 0.950227
vt 0.900462 0.917841
vt 0.900462 0.946396
vt 0.897456 0.946986
vt 0.897456 0.917887
vt 0.986162 0.808906
vt 0.988008 0.836399
vt 0.984572 0.836988
vt 0.982691 0.808972
vt 0.198836 0.401751
vt 0.225033 0.414232
vt 0.200637 0.431696
vt 0.227603 0.444906
vt 0.203843 0.461501
vt 0.230820 0.474296
vt 0.913369 0.842384
vt 0.910563 0.841757
vt 0.233350 0.943782
vt 0.233350 0.966420
vt 0.229713 0.967260
vt 0.229713 0.944190
vt 0.250224 0.397088
vt 0.252731 0.427369
vt 0.255297 0.457621
vt 0.257726 0.485586
vt 0.234357 0.500451
vt 0.274267 0.381524
vt 0.277261 0.410261
vt 0.279765 0.440136
vt 0.281592 0.468929
vt 0.282708 0.494792
vt 0.295714 0.368310
vt 0.299499 0.394763
vt 0.302440 0.423174
vt 0.304267 0.451658
vt 0.304933 0.478318
vt 0.304603 0.501812
vt 0.456452 0.236393
vt 0.803918 0.792860
vt 0.819683 0.804571
vt 0.781659 0.808655
vt 0.534131 0.789271
vt 0.530616 0.789553
vt 0.376725 0.759607
vt 0.378457 0.789295
vt 0.730632 0.490056
vt 0.822165 0.777383
vt 0.805029 0.763827
vt 0.783996 0.779164
vt 0.783937 0.749113
vt 0.850823 0.441245
vt 0.863505 0.418104
vt 0.867014 0.418649
vt 0.854090 0.442231
vt 0.198314 0.636676
vt 0.193459 0.666244
vt 0.189758 0.665810
vt 0.194705 0.635678
vt 0.390814 0.530255
vt 0.394570 0.504328
vt 0.418738 0.520487
vt 0.423007 0.493058
vt 0.446207 0.508301
vt 0.450134 0.480361
vt 0.284930 0.798514
vt 0.291590 0.769449
vt 0.295221 0.770126
vt 0.288434 0.799744
vt 0.632428 0.966126
vt 0.632428 0.994270
vt 0.628985 0.994439
vt 0.628985 0.965759
vt 0.293681 0.741040
vt 0.297352 0.741176
vt 0.210015 0.973005
vt 0.210015 0.997049
vt 0.207108 0.997774
vt 0.207108 0.973272
vt 0.398603 0.475640
vt 0.426696 0.463874
vt 0.452752 0.451792
vt 0.113370 0.626891
vt 0.116249 0.626309
vt 0.524142 0.700139
vt 0.534978 0.721123
vt 0.531863 0.721913
vt 0.520821 0.700529
vt 0.113212 0.740237
vt 0.112172 0.765393
vt 0.108879 0.765382
vt 0.109939 0.739747
vt 0.558000 0.252052
vt 0.530811 0.264620
vt 0.234513 0.180944
vt 0.256387 0.194806
vt 0.254338 0.195880
vt 0.232048 0.181754
vt 0.857399 0.944724
vt 0.857399 0.968984
vt 0.854279 0.970340
vt 0.854279 0.945617
vt 0.402597 0.446433
vt 0.429572 0.435248
vt 0.454055 0.424657
vt 0.722217 0.464791
vt 0.118560 0.714093
vt 0.115389 0.713105
vt 0.278322 0.206461
vt 0.276692 0.207757
vt 0.176408 0.976844
vt 0.180023 0.977901
vt 0.991271 0.207723
vt 0.989911 0.234474
vt 0.986636 0.234942
vt 0.988023 0.207682
vt 0.387518 0.703944
vt 0.385871 0.684293
vt 0.388947 0.683141
vt 0.390625 0.703166
vt 0.189758 0.634466
vt 0.192912 0.635678
vt 0.097701 0.561192
vt 0.116912 0.540561
vt 0.119231 0.542211
vt 0.099654 0.563234
vt 0.998254 0.340029
vt 0.998254 0.368611
vt 0.995688 0.368427
vt 0.995688 0.339300
vt 0.431595 0.409067
vt 0.454272 0.400377
vt 0.971246 0.246202
vt 0.971246 0.225306
vt 0.974954 0.225281
vt 0.974954 0.246576
vt 0.741802 0.619979
vt 0.717104 0.626886
vt 0.273047 0.885261
vt 0.275036 0.903375
vt 0.271442 0.904419
vt 0.269415 0.885960
vt 0.525966 0.389379
vt 0.504618 0.381554
vt 0.725097 0.599076
vt 0.988008 0.781305
vt 0.984572 0.780845
vt 0.583143 0.882209
vt 0.579699 0.882936
vt 0.708484 0.971784
vt 0.708484 0.996907
vt 0.705510 0.998283
vt 0.705510 0.972682
vt 0.527963 0.672193
vt 0.524715 0.672050
vt 0.708662 0.576792
vt 0.053589 0.944707
vt 0.056851 0.945540
vt 0.343960 0.950793
vt 0.343960 0.975229
vt 0.340653 0.975767
vt 0.340653 0.950865
vt 0.952687 0.161336
vt 0.947994 0.137454
vt 0.951445 0.136907
vt 0.956227 0.161244
vt 0.178093 0.475434
vt 0.171798 0.445628
vt 0.196940 0.457984
vt 0.191843 0.428422
vt 0.168404 0.415848
vt 0.196940 0.526470
vt 0.172150 0.516856
vt 0.186798 0.502939
vt 0.161871 0.491329
vt 0.154027 0.462524
vt 0.149447 0.432507
vt 0.997978 0.619364
vt 0.997978 0.647873
vt 0.994864 0.648448
vt 0.994864 0.619395
vt 0.193724 0.555954
vt 0.189758 0.527299
vt 0.192912 0.526470
vt 0.196953 0.555671
vt 0.193459 0.697016
vt 0.189758 0.697167
vt 0.515292 0.362174
vt 0.536767 0.370042
vt 0.872039 0.026420
vt 0.875028 0.025705
vt 0.528235 0.623749
vt 0.531669 0.624865
vt 0.275036 0.868197
vt 0.271442 0.868571
vt 0.993472 0.135924
vt 0.993472 0.106155
vt 0.996665 0.105705
vt 0.996665 0.136041
vt 0.534978 0.647243
vt 0.531863 0.646625
vt 0.584801 0.235926
vt 0.297352 0.710006
vt 0.297359 0.682553
vt 0.300755 0.682251
vt 0.300748 0.710226
vt 0.914304 0.349160
vt 0.914304 0.376938
vt 0.910854 0.377383
vt 0.910854 0.349076
vt 0.493408 0.356372
vt 0.502176 0.337142
vt 0.999029 0.889435
vt 0.999029 0.914989
vt 0.996391 0.914594
vt 0.996391 0.888553
vt 0.291590 0.712547
vt 0.295221 0.712140
vt 0.626463 0.782439
vt 0.631592 0.802411
vt 0.628468 0.803048
vt 0.623242 0.782696
vt 0.098419 0.537239
vt 0.115757 0.515314
vt 0.096660 0.512772
vt 0.111850 0.490711
vt 0.092976 0.489412
vt 0.072097 0.481343
vt 0.052685 0.495778
vt 0.053648 0.468219
vt 0.983836 0.591011
vt 0.986212 0.619107
vt 0.982980 0.619364
vt 0.980559 0.590732
vt 0.385871 0.726676
vt 0.388947 0.726332
vt 0.349477 0.223397
vt 0.349420 0.197130
vt 0.374460 0.210072
vt 0.325740 0.234510
vt 0.324212 0.210326
vt 0.281848 0.836841
vt 0.278441 0.836823
vt 0.108879 0.600900
vt 0.111672 0.599823
vt 0.414805 0.910940
vt 0.411766 0.910648
vt 0.031726 0.453514
vt 0.589777 0.972394
vt 0.589777 0.994926
vt 0.586463 0.994983
vt 0.586463 0.972023
vt 0.979548 0.084892
vt 0.983130 0.084480
vt 0.198314 0.726585
vt 0.194705 0.727299
vt 0.844646 0.135052
vt 0.847489 0.136907
vt 0.007113 0.437987
vt 0.695419 0.755721
vt 0.685031 0.733740
vt 0.687924 0.732851
vt 0.698509 0.755251
vt 0.647794 0.967471
vt 0.647794 0.995749
vt 0.644498 0.995982
vt 0.644498 0.967166
vt 0.589897 0.903316
vt 0.586581 0.904445
vt 0.983776 0.982962
vt 0.985586 0.955716
vt 0.988841 0.955638
vt 0.986997 0.983403
vt 0.105446 0.694674
vt 0.108879 0.694951
vt 0.991885 0.076755
vt 0.991885 0.046417
vt 0.995167 0.046201
vt 0.995167 0.077117
vt 0.138485 0.918768
vt 0.136774 0.945110
vt 0.134248 0.944404
vt 0.135991 0.917559
vt 0.323247 0.182321
vt 0.138485 0.971916
vt 0.135991 0.971720
vt 0.520821 0.645103
vt 0.524113 0.646625
vt 0.986212 0.564212
vt 0.982980 0.563422
vt 0.384665 0.610911
vt 0.381444 0.587633
vt 0.385097 0.587180
vt 0.388379 0.610902
vt 0.995050 0.618187
vt 0.995050 0.592193
vt 0.998100 0.592577
vt 0.998100 0.619066
vt 0.915870 0.917046
vt 0.913112 0.917841
vt 0.755434 0.970203
vt 0.755434 0.943064
vt 0.758859 0.942860
vt 0.758859 0.970515
vt 0.301438 0.221272
vt 0.299095 0.195468
vt 0.297911 0.166661
vt 0.284930 0.683216
vt 0.288434 0.682251
vt 0.672185 0.947732
vt 0.672185 0.976211
vt 0.668650 0.976726
vt 0.668650 0.947705
vt 0.835265 0.897144
vt 0.835265 0.875214
vt 0.838184 0.875446
vt 0.838184 0.897793
vt 0.608083 0.190988
vt 0.585200 0.209207
vt 0.552284 0.969160
vt 0.552284 0.943260
vt 0.555688 0.943002
vt 0.555688 0.969395
vt 0.300248 0.222850
vt 0.458305 0.867574
vt 0.458305 0.897363
vt 0.455113 0.897667
vt 0.455113 0.867311
vt 0.302602 0.081772
vt 0.534316 0.967919
vt 0.534316 0.995278
vt 0.531055 0.995232
vt 0.531055 0.967352
vt 0.838184 0.846381
vt 0.838184 0.875214
vt 0.835119 0.874955
vt 0.835119 0.845573
vt 0.275904 0.179877
vt 0.275199 0.151356
vt 0.494677 0.966485
vt 0.494677 0.994972
vt 0.491319 0.995348
vt 0.491319 0.966318
vt 0.983776 0.928849
vt 0.986997 0.928260
vt 0.997450 0.408082
vt 0.997450 0.435968
vt 0.994302 0.435588
vt 0.994302 0.407170
vt 0.284930 0.888935
vt 0.297657 0.865646
vt 0.300561 0.866745
vt 0.287591 0.890476
vt 0.989911 0.182224
vt 0.986636 0.181697
vt 0.279243 0.096084
vt 0.283310 0.072571
vt 0.261841 0.081139
vt 0.276380 0.122791
vt 0.257119 0.107107
vt 0.254368 0.136007
vt 0.254118 0.165982
vt 0.187432 0.773950
vt 0.196902 0.797879
vt 0.193951 0.799535
vt 0.184301 0.775150
vt 0.246493 0.067692
vt 0.239771 0.092069
vt 0.500502 0.570409
vt 0.485836 0.585375
vt 0.481465 0.558919
vt 0.235020 0.120207
vt 0.218792 0.105166
vt 0.504329 0.599131
vt 0.233140 0.150590
vt 0.214876 0.134758
vt 0.520821 0.614465
vt 0.504717 0.629097
vt 0.214619 0.165534
vt 0.198471 0.149699
vt 0.519146 0.644889
vt 0.501639 0.658079
vt 0.928125 0.531535
vt 0.928125 0.500757
vt 0.930650 0.500641
vt 0.930650 0.532005
vt 0.860985 0.392744
vt 0.866455 0.369823
vt 0.870020 0.369449
vt 0.864446 0.392807
vt 0.796020 0.942672
vt 0.796020 0.968634
vt 0.792295 0.968964
vt 0.792295 0.942508
vt 0.218042 0.195091
vt 0.200254 0.179671
vt 0.368544 0.332818
vt 0.344012 0.322353
vt 0.355080 0.308130
vt 0.329619 0.299767
vt 0.319224 0.314895
vt 0.304933 0.294796
vt 0.352901 0.910182
vt 0.352901 0.881738
vt 0.356492 0.881430
vt 0.356492 0.910417
vt 0.292921 0.847383
vt 0.295735 0.848133
vt 0.520821 0.530907
vt 0.524113 0.530255
vt 0.761689 0.943476
vt 0.761690 0.970656
vt 0.758859 0.970558
vt 0.758859 0.942860
vt 0.383336 0.635570
vt 0.387025 0.636030
vt 0.774962 0.888000
vt 0.777032 0.912212
vt 0.773621 0.912756
vt 0.771511 0.888083
vt 0.390814 0.345923
vt 0.378622 0.358542
vt 0.355965 0.346858
vt 0.332107 0.337435
vt 0.308751 0.330457
vt 0.314563 0.352059
vt 0.339129 0.361293
vt 0.363537 0.372747
vt 0.671860 0.976726
vt 0.671860 0.997973
vt 0.668650 0.998549
vt 0.668650 0.976897
vt 0.390606 0.568086
vt 0.390606 0.596938
vt 0.388444 0.596642
vt 0.388444 0.567241
vt 0.319852 0.377647
vt 0.344935 0.389034
vt 0.324004 0.406286
vt 0.300934 0.765869
vt 0.300934 0.794862
vt 0.297352 0.795208
vt 0.297352 0.765662
vt 0.325013 0.236341
vt 0.196902 0.730846
vt 0.189281 0.747015
vt 0.186185 0.747702
vt 0.193951 0.731225
vt 0.369012 0.401988
vt 0.348717 0.419206
vt 0.326507 0.436161
vt 0.223576 0.919638
vt 0.223576 0.945409
vt 0.220242 0.945827
vt 0.220242 0.919565
vt 0.892557 0.502114
vt 0.885800 0.529787
vt 0.882648 0.528842
vt 0.889534 0.500641
vt 0.390059 0.415588
vt 0.371582 0.432662
vt 0.350007 0.449567
vt 0.327177 0.465052
vt 0.105221 0.673009
vt 0.108649 0.672873
vt 0.994823 0.590727
vt 0.994823 0.563422
vt 0.998077 0.563427
vt 0.998077 0.591252
vt 0.185974 0.921997
vt 0.185974 0.938656
vt 0.182473 0.939368
vt 0.182473 0.922392
vt 0.856800 0.343418
vt 0.860182 0.342541
vt 0.390814 0.445601
vt 0.371047 0.462371
vt 0.348896 0.477832
vt 0.326215 0.491092
vt 0.297359 0.734630
vt 0.300755 0.735320
vt 0.867158 0.129488
vt 0.876731 0.103079
vt 0.879810 0.103824
vt 0.870055 0.130736
vt 0.283345 0.812072
vt 0.279966 0.811582
vt 0.612003 0.814681
vt 0.615218 0.815203
vt 0.646096 0.377921
vt 0.652174 0.404228
vt 0.632506 0.399657
vt 0.388271 0.473682
vt 0.661129 0.430701
vt 0.640400 0.427371
vt 0.367886 0.489095
vt 0.345936 0.502446
vt 0.324071 0.513268
vt 0.075646 0.504710
vt 0.077824 0.529982
vt 0.078015 0.555602
vt 0.485608 0.315436
vt 0.509038 0.319075
vt 0.477785 0.335407
vt 0.468821 0.356007
vt 0.054531 0.520981
vt 0.030188 0.510872
vt 0.055014 0.547438
vt 0.030246 0.537142
vt 0.005647 0.525618
vt 0.075894 0.579572
vt 0.053755 0.573159
vt 0.029232 0.563682
vt 0.004241 0.551882
vt 0.373054 0.236335
vt 0.458841 0.314427
vt 0.465651 0.294796
vt 0.050717 0.596007
vt 0.027054 0.588294
vt 0.002322 0.577305
vt 0.371135 0.261759
vt 0.347261 0.248560
vt 0.450953 0.335844
vt 0.430580 0.316333
vt 0.437402 0.295256
vt 0.408944 0.299137
vt 0.000000 0.599823
vt 0.377207 0.659778
vt 0.380780 0.660699
vt 0.990497 0.668933
vt 0.988655 0.694795
vt 0.985346 0.695476
vt 0.987223 0.669121
vt 0.186368 0.761619
vt 0.183216 0.762585
vt 0.198365 0.809736
vt 0.195633 0.810244
vt 0.990497 0.721157
vt 0.987223 0.722340
vt 0.442751 0.357197
vt 0.423578 0.338422
vt 0.402997 0.320802
vt 0.726506 0.316713
vt 0.701191 0.313055
vt 0.721572 0.294795
vt 0.998567 0.137532
vt 0.998567 0.164272
vt 0.995959 0.164156
vt 0.995959 0.136907
vt 0.867158 0.001196
vt 0.870055 -0.000000
vt 0.998432 0.294475
vt 0.998432 0.321586
vt 0.995367 0.321268
vt 0.995367 0.293641
vt 0.533140 0.838490
vt 0.532917 0.813041
vt 0.535334 0.813824
vt 0.535561 0.839758
vt 0.883604 0.559309
vt 0.880411 0.558926
vt 0.530616 0.864346
vt 0.532989 0.866106
vt 0.684248 0.477570
vt 0.672175 0.455571
vt 0.696336 0.460722
vt 0.684889 0.436053
vt 0.674712 0.408966
vt 0.666818 0.381251
vt 0.603216 0.836314
vt 0.606264 0.837248
vt 0.701685 0.778297
vt 0.704895 0.778257
vt 0.711396 0.440936
vt 0.458200 0.898855
vt 0.458200 0.916700
vt 0.455113 0.915852
vt 0.455113 0.897667
vt 0.700936 0.414007
vt 0.279301 0.035959
vt 0.297173 0.019779
vt 0.777032 0.865858
vt 0.773621 0.865519
vt 0.691836 0.385588
vt 0.719744 0.390729
vt 0.592278 0.854868
vt 0.595117 0.856156
vt 0.530616 0.789553
vt 0.532989 0.789889
vt 0.376091 0.562037
vt 0.379642 0.561096
vt 0.252424 0.992220
vt 0.249985 0.992280
vt 0.684942 0.357852
vt 0.711639 0.362273
vt 0.740015 0.367998
vt 0.592278 0.713495
vt 0.595117 0.712090
vt 0.367073 0.681801
vt 0.370452 0.683141
vt 0.367073 0.538810
vt 0.370452 0.537427
vt 0.390813 0.627107
vt 0.390813 0.650713
vt 0.388517 0.650158
vt 0.388517 0.626102
vt 0.151531 0.463531
vt 0.146863 0.432942
vt 0.954063 0.057832
vt 0.954063 0.039894
vt 0.957098 0.038543
vt 0.957098 0.056822
vt 0.680603 0.332824
vt 0.705391 0.335838
vt 0.732571 0.340845
vt 0.397007 0.344953
vt 0.418211 0.363755
vt 0.390814 0.372418
vt 0.964804 0.833527
vt 0.961563 0.834213
vt 0.159524 0.492883
vt 0.437572 0.382646
vt 0.535602 0.725659
vt 0.532115 0.724730
vt 0.975395 0.181745
vt 0.978733 0.181697
vt 0.301089 0.735532
vt 0.301089 0.765308
vt 0.297352 0.765662
vt 0.297352 0.735320
vt 0.284908 0.251462
vt 0.301491 0.266458
vt 0.277380 0.266084
vt 0.264368 0.244499
vt 0.280437 0.231534
vt 0.303380 0.245105
vt 0.597636 0.446084
vt 0.607840 0.425827
vt 0.620138 0.449368
vt 0.030246 0.631934
vt 0.049944 0.647776
vt 0.034500 0.653090
vt 0.023662 0.609538
vt 0.045738 0.625269
vt 0.264935 0.783730
vt 0.267878 0.756035
vt 0.283376 0.775103
vt 0.242841 0.793124
vt 0.246616 0.764873
vt 0.065150 0.642903
vt 0.284930 0.748765
vt 0.267879 0.728722
vt 0.283376 0.723541
vt 0.264935 0.703727
vt 0.247972 0.736045
vt 0.246616 0.708861
vt 0.242841 0.685187
vt 0.222185 0.774817
vt 0.224300 0.745399
vt 0.224300 0.716644
vt 0.222185 0.690800
vt 0.198471 0.756195
vt 0.199216 0.726855
vt 0.198471 0.699449
vt 0.632506 0.427850
vt 0.619256 0.402971
vt 0.047212 0.671543
vt 0.063802 0.667442
vt 0.282067 0.702771
vt 0.261164 0.682251
vt 0.059394 0.692961
vt 0.079509 0.663764
vt 0.076460 0.690279
vt 0.069890 0.716684
vt 0.681527 0.539284
vt 0.677157 0.565541
vt 0.656530 0.555797
vt 0.654388 0.581753
vt 0.674991 0.590895
vt 0.708662 0.525315
vt 0.702577 0.550677
vt 0.698265 0.576192
vt 0.695584 0.600167
vt 0.025824 0.670391
vt 0.038120 0.691522
vt 0.049552 0.715508
vt 0.656725 0.609184
vt 0.678765 0.617845
vt 0.025692 0.714223
vt 0.014349 0.690534
vt 0.000000 0.712919
vt 0.058876 0.741200
vt 0.035855 0.740245
vt 0.009945 0.738564
vt 0.052477 0.741200
vt 0.078973 0.755006
vt 0.052762 0.764238
vt 0.078973 0.780163
vt 0.052477 0.790202
vt 0.726141 0.747416
vt 0.741787 0.767882
vt 0.714405 0.771759
vt 0.661713 0.637963
vt 0.720784 0.704845
vt 0.737886 0.724579
vt 0.708662 0.726874
vt 0.753295 0.745353
vt 0.766416 0.765569
vt 0.700055 0.625965
vt 0.684409 0.645228
vt 0.669000 0.666055
vt 0.655053 0.687201
vt 0.645809 0.659569
vt 0.632506 0.681165
vt 0.643664 0.707184
vt 0.748808 0.704865
vt 0.763960 0.724768
vt 0.776944 0.745099
vt 0.734451 0.792282
vt 0.761227 0.788173
vt 0.615655 0.661774
vt 0.605164 0.635388
vt 0.631081 0.643681
vt 0.606380 0.712090
vt 0.597338 0.682805
vt 0.624982 0.689981
vt 0.587251 0.654244
vt 0.576932 0.628437
vt 0.577008 0.705672
vt 0.567188 0.675974
vt 0.557358 0.647958
vt 0.548233 0.623417
vt 0.546315 0.699218
vt 0.536767 0.670068
vt 0.015339 0.645912
vt 0.624226 0.619447
vt 0.596040 0.610843
vt 0.566147 0.604557
vt 0.008892 0.623284
vt 0.000000 0.599823
vt 0.282067 0.801587
vt 0.615146 0.594865
vt 0.261165 0.811582
vt 0.585236 0.586850
vt 0.920329 0.475165
vt 0.899945 0.461881
vt 0.918483 0.444244
vt 0.536767 0.601057
vt 0.554575 0.582128
vt 0.573387 0.565531
vt 0.899945 0.492997
vt 0.610407 0.516587
vt 0.605723 0.492022
vt 0.631420 0.498021
vt 0.625664 0.472869
vt 0.601415 0.468109
vt 0.581516 0.430020
vt 0.147220 0.377019
vt 0.165383 0.359948
vt 0.165512 0.387845
vt 0.914424 0.318685
vt 0.914424 0.294796
vt 0.932297 0.313730
vt 0.591383 0.407250
vt 0.573302 0.386775
vt 0.602669 0.382097
vt 0.631404 0.378416
vt 0.554629 0.365552
vt 0.584473 0.359983
vt 0.614855 0.355959
vt 0.536767 0.345164
vt 0.565854 0.338247
vt 0.596773 0.333322
vt 0.186442 0.371313
vt 0.187915 0.342465
vt 0.548281 0.318673
vt 0.578433 0.312389
vt 0.148227 0.350623
vt 0.167941 0.332756
vt 0.191687 0.315547
vt 0.561270 0.294796
vt 0.108519 0.014044
vt 0.131977 0.026792
vt 0.809371 0.464299
vt 0.807593 0.490687
vt 0.798036 0.483791
vt 0.825010 0.444244
vt 0.821509 0.470687
vt 0.318281 0.004334
vt 0.124396 0.011744
vt 0.809371 0.517756
vt 0.798036 0.509173
vt 0.821509 0.499003
vt 0.839961 0.450404
vt 0.838257 0.478884
vt 0.839961 0.508473
vt 0.189758 0.526470
vt 0.187259 0.547409
vt 0.161989 0.533020
vt 0.158703 0.555972
vt 0.134136 0.543150
vt 0.130893 0.567319
vt 0.785937 0.301466
vt 0.777636 0.320150
vt 0.762994 0.294796
vt 0.752628 0.315255
vt 0.155419 0.581991
vt 0.128421 0.593467
vt 0.798036 0.326179
vt 0.788807 0.345422
vt 0.766431 0.341127
vt 0.740015 0.337813
vt 0.180031 0.598976
vt 0.152381 0.608903
vt 0.126785 0.619515
vt 0.796609 0.368990
vt 0.776882 0.365780
vt 0.753115 0.362910
vt 0.175926 0.625450
vt 0.149753 0.634655
vt 0.125894 0.643797
vt 0.695206 0.669667
vt 0.708662 0.695829
vt 0.680152 0.692077
vt 0.694256 0.718787
vt 0.666849 0.713673
vt 0.656283 0.732851
vt 0.776944 0.709657
vt 0.345990 0.549834
vt 0.322978 0.563191
vt 0.324658 0.537427
vt 0.303238 0.552097
vt 0.303659 0.576143
vt 0.300561 0.903663
vt 0.279603 0.913966
vt 0.280073 0.890477
vt 0.337736 0.636716
vt 0.314464 0.644739
vt 0.317659 0.619187
vt 0.360612 0.654216
vt 0.336553 0.663588
vt 0.766110 0.225255
vt 0.741459 0.233337
vt 0.743888 0.206357
vt 0.788260 0.241859
vt 0.765097 0.251419
vt 0.300561 0.929609
vt 0.609121 0.217501
vt 0.361294 0.681296
vt 0.337316 0.690985
vt 0.740586 0.259829
vt 0.363466 0.707714
vt 0.340283 0.716675
vt 0.788041 0.266220
vt 0.765097 0.275982
vt 0.741459 0.283711
vt 0.367073 0.731338
vt 0.555623 0.273918
vt 0.788260 0.288231
vt 0.745278 0.140322
vt 0.768334 0.155929
vt 0.743658 0.162253
vt 0.768551 0.178269
vt 0.793481 0.169912
vt 0.198471 0.945858
vt 0.198471 0.919565
vt 0.219501 0.924805
vt 0.160344 0.862239
vt 0.183877 0.862520
vt 0.171312 0.888818
vt 0.193225 0.889470
vt 0.541799 0.553451
vt 0.564803 0.543691
vt 0.570306 0.565531
vt 0.593162 0.554138
vt 0.588261 0.530955
vt 0.615190 0.540075
vt 0.753662 0.843870
vt 0.776451 0.836119
vt 0.774040 0.864694
vt 0.171000 0.835617
vt 0.193225 0.835566
vt 0.536767 0.529647
vt 0.560375 0.518556
vt 0.583902 0.505589
vt 0.754671 0.816792
vt 0.776110 0.809162
vt 0.178552 0.809736
vt 0.504687 0.837775
vt 0.526846 0.827711
vt 0.530616 0.853674
vt 0.580313 0.480092
vt 0.753662 0.792282
vt 0.872218 0.360984
vt 0.892122 0.351999
vt 0.894348 0.377682
vt 0.502748 0.812069
vt 0.524945 0.801664
vt 0.577545 0.456151
vt 0.084868 0.007796
vt 0.098755 0.000000
vt 0.057559 0.003979
vt 0.389556 0.774987
vt 0.386046 0.747128
vt 0.371300 0.731338
vt 0.359206 0.743802
vt 0.299598 0.564524
vt 0.274130 0.550832
vt 0.298149 0.537427
vt 0.142559 0.661774
vt 0.168909 0.653180
vt 0.766431 0.388388
vt 0.788807 0.390529
vt 0.119231 0.669649
vt 0.135720 0.689103
vt 0.161476 0.682021
vt 0.154154 0.709930
vt 0.189758 0.673984
vt 0.181735 0.703523
vt 0.173553 0.730846
vt 0.740015 0.464549
vt 0.766337 0.479752
vt 0.740395 0.495156
vt 0.765631 0.510042
vt 0.740015 0.523675
vt 0.740015 0.386274
vt 0.752629 0.413449
vt 0.791149 0.494711
vt 0.788852 0.523582
vt 0.777636 0.414673
vt 0.762994 0.440180
vt 0.798036 0.415404
vt 0.785937 0.439905
vt 0.770518 0.464549
vt 0.319226 0.591094
vt 0.341410 0.578287
vt 0.301133 0.602730
vt 0.338592 0.607947
vt 0.367073 0.565035
vt 0.363466 0.595391
vt 0.361294 0.625862
vt 0.747818 0.178269
vt 0.770365 0.198698
vt 0.792215 0.145579
vt 0.766735 0.130374
vt 0.796577 0.183267
vt 0.795088 0.158946
vt 0.821853 0.171950
vt 0.821220 0.145262
vt 0.791399 0.117665
vt 0.794017 0.131040
vt 0.820395 0.115751
vt 0.744029 0.114528
vt 0.766209 0.102338
vt 0.791134 0.088084
vt 0.793481 0.101463
vt 0.819444 0.085726
vt 0.744284 0.087393
vt 0.766790 0.073807
vt 0.791399 0.059117
vt 0.793481 0.072495
vt 0.818452 0.057439
vt 0.844646 0.069902
vt 0.842228 0.043252
vt 0.502997 0.784724
vt 0.870020 0.334965
vt 0.526918 0.773851
vt 0.505615 0.754894
vt 0.530616 0.744597
vt 0.510580 0.724730
vt 0.892065 0.324653
vt 0.870495 0.305570
vt 0.894348 0.294796
vt 0.145624 0.403495
vt 0.166181 0.415965
vt 0.900588 0.419543
vt 0.917632 0.406281
vt 0.916252 0.436801
vt 0.137155 0.479088
vt 0.130907 0.449505
vt 0.128424 0.419850
vt 0.892779 0.136782
vt 0.887542 0.111941
vt 0.906467 0.111941
vt 0.129369 0.392185
vt 0.926079 0.339300
vt 0.900588 0.390745
vt 0.915326 0.377682
vt 0.119231 0.464478
vt 0.813014 0.272788
vt 0.813853 0.244109
vt 0.835679 0.257026
vt 0.788260 0.288231
vt 0.788772 0.260010
vt 0.836191 0.228929
vt 0.813604 0.214319
vt 0.788785 0.229499
vt 0.788260 0.198918
vt 0.300634 0.682251
vt 0.274895 0.669503
vt 0.301133 0.654030
vt 0.274473 0.639442
vt 0.301133 0.623518
vt 0.274196 0.608079
vt 0.300595 0.592938
vt 0.274088 0.577865
vt 0.247968 0.654871
vt 0.247256 0.623966
vt 0.247423 0.592978
vt 0.248391 0.564231
vt 0.249935 0.539284
vt 0.221879 0.639358
vt 0.221610 0.608812
vt 0.222802 0.579321
vt 0.225175 0.552783
vt 0.198471 0.624161
vt 0.199175 0.595036
vt 0.201625 0.567774
vt 0.258710 0.222206
vt 0.236412 0.210345
vt 0.215263 0.196171
vt 0.242848 0.235065
vt 0.221717 0.223037
vt 0.172582 0.756194
vt 0.165466 0.733007
vt 0.183216 0.730846
vt 0.153622 0.759233
vt 0.233002 0.248890
vt 0.255456 0.258993
vt 0.144409 0.734566
vt 0.129972 0.761223
vt 0.119231 0.735516
vt 0.159400 0.782003
vt 0.137899 0.785497
vt 0.247519 0.272970
vt 0.142630 0.806629
vt 0.119231 0.809736
vt 0.270254 0.280526
vt 0.543815 0.795250
vt 0.555745 0.783946
vt 0.565413 0.806839
vt 0.578836 0.793665
vt 0.591171 0.816693
vt 0.368907 0.287054
vt 0.344836 0.274480
vt 0.371272 0.264108
vt 0.346943 0.250658
vt 0.322665 0.260036
vt 0.287511 0.929609
vt 0.300818 0.954113
vt 0.279603 0.954113
vt 0.343028 0.294796
vt 0.321034 0.281314
vt 0.566493 0.768158
vt 0.536767 0.773382
vt 0.544846 0.758333
vt 0.741752 0.060820
vt 0.740586 0.031404
vt 0.766056 0.045512
vt 0.766419 0.015196
vt 0.792162 0.030013
vt 0.793978 0.043385
vt 0.592278 0.777029
vt 0.580769 0.749151
vt 0.793481 -0.000000
vt 0.795023 0.013361
vt 0.819810 0.028610
vt 0.556441 0.740309
vt 0.821078 -0.000000
vt 0.843742 0.015689
vt 0.294982 0.282374
vt 0.536767 0.731371
vt 0.549389 0.712090
vt 0.016371 0.945389
vt 0.023215 0.947022
vt 0.023214 0.972376
vt 0.016371 0.970743
vt 0.031254 0.946023
vt 0.031254 0.971377
vt 0.943182 0.059119
vt 0.951499 0.057832
vt 0.957098 0.082984
vt 0.948781 0.084272
vt 0.971403 0.293702
vt 0.980076 0.293641
vt 0.980076 0.319273
vt 0.971403 0.319334
vt 0.933803 0.616454
vt 0.940901 0.615606
vt 0.940901 0.641852
vt 0.933803 0.642700
vt 0.948769 0.616227
vt 0.948769 0.642473
vt 0.951590 0.986530
vt 0.960143 0.986530
vt 0.953932 0.997657
vt 0.943182 0.087120
vt 0.954483 0.099240
vt 0.975934 0.335007
vt 0.941672 0.657311
vt 0.999290 0.292370
vt 0.991441 0.291993
vt 0.991441 0.276671
vt 0.999290 0.277048
vt 0.998744 0.473238
vt 0.991619 0.473744
vt 0.991619 0.458422
vt 0.998744 0.457916
vt 0.118523 0.995562
vt 0.110054 0.995997
vt 0.110054 0.981010
vt 0.118523 0.980576
vt 0.472305 0.975788
vt 0.464409 0.976190
vt 0.464409 0.960884
vt 0.472305 0.960482
vt 0.457349 0.975626
vt 0.457349 0.960320
vt 0.191560 0.999166
vt 0.183030 0.999935
vt 0.183030 0.986472
vt 0.191560 0.985703
vt 0.471974 0.991060
vt 0.479188 0.986348
vt 0.479188 0.995875
vt 0.946416 0.610150
vt 0.938708 0.614130
vt 0.938708 0.604551
vt 0.112659 0.971111
vt 0.465245 0.951760
vt 0.472510 0.999668
vt 0.900462 0.953750
vt 0.907625 0.954918
vt 0.907625 0.977107
vt 0.900462 0.975939
vt 0.915445 0.954021
vt 0.915445 0.976210
vt 0.174012 0.977901
vt 0.182473 0.978880
vt 0.182473 0.998518
vt 0.174012 0.997539
vt 0.983824 0.340319
vt 0.992363 0.339300
vt 0.992363 0.356358
vt 0.983824 0.357378
vt 0.127623 0.978139
vt 0.136218 0.978762
vt 0.136218 0.998134
vt 0.127623 0.997512
vt 0.960717 0.888553
vt 0.969139 0.889667
vt 0.964172 0.908562
vt 0.955749 0.907447
vt 0.969139 0.913232
vt 0.958069 0.922189
vt 0.920329 0.487006
vt 0.928524 0.489846
vt 0.920329 0.500617
vt 0.930469 0.497241
vt 0.989421 0.370881
vt 0.233689 0.986647
vt 0.240815 0.986647
vt 0.240367 0.999875
vt 0.731088 0.998974
vt 0.722416 0.999141
vt 0.722416 0.980706
vt 0.731088 0.980539
vt 0.961947 0.521669
vt 0.953491 0.522480
vt 0.948430 0.501523
vt 0.956885 0.500712
vt 0.982947 0.483352
vt 0.974296 0.483363
vt 0.974296 0.457310
vt 0.982947 0.457298
vt 0.991795 0.118175
vt 0.983130 0.117867
vt 0.983130 0.099451
vt 0.991795 0.099759
vt 0.776750 0.952911
vt 0.769185 0.953198
vt 0.769185 0.927201
vt 0.776750 0.926913
vt 0.761725 0.952899
vt 0.761725 0.926901
vt 0.961947 0.495897
vt 0.950793 0.485537
vt 0.979186 0.443548
vt 0.987839 0.084480
vt 0.769290 0.912756
vt 0.556057 0.942312
vt 0.562494 0.941248
vt 0.562494 0.958951
vt 0.556057 0.960015
vt 0.570749 0.941736
vt 0.570750 0.959439
vt 0.390814 0.942343
vt 0.399187 0.941720
vt 0.399187 0.959036
vt 0.390814 0.959658
vt 0.405338 0.943399
vt 0.405338 0.960714
vt 0.987373 0.136907
vt 0.995959 0.137393
vt 0.995959 0.153963
vt 0.987373 0.153477
vt 0.990943 0.736697
vt 0.999297 0.737308
vt 0.999297 0.754690
vt 0.990943 0.754080
vt 0.687444 0.290903
vt 0.685614 0.282909
vt 0.697163 0.282909
vt 0.564312 0.969939
vt 0.396965 0.970566
vt 0.990590 0.165462
vt 0.695007 0.294613
vt 0.356840 0.923967
vt 0.364177 0.924792
vt 0.364177 0.949088
vt 0.356840 0.948263
vt 0.371854 0.924072
vt 0.371854 0.948368
vt 0.198471 0.973005
vt 0.207108 0.973265
vt 0.207108 0.996669
vt 0.198471 0.996408
vt 0.095877 0.917784
vt 0.103230 0.916892
vt 0.103230 0.941116
vt 0.095877 0.942007
vt 0.110893 0.917680
vt 0.110893 0.941903
vt 0.086699 0.949941
vt 0.095224 0.950647
vt 0.090720 0.964986
vt 0.082194 0.964281
vt 0.095224 0.971425
vt 0.084298 0.978363
vt 0.364517 0.960495
vt 0.999468 0.548189
vt 0.991569 0.551359
vt 0.991569 0.536582
vt 0.103540 0.955707
vt 0.918322 0.694905
vt 0.926040 0.693218
vt 0.926040 0.723335
vt 0.918322 0.725023
vt 0.933330 0.695222
vt 0.933330 0.725340
vt 0.806399 0.971758
vt 0.813985 0.968879
vt 0.813985 0.993165
vt 0.806399 0.996044
vt 0.958944 0.615606
vt 0.967617 0.615609
vt 0.967617 0.648896
vt 0.958944 0.648893
vt 0.945223 0.564399
vt 0.953219 0.563422
vt 0.946704 0.586433
vt 0.938708 0.587411
vt 0.988841 0.958960
vt 0.996587 0.956212
vt 0.996587 0.979876
vt 0.988841 0.982624
vt 0.925611 0.743081
vt 0.991271 0.181697
vt 0.999715 0.183557
vt 0.991271 0.197307
vt 0.963454 0.666530
vt 0.941750 0.604551
vt 0.953219 0.591307
vt 0.398725 0.927309
vt 0.399459 0.940863
vt 0.390814 0.933535
vt 0.390814 0.930184
vt 0.390814 0.927778
vt 0.390814 0.923216
vt 0.408868 0.935922
vt 0.406636 0.941720
vt 0.408938 0.931057
vt 0.411333 0.917550
vt 0.411766 0.924705
vt 0.409037 0.925985
vt 0.408969 0.929494
vt 0.400652 0.910648
vt 0.390814 0.912897
vt 0.397816 0.911273
vt 0.398751 0.911083
vt 0.682733 0.964218
vt 0.682720 0.972223
vt 0.676801 0.978126
vt 0.674356 0.975675
vt 0.673951 0.966435
vt 0.912924 0.208221
vt 0.910501 0.207517
vt 0.911793 0.204440
vt 0.910589 0.198593
vt 0.909801 0.195736
vt 0.913086 0.194589
vt 0.917002 0.198464
vt 0.968176 0.090746
vt 0.976073 0.088716
vt 0.974884 0.096893
vt 0.966965 0.099225
vt 0.965430 0.084827
vt 0.976165 0.084827
vt 0.912680 0.186596
vt 0.909975 0.192740
vt 0.909909 0.187583
vt 0.925000 0.189186
vt 0.925000 0.197882
vt 0.626791 0.292297
vt 0.620944 0.285142
vt 0.619741 0.275892
vt 0.623710 0.273918
vt 0.628335 0.274483
vt 0.629859 0.278747
vt 0.629219 0.283399
vt 0.630820 0.281392
vt 0.630967 0.276907
vt 0.630113 0.274547
vt 0.636290 0.275507
vt 0.636290 0.288706
vt 0.931296 0.827436
vt 0.932399 0.827436
vt 0.931143 0.827882
vt 0.931633 0.841086
vt 0.931733 0.841645
vt 0.928320 0.839008
vt 0.927843 0.827438
vt 0.497853 0.914604
vt 0.501666 0.912197
vt 0.502060 0.914352
vt 0.501518 0.917148
vt 0.502836 0.916073
vt 0.503584 0.913762
vt 0.503080 0.911423
vt 0.512205 0.906016
vt 0.515386 0.913026
vt 0.513102 0.914614
vt 0.513061 0.915213
vt 0.504433 0.923397
vt 0.495548 0.920955
vt 0.533351 0.273918
vt 0.539733 0.275154
vt 0.546492 0.280832
vt 0.547337 0.289172
vt 0.531445 0.288628
vt 0.688663 0.978606
vt 0.688663 0.962721
vt 0.692771 0.962853
vt 0.530379 0.294097
vt 0.548855 0.294097
vt 0.502051 0.907489
vt 0.500878 0.904680
vt 0.509321 0.902560
vt 0.507173 0.893504
vt 0.498912 0.898145
vt 0.296790 0.969256
vt 0.296862 0.964609
vt 0.298367 0.954113
vt 0.300818 0.954460
vt 0.300369 0.972951
vt 0.300818 0.973562
vt 0.198471 0.333335
vt 0.198336 0.336128
vt 0.197994 0.336256
vt 0.198145 0.333229
vt 0.198471 0.340253
vt 0.198357 0.341002
vt 0.198008 0.349461
vt 0.198155 0.347385
vt 0.198471 0.347389
vt 0.198117 0.350213
vt 0.198008 0.343402
vt 0.198370 0.343209
vt 0.198325 0.359579
vt 0.198325 0.361279
vt 0.197956 0.361504
vt 0.197912 0.359715
vt 0.931356 0.828006
vt 0.932043 0.840884
vt 0.932124 0.841455
vt 0.197672 0.329636
vt 0.198264 0.325509
vt 0.198471 0.325546
vt 0.197957 0.329955
vt 0.197201 0.316085
vt 0.197736 0.315547
vt 0.197562 0.359498
vt 0.197146 0.360519
vt 0.196952 0.360670
vt 0.196952 0.359096
vt 0.499604 0.905033
vt 0.500850 0.908200
vt 0.497166 0.905740
vt 0.497794 0.898855
vt 0.495548 0.900137
vt 0.498881 0.898536
vt 0.498190 0.899003
vt 0.499934 0.905055
vt 0.501142 0.908129
vt 0.501910 0.911935
vt 0.279266 0.901274
vt 0.278992 0.897396
vt 0.279286 0.897381
vt 0.279537 0.901435
vt 0.279035 0.894589
vt 0.279327 0.894388
vt 0.275510 0.888110
vt 0.275726 0.887725
vt 0.197300 0.343209
vt 0.197249 0.345915
vt 0.196952 0.346083
vt 0.197015 0.343338
vt 0.197404 0.349318
vt 0.196952 0.349857
vt 0.501840 0.916474
vt 0.502753 0.915683
vt 0.275510 0.905700
vt 0.277382 0.903600
vt 0.277531 0.903908
vt 0.275624 0.906094
vt 0.516001 0.914343
vt 0.516826 0.916126
vt 0.506758 0.923175
vt 0.685899 0.971333
vt 0.686766 0.977575
vt 0.685578 0.981955
vt 0.686616 0.963238
vt 0.198394 0.354034
vt 0.198359 0.356552
vt 0.198394 0.357254
vt 0.197854 0.354311
vt 0.688610 0.963321
vt 0.687139 0.963712
vt 0.515823 0.913894
vt 0.517784 0.911839
vt 0.518071 0.912336
vt 0.519948 0.906595
vt 0.520371 0.906752
vt 0.520681 0.903825
vt 0.521003 0.903887
vt 0.513298 0.914651
vt 0.520464 0.901204
vt 0.520770 0.901233
vt 0.519736 0.896985
vt 0.519904 0.896455
vt 0.686333 0.971281
vt 0.687232 0.977509
vt 0.686105 0.981570
vt 0.196952 0.356655
vt 0.197129 0.353955
vt 0.197557 0.353814
vt 0.197557 0.356892
vt 0.198325 0.361504
vt 0.198293 0.361956
vt 0.197840 0.362332
vt 0.197840 0.361517
vt 0.536205 0.541328
vt 0.536738 0.543621
vt 0.536216 0.547940
vt 0.534806 0.549269
vt 0.535671 0.545130
vt 0.534806 0.541134
vt 0.196942 0.329602
vt 0.197022 0.329055
vt 0.196942 0.316916
vt 0.500766 0.904897
vt 0.501873 0.907530
vt 0.502944 0.911276
vt 0.503397 0.913480
vt 0.502252 0.914047
vt 0.687689 0.970831
vt 0.688163 0.973673
vt 0.688663 0.979287
vt 0.687329 0.982176
vt 0.688168 0.967891
vt 0.513394 0.914304
vt 0.515485 0.912859
vt 0.392671 0.828792
vt 0.401384 0.833791
vt 0.399904 0.837699
vt 0.394754 0.844562
vt 0.390814 0.837551
vt 0.424188 0.824645
vt 0.431038 0.824615
vt 0.429152 0.834939
vt 0.264730 0.865390
vt 0.253249 0.868197
vt 0.239105 0.860278
vt 0.233689 0.844739
vt 0.234600 0.826761
vt 0.244309 0.813898
vt 0.269351 0.811940
vt 0.273929 0.826992
vt 0.275586 0.854111
vt 0.403653 0.814055
vt 0.398346 0.808949
vt 0.399697 0.809048
vt 0.404846 0.812701
vt 0.386884 0.930765
vt 0.384528 0.934704
vt 0.384530 0.933197
vt 0.384501 0.930440
vt 0.382984 0.926118
vt 0.429345 0.845593
vt 0.424506 0.843785
vt 0.417649 0.841395
vt 0.387471 0.909244
vt 0.385177 0.907367
vt 0.383919 0.889935
vt 0.388007 0.890065
vt 0.389418 0.909602
vt 0.424077 0.864300
vt 0.422827 0.865312
vt 0.409818 0.864177
vt 0.392832 0.864156
vt 0.393118 0.862022
vt 0.411826 0.856612
vt 0.990009 0.293641
vt 0.995367 0.301520
vt 0.993140 0.325395
vt 0.988750 0.325784
vt 0.988750 0.293940
vt 0.408383 0.817922
vt 0.407536 0.876656
vt 0.411648 0.872937
vt 0.408475 0.876741
vt 0.430081 0.857202
vt 0.423471 0.856146
vt 0.430942 0.854505
vt 0.429302 0.859318
vt 0.426684 0.862637
vt 0.382711 0.923867
vt 0.382586 0.921082
vt 0.383003 0.916866
vt 0.390372 0.930912
vt 0.271008 0.811582
vt 0.275586 0.826634
vt 0.419965 0.811092
vt 0.385433 0.911812
vt 0.386884 0.949742
vt 0.390372 0.949888
vt 0.381310 0.946676
vt 0.381382 0.951580
vt 0.745657 0.288231
vt 0.743325 0.293914
vt 0.740586 0.288231
vt 0.433787 0.845210
vt 0.432278 0.850386
vt 0.434510 0.840535
vt 0.434510 0.820587
vt 0.974999 0.538423
vt 0.968325 0.559942
vt 0.966611 0.561287
vt 0.965347 0.559796
vt 0.972373 0.537140
vt 0.944527 0.862377
vt 0.950538 0.862222
vt 0.949693 0.863879
vt 0.428017 0.814953
vt 0.432816 0.818649
vt 0.950393 0.841757
vt 0.953364 0.849150
vt 0.943779 0.878756
vt 0.953056 0.882690
vt 0.953364 0.883318
vt 0.949766 0.886584
vt 0.946945 0.888553
vt 0.942999 0.880492
vt 0.940834 0.864444
vt 0.424873 0.806368
vt 0.968721 0.523649
vt 0.973519 0.525777
vt 0.975363 0.531644
vt 0.965347 0.522480
vt 0.001754 0.770360
vt 0.012396 0.774895
vt 0.010855 0.779627
vt 0.005105 0.788192
vt 0.000000 0.780323
vt 0.039139 0.762702
vt 0.047328 0.762227
vt 0.045693 0.774817
vt 0.671196 0.817485
vt 0.656713 0.818067
vt 0.639060 0.801530
vt 0.632506 0.776228
vt 0.633947 0.749251
vt 0.646367 0.732851
vt 0.677887 0.737898
vt 0.683395 0.762193
vt 0.685031 0.803855
vt 0.013931 0.751022
vt 0.007351 0.746090
vt 0.008954 0.745888
vt 0.015285 0.749411
vt 0.027065 0.909553
vt 0.024487 0.915939
vt 0.024485 0.914102
vt 0.024400 0.910464
vt 0.022693 0.906043
vt 0.046566 0.787692
vt 0.040668 0.785783
vt 0.032319 0.783246
vt 0.965436 0.340681
vt 0.967965 0.343020
vt 0.968069 0.356771
vt 0.963340 0.354712
vt 0.963222 0.339300
vt 0.041405 0.810797
vt 0.039970 0.812090
vt 0.024307 0.811055
vt 0.003987 0.812011
vt 0.004195 0.809352
vt 0.026262 0.801890
vt 0.942224 0.436939
vt 0.935898 0.428629
vt 0.938465 0.399358
vt 0.943606 0.397631
vt 0.943606 0.435221
vt 0.019805 0.755202
vt 0.022327 0.826243
vt 0.027022 0.821518
vt 0.023455 0.826292
vt 0.048143 0.801659
vt 0.040169 0.800718
vt 0.049012 0.798355
vt 0.047340 0.804281
vt 0.044424 0.808630
vt 0.022496 0.904246
vt 0.022520 0.902110
vt 0.023280 0.898847
vt 0.031064 0.908504
vt 0.679523 0.736749
vt 0.685031 0.761044
vt 0.033274 0.746596
vt 0.026511 0.895010
vt 0.029051 0.892623
vt 0.031254 0.892163
vt 0.027089 0.932430
vt 0.031088 0.931381
vt 0.026564 0.892167
vt 0.020829 0.931623
vt 0.020819 0.936822
vt 0.750394 0.293848
vt 0.745658 0.288619
vt 0.750394 0.288231
vt 0.051892 0.787415
vt 0.050369 0.793389
vt 0.052477 0.781733
vt 0.051280 0.757665
vt 0.875670 0.876415
vt 0.875670 0.902542
vt 0.873670 0.903497
vt 0.871845 0.902640
vt 0.871845 0.875133
vt 0.932642 0.400368
vt 0.933238 0.397990
vt 0.043118 0.750538
vt 0.049086 0.754794
vt 0.000000 0.812087
vt 0.029878 0.945389
vt 0.020832 0.937832
vt 0.031254 0.944355
vt 0.933135 0.377682
vt 0.942131 0.381346
vt 0.943528 0.379628
vt 0.038909 0.741200
vt 0.973652 0.360322
vt 0.974221 0.367659
vt 0.966760 0.375945
vt 0.963222 0.373899
vt 0.873161 0.678500
vt 0.883007 0.679014
vt 0.888412 0.687933
vt 0.884631 0.691292
vt 0.873161 0.691137
vt 0.898462 0.673963
vt 0.896704 0.676503
vt 0.893671 0.673463
vt 0.886485 0.671988
vt 0.882867 0.671694
vt 0.882898 0.666812
vt 0.888850 0.664272
vt 0.521758 0.945693
vt 0.533474 0.945250
vt 0.533453 0.956238
vt 0.521769 0.957093
vt 0.521003 0.938798
vt 0.535562 0.941139
vt 0.873161 0.665864
vt 0.879361 0.670849
vt 0.873161 0.669967
vt 0.535983 0.962653
vt 0.531661 0.966250
vt 0.521003 0.967352
vt 0.395222 0.882008
vt 0.405559 0.876741
vt 0.417630 0.876741
vt 0.419325 0.881306
vt 0.417765 0.886010
vt 0.412146 0.886808
vt 0.406328 0.885474
vt 0.408628 0.887371
vt 0.414209 0.888361
vt 0.417353 0.887854
vt 0.415060 0.894017
vt 0.398340 0.891917
vt 0.855253 0.970548
vt 0.856915 0.970588
vt 0.855046 0.971087
vt 0.855010 0.986645
vt 0.855049 0.987276
vt 0.850250 0.984120
vt 0.850064 0.970431
vt 0.411987 0.910648
vt 0.406312 0.909245
vt 0.408219 0.907113
vt 0.412029 0.904821
vt 0.409780 0.904573
vt 0.406612 0.905966
vt 0.404360 0.908598
vt 0.390814 0.905285
vt 0.395900 0.896189
vt 0.399819 0.896535
vt 0.400569 0.895982
vt 0.417614 0.895511
vt 0.421404 0.906530
vt 0.159868 0.953685
vt 0.152034 0.952834
vt 0.142801 0.947191
vt 0.139913 0.938383
vt 0.158692 0.938085
vt 0.198174 0.888051
vt 0.193225 0.865793
vt 0.198174 0.864116
vt 0.159868 0.930147
vt 0.138670 0.930292
vt 0.569848 0.987160
vt 0.556057 0.987160
vt 0.556858 0.982572
vt 0.557003 0.979249
vt 0.568488 0.982637
vt 0.569679 0.970219
vt 0.557314 0.969938
vt 0.530616 0.883878
vt 0.530968 0.878553
vt 0.532854 0.866106
vt 0.536547 0.866644
vt 0.536547 0.888693
vt 0.536442 0.889023
vt 0.417482 0.886374
vt 0.412391 0.887017
vt 0.198008 0.343209
vt 0.198008 0.348537
vt 0.197954 0.349481
vt 0.197597 0.343425
vt 0.372590 0.993063
vt 0.374970 0.992222
vt 0.375165 0.992613
vt 0.371854 0.993656
vt 0.378908 0.988701
vt 0.379347 0.989039
vt 0.380515 0.986889
vt 0.381006 0.987079
vt 0.855308 0.971220
vt 0.855468 0.986356
vt 0.855510 0.987013
vt 0.378623 0.981249
vt 0.378882 0.981221
vt 0.371854 0.970461
vt 0.372123 0.969531
vt 0.196952 0.358557
vt 0.197461 0.357076
vt 0.197664 0.356892
vt 0.197664 0.359096
vt 0.996913 0.489769
vt 0.997235 0.493515
vt 0.996850 0.498199
vt 0.991118 0.499236
vt 0.993424 0.489343
vt 0.995927 0.480963
vt 0.992583 0.481400
vt 0.197576 0.360519
vt 0.197562 0.359434
vt 0.197890 0.359096
vt 0.197890 0.360831
vt 0.997259 0.489827
vt 0.997573 0.493466
vt 0.997198 0.497928
vt 0.880084 0.516112
vt 0.879831 0.511343
vt 0.880120 0.511329
vt 0.880372 0.516313
vt 0.880050 0.507882
vt 0.880345 0.507639
vt 0.996327 0.481204
vt 0.876006 0.499912
vt 0.876225 0.499442
vt 0.197510 0.333229
vt 0.197600 0.336383
vt 0.197219 0.336574
vt 0.197126 0.333352
vt 0.197711 0.339970
vt 0.197126 0.340562
vt 0.198394 0.358018
vt 0.198394 0.359579
vt 0.197912 0.359451
vt 0.197925 0.357254
vt 0.876006 0.521522
vt 0.877860 0.518968
vt 0.877996 0.519350
vt 0.876144 0.522006
vt 0.396960 0.894343
vt 0.882902 0.674418
vt 0.890552 0.675485
vt 0.895417 0.678438
vt 0.873161 0.672914
vt 0.198471 0.350213
vt 0.198390 0.353159
vt 0.198471 0.354034
vt 0.197853 0.350613
vt 0.873864 0.670202
vt 0.873881 0.672363
vt 0.896142 0.676545
vt 0.893105 0.673806
vt 0.173217 0.976622
vt 0.175335 0.969866
vt 0.175841 0.970015
vt 0.173538 0.977163
vt 0.176029 0.966388
vt 0.176407 0.966428
vt 0.197553 0.350296
vt 0.197584 0.353682
vt 0.196952 0.353814
vt 0.196952 0.349857
vt 0.175078 0.962732
vt 0.175441 0.962737
vt 0.173217 0.956984
vt 0.173318 0.956261
vt 0.882950 0.673942
vt 0.890589 0.674987
vt 0.895086 0.677807
vt 0.396260 0.895614
vt 0.399673 0.896107
vt 0.197562 0.360670
vt 0.197506 0.361141
vt 0.196941 0.361580
vt 0.196941 0.360694
vt 0.417175 0.887836
vt 0.414213 0.888310
vt 0.408790 0.887443
vt 0.407139 0.885921
vt 0.856836 0.970959
vt 0.856447 0.982986
vt 0.856915 0.988001
vt 0.998385 0.490008
vt 0.998714 0.493107
vt 0.998714 0.497575
vt 0.997383 0.480994
vt 0.535459 0.556924
vt 0.534878 0.553724
vt 0.535635 0.550477
vt 0.536738 0.549269
vt 0.536323 0.553307
vt 0.536738 0.556116
vt 0.882824 0.671940
vt 0.886333 0.672309
vt 0.879357 0.671071
vt 0.400155 0.895863
vt 0.397088 0.894422
vt 0.247390 0.868197
vt 0.253163 0.871301
vt 0.264608 0.868197
vt 0.269415 0.878664
vt 0.251652 0.888887
vt 0.233689 0.876583
vt 0.234130 0.889866
vt 0.798608 0.912537
vt 0.790863 0.915586
vt 0.790345 0.906364
vt 0.778478 0.883757
vt 0.788859 0.885171
vt 0.787073 0.895452
vt 0.777270 0.895109
vt 0.894067 0.935283
vt 0.883222 0.930342
vt 0.892786 0.931890
vt 0.849228 0.944140
vt 0.838275 0.944724
vt 0.838432 0.932048
vt 0.854005 0.935734
vt 0.875670 0.953290
vt 0.880567 0.940480
vt 0.896706 0.942727
vt 0.887478 0.950618
vt 0.886585 0.951450
vt 0.254480 0.906094
vt 0.243913 0.898890
vt 0.233738 0.894275
vt 0.269316 0.888340
vt 0.269202 0.899514
vt 0.921296 0.293559
vt 0.916515 0.283882
vt 0.921296 0.280772
vt 0.234596 0.930844
vt 0.251682 0.930787
vt 0.253485 0.941104
vt 0.234668 0.931850
vt 0.857136 0.926563
vt 0.838275 0.927088
vt 0.838699 0.910480
vt 0.854203 0.912166
vt 0.856795 0.921456
vt 0.777898 0.904422
vt 0.789071 0.902740
vt 0.778623 0.915176
vt 0.788920 0.900228
vt 0.804026 0.897705
vt 0.796393 0.884231
vt 0.801923 0.883757
vt 0.801258 0.912525
vt 0.602654 0.275734
vt 0.603011 0.292166
vt 0.590666 0.292166
vt 0.586005 0.287894
vt 0.585027 0.283861
vt 0.585779 0.273918
vt 0.233761 0.920684
vt 0.249409 0.923021
vt 0.233689 0.921331
vt 0.897386 0.942261
vt 0.897141 0.941792
vt 0.253485 0.906481
vt 0.250557 0.919037
vt 0.233773 0.920168
vt 0.236135 0.911735
vt 0.239510 0.906094
vt 0.857399 0.929202
vt 0.875670 0.930649
vt 0.878289 0.929988
vt 0.641954 0.924464
vt 0.632506 0.930783
vt 0.633764 0.918198
vt 0.641218 0.914009
vt 0.640467 0.939234
vt 0.635236 0.939107
vt 0.644013 0.937338
vt 0.654889 0.934516
vt 0.649922 0.937901
vt 0.647724 0.935388
vt 0.654889 0.919842
vt 0.648672 0.909820
vt 0.920053 0.674938
vt 0.925088 0.673747
vt 0.927874 0.678004
vt 0.925327 0.680637
vt 0.919210 0.682131
vt 0.935540 0.673353
vt 0.925826 0.666760
vt 0.929923 0.667050
vt 0.917814 0.692203
vt 0.914058 0.691556
vt 0.914071 0.682458
vt 0.917814 0.682760
vt 0.192273 0.806924
vt 0.192840 0.799535
vt 0.196487 0.799535
vt 0.197903 0.804661
vt 0.920896 0.667745
vt 0.909824 0.675131
vt 0.909794 0.671681
vt 0.912964 0.671590
vt 0.910367 0.693218
vt 0.899398 0.691305
vt 0.900861 0.678612
vt 0.995274 0.536010
vt 0.991569 0.536581
vt 0.991678 0.523587
vt 0.991569 0.522480
vt 0.999859 0.527409
vt 0.998844 0.535471
vt 0.935552 0.690553
vt 0.941796 0.682043
vt 0.942142 0.684097
vt 0.940804 0.692272
vt 0.187071 0.967908
vt 0.190519 0.968604
vt 0.194892 0.973193
vt 0.194264 0.980102
vt 0.183030 0.980066
vt 0.936434 0.046412
vt 0.936807 0.057739
vt 0.933161 0.057739
vt 0.183306 0.985703
vt 0.197500 0.985703
vt 0.928485 0.691254
vt 0.925221 0.692272
vt 0.814364 0.883757
vt 0.797559 0.883757
vt 0.794447 0.879364
vt 0.781785 0.879352
vt 0.777270 0.868321
vt 0.780760 0.860996
vt 0.780165 0.850341
vt 0.791248 0.845573
vt 0.805760 0.850367
vt 0.814097 0.850375
vt 0.814218 0.865424
vt 0.838276 0.910480
vt 0.840336 0.888948
vt 0.854877 0.886506
vt 0.853589 0.909636
vt 0.870825 0.884000
vt 0.863417 0.885212
vt 0.861480 0.875390
vt 0.870445 0.875133
vt 0.302630 0.892522
vt 0.301133 0.881430
vt 0.315739 0.883131
vt 0.776554 0.953198
vt 0.775104 0.969732
vt 0.761725 0.977496
vt 0.761725 0.957756
vt 0.323070 0.917459
vt 0.306018 0.911762
vt 0.301133 0.906043
vt 0.302132 0.896380
vt 0.326824 0.905084
vt 0.723380 0.244355
vt 0.727071 0.255880
vt 0.720335 0.264012
vt 0.710749 0.259664
vt 0.715944 0.240957
vt 0.325324 0.896071
vt 0.326632 0.883656
vt 0.947726 0.189884
vt 0.947726 0.208656
vt 0.935988 0.209023
vt 0.942356 0.188874
vt 0.854367 0.906268
vt 0.865900 0.905622
vt 0.838312 0.875133
vt 0.847069 0.876473
vt 0.839989 0.885241
vt 0.850515 0.875407
vt 0.701184 0.243770
vt 0.699298 0.260263
vt 0.693954 0.243580
vt 0.980870 0.406083
vt 0.968262 0.391762
vt 0.980870 0.377682
vt 0.727278 0.277701
vt 0.722711 0.282909
vt 0.714562 0.282311
vt 0.705665 0.280098
vt 0.701765 0.280037
vt 0.696582 0.276580
vt 0.699067 0.273768
vt 0.686998 0.253478
vt 0.687449 0.282909
vt 0.685614 0.282209
vt 0.726848 0.274258
vt 0.559231 0.908403
vt 0.547873 0.908185
vt 0.546512 0.903993
vt 0.537956 0.903817
vt 0.536767 0.893331
vt 0.540363 0.886452
vt 0.541760 0.876372
vt 0.550056 0.872009
vt 0.559054 0.876728
vt 0.564687 0.876844
vt 0.562227 0.891071
vt 0.421404 0.988989
vt 0.422087 0.969047
vt 0.433198 0.968598
vt 0.433198 0.990059
vt 0.973597 0.715868
vt 0.968034 0.716718
vt 0.964592 0.709740
vt 0.971581 0.709384
vt 0.372116 0.890261
vt 0.361810 0.895432
vt 0.357702 0.890817
vt 0.990608 0.712550
vt 0.990497 0.696237
vt 0.998910 0.691498
vt 0.998910 0.714669
vt 0.914354 0.778615
vt 0.902668 0.768996
vt 0.899399 0.763031
vt 0.900521 0.755251
vt 0.918129 0.768142
vt 0.894348 0.349414
vt 0.903905 0.349076
vt 0.910854 0.357809
vt 0.910763 0.367966
vt 0.896902 0.359000
vt 0.916743 0.761657
vt 0.900710 0.752832
vt 0.910390 0.748545
vt 0.918129 0.751815
vt 0.615629 0.965003
vt 0.620311 0.947426
vt 0.626386 0.954411
vt 0.620412 0.965759
vt 0.964592 0.736256
vt 0.973497 0.735802
vt 0.631396 0.948139
vt 0.372346 0.914477
vt 0.376446 0.910448
vt 0.379657 0.922250
vt 0.630037 0.942442
vt 0.894348 0.370567
vt 0.908182 0.376968
vt 0.894348 0.377457
vt 0.571812 0.908403
vt 0.375482 0.889935
vt 0.381310 0.893879
vt 0.379796 0.900298
vt 0.376697 0.907313
vt 0.369441 0.912391
vt 0.615629 0.939981
vt 0.617794 0.937983
vt 0.628355 0.940705
vt 0.357252 0.923967
vt 0.379888 0.923967
vt 0.357002 0.912293
vt 0.356840 0.903047
vt 0.534806 0.541134
vt 0.534806 0.530255
vt 0.536767 0.532860
vt 0.482317 0.874701
vt 0.479947 0.873964
vt 0.480865 0.864049
vt 0.485664 0.865301
vt 0.208223 0.903476
vt 0.207784 0.911028
vt 0.198471 0.905345
vt 0.198791 0.900513
vt 0.475963 0.858856
vt 0.467646 0.859614
vt 0.475095 0.856482
vt 0.881325 0.775370
vt 0.886988 0.775870
vt 0.884818 0.786602
vt 0.881174 0.786297
vt 0.887559 0.787546
vt 0.536767 0.990048
vt 0.544991 0.982646
vt 0.542048 0.993733
vt 0.198472 0.889833
vt 0.208255 0.887360
vt 0.198471 0.889934
vt 0.273469 0.945286
vt 0.264770 0.942068
vt 0.269001 0.932999
vt 0.273469 0.932240
vt 0.260608 0.941434
vt 0.265184 0.932292
vt 0.203462 0.890859
vt 0.209844 0.897799
vt 0.199776 0.896829
vt 0.199707 0.892032
vt 0.491266 0.873449
vt 0.489438 0.864627
vt 0.222069 0.887030
vt 0.223576 0.896239
vt 0.262781 0.955341
vt 0.253485 0.954017
vt 0.220441 0.883184
vt 0.273341 0.953400
vt 0.451758 0.920538
vt 0.453543 0.919677
vt 0.456988 0.938949
vt 0.536767 0.969545
vt 0.546607 0.975886
vt 0.641421 0.969381
vt 0.643471 0.969123
vt 0.637238 0.990183
vt 0.635399 0.990323
vt 0.889863 0.760870
vt 0.897445 0.766309
vt 0.639340 0.969012
vt 0.881174 0.760076
vt 0.477505 0.883834
vt 0.471173 0.880905
vt 0.479257 0.861253
vt 0.632506 0.967166
vt 0.634738 0.967371
vt 0.633380 0.990782
vt 0.632506 0.980274
vt 0.220949 0.907922
vt 0.220400 0.919565
vt 0.485451 0.887741
vt 0.494274 0.886132
vt 0.467104 0.876184
vt 0.461935 0.872891
vt 0.472761 0.868191
vt 0.632667 0.990507
vt 0.460339 0.868104
vt 0.458376 0.864721
vt 0.637264 0.967809
vt 0.670663 0.865092
vt 0.670985 0.864199
vt 0.672409 0.864248
vt 0.672128 0.865025
vt 0.456988 0.917080
vt 0.456905 0.929135
vt 0.477401 0.858613
vt 0.480088 0.860238
vt 0.476493 0.856213
vt 0.477094 0.857702
vt 0.475632 0.855303
vt 0.476195 0.851772
vt 0.477160 0.853254
vt 0.476783 0.855292
vt 0.476916 0.848542
vt 0.476998 0.848394
vt 0.477970 0.848536
vt 0.477911 0.848513
vt 0.478376 0.845371
vt 0.479272 0.846704
vt 0.482922 0.844326
vt 0.482953 0.845796
vt 0.487026 0.846442
vt 0.486495 0.847615
vt 0.491858 0.846674
vt 0.490643 0.847815
vt 0.494274 0.849592
vt 0.492569 0.850142
vt 0.494188 0.852618
vt 0.491285 0.854000
vt 0.490222 0.856661
vt 0.489026 0.856226
vt 0.490976 0.860875
vt 0.489696 0.859974
vt 0.488420 0.863087
vt 0.485445 0.863626
vt 0.481423 0.862594
vt 0.489447 0.849108
vt 0.485836 0.848934
vt 0.487512 0.862403
vt 0.488623 0.859694
vt 0.672551 0.872735
vt 0.672144 0.870015
vt 0.673417 0.869311
vt 0.673772 0.871679
vt 0.482752 0.847350
vt 0.479547 0.848141
vt 0.197126 0.333229
vt 0.197126 0.330368
vt 0.198471 0.329955
vt 0.198471 0.332446
vt 0.670778 0.866761
vt 0.672228 0.866478
vt 0.671546 0.862165
vt 0.672551 0.857489
vt 0.673772 0.858407
vt 0.672897 0.862477
vt 0.478414 0.849736
vt 0.478363 0.849715
vt 0.491124 0.851133
vt 0.535168 0.563906
vt 0.534878 0.560795
vt 0.536401 0.560620
vt 0.536654 0.563329
vt 0.488039 0.856430
vt 0.670812 0.867769
vt 0.672258 0.867356
vt 0.196952 0.343209
vt 0.196952 0.341002
vt 0.198471 0.341254
vt 0.198471 0.343175
vt 0.490006 0.854493
vt 0.535168 0.556924
vt 0.536654 0.557250
vt 0.484922 0.862873
vt 0.481421 0.861974
vt 0.480258 0.859923
vt 0.477919 0.858509
vt 0.477652 0.857715
vt 0.477128 0.856419
vt 0.477381 0.855617
vt 0.477709 0.853843
vt 0.032896 0.871825
vt 0.032781 0.858141
vt 0.032645 0.841920
vt 0.058272 0.856565
vt 0.056287 0.863414
vt 0.059674 0.870163
vt 0.059134 0.878666
vt 0.056598 0.890756
vt 0.053852 0.895121
vt 0.042964 0.895877
vt 0.063408 0.891387
vt 0.132024 0.906845
vt 0.139395 0.910412
vt 0.137156 0.917285
vt 0.128616 0.917560
vt 0.119231 0.917034
vt 0.119648 0.913945
vt 0.001247 0.877755
vt 0.001414 0.867117
vt 0.029773 0.866533
vt 0.029922 0.873266
vt 0.026107 0.881033
vt 0.000791 0.851678
vt -0.000000 0.843185
vt 0.017852 0.853156
vt 0.723967 0.861839
vt 0.726296 0.853476
vt 0.753662 0.846909
vt 0.746146 0.873904
vt 0.728854 0.870495
vt 0.726217 0.836795
vt 0.753662 0.830340
vt 0.806399 0.992015
vt 0.796392 0.993684
vt 0.796392 0.968879
vt 0.806349 0.970331
vt 0.037483 0.836183
vt 0.036753 0.827463
vt 0.042062 0.826292
vt 0.063408 0.838491
vt 0.060989 0.847003
vt 0.056368 0.848432
vt 0.903282 0.216148
vt 0.887366 0.217414
vt 0.882655 0.212828
vt 0.879429 0.198918
vt 0.903905 0.199994
vt 0.000048 0.861325
vt 0.032645 0.854437
vt 0.120879 0.896670
vt 0.119254 0.902367
vt 0.119231 0.891239
vt 0.135174 0.897051
vt 0.710914 0.830975
vt 0.708662 0.817890
vt 0.723236 0.817167
vt 0.724634 0.825554
vt 0.882921 0.223477
vt 0.001806 0.838247
vt 0.002710 0.826292
vt 0.021431 0.827914
vt 0.026908 0.836629
vt 0.027032 0.844983
vt 0.030425 0.845889
vt 0.134282 0.879017
vt 0.980870 0.376001
vt 0.988977 0.376429
vt 0.990450 0.404982
vt 0.980870 0.406083
vt 0.032645 0.888447
vt 0.031645 0.892163
vt 0.002993 0.890140
vt 0.507852 0.983739
vt 0.495548 0.980588
vt 0.498015 0.960018
vt 0.505209 0.960018
vt 0.879429 0.240779
vt 0.893984 0.227937
vt 0.898244 0.233831
vt 0.558231 0.930457
vt 0.565603 0.939770
vt 0.556057 0.941248
vt 0.576128 0.941248
vt 0.558327 0.908403
vt 0.571452 0.909226
vt 0.943814 0.957622
vt 0.951312 0.957579
vt 0.951312 0.988769
vt 0.729393 0.792846
vt 0.729331 0.808615
vt 0.720630 0.803373
vt 0.995050 0.619066
vt 0.986212 0.607262
vt 0.995050 0.592631
vt 0.737808 0.827140
vt 0.734556 0.817289
vt 0.753662 0.810699
vt 0.880734 0.232714
vt 0.717127 0.858990
vt 0.717269 0.867740
vt 0.144866 0.900626
vt 0.720730 0.845123
vt 0.909421 0.225850
vt 0.750440 0.792282
vt 0.749939 0.802699
vt 0.836544 0.266850
vt 0.836382 0.248231
vt 0.836191 0.226159
vt 0.872212 0.230118
vt 0.869421 0.240715
vt 0.874182 0.247814
vt 0.873423 0.259766
vt 0.869859 0.277867
vt 0.865774 0.285651
vt 0.850694 0.293399
vt 0.879429 0.274466
vt 0.857143 0.771519
vt 0.863959 0.780818
vt 0.861788 0.787751
vt 0.849165 0.781048
vt 0.838276 0.773517
vt 0.838314 0.769896
vt 0.417195 0.261474
vt 0.415141 0.268891
vt 0.380101 0.281227
vt 0.381088 0.276199
vt 0.387137 0.267639
vt 0.413226 0.282542
vt 0.412725 0.291549
vt 0.392463 0.287653
vt 0.873161 0.625092
vt 0.873161 0.635938
vt 0.833266 0.650614
vt 0.833266 0.615606
vt 0.861763 0.615626
vt 0.870111 0.654565
vt 0.833534 0.669747
vt 0.434200 0.967938
vt 0.421404 0.968598
vt 0.421404 0.933594
vt 0.433992 0.936842
vt 0.842991 0.215294
vt 0.841964 0.203841
vt 0.849426 0.198918
vt 0.879429 0.202215
vt 0.876030 0.215356
vt 0.869535 0.220201
vt 0.068480 0.901927
vt 0.065152 0.881481
vt 0.072566 0.877814
vt 0.095877 0.880481
vt 0.095877 0.910471
vt 0.415818 0.277794
vt 0.374460 0.292084
vt 0.998766 0.714669
vt 0.998766 0.735806
vt 0.990497 0.721688
vt 0.844903 0.751024
vt 0.844078 0.743446
vt 0.864974 0.762976
vt 0.845682 0.757601
vt 0.842426 0.731554
vt 0.866796 0.732815
vt 0.869240 0.741654
vt 0.050014 0.931673
vt 0.045964 0.926764
vt 0.053589 0.923345
vt 0.043726 0.896450
vt 0.053589 0.902521
vt 0.039996 0.922595
vt 0.039494 0.926111
vt 0.035636 0.895877
vt 0.032645 0.925063
vt 0.032645 0.908609
vt 0.618151 0.859828
vt 0.628137 0.859171
vt 0.628697 0.889650
vt 0.615668 0.891101
vt 0.380368 0.256754
vt 0.382246 0.252719
vt 0.417195 0.246364
vt 0.014528 0.964894
vt -0.000000 0.958418
vt 0.005831 0.931109
vt 0.014528 0.932317
vt 0.851593 0.710378
vt 0.860544 0.716800
vt 0.592505 0.880083
vt 0.601405 0.889553
vt 0.592278 0.894794
vt 0.593787 0.856156
vt 0.610718 0.856156
vt 0.870766 0.703558
vt 0.873992 0.722422
vt 0.858816 0.693218
vt 0.838475 0.699092
vt 0.861360 0.670156
vt 0.865548 0.680559
vt 0.833852 0.692428
vt 0.839799 0.720913
vt 0.838276 0.708705
vt 0.877312 0.774795
vt 0.873806 0.783334
vt 0.881174 0.730689
vt 0.871991 0.753428
vt 0.939987 0.293389
vt 0.922499 0.289118
vt 0.922499 0.254850
vt 0.934643 0.256705
vt 0.081581 0.796894
vt 0.089692 0.790599
vt 0.093177 0.804335
vt 0.093377 0.818829
vt 0.736282 0.892826
vt 0.735490 0.904519
vt 0.709708 0.896643
vt 0.345350 0.817006
vt 0.336441 0.812475
vt 0.330394 0.799186
vt 0.318318 0.794874
vt 0.319647 0.784231
vt 0.309652 0.778246
vt 0.307858 0.771515
vt 0.301133 0.764845
vt 0.307167 0.757014
vt 0.311287 0.746391
vt 0.318174 0.739008
vt 0.327536 0.739445
vt 0.339583 0.731338
vt 0.352341 0.734282
vt 0.356840 0.742375
vt 0.347749 0.749260
vt 0.342816 0.755727
vt 0.341009 0.765581
vt 0.348840 0.773533
vt 0.353885 0.786331
vt 0.353471 0.793996
vt 0.356840 0.804468
vt 0.771368 0.876172
vt 0.771511 0.885693
vt 0.748161 0.873904
vt 0.673951 0.902745
vt 0.682016 0.900708
vt 0.691250 0.933209
vt 0.673951 0.937889
vt 0.770330 0.892906
vt 0.771511 0.903348
vt 0.741372 0.897197
vt 0.693027 0.898858
vt 0.065152 0.816088
vt 0.076162 0.808949
vt 0.085098 0.822592
vt 0.084850 0.831159
vt 0.081054 0.835250
vt 0.876006 0.445827
vt 0.885624 0.444244
vt 0.886095 0.459947
vt 0.879625 0.478953
vt 0.536767 0.943695
vt 0.552284 0.943002
vt 0.547478 0.967457
vt 0.537877 0.963954
vt 0.896519 0.449411
vt 0.896718 0.456060
vt 0.107194 0.818842
vt 0.108879 0.825554
vt 0.091871 0.828724
vt 0.681975 0.240957
vt 0.683226 0.254820
vt 0.657768 0.254170
vt 0.673033 0.240957
vt 0.777270 0.974821
vt 0.787565 0.970138
vt 0.787565 0.992783
vt 0.685382 0.259935
vt 0.685614 0.270169
vt 0.651016 0.272354
vt 0.651673 0.259446
vt 0.733406 0.878830
vt 0.708817 0.873904
vt 0.684661 0.281504
vt 0.684625 0.291614
vt 0.660705 0.291614
vt 0.652236 0.291411
vt 0.740829 0.911663
vt 0.708662 0.911663
vt 0.948383 0.692271
vt 0.942142 0.665014
vt 0.948383 0.662401
vt 0.942258 0.691966
vt 0.673951 0.937889
vt 0.691192 0.938958
vt 0.691685 0.962721
vt 0.673951 0.951939
vt 0.076153 0.846115
vt 0.643220 0.268690
vt 0.642764 0.263172
vt 0.100863 0.845306
vt 0.096290 0.859668
vt 0.087111 0.856841
vt 0.768536 0.912756
vt 0.742867 0.909616
vt 0.897554 0.499442
vt 0.884434 0.490968
vt 0.886141 0.477500
vt 0.898976 0.496068
vt 0.643363 0.256153
vt 0.650355 0.242320
vt 0.876006 0.491639
vt 0.065152 0.863716
vt 0.097585 0.870205
vt 0.082284 0.877814
vt 0.896759 0.473802
vt 0.740829 0.875237
vt 0.899945 0.490614
vt 0.554594 0.872009
vt 0.536767 0.870344
vt 0.536767 0.830164
vt 0.540172 0.816693
vt 0.546369 0.817081
vt 0.554594 0.824005
vt 0.465803 0.927561
vt 0.458376 0.887741
vt 0.479437 0.887741
vt 0.478575 0.908651
vt 0.468360 0.926683
vt 0.680617 0.857765
vt 0.701376 0.865344
vt 0.706917 0.869150
vt 0.706917 0.895849
vt 0.688806 0.898858
vt 0.677759 0.880951
vt 0.673951 0.870024
vt 0.900689 0.841679
vt 0.883251 0.841757
vt 0.883016 0.787751
vt 0.883017 0.787751
vt 0.900495 0.797267
vt 0.577640 0.871524
vt 0.575902 0.841806
vt 0.883483 0.191383
vt 0.876406 0.192193
vt 0.867320 0.146565
vt 0.879015 0.145730
vt 0.883483 0.157090
vt 0.875670 0.841757
vt 0.879512 0.787759
vt 0.331380 0.848123
vt 0.315380 0.881430
vt 0.324632 0.842682
vt 0.118523 0.916892
vt 0.118523 0.971111
vt 0.110893 0.918061
vt 0.850822 0.153637
vt 0.844646 0.136907
vt 0.850822 0.191443
vt 0.301133 0.855045
vt 0.301133 0.825860
vt 0.313245 0.831329
vt 0.317945 0.820029
vt 0.138670 0.954441
vt 0.152918 0.953685
vt 0.152918 0.978378
vt 0.883168 0.143055
vt 0.335759 0.827884
vt 0.335097 0.847384
vt 0.335096 0.847385
vt 0.316489 0.844713
vt 0.314496 0.842705
vt 0.324456 0.817006
vt 0.330169 0.818811
vt 0.143976 0.878090
vt 0.122398 0.879017
vt 0.132265 0.845968
vt 0.139384 0.809884
vt 0.142947 0.809736
vt 0.216664 0.878689
vt 0.202522 0.878318
vt 0.205267 0.811582
vt 0.213553 0.841312
vt 0.223380 0.841724
vt 0.916603 0.841693
vt 0.902592 0.841757
vt 0.900689 0.791283
vt 0.911952 0.780866
vt 0.916603 0.780845
vt 0.663816 0.884107
vt 0.665120 0.901842
vt 0.656816 0.909820
vt 0.649671 0.902967
vt 0.643130 0.907139
vt 0.639409 0.906410
vt 0.632506 0.901872
vt 0.632506 0.877803
vt 0.639911 0.876841
vt 0.648340 0.875549
vt 0.652785 0.875959
vt 0.899399 0.760076
vt 0.890890 0.759847
vt 0.889497 0.694434
vt 0.899399 0.694701
vt 0.198471 0.878931
vt 0.198758 0.840930
vt 0.198471 0.812453
vt 0.462276 0.284457
vt 0.454942 0.272308
vt 0.455254 0.265198
vt 0.462340 0.255067
vt 0.463965 0.248702
vt 0.468111 0.248350
vt 0.481044 0.251888
vt 0.491554 0.246364
vt 0.495457 0.254016
vt 0.495457 0.262584
vt 0.495457 0.274022
vt 0.492100 0.276986
vt 0.472182 0.284436
vt 0.887320 0.759325
vt 0.881174 0.693218
vt 0.485136 0.289974
vt 0.227957 0.883184
vt 0.221724 0.812014
vt 0.227803 0.814434
vt 0.233689 0.828477
vt 0.935988 0.139223
vt 0.935081 0.203217
vt 0.925001 0.202848
vt 0.925001 0.136907
vt 0.804026 0.945168
vt 0.807102 0.883757
vt 0.813434 0.945168
vt 0.160344 0.810568
vt 0.149946 0.840141
vt 0.148260 0.810130
vt 0.150737 0.878527
vt 0.159303 0.839812
vt 0.158611 0.879017
vt 0.973115 0.485537
vt 0.973115 0.522404
vt 0.961947 0.489426
vt 0.119231 0.810720
vt 0.131179 0.810681
vt 0.884996 0.929988
vt 0.875670 0.927572
vt 0.878133 0.918838
vt 0.895888 0.915857
vt 0.896190 0.919297
vt 0.891739 0.923475
vt 0.891931 0.926699
vt 0.985346 0.699041
vt 0.974847 0.700663
vt 0.974538 0.676329
vt 0.980081 0.669287
vt 0.985346 0.668933
vt 0.933731 0.101705
vt 0.938388 0.100222
vt 0.940197 0.131007
vt 0.933731 0.132645
vt 0.875670 0.907871
vt 0.878688 0.889755
vt 0.882639 0.889208
vt 0.890714 0.890481
vt 0.982966 0.494982
vt 0.976682 0.490358
vt 0.983559 0.485537
vt 0.983559 0.517809
vt 0.975658 0.518832
vt 0.973115 0.490349
vt 0.798841 0.517756
vt 0.804375 0.525276
vt 0.798036 0.525276
vt 0.935450 0.767272
vt 0.937501 0.776524
vt 0.935128 0.778580
vt 0.928134 0.778381
vt 0.922208 0.780350
vt 0.918322 0.771788
vt 0.918350 0.768387
vt 0.925098 0.764715
vt 0.931924 0.763587
vt 0.921755 0.751340
vt 0.937501 0.743081
vt 0.945713 0.101075
vt 0.950655 0.099435
vt 0.950212 0.125632
vt 0.946844 0.130942
vt 0.890679 0.980504
vt 0.893650 0.953290
vt 0.900242 0.973510
vt 0.900242 0.985696
vt 0.741451 0.941917
vt 0.741911 0.926864
vt 0.752929 0.916595
vt 0.752743 0.942860
vt 0.854156 0.947870
vt 0.854156 0.970431
vt 0.844825 0.967797
vt 0.438440 0.274642
vt 0.433071 0.287504
vt 0.419044 0.293402
vt 0.417195 0.283668
vt 0.421528 0.272414
vt 0.418960 0.257962
vt 0.420828 0.253560
vt 0.437943 0.246364
vt 0.740829 0.912756
vt 0.453307 0.292656
vt 0.454942 0.278844
vt 0.896029 0.244186
vt 0.905739 0.240779
vt 0.910050 0.249075
vt 0.910432 0.252942
vt 0.887961 0.249059
vt 0.892298 0.244787
vt 0.907685 0.261889
vt 0.908046 0.269992
vt 0.900346 0.280396
vt 0.896705 0.280772
vt 0.884062 0.244397
vt 0.841947 0.965196
vt 0.454942 0.250692
vt 0.457349 0.951760
vt 0.457349 0.929475
vt 0.464844 0.927730
vt 0.468538 0.927561
vt 0.479437 0.935320
vt 0.479437 0.950745
vt 0.889006 0.280700
vt 0.879429 0.269597
vt 0.879429 0.244289
vt 0.761725 0.916921
vt 0.761725 0.938472
vt 0.999011 0.840352
vt 0.994664 0.856943
vt 0.990935 0.858017
vt 0.990935 0.839136
vt 0.799001 0.942508
vt 0.781256 0.942508
vt 0.777508 0.931717
vt 0.777270 0.927840
vt 0.780218 0.920057
vt 0.781488 0.915594
vt 0.800356 0.915586
vt 0.708662 0.924587
vt 0.711689 0.921215
vt 0.713467 0.914110
vt 0.719581 0.911663
vt 0.719284 0.922937
vt 0.708662 0.933305
vt 0.714841 0.933643
vt 0.261283 0.916905
vt 0.259139 0.910994
vt 0.265472 0.909570
vt 0.301086 0.996921
vt 0.294989 0.996190
vt 0.293300 0.989739
vt 0.299902 0.989583
vt 0.661838 0.980321
vt 0.668299 0.976320
vt 0.666128 0.981011
vt 0.513218 0.964706
vt 0.519659 0.964102
vt 0.519329 0.972562
vt 0.510793 0.970538
vt 0.260921 0.919946
vt 0.269958 0.923279
vt 0.264816 0.932002
vt 0.260301 0.926862
vt 0.259808 0.926365
vt 0.727918 0.922001
vt 0.721685 0.928102
vt 0.716741 0.934083
vt 0.723965 0.912164
vt 0.729027 0.912743
vt 0.293536 0.986086
vt 0.730449 0.933742
vt 0.731110 0.933181
vt 0.509269 0.976835
vt 0.520874 0.976242
vt 0.518767 0.986956
vt 0.509697 0.986136
vt 0.508993 0.980144
vt 0.300451 0.983090
vt 0.293805 0.984311
vt 0.293522 0.981967
vt 0.294212 0.975518
vt 0.301086 0.975592
vt 0.272797 0.906094
vt 0.278974 0.908513
vt 0.279418 0.915069
vt 0.279537 0.920041
vt 0.267568 0.908160
vt 0.269321 0.907697
vt 0.253485 0.915979
vt 0.257199 0.906094
vt 0.723585 0.939809
vt 0.724086 0.939464
vt 0.655234 0.981223
vt 0.654889 0.980846
vt 0.655606 0.981088
vt 0.666799 0.990468
vt 0.657836 0.990891
vt 0.654889 0.991231
vt 0.508993 0.975038
vt 0.279504 0.921512
vt 0.278114 0.924297
vt 0.271595 0.930453
vt 0.265497 0.932240
vt 0.233689 0.951839
vt 0.235753 0.949329
vt 0.236484 0.941104
vt 0.241064 0.941778
vt 0.241893 0.956439
vt 0.234511 0.963323
vt 0.239405 0.967707
vt 0.922593 0.114293
vt 0.928477 0.112050
vt 0.930050 0.118363
vt 0.998600 0.044551
vt 0.992784 0.043668
vt 0.990910 0.037311
vt 0.997286 0.037282
vt 0.286584 0.979726
vt 0.293300 0.975518
vt 0.290905 0.980415
vt 0.955956 0.964591
vt 0.962495 0.963846
vt 0.962139 0.972243
vt 0.953447 0.970494
vt 0.919600 0.113990
vt 0.916664 0.123113
vt 0.908194 0.118165
vt 0.912947 0.113523
vt 0.913404 0.113017
vt 0.248600 0.960712
vt 0.244269 0.964773
vt 0.240943 0.969499
vt 0.244562 0.945234
vt 0.248600 0.949225
vt 0.991233 0.033620
vt 0.602872 0.984324
vt 0.592278 0.986341
vt 0.592278 0.977589
vt 0.602936 0.983458
vt 0.951856 0.976832
vt 0.963602 0.976045
vt 0.961533 0.986530
vt 0.952329 0.985922
vt 0.951590 0.980073
vt 0.997896 0.030769
vt 0.991524 0.031838
vt 0.991323 0.029456
vt 0.992074 0.022986
vt 0.998600 0.023248
vt 0.933731 0.125638
vt 0.931602 0.131880
vt 0.925075 0.132437
vt 0.920130 0.132644
vt 0.931539 0.120440
vt 0.932038 0.122186
vt 0.924083 0.106570
vt 0.933731 0.110078
vt 0.602351 0.993471
vt 0.593026 0.994051
vt 0.602461 0.992874
vt 0.279929 0.980565
vt 0.279603 0.980160
vt 0.280304 0.980436
vt 0.291559 0.989577
vt 0.282572 0.989858
vt 0.279603 0.990173
vt 0.951590 0.975036
vt 0.918723 0.132645
vt 0.916016 0.131316
vt 0.909909 0.124923
vt 0.907991 0.118853
vt 0.884599 0.377682
vt 0.900588 0.382419
vt 0.899545 0.397763
vt 0.871679 0.402171
vt 0.870020 0.396064
vt 0.875841 0.388885
vt 0.874436 0.383165
vt 0.377955 0.836019
vt 0.390645 0.833127
vt 0.390645 0.876015
vt 0.383171 0.888868
vt 0.376228 0.889935
vt 0.644138 0.820764
vt 0.651382 0.819170
vt 0.655120 0.873753
vt 0.645035 0.875549
vt 0.900588 0.413846
vt 0.891284 0.440124
vt 0.885043 0.440898
vt 0.873216 0.439179
vt 0.873003 0.426866
vt 0.877835 0.426080
vt 0.873040 0.425801
vt 0.185992 0.889470
vt 0.185351 0.904596
vt 0.172444 0.893343
vt 0.633391 0.818264
vt 0.639702 0.874884
vt 0.632506 0.860505
vt 0.150697 0.986202
vt 0.160291 0.995862
vt 0.150697 0.997713
vt 0.185992 0.909330
vt 0.180244 0.914578
vt 0.177981 0.921997
vt 0.164473 0.913155
vt 0.160344 0.908401
vt 0.161156 0.897961
vt 0.165171 0.891001
vt 0.976388 0.132740
vt 0.964913 0.127838
vt 0.976388 0.099435
vt 0.366382 0.888016
vt 0.662980 0.819824
vt 0.670663 0.818067
vt 0.670187 0.848779
vt 0.666115 0.850628
vt 0.669959 0.850465
vt 0.670663 0.865758
vt 0.665591 0.873514
vt 0.356840 0.854322
vt 0.357798 0.832684
vt 0.349297 0.910357
vt 0.340494 0.908341
vt 0.335064 0.900650
vt 0.328284 0.896026
vt 0.326824 0.887634
vt 0.331888 0.881430
vt 0.352901 0.895761
vt 0.868588 0.971594
vt 0.866944 0.989029
vt 0.862998 0.990834
vt 0.861174 0.990753
vt 0.857399 0.971594
vt 0.326824 0.916784
vt 0.329976 0.905168
vt 0.615629 0.925564
vt 0.595330 0.927264
vt 0.592278 0.919003
vt 0.612014 0.915115
vt 0.108768 0.878413
vt 0.112720 0.895282
vt 0.106566 0.893874
vt 0.099854 0.877814
vt 0.924544 0.963480
vt 0.924161 0.970245
vt 0.915870 0.981681
vt 0.915870 0.963358
vt 0.118011 0.905299
vt 0.117312 0.906714
vt 0.096345 0.906984
vt 0.095877 0.897111
vt 0.111305 0.900455
vt 0.032645 0.932679
vt 0.052803 0.931673
vt 0.052803 0.954746
vt 0.032888 0.953043
vt 0.117706 0.909382
vt 0.095877 0.916892
vt 0.594388 0.908055
vt 0.594611 0.897696
vt 0.615629 0.894794
vt 0.929845 0.979717
vt 0.922230 0.983363
vt 0.888368 0.615606
vt 0.901261 0.623335
vt 0.902216 0.634048
vt 0.886511 0.635188
vt 0.882258 0.633170
vt 0.876362 0.632046
vt 0.873161 0.622453
vt 0.877347 0.618206
vt 0.963978 0.736697
vt 0.973494 0.739965
vt 0.968312 0.780350
vt 0.963978 0.778988
vt 0.903158 0.185826
vt 0.884569 0.182072
vt 0.883483 0.178555
vt 0.887892 0.177759
vt 0.889997 0.172080
vt 0.900392 0.171371
vt 0.903147 0.172781
vt 0.907665 0.182678
vt 0.971615 0.224074
vt 0.968246 0.211953
vt 0.966551 0.181697
vt 0.974553 0.181936
vt 0.975395 0.223499
vt 0.901844 0.167554
vt 0.881886 0.664189
vt 0.877741 0.664087
vt 0.878417 0.652835
vt 0.875670 0.843411
vt 0.890944 0.844820
vt 0.880200 0.858470
vt 0.878810 0.858632
vt 0.875670 0.855848
vt 0.873161 0.664272
vt 0.903546 0.841757
vt 0.897917 0.885011
vt 0.894383 0.887198
vt 0.889662 0.889208
vt 0.479437 0.888870
vt 0.493385 0.887741
vt 0.494490 0.922809
vt 0.489581 0.923488
vt 0.484898 0.921428
vt 0.571812 0.906966
vt 0.571812 0.872009
vt 0.577097 0.896494
vt 0.575255 0.906760
vt 0.891797 0.138018
vt 0.903381 0.148471
vt 0.885906 0.160261
vt 0.966551 0.223332
vt 0.479437 0.934062
vt 0.480508 0.930092
vt 0.480003 0.927625
vt 0.481764 0.923383
vt 0.483061 0.936811
vt 0.764434 0.869763
vt 0.761572 0.872682
vt 0.762389 0.869237
vt 0.873813 0.425075
vt 0.870584 0.422399
vt 0.761572 0.864694
vt 0.877505 0.885531
vt 0.876344 0.879385
vt 0.907003 0.151282
vt 0.906008 0.147226
vt 0.907665 0.136907
vt 0.440090 0.973109
vt 0.434510 0.976730
vt 0.434510 0.954403
vt 0.440090 0.950781
vt 0.909046 0.999379
vt 0.900462 0.998643
vt 0.900462 0.977107
vt 0.909046 0.977843
vt 0.073673 0.948908
vt 0.065152 0.947910
vt 0.069876 0.925850
vt 0.078397 0.926849
vt 0.402741 0.972025
vt 0.410976 0.970567
vt 0.410976 0.993074
vt 0.402741 0.994532
vt 0.980559 0.605016
vt 0.972155 0.604718
vt 0.972155 0.578340
vt 0.980559 0.578638
vt 0.448633 0.973932
vt 0.448633 0.951605
vt 0.900457 0.281902
vt 0.904669 0.289116
vt 0.892173 0.294330
vt 0.082194 0.923228
vt 0.076191 0.910471
vt 0.065152 0.921231
vt 0.978223 0.563422
vt 0.892173 0.280772
vt 0.072312 0.973831
vt 0.065152 0.972774
vt 0.065152 0.957735
vt 0.072312 0.958791
vt 0.999810 0.242177
vt 0.991271 0.241557
vt 0.991271 0.227470
vt 0.999810 0.228090
vt 0.932593 0.443750
vt 0.924710 0.442972
vt 0.924710 0.427929
vt 0.932593 0.428707
vt 0.917632 0.444049
vt 0.917632 0.429006
vt 0.279244 0.977097
vt 0.271060 0.979755
vt 0.266200 0.965168
vt 0.274384 0.962510
vt 0.080135 0.973022
vt 0.080135 0.957982
vt 0.072975 0.948908
vt 0.717065 0.294534
vt 0.709531 0.290365
vt 0.718802 0.282909
vt 0.708072 0.282909
vt 0.279244 0.960459
vt 0.268469 0.955341
vt 0.960262 0.928259
vt 0.964811 0.928946
vt 0.964811 0.951696
vt 0.960262 0.951010
vt 0.982300 0.839136
vt 0.990935 0.839190
vt 0.990935 0.861992
vt 0.982300 0.861938
vt 0.955066 0.339300
vt 0.963222 0.340777
vt 0.957432 0.361992
vt 0.949276 0.360515
vt 0.990910 0.000150
vt 0.998373 -0.000000
vt 0.998373 0.022836
vt 0.990910 0.022986
vt 0.984007 0.522480
vt 0.991569 0.522625
vt 0.991569 0.545461
vt 0.984007 0.545316
vt 0.951590 0.928282
vt 0.951590 0.951033
vt 0.753662 0.864694
vt 0.761572 0.868182
vt 0.753662 0.872885
vt 0.987344 0.873637
vt 0.951980 0.375041
vt 0.963222 0.365210
vt 0.984106 0.557784
vt 0.956139 0.963846
vt 0.944644 0.485029
vt 0.937652 0.484264
vt 0.937652 0.458498
vt 0.944644 0.459263
vt 0.982540 0.286852
vt 0.973910 0.286810
vt 0.973910 0.260782
vt 0.982540 0.260823
vt 0.955749 0.927145
vt 0.947766 0.926600
vt 0.947766 0.900881
vt 0.955749 0.901425
vt 0.940834 0.927437
vt 0.940834 0.901717
vt 0.770400 0.998344
vt 0.761725 0.998286
vt 0.761725 0.977496
vt 0.770400 0.977554
vt 0.952588 0.484510
vt 0.952588 0.458743
vt 0.945596 0.444244
vt 0.978994 0.246576
vt 0.948817 0.888553
vt 0.844435 0.189660
vt 0.840457 0.196583
vt 0.832147 0.183631
vt 0.832147 0.198181
vt 0.636290 0.278003
vt 0.642606 0.273918
vt 0.642606 0.287005
vt 0.636290 0.291090
vt 0.344593 0.961079
vt 0.353044 0.959121
vt 0.356203 0.972819
vt 0.347751 0.974778
vt 0.991271 0.213752
vt 0.999732 0.212511
vt 0.999732 0.226229
vt 0.991271 0.227470
vt 0.991118 0.499236
vt 0.998600 0.500407
vt 0.998600 0.517761
vt 0.991118 0.516591
vt 0.990943 0.755832
vt 0.998487 0.754690
vt 0.998487 0.772045
vt 0.990943 0.773187
vt 0.253485 0.956795
vt 0.261910 0.955341
vt 0.266200 0.968175
vt 0.257775 0.969629
vt 0.344593 0.980329
vt 0.354728 0.985672
vt 0.906706 0.188580
vt 0.904266 0.195575
vt 0.896094 0.185826
vt 0.896094 0.198440
vt 0.253485 0.975473
vt 0.264197 0.980860
vt 0.969316 0.440697
vt 0.961919 0.442640
vt 0.961919 0.420335
vt 0.969316 0.418391
vt 0.987716 0.926627
vt 0.979439 0.926741
vt 0.979439 0.902074
vt 0.987716 0.901960
vt 0.990910 0.036129
vt 0.983217 0.037868
vt 0.983217 0.015618
vt 0.990910 0.013879
vt 0.991118 0.518832
vt 0.983779 0.516885
vt 0.983559 0.494636
vt 0.990898 0.496583
vt 0.389893 0.987628
vt 0.381310 0.987832
vt 0.381310 0.963466
vt 0.389893 0.963262
vt 0.976940 0.442472
vt 0.976940 0.420167
vt 0.923908 0.994694
vt 0.915870 0.997778
vt 0.915870 0.983363
vt 0.981328 0.888553
vt 0.983591 -0.000000
vt 0.991118 0.480963
vt 0.386693 0.951580
vt 0.925197 0.987443
vt 0.999152 0.691054
vt 0.990497 0.691498
vt 0.990497 0.669377
vt 0.999152 0.668933
vt 0.198330 0.939033
vt 0.189734 0.940169
vt 0.185992 0.909113
vt 0.194588 0.907977
vt 0.972011 0.887957
vt 0.963475 0.887660
vt 0.963475 0.854987
vt 0.972011 0.855284
vt 0.988008 0.780845
vt 0.995728 0.783261
vt 0.995728 0.809628
vt 0.988008 0.807212
vt 0.933803 0.664914
vt 0.927541 0.666760
vt 0.927541 0.635081
vt 0.933803 0.633236
vt 0.919210 0.666016
vt 0.919210 0.634337
vt 0.198330 0.904889
vt 0.187739 0.889470
vt 0.966401 0.839136
vt 0.999594 0.875446
vt 0.990935 0.875446
vt 0.994761 0.858017
vt 0.925472 0.615606
vt 0.906128 0.297086
vt 0.914424 0.330674
vt 0.906128 0.332965
vt 0.826386 0.987626
vt 0.814364 0.986468
vt 0.814364 0.965586
vt 0.826386 0.966744
vt 0.895232 0.000000
vt 0.906874 0.001832
vt 0.899185 0.037026
vt 0.887542 0.035193
vt 0.053118 0.948909
vt 0.065152 0.949677
vt 0.065152 0.979429
vt 0.053118 0.978660
vt 0.433330 0.933594
vt 0.421404 0.932788
vt 0.421404 0.898608
vt 0.433330 0.899414
vt 0.894348 0.296364
vt 0.894348 0.332242
vt 0.960229 0.228861
vt 0.970453 0.235106
vt 0.954260 0.246576
vt 0.971246 0.246576
vt 0.891133 0.057832
vt 0.906874 0.040905
vt 0.429147 0.876741
vt 0.902645 0.349076
vt 0.544043 0.943002
vt 0.536767 0.940836
vt 0.536767 0.919894
vt 0.544043 0.922060
vt 0.402741 0.988187
vt 0.390814 0.989362
vt 0.390814 0.971742
vt 0.402741 0.970566
vt 0.979654 0.668421
vt 0.967617 0.668134
vt 0.967617 0.647203
vt 0.979654 0.647490
vt 0.835322 0.933261
vt 0.824976 0.934845
vt 0.824976 0.914053
vt 0.835322 0.912468
vt 0.814364 0.933377
vt 0.814364 0.912585
vt 0.556057 0.942674
vt 0.556057 0.921732
vt 0.997282 0.180838
vt 0.987373 0.180838
vt 0.993563 0.165462
vt 0.753977 0.987742
vt 0.742807 0.983529
vt 0.753977 0.971167
vt 0.740829 0.975616
vt 0.824710 0.899917
vt 0.548781 0.908403
vt 0.445928 0.867311
vt 0.455113 0.870260
vt 0.455113 0.899821
vt 0.445928 0.896873
vt 0.967617 0.615606
vt 0.979011 0.616855
vt 0.979011 0.647203
vt 0.967617 0.645954
vt 0.892557 0.562481
vt 0.902757 0.562343
vt 0.902757 0.594212
vt 0.892557 0.594350
vt 0.913499 0.562461
vt 0.913499 0.594330
vt 0.620533 0.803048
vt 0.632250 0.803441
vt 0.632250 0.835048
vt 0.620533 0.834654
vt 0.434510 0.868813
vt 0.434510 0.898374
vt 0.443695 0.917080
vt 0.247664 0.971417
vt 0.245093 0.982608
vt 0.233689 0.969498
vt 0.233689 0.986647
vt 0.903299 0.611455
vt 0.623766 0.853015
vt 0.835119 0.899917
vt 0.825592 0.898755
vt 0.825592 0.862847
vt 0.835119 0.864009
vt 0.814364 0.899459
vt 0.814364 0.863551
vt 0.934283 0.373566
vt 0.922416 0.372615
vt 0.922416 0.339300
vt 0.934283 0.340251
vt 0.914424 0.376251
vt 0.914424 0.342937
vt 0.064476 0.823676
vt 0.052477 0.824293
vt 0.052477 0.790819
vt 0.064476 0.790202
vt 0.911176 0.748546
vt 0.899399 0.746962
vt 0.906544 0.714221
vt 0.918322 0.715805
vt 0.899399 0.709086
vt 0.914985 0.693218
vt 0.823892 0.845573
vt 0.567433 0.291991
vt 0.556904 0.293166
vt 0.567433 0.275513
vt 0.548855 0.284129
vt 0.551335 0.273918
vt 0.602214 0.950787
vt 0.592278 0.953211
vt 0.592278 0.929689
vt 0.602214 0.927264
vt 0.000000 0.894730
vt 0.011117 0.892163
vt 0.011117 0.913360
vt 0.000000 0.915928
vt 0.020819 0.896046
vt 0.020819 0.917243
vt 0.965347 0.561437
vt 0.953341 0.560674
vt 0.953341 0.538887
vt 0.965347 0.539650
vt 0.964804 0.815649
vt 0.976504 0.814447
vt 0.976504 0.837595
vt 0.964804 0.838798
vt 0.613166 0.952594
vt 0.613166 0.929071
vt 0.279603 0.962180
vt 0.285911 0.954113
vt 0.295750 0.959614
vt 0.009702 0.931109
vt 0.960672 0.522480
vt 0.295750 0.975518
vt 0.284522 0.972882
vt 0.378849 0.731201
vt 0.367073 0.730076
vt 0.374095 0.703362
vt 0.385871 0.704488
vt 0.976727 0.814447
vt 0.964804 0.813853
vt 0.964804 0.780845
vt 0.976727 0.781438
vt 0.947994 0.188167
vt 0.935988 0.188874
vt 0.935988 0.158349
vt 0.947994 0.157642
vt 0.907991 0.110110
vt 0.899098 0.111941
vt 0.899098 0.078363
vt 0.907991 0.076533
vt 0.887542 0.111139
vt 0.887542 0.077561
vt 0.356569 0.959121
vt 0.344593 0.958310
vt 0.344593 0.927813
vt 0.356569 0.928624
vt 0.382592 0.683141
vt 0.367073 0.696255
vt 0.940669 0.136907
vt 0.896435 0.057832
vt 0.349070 0.916784
vt 0.968262 0.413982
vt 0.957317 0.417204
vt 0.957317 0.380904
vt 0.968262 0.377682
vt 0.922499 0.280766
vt 0.910432 0.280772
vt 0.910432 0.234331
vt 0.922499 0.234325
vt 0.964247 0.485029
vt 0.952588 0.483358
vt 0.952588 0.443548
vt 0.964247 0.445220
vt 0.355854 0.878564
vt 0.344516 0.877991
vt 0.335759 0.842405
vt 0.347097 0.842977
vt 0.963978 0.778565
vt 0.952527 0.780350
vt 0.952527 0.739010
vt 0.963978 0.737225
vt 0.446026 0.867311
vt 0.434510 0.864386
vt 0.437098 0.829849
vt 0.448613 0.832774
vt 0.434510 0.821853
vt 0.447405 0.806368
vt 0.915651 0.209505
vt 0.355854 0.836547
vt 0.339848 0.817006
vt 0.457542 0.827703
vt 0.332042 0.973675
vt 0.326824 0.977221
vt 0.326824 0.954340
vt 0.332042 0.950793
vt 0.335496 0.998943
vt 0.326824 0.998814
vt 0.326824 0.977221
vt 0.335496 0.977351
vt 0.952527 0.780109
vt 0.944987 0.780350
vt 0.944987 0.753758
vt 0.952527 0.753517
vt 0.937501 0.780103
vt 0.937501 0.753512
vt 0.962065 0.037936
vt 0.953499 0.036579
vt 0.957242 0.015060
vt 0.965808 0.016417
vt 0.340653 0.974214
vt 0.340653 0.951332
vt 0.064381 0.985278
vt 0.061480 0.992259
vt 0.053118 0.979429
vt 0.053118 0.994503
vt 0.945040 0.739096
vt 0.964060 0.000000
vt 0.953499 0.010114
vt 0.032272 0.988449
vt 0.025189 0.987499
vt 0.025189 0.972376
vt 0.032272 0.973325
vt 0.933077 0.998486
vt 0.925197 0.999174
vt 0.925197 0.984051
vt 0.933077 0.983363
vt 0.344593 0.986248
vt 0.353173 0.985672
vt 0.353173 0.999424
vt 0.344593 1.000000
vt 0.315284 0.977965
vt 0.306750 0.978565
vt 0.306750 0.964348
vt 0.315284 0.963748
vt 0.301133 0.976021
vt 0.301133 0.961804
vt 0.998394 0.400140
vt 0.990450 0.400721
vt 0.990450 0.385534
vt 0.998394 0.384953
vt 0.941183 0.666751
vt 0.933803 0.666751
vt 0.940591 0.657311
vt 0.973780 0.997597
vt 0.966083 0.993635
vt 0.975042 0.986039
vt 0.964811 0.986039
vt 0.309668 0.953626
vt 0.991404 0.376001
vt 0.922649 0.929773
vt 0.930727 0.931593
vt 0.930727 0.950282
vt 0.922649 0.948462
vt 0.982947 0.443548
vt 0.991619 0.443582
vt 0.991619 0.466226
vt 0.982947 0.466192
vt 0.119231 0.955907
vt 0.127642 0.956621
vt 0.127642 0.978139
vt 0.119231 0.977424
vt 0.133688 0.954528
vt 0.133688 0.976046
vt 0.980076 0.293660
vt 0.988750 0.293641
vt 0.988750 0.316318
vt 0.980076 0.316337
vt 0.915870 0.932887
vt 0.915870 0.951576
vt 0.923948 0.963358
vt 0.987503 0.477277
vt 0.896094 0.190539
vt 0.891480 0.197617
vt 0.883483 0.185826
vt 0.883483 0.198614
vt 0.984543 0.329336
vt 0.945360 0.040754
vt 0.938689 0.039970
vt 0.938689 0.014175
vt 0.945360 0.014959
vt 0.982053 0.777336
vt 0.973493 0.777164
vt 0.973493 0.751301
vt 0.982053 0.751473
vt 0.127623 0.998789
vt 0.119231 0.997297
vt 0.119231 0.978139
vt 0.127623 0.979631
vt 0.684660 0.857489
vt 0.679240 0.856593
vt 0.679240 0.830765
vt 0.684660 0.831661
vt 0.670663 0.856766
vt 0.670663 0.830938
vt 0.953499 0.040330
vt 0.953499 0.014534
vt 0.946828 -0.000000
vt 0.978998 0.736697
vt 0.946231 0.834172
vt 0.941205 0.840742
vt 0.933205 0.827144
vt 0.933205 0.841637
vt 0.676083 0.818067
vt 0.784749 0.942508
vt 0.792295 0.942521
vt 0.792295 0.960527
vt 0.784749 0.960514
vt 0.987716 0.888553
vt 0.996391 0.888626
vt 0.996391 0.903694
vt 0.987716 0.903621
vt 0.708662 0.941186
vt 0.716705 0.939809
vt 0.716705 0.956120
vt 0.708662 0.957497
vt 0.723543 0.942070
vt 0.723543 0.958382
vt 0.495548 0.983904
vt 0.504218 0.983739
vt 0.504218 0.998789
vt 0.495548 0.998954
vt 0.777270 0.942521
vt 0.777270 0.960527
vt 0.784816 0.970138
vt 0.991937 0.915802
vt 0.715500 0.968454
vt 0.987716 0.915802
vt 0.995829 0.918875
vt 0.987716 0.928175
vt 0.997622 0.926246
vt 0.883381 0.955539
vt 0.890679 0.953290
vt 0.890679 0.974958
vt 0.883381 0.977207
vt 0.607034 0.953540
vt 0.615339 0.953211
vt 0.615339 0.977689
vt 0.607034 0.978018
vt 0.974595 0.000000
vt 0.983217 0.000218
vt 0.983217 0.024267
vt 0.974595 0.024049
vt 0.495548 0.925926
vt 0.502819 0.923397
vt 0.502819 0.944265
vt 0.495548 0.946794
vt 0.510553 0.925499
vt 0.510553 0.946366
vt 0.875670 0.953633
vt 0.875670 0.975301
vt 0.974780 0.178500
vt 0.966553 0.181236
vt 0.966553 0.166829
vt 0.609015 0.989959
vt 0.978073 0.038669
vt 0.503281 0.960018
vt 0.976814 0.171315
vt 0.884254 0.998487
vt 0.875670 0.999452
vt 0.875670 0.978172
vt 0.884254 0.977207
vt 0.740327 0.290705
vt 0.731731 0.291742
vt 0.727278 0.260571
vt 0.735873 0.259534
vt 0.159868 0.928628
vt 0.152614 0.930147
vt 0.152614 0.898599
vt 0.159868 0.897080
vt 0.144866 0.928901
vt 0.144866 0.897352
vt 0.380508 0.969322
vt 0.371854 0.969531
vt 0.371854 0.938219
vt 0.380508 0.938009
vt 0.985839 0.407170
vt 0.994302 0.408868
vt 0.994302 0.423936
vt 0.985839 0.422239
vt 0.740327 0.256535
vt 0.729357 0.240957
vt 0.152120 0.879017
vt 0.376715 0.923967
vt 0.988422 0.437656
vt 0.945767 0.293389
vt 0.939987 0.292099
vt 0.939987 0.266000
vt 0.945767 0.267290
vt 0.953341 0.563388
vt 0.945039 0.563422
vt 0.945039 0.536791
vt 0.953341 0.536756
vt 0.938708 0.563341
vt 0.938708 0.536710
vt 0.987373 0.173989
vt 0.978904 0.174498
vt 0.978904 0.148852
vt 0.987373 0.148344
vt 0.673754 0.909595
vt 0.665120 0.909241
vt 0.665120 0.885091
vt 0.673754 0.885445
vt 0.954260 0.293036
vt 0.954260 0.266937
vt 0.948480 0.251735
vt 0.947011 0.522480
vt 0.984770 0.136907
vt 0.668709 0.875549
vt 0.796021 0.994264
vt 0.787565 0.995067
vt 0.787565 0.981043
vt 0.796021 0.980240
vt 0.999577 0.457916
vt 0.991619 0.455833
vt 0.991619 0.443548
vt 0.999577 0.445631
vt 0.487847 0.988538
vt 0.479437 0.986563
vt 0.482910 0.976146
vt 0.491319 0.978122
vt 0.999870 0.261400
vt 0.991441 0.260530
vt 0.991441 0.246576
vt 0.999870 0.247446
vt 0.607034 0.976992
vt 0.600475 0.977589
vt 0.600475 0.962272
vt 0.607034 0.961675
vt 0.592278 0.977290
vt 0.592278 0.961973
vt 0.790111 0.970138
vt 0.144866 0.927007
vt 0.138855 0.929393
vt 0.138855 0.917559
vt 0.489698 0.966318
vt 0.479437 0.969895
vt 0.598837 0.953211
vt 0.947007 0.296447
vt 0.953247 0.293641
vt 0.953247 0.313863
vt 0.947007 0.316669
vt 0.961587 0.294754
vt 0.961587 0.314976
vt 0.958353 0.133001
vt 0.950655 0.132593
vt 0.957215 0.113519
vt 0.964913 0.113927
vt 0.082194 0.978363
vt 0.090621 0.979478
vt 0.090621 0.998696
vt 0.082194 0.997580
vt 0.897547 0.892598
vt 0.903546 0.889208
vt 0.903546 0.908425
vt 0.897547 0.911815
vt 0.168929 0.998601
vt 0.160344 0.999433
vt 0.160344 0.982427
vt 0.168929 0.981595
vt 0.955347 0.328561
vt 0.961850 0.099435
vt 0.950655 0.109194
vt 0.892173 0.294272
vt 0.884289 0.293119
vt 0.879429 0.286369
vt 0.984007 0.559837
vt 0.975363 0.559671
vt 0.975363 0.534270
vt 0.984007 0.534435
vt 0.731088 0.979279
vt 0.723543 0.980539
vt 0.723543 0.955637
vt 0.731088 0.954376
vt 0.988081 0.660094
vt 0.980598 0.658813
vt 0.980559 0.633910
vt 0.988042 0.635192
vt 0.957317 0.418197
vt 0.948687 0.418391
vt 0.948687 0.392972
vt 0.957317 0.392778
vt 0.943606 0.416844
vt 0.943606 0.391425
vt 0.344016 0.997952
vt 0.335496 0.998943
vt 0.335496 0.978212
vt 0.344016 0.977221
vt 0.979042 0.522480
vt 0.723607 0.939809
vt 0.988081 0.619364
vt 0.952237 0.377682
vt 0.470691 0.991191
vt 0.463584 0.990856
vt 0.470691 0.976190
vt 0.457349 0.985079
vt 0.164311 0.956261
vt 0.172768 0.957850
vt 0.168801 0.970482
vt 0.160344 0.968893
vt 0.740829 0.943456
vt 0.747111 0.942860
vt 0.747111 0.960777
vt 0.740829 0.961373
vt 0.755434 0.943104
vt 0.755434 0.961021
vt 0.682727 0.982703
vt 0.691284 0.982176
vt 0.691284 0.998908
vt 0.682727 0.999435
vt 0.198471 0.945858
vt 0.204814 0.946521
vt 0.204814 0.964414
vt 0.198471 0.963751
vt 0.213111 0.946237
vt 0.213111 0.964130
vt 0.162196 0.981595
vt 0.172768 0.976450
vt 0.749152 0.971167
vt 0.930511 0.560730
vt 0.922088 0.560730
vt 0.926799 0.548720
vt 0.726575 0.294657
vt 0.718801 0.294657
vt 0.721246 0.282909
vt 0.206768 0.973005
vt 0.983776 0.966639
vt 0.975119 0.966695
vt 0.975119 0.942125
vt 0.983776 0.942069
vt 0.949276 0.376835
vt 0.942067 0.376532
vt 0.942067 0.351890
vt 0.949276 0.352194
vt 0.934283 0.376773
vt 0.934283 0.352131
vt 0.457288 0.987558
vt 0.448633 0.987491
vt 0.448633 0.962963
vt 0.457288 0.963030
vt 0.829248 0.965586
vt 0.822402 0.962837
vt 0.822402 0.941686
vt 0.829248 0.944435
vt 0.814364 0.964521
vt 0.814364 0.943370
vt 0.978959 0.928259
vt 0.941493 0.339300
vt 0.452450 0.950781
vt 0.494274 0.852965
vt 0.494274 0.844326
vt 0.501818 0.847438
vt 0.821210 0.934845
vt 0.938669 0.824469
vt 0.933205 0.827144
vt 0.933205 0.796590
vt 0.938669 0.793915
vt 0.994823 0.592094
vt 0.986212 0.592631
vt 0.986212 0.563959
vt 0.994823 0.563422
vt 0.932642 0.427850
vt 0.924939 0.427395
vt 0.924939 0.394323
vt 0.932642 0.394778
vt 0.917632 0.427929
vt 0.917632 0.394856
vt 0.972155 0.611721
vt 0.963540 0.611218
vt 0.963540 0.582284
vt 0.972155 0.582786
vt 0.947237 0.825010
vt 0.947237 0.794456
vt 0.148933 0.985091
vt 0.146931 0.992377
vt 0.138670 0.978378
vt 0.138670 0.994974
vt 0.925335 0.377682
vt 0.968728 0.563422
vt 0.941773 0.780845
vt 0.907665 0.138223
vt 0.915028 0.136907
vt 0.915028 0.168136
vt 0.907665 0.169452
vt 0.925001 0.137404
vt 0.925001 0.168633
vt 0.953364 0.841757
vt 0.963475 0.842189
vt 0.963475 0.873315
vt 0.953364 0.872883
vt 0.152918 0.953685
vt 0.160291 0.954884
vt 0.160291 0.986202
vt 0.152918 0.985003
vt 0.954260 0.247032
vt 0.964229 0.246576
vt 0.964229 0.277894
vt 0.954260 0.278350
vt 0.510553 0.923882
vt 0.520874 0.923397
vt 0.520874 0.945627
vt 0.510553 0.946112
vt 0.917638 0.186596
vt 0.960306 0.887957
vt 0.993472 0.136041
vt 0.983130 0.136041
vt 0.988192 0.118175
vt 0.956856 0.293389
vt 0.516302 0.964102
vt 0.978904 0.164493
vt 0.969049 0.166829
vt 0.966553 0.150028
vt 0.976408 0.147692
vt 0.585027 0.292923
vt 0.577205 0.292167
vt 0.577205 0.273918
vt 0.585027 0.274674
vt 0.567433 0.292546
vt 0.567433 0.274297
vt 0.982285 0.886532
vt 0.972011 0.887355
vt 0.972011 0.874038
vt 0.982285 0.873214
vt 0.619741 0.292328
vt 0.609526 0.292100
vt 0.609526 0.273918
vt 0.619741 0.274146
vt 0.603011 0.293228
vt 0.603011 0.275046
vt 0.967718 0.136907
vt 0.996242 0.338957
vt 0.988750 0.337785
vt 0.996242 0.325784
vt 0.716758 0.989133
vt 0.708662 0.983860
vt 0.720947 0.978555
vt 0.708662 0.973520
vt 0.716758 0.968454
vt 0.978904 0.143526
vt 0.920329 0.444631
vt 0.930308 0.444244
vt 0.930308 0.471209
vt 0.920329 0.471596
vt 0.937652 0.445280
vt 0.937652 0.472245
vt 0.119231 0.919103
vt 0.129406 0.917560
vt 0.134248 0.937222
vt 0.124073 0.938765
vt 0.964592 0.668933
vt 0.974538 0.669307
vt 0.974538 0.696312
vt 0.964592 0.695938
vt 0.988841 0.929207
vt 0.996274 0.928260
vt 0.996274 0.955264
vt 0.988841 0.956212
vt 0.964247 0.443867
vt 0.974296 0.443548
vt 0.974296 0.470557
vt 0.964247 0.470877
vt 0.927673 0.487006
vt 0.119231 0.945591
vt 0.131987 0.954528
vt 0.972026 0.709384
vt 0.253485 0.980860
vt 0.263825 0.980860
vt 0.258825 0.996600
vt 0.967151 0.483979
vt 0.966551 0.225645
vt 0.956227 0.225484
vt 0.956227 0.195408
vt 0.966551 0.195569
vt 0.975187 0.082212
vt 0.965430 0.084827
vt 0.965430 0.064679
vt 0.975187 0.062064
vt 0.625658 0.990568
vt 0.615629 0.992090
vt 0.615629 0.967281
vt 0.625658 0.965759
vt 0.966553 0.181697
vt 0.956227 0.181570
vt 0.956227 0.151182
vt 0.966553 0.151309
vt 0.587841 0.947312
vt 0.577640 0.945611
vt 0.581926 0.921841
vt 0.592127 0.923542
vt 0.761680 0.991494
vt 0.753977 0.996714
vt 0.753977 0.976387
vt 0.761680 0.971167
vt 0.960832 0.181697
vt 0.967333 0.046201
vt 0.997445 0.667724
vt 0.988081 0.668219
vt 0.960861 0.136907
vt 0.590126 0.904445
vt 0.577640 0.915414
vt 0.166666 0.921997
vt 0.176407 0.924661
vt 0.170086 0.944883
vt 0.160344 0.942220
vt 0.434510 0.917774
vt 0.441736 0.917080
vt 0.441736 0.938454
vt 0.434510 0.939148
vt 0.451758 0.917320
vt 0.451758 0.938694
vt 0.213111 0.971188
vt 0.223167 0.971588
vt 0.223167 0.992763
vt 0.213111 0.992363
vt 0.326824 0.917332
vt 0.336367 0.916784
vt 0.336367 0.938049
vt 0.326824 0.938596
vt 0.344593 0.917645
vt 0.344593 0.938910
vt 0.163296 0.956261
vt 0.176407 0.948144
vt 0.444533 0.950781
vt 0.933161 0.056752
vt 0.922928 0.056752
vt 0.929531 0.046412
vt 0.335049 0.950793
vt 0.936700 0.293700
vt 0.947007 0.293641
vt 0.947007 0.323012
vt 0.936700 0.323071
vt 0.933610 0.882541
vt 0.925462 0.885793
vt 0.925462 0.860479
vt 0.933610 0.857227
vt 0.915870 0.883817
vt 0.915870 0.858503
vt 0.964229 0.247352
vt 0.973910 0.246576
vt 0.973910 0.275337
vt 0.964229 0.276114
vt 0.010336 0.990787
vt -0.000000 0.990977
vt -0.000000 0.965084
vt 0.010336 0.964894
vt 0.932297 0.294331
vt 0.932297 0.323702
vt 0.942604 0.339300
vt 0.924019 0.841757
vt 0.965916 0.289269
vt 0.788260 0.193815
vt 0.793340 0.185075
vt 0.803124 0.198918
vt 0.803124 0.183857
vt 0.526080 0.893504
vt 0.536339 0.894381
vt 0.531261 0.919095
vt 0.521003 0.918218
vt 0.972011 0.839705
vt 0.982300 0.839136
vt 0.982300 0.872645
vt 0.972011 0.873214
vt 0.119084 0.873972
vt 0.108879 0.874636
vt 0.108879 0.838149
vt 0.119084 0.837485
vt 0.947237 0.782463
vt 0.956330 0.780845
vt 0.956330 0.818336
vt 0.947237 0.819954
vt 0.948654 0.674069
vt 0.957477 0.675805
vt 0.957648 0.713296
vt 0.948825 0.711561
vt 0.223576 0.883293
vt 0.233350 0.883184
vt 0.233350 0.922854
vt 0.223576 0.922963
vt 0.523374 0.938798
vt 0.536339 0.926502
vt 0.112521 0.814889
vt 0.956052 0.841715
vt 0.948654 0.734940
vt 0.225532 0.943782
vt 0.672185 0.945824
vt 0.663537 0.947705
vt 0.660887 0.926627
vt 0.669535 0.924746
vt 0.701886 0.995176
vt 0.693026 0.994693
vt 0.693026 0.971784
vt 0.701886 0.972267
vt 0.974595 0.042455
vt 0.965808 0.042654
vt 0.965808 0.015583
vt 0.974595 0.015384
vt 0.443341 0.998897
vt 0.434510 0.998192
vt 0.434510 0.976730
vt 0.443341 0.977435
vt 0.991885 0.079982
vt 0.984575 0.076179
vt 0.984089 0.058576
vt 0.991399 0.062379
vt 0.025189 0.995610
vt 0.016371 0.994917
vt 0.016371 0.972376
vt 0.025189 0.973070
vt 0.662125 0.909820
vt 0.654889 0.922936
vt 0.968957 -0.000000
vt 0.999747 0.212511
vt 0.991271 0.211096
vt 0.999747 0.197307
vt 0.991885 0.046201
vt 0.672185 0.919174
vt 0.865313 0.946117
vt 0.872803 0.947026
vt 0.872803 0.962549
vt 0.865313 0.961640
vt 0.890679 0.986714
vt 0.899396 0.985696
vt 0.899396 0.998772
vt 0.890679 0.999789
vt 0.988841 0.982624
vt 0.997744 0.982636
vt 0.997744 0.998297
vt 0.988841 0.998285
vt 0.968262 0.406083
vt 0.976872 0.407860
vt 0.976872 0.417692
vt 0.968262 0.415915
vt 0.095877 0.957621
vt 0.104417 0.955707
vt 0.108870 0.968057
vt 0.100330 0.969971
vt 0.857399 0.946887
vt 0.857399 0.962410
vt 0.864889 0.971594
vt 0.993158 0.887355
vt 0.984877 0.884335
vt 0.993158 0.875456
vt 0.982285 0.876726
vt 0.095877 0.975446
vt 0.106791 0.980116
vt 0.308659 0.917459
vt 0.316542 0.917565
vt 0.316542 0.941008
vt 0.308659 0.940901
vt 0.976940 0.407170
vt 0.985839 0.407187
vt 0.985839 0.430600
vt 0.976940 0.430584
vt 0.900462 0.917841
vt 0.907983 0.917887
vt 0.907982 0.941336
vt 0.900462 0.941290
vt 0.915870 0.917847
vt 0.915870 0.941296
vt 0.982540 0.246684
vt 0.991441 0.265031
vt 0.982540 0.265139
vt 0.301133 0.917581
vt 0.301133 0.941024
vt 0.309017 0.953626
vt 0.981646 0.442640
vt 0.991386 0.292363
vt 0.982540 0.292363
vt 0.986122 0.279679
vt 0.908349 0.953750
vt 0.987142 0.279679
vt 0.940493 0.734940
vt 0.933330 0.734358
vt 0.933330 0.707778
vt 0.940493 0.708360
vt 0.838118 0.976477
vt 0.829248 0.976394
vt 0.829248 0.949810
vt 0.838118 0.949893
vt 0.990943 0.771044
vt 0.982053 0.770844
vt 0.982053 0.746448
vt 0.990943 0.746648
vt 0.953830 0.248936
vt 0.945463 0.248420
vt 0.945463 0.222065
vt 0.953830 0.222582
vt 0.938644 0.249391
vt 0.938644 0.223037
vt 0.948654 0.734548
vt 0.948654 0.707968
vt 0.941491 0.693218
vt 0.834348 0.934845
vt 0.986075 0.736697
vt 0.947012 0.209505
vt 0.673951 0.982887
vt 0.682727 0.982176
vt 0.682727 0.998461
vt 0.673951 0.999172
vt 0.032645 0.956615
vt 0.041337 0.954746
vt 0.045040 0.969054
vt 0.036348 0.970923
vt 0.980078 0.984402
vt 0.988841 0.983403
vt 0.988841 0.997712
vt 0.980078 0.998711
vt 0.654889 0.949487
vt 0.663528 0.947705
vt 0.667986 0.963273
vt 0.659347 0.965055
vt 0.356840 0.960957
vt 0.365384 0.961274
vt 0.365384 0.979605
vt 0.356840 0.979288
vt 0.371824 0.960495
vt 0.371824 0.978825
vt 0.032645 0.976461
vt 0.043311 0.982219
vt 0.654889 0.969804
vt 0.665904 0.976319
vt 0.697163 0.293767
vt 0.699684 0.285556
vt 0.708072 0.294443
vt 0.708072 0.282909
vt 0.584362 0.949338
vt 0.592127 0.947397
vt 0.592127 0.970082
vt 0.584362 0.972023
vt 0.546607 0.969545
vt 0.555421 0.969915
vt 0.555421 0.994131
vt 0.546607 0.993761
vt 0.975187 0.046282
vt 0.984089 0.046201
vt 0.984089 0.067504
vt 0.975187 0.067585
vt 0.065152 0.974784
vt 0.073811 0.973831
vt 0.073811 0.996342
vt 0.065152 0.997295
vt 0.087041 0.910471
vt 0.095762 0.911914
vt 0.090915 0.935598
vt 0.082194 0.934155
vt 0.576707 0.947312
vt 0.576707 0.969997
vt 0.916603 0.827436
vt 0.925138 0.829892
vt 0.916603 0.841529
vt 0.927843 0.837561
vt 0.979768 0.083075
vt 0.273469 0.932240
vt 0.278989 0.934998
vt 0.273469 0.948399
vt 0.084458 0.949941
vt 0.095762 0.938761
vt 0.829248 0.976769
vt 0.838143 0.976477
vt 0.838143 0.998258
vt 0.829248 0.998551
vt 0.731110 0.911663
vt 0.740013 0.911720
vt 0.740013 0.943284
vt 0.731110 0.943227
vt 0.731110 0.963031
vt 0.739737 0.964213
vt 0.739737 0.993051
vt 0.731110 0.991869
vt 0.472305 0.952409
vt 0.479189 0.951760
vt 0.479189 0.985700
vt 0.472305 0.986348
vt 0.957098 0.046201
vt 0.965430 0.046561
vt 0.965430 0.080500
vt 0.957098 0.080140
vt 0.698407 0.898858
vt 0.707120 0.899351
vt 0.701739 0.927427
vt 0.693026 0.926935
vt 0.707120 0.932046
vt 0.695539 0.946520
vt 0.735431 0.963031
vt 0.978647 0.986039
vt 0.970290 0.985040
vt 0.978647 0.967057
vt 0.964811 0.979333
vt 0.958547 0.099240
vt 0.920796 0.608500
vt 0.913499 0.609793
vt 0.913499 0.578536
vt 0.920796 0.577243
vt 0.943814 0.987709
vt 0.933610 0.988244
vt 0.933610 0.958114
vt 0.943814 0.957579
vt 0.925654 0.106533
vt 0.917688 0.106570
vt 0.917688 0.074816
vt 0.925654 0.074779
vt 0.907991 0.106550
vt 0.907991 0.074796
vt 0.958944 0.664840
vt 0.948769 0.664244
vt 0.948769 0.634166
vt 0.958944 0.634762
vt 0.930793 0.608968
vt 0.930793 0.577711
vt 0.923496 0.562343
vt 0.817749 0.183631
vt 0.817244 0.193372
vt 0.803124 0.183631
vt 0.808629 0.198918
vt 0.915957 0.057832
vt 0.955467 0.615606
vt 0.365759 0.998546
vt 0.356840 0.997761
vt 0.356840 0.979605
vt 0.365759 0.980390
vt 0.310129 0.996721
vt 0.301133 0.997486
vt 0.301133 0.979330
vt 0.310129 0.978565
vt 0.105892 0.995007
vt 0.095877 0.996519
vt 0.095877 0.981628
vt 0.105892 0.980116
vt 0.421360 0.988124
vt 0.411031 0.988139
vt 0.411031 0.969782
vt 0.421360 0.969767
vt 0.494677 0.964096
vt 0.489776 0.966245
vt 0.489776 0.948399
vt 0.494677 0.946251
vt 0.479437 0.966318
vt 0.479437 0.948472
vt 0.192272 0.799535
vt 0.190265 0.809160
vt 0.183216 0.799535
vt 0.916515 0.280772
vt 0.914289 0.290731
vt 0.904669 0.282178
vt 0.904669 0.294210
vt 0.416674 0.960231
vt 0.484338 0.936811
vt 0.943182 0.099229
vt 0.935487 0.098701
vt 0.935487 0.071538
vt 0.943182 0.072066
vt 0.925654 0.098946
vt 0.925654 0.071783
vt 0.521003 0.967352
vt 0.531055 0.968379
vt 0.531055 0.993082
vt 0.521003 0.992055
vt 0.995738 0.836756
vt 0.988008 0.837386
vt 0.988008 0.810258
vt 0.995738 0.809628
vt 0.971403 0.336158
vt 0.961587 0.335859
vt 0.961587 0.308731
vt 0.971403 0.309030
vt 0.637636 0.939234
vt 0.647794 0.940113
vt 0.642664 0.952912
vt 0.632506 0.952033
vt 0.647794 0.961222
vt 0.634901 0.967165
vt 0.933349 0.057832
vt 0.953865 0.057075
vt 0.944447 0.055555
vt 0.953865 0.040754
vt 0.938689 0.047586
vt 0.969317 0.293641
vt 0.233497 0.991535
vt 0.223167 0.991146
vt 0.223167 0.971188
vt 0.233497 0.971578
vt 0.963540 0.610256
vt 0.953219 0.609956
vt 0.953219 0.582077
vt 0.963540 0.582377
vt 0.928125 0.546424
vt 0.919906 0.548720
vt 0.919906 0.519805
vt 0.928125 0.517509
vt 0.910358 0.547266
vt 0.910358 0.518351
vt 0.975119 0.966676
vt 0.964811 0.967057
vt 0.964811 0.939269
vt 0.975119 0.938889
vt 0.933083 0.046412
vt 0.922928 0.045049
vt 0.928534 0.017982
vt 0.938689 0.019345
vt 0.922928 0.013066
vt 0.936071 -0.000000
vt 0.958969 0.563422
vt 0.918577 0.500641
vt 0.970702 0.928259
vt 0.930793 0.490715
vt 0.938703 0.488173
vt 0.938703 0.508018
vt 0.930793 0.510560
vt 0.948430 0.489515
vt 0.948430 0.509360
vt 0.974538 0.701837
vt 0.984334 0.700663
vt 0.984334 0.720745
vt 0.974538 0.721919
vt 0.073811 0.973831
vt 0.081664 0.976310
vt 0.081664 0.996270
vt 0.073811 0.993791
vt 0.576707 0.973288
vt 0.586463 0.972023
vt 0.586463 0.991982
vt 0.576707 0.993248
vt 0.969139 0.888743
vt 0.979439 0.888553
vt 0.979439 0.909585
vt 0.969139 0.909775
vt 0.940520 0.522480
vt 0.982311 0.735036
vt 0.999535 0.272471
vt 0.991441 0.276671
vt 0.991441 0.261400
vt 0.042158 0.997490
vt 0.032645 0.993758
vt 0.042158 0.982219
vt 0.975110 0.922680
vt 0.933609 0.929772
vt 0.925463 0.928782
vt 0.925463 0.899701
vt 0.933609 0.900692
vt 0.915870 0.929383
vt 0.915870 0.900303
vt 0.326734 0.963071
vt 0.316542 0.962970
vt 0.316542 0.933580
vt 0.326734 0.933681
vt 0.938644 0.254559
vt 0.928330 0.254850
vt 0.928330 0.227544
vt 0.938644 0.227252
vt 0.922499 0.251658
vt 0.922498 0.224352
vt 0.326734 0.989506
vt 0.316400 0.989298
vt 0.316400 0.963071
vt 0.326734 0.963279
vt 0.827644 0.196615
vt 0.817749 0.198197
vt 0.817749 0.183631
vt 0.924017 0.885793
vt 0.323168 0.917459
vt 0.932813 0.209505
vt 0.832147 0.187547
vt 0.866408 0.943124
vt 0.857399 0.946014
vt 0.857399 0.913370
vt 0.866408 0.910480
vt 0.919210 0.671241
vt 0.909368 0.671384
vt 0.902216 0.638266
vt 0.912058 0.638123
vt 0.910358 0.561412
vt 0.902042 0.562343
vt 0.902042 0.523110
vt 0.910358 0.522179
vt 0.892557 0.561718
vt 0.892557 0.522485
vt 0.983824 0.373427
vt 0.974222 0.375389
vt 0.974222 0.341262
vt 0.983824 0.339300
vt 0.875313 0.946117
vt 0.875313 0.913473
vt 0.919210 0.633116
vt 0.905555 0.615606
vt 0.900874 0.500641
vt 0.850064 0.990178
vt 0.840307 0.986870
vt 0.850064 0.970431
vt 0.838276 0.978121
s 1
usemtl Material.004
f 1/1 2/2 3/3 4/4 5/5 6/6 7/7
f 8/8 9/9 10/10 1/1 7/7 11/11
f 12/12 13/13 14/14 15/15 16/16 17/17
f 7/18 6/19 18/20 19/21 20/22
f 4/23 21/24 22/25
f 23/26 24/27 1/28 10/29 25/30
f 24/27 26/31 2/32 1/28
f 27/33 28/34 29/35 3/36
f 3/3 29/37 30/38 31/39 32/40 33/41 21/42 4/4
f 34/43 35/44 36/45 32/46 31/47
f 6/19 5/48 18/20
f 5/48 4/23 22/25 37/49 18/20
f 19/50 12/51 20/52
f 19/53 18/54 38/55 13/56 12/57
f 12/58 17/59 20/60
f 18/61 37/62 39/63 40/64
f 35/65 41/66 36/67
f 33/68 32/69 36/67 41/66 42/70
f 41/66 43/71 42/70
f 21/24 33/68 42/70 43/71 37/49 22/25
f 18/61 40/64 38/72
f 8/73 11/74 16/16 15/15
f 17/75 16/76 11/77 7/18 20/22
f 44/78 34/43 31/47 30/79
f 37/80 45/81 46/82
f 25/83 14/14 23/84
f 15/15 14/14 25/83 10/85 9/86
f 9/87 8/88 15/89
f 44/90 28/34 46/91
f 34/43 45/81 35/44
f 26/92 47/93 2/94
f 47/95 27/33 3/36 2/32
f 45/81 37/80 43/96 41/97 35/44
f 13/13 24/98 23/84 14/14
f 38/99 24/27 13/100
f 40/101 27/33 26/31 24/27 38/99
f 45/81 34/43 44/78 46/82
f 39/102 37/103 46/91
f 39/102 27/33 40/101
f 28/34 44/90 30/104 29/35
f 28/34 27/33 39/102 46/91
f 27/33 47/95 26/31
s 0
f 48/105 67/106 78/107
f 48/105 78/107 121/108
f 49/109 71/110 133/111
f 50/112 95/113 146/114
f 51/115 108/116 155/117
f 52/118 115/119 169/120
f 48/105 121/108 134/121
f 49/122 133/123 147/124
f 50/112 146/114 156/125
f 51/115 155/117 170/126
f 52/118 169/120 122/127
f 53/128 179/129 209/130
f 54/131 186/132 219/133
f 55/134 191/135 223/136
f 56/137 198/138 227/139
f 212/140 228/141 213/142
f 211/143 230/144 212/140
f 210/145 235/146 211/143
f 229/147 225/148 224/149
f 212/140 230/144 228/141
f 230/144 231/150 228/141
f 233/151 234/152 229/147
f 229/147 234/152 225/148
f 234/152 226/153 225/148
f 211/143 235/146 230/144
f 235/146 236/154 230/144
f 230/144 236/154 231/150
f 236/154 237/155 231/150
f 231/150 237/155 232/156
f 237/155 238/157 232/156
f 232/156 238/157 233/151
f 238/157 239/158 233/151
f 233/151 239/158 234/152
f 239/158 240/159 234/152
f 234/152 240/159 226/153
f 240/159 227/139 226/153
f 235/146 204/160 236/154
f 204/160 203/161 236/154
f 236/154 203/161 237/155
f 203/161 202/162 237/155
f 237/155 202/162 238/157
f 202/162 201/163 238/157
f 238/157 201/163 239/158
f 201/163 200/164 239/158
f 239/158 200/164 240/159
f 200/164 199/165 240/159
f 240/159 199/165 227/139
f 199/165 56/137 227/139
f 225/148 246/166 224/149
f 226/153 250/167 225/148
f 227/139 254/168 226/153
f 243/169 244/170 241/171
f 241/171 244/170 242/172
f 244/170 245/173 242/172
f 242/172 245/173 220/174
f 245/175 221/176 220/177
f 224/149 246/166 243/178
f 246/166 247/179 243/178
f 243/180 247/181 244/182
f 247/181 248/183 244/182
f 244/182 248/183 245/175
f 248/183 249/184 245/175
f 245/175 249/184 221/176
f 249/185 222/186 221/187
f 225/148 250/167 246/166
f 250/167 251/188 246/166
f 246/189 251/190 247/181
f 251/190 252/191 247/181
f 247/181 252/191 248/183
f 252/191 253/192 248/183
f 248/183 253/192 249/184
f 226/153 254/168 250/167
f 254/193 255/194 250/195
f 250/195 255/194 251/190
f 255/194 256/196 251/190
f 251/190 256/196 252/191
f 256/196 257/197 252/191
f 252/191 257/197 253/192
f 227/139 198/138 254/168
f 198/198 197/199 254/193
f 254/193 197/199 255/194
f 197/199 196/200 255/194
f 255/194 196/200 256/196
f 196/200 195/201 256/196
f 256/196 195/201 257/197
f 195/202 194/203 257/204
f 257/204 194/203 258/205
f 194/203 193/206 258/205
f 258/205 193/206 259/207
f 193/206 192/208 259/207
f 259/207 192/208 223/136
f 192/208 55/134 223/136
f 221/209 261/210 220/211
f 222/186 263/212 221/187
f 260/213 215/214 214/215
f 262/216 217/217 216/218
f 221/187 263/212 261/219
f 263/220 264/221 261/222
f 265/223 266/224 262/225
f 262/225 266/224 217/226
f 266/224 218/227 217/226
f 222/186 267/228 263/212
f 267/228 268/229 263/212
f 263/212 268/229 264/230
f 268/231 269/232 264/233
f 264/233 269/232 265/223
f 269/232 270/234 265/223
f 265/223 270/234 266/224
f 270/234 271/235 266/224
f 266/224 271/235 218/227
f 267/228 272/236 268/229
f 272/236 273/237 268/229
f 268/229 273/237 269/238
f 273/237 274/239 269/238
f 269/232 274/240 270/234
f 272/236 189/241 273/237
f 187/242 54/131 219/133
f 214/215 205/243 57/244
f 215/214 275/245 214/215
f 216/218 276/246 215/214
f 217/217 278/247 216/218
f 218/227 279/248 217/226
f 214/215 275/245 205/243
f 275/245 206/249 205/243
f 215/214 276/246 275/245
f 276/246 277/250 275/245
f 275/245 277/250 206/249
f 216/218 278/247 276/246
f 217/217 279/251 278/247
f 279/251 280/252 278/247
f 218/227 282/253 279/248
f 282/253 283/254 279/248
f 279/251 283/255 280/252
f 283/255 284/256 280/252
f 285/257 286/258 281/259
f 281/259 286/258 207/260
f 286/258 208/261 207/260
f 287/262 288/263 282/253
f 282/253 288/263 283/254
f 288/263 289/264 283/254
f 283/255 289/265 284/256
f 289/265 290/266 284/256
f 284/256 290/266 285/257
f 290/266 291/267 285/257
f 285/257 291/267 286/258
f 291/267 292/268 286/258
f 286/258 292/268 208/261
f 292/268 209/130 208/261
f 219/133 186/132 287/262
f 186/132 185/269 287/262
f 287/262 185/269 288/263
f 185/269 184/270 288/263
f 288/263 184/270 289/264
f 184/270 183/271 289/264
f 289/265 183/272 290/266
f 183/272 182/273 290/266
f 290/266 182/273 291/267
f 182/273 181/274 291/267
f 291/267 181/274 292/268
f 181/274 180/275 292/268
f 292/268 180/275 209/130
f 180/275 53/128 209/130
f 206/249 293/276 205/243
f 208/261 300/277 207/260
f 209/130 305/278 208/261
f 206/249 294/279 293/276
f 294/279 295/280 293/276
f 294/279 296/281 295/280
f 296/282 297/283 295/284
f 296/282 298/285 297/283
f 298/285 299/286 297/283
f 297/283 299/286 213/142
f 299/286 212/140 213/142
f 302/287 303/288 298/285
f 298/285 303/288 299/286
f 303/288 304/289 299/286
f 299/286 304/289 212/140
f 304/289 211/143 212/140
f 208/261 305/278 300/277
f 305/278 306/290 300/277
f 300/277 306/290 301/291
f 306/290 307/292 301/291
f 301/293 307/294 302/287
f 307/294 308/295 302/287
f 302/287 308/295 303/288
f 308/295 309/296 303/288
f 303/288 309/296 304/289
f 309/296 310/297 304/289
f 304/289 310/297 211/143
f 310/297 210/145 211/143
f 209/130 179/129 305/278
f 179/129 178/298 305/278
f 305/278 178/298 306/290
f 178/298 177/299 306/290
f 306/300 177/301 307/294
f 177/301 176/302 307/294
f 307/294 176/302 308/295
f 176/302 175/303 308/295
f 308/295 175/303 309/296
f 126/304 311/305 127/306
f 125/307 312/308 126/304
f 124/309 313/310 125/307
f 123/311 315/312 124/313
f 126/304 312/308 311/305
f 125/307 313/310 312/308
f 314/314 202/162 203/161
f 124/309 315/315 313/310
f 316/316 317/317 314/314
f 314/314 317/317 202/162
f 317/317 201/163 202/162
f 318/318 319/319 316/316
f 316/316 319/319 317/317
f 319/319 320/320 317/317
f 317/317 320/320 201/163
f 320/320 200/164 201/163
f 323/321 324/322 318/318
f 318/318 324/322 319/319
f 324/322 325/323 319/319
f 319/319 325/323 320/320
f 325/323 326/324 320/320
f 320/320 326/324 200/164
f 326/324 199/165 200/164
f 122/127 169/120 321/325
f 169/120 168/326 321/325
f 321/325 168/326 322/327
f 168/326 167/328 322/327
f 322/329 167/330 323/331
f 167/330 166/332 323/331
f 323/321 166/333 324/322
f 166/333 165/334 324/322
f 324/322 165/334 325/323
f 165/334 164/335 325/323
f 325/323 164/335 326/324
f 164/335 163/336 326/324
f 326/324 163/336 199/165
f 163/336 56/137 199/165
f 173/337 328/338 174/339
f 172/340 330/341 173/342
f 170/126 338/343 171/344
f 327/345 196/200 197/199
f 327/345 329/346 196/200
f 329/346 195/201 196/200
f 173/347 330/348 328/349
f 330/348 331/350 328/349
f 329/351 333/352 195/202
f 333/352 194/203 195/202
f 330/348 334/353 331/350
f 334/353 335/354 331/350
f 331/350 335/354 332/355
f 335/354 336/356 332/355
f 333/352 337/357 194/203
f 337/357 193/206 194/203
f 334/353 339/358 335/354
f 339/358 340/359 335/354
f 335/354 340/359 336/356
f 337/357 342/360 193/206
f 342/360 192/208 193/206
f 170/126 155/117 338/343
f 154/361 153/362 339/363
f 339/358 153/364 340/359
f 153/364 152/365 340/359
f 340/359 152/365 341/366
f 342/360 151/367 192/208
f 151/367 55/134 192/208
f 162/368 191/135 55/134
f 161/369 343/370 162/368
f 160/371 344/372 161/369
f 159/373 346/374 160/371
f 158/375 348/376 159/377
f 157/378 352/379 158/375
f 156/125 357/380 157/381
f 162/368 343/370 191/135
f 343/370 190/382 191/135
f 161/369 344/372 343/370
f 344/372 345/383 343/370
f 343/370 345/383 190/382
f 160/371 346/374 344/372
f 346/374 347/384 344/372
f 344/372 347/384 345/383
f 159/373 348/385 346/374
f 348/385 349/386 346/374
f 346/374 349/386 347/384
f 349/386 350/387 347/384
f 158/375 352/379 348/376
f 352/379 353/388 348/376
f 348/385 353/389 349/386
f 353/389 354/390 349/386
f 349/386 354/390 350/387
f 354/390 355/391 350/387
f 350/387 355/391 351/392
f 355/391 356/393 351/392
f 157/378 357/394 352/379
f 357/380 358/395 352/396
f 352/396 358/395 353/397
f 358/395 359/398 353/397
f 353/399 359/400 354/401
f 359/400 360/402 354/401
f 354/401 360/402 355/403
f 360/402 361/404 355/403
f 355/403 361/404 356/405
f 361/404 362/406 356/405
f 356/407 362/408 188/409
f 362/408 187/242 188/409
f 156/125 146/114 357/380
f 146/114 145/410 357/380
f 357/380 145/410 358/395
f 145/410 144/411 358/395
f 358/395 144/411 359/398
f 144/411 143/412 359/398
f 359/400 143/413 360/402
f 143/413 142/414 360/402
f 360/402 142/414 361/404
f 362/408 141/415 187/242
f 141/415 54/131 187/242
f 150/416 186/132 54/131
f 147/124 374/417 148/418
f 150/416 363/419 186/132
f 363/419 185/269 186/132
f 364/420 365/421 363/419
f 363/419 365/421 185/269
f 365/421 184/270 185/269
f 364/420 366/422 365/421
f 366/422 367/423 365/421
f 365/421 367/423 184/270
f 367/423 183/271 184/270
f 368/424 369/425 366/422
f 366/422 369/425 367/423
f 369/425 370/426 367/423
f 367/423 370/426 183/271
f 370/427 182/273 183/272
f 368/424 371/428 369/425
f 371/428 372/429 369/425
f 369/425 372/429 370/426
f 372/430 373/431 370/427
f 370/427 373/431 182/273
f 373/431 181/274 182/273
f 371/428 375/432 372/429
f 375/433 376/434 372/430
f 372/430 376/434 373/431
f 376/434 377/435 373/431
f 373/431 377/435 181/274
f 377/435 180/275 181/274
f 147/124 133/123 374/417
f 133/111 132/436 374/437
f 131/438 130/439 375/440
f 375/433 130/441 376/434
f 130/441 129/442 376/434
f 376/434 129/442 377/435
f 129/442 128/443 377/435
f 377/435 128/443 180/275
f 128/443 53/128 180/275
f 140/444 179/129 53/128
f 139/445 378/446 140/447
f 138/448 379/449 139/445
f 137/450 381/451 138/448
f 136/452 384/453 137/454
f 135/455 385/456 136/452
f 134/121 389/457 135/455
f 140/444 378/458 179/129
f 378/458 178/298 179/129
f 139/445 379/449 378/446
f 379/449 380/459 378/446
f 378/458 380/460 178/298
f 380/460 177/299 178/298
f 138/448 381/451 379/449
f 381/451 382/461 379/449
f 379/449 382/461 380/459
f 382/462 383/463 380/464
f 380/464 383/463 177/301
f 383/463 176/302 177/301
f 137/450 384/465 381/451
f 386/466 387/467 813/468 812/469
f 398/470 174/471 638/472 821/473
f 339/474 334/475 772/476 777/477
f 253/478 257/479 701/480 699/481
f 141/482 362/483 788/484 615/485
f 210/486 310/487 744/488 659/489
f 395/490 398/491 821/492 819/493
f 136/452 385/456 384/453
f 517/494 515/495 898/496 900/497
f 313/498 315/499 752/500 749/501
f 187/502 219/503 668/504 644/505
f 314/506 203/507 652/508 751/509
f 424/510 420/511 830/512 834/513
f 361/514 142/515 617/516 787/517
f 469/518 470/519 863/520 862/521
f 483/522 482/523 873/524 875/525
f 301/526 302/527 743/528 742/529
f 135/455 389/457 385/456
f 389/457 390/530 385/456
f 171/531 338/532 775/533 636/534
f 119/535 469/518 862/521 608/536
f 300/537 301/526 742/529 741/538
f 419/539 423/540 833/541 829/542
f 386/543 391/544 387/545
f 391/544 392/546 387/545
f 387/545 392/546 388/547
f 392/546 393/548 388/547
f 213/549 228/550 685/551 660/552
f 123/553 472/554 861/555 611/556
f 134/121 121/108 389/457
f 121/108 120/557 389/457
f 389/457 120/557 390/530
f 120/557 119/558 390/530
f 337/559 333/560 770/561 774/562
f 467/563 468/564 860/565 859/566
f 312/567 313/498 749/501 748/568
f 175/569 176/570 643/571 642/572
f 391/544 118/573 392/546
f 118/573 117/574 392/546
f 392/546 117/574 393/548
f 117/574 116/575 393/548
f 332/576 336/577 773/578 769/579
f 164/580 394/581 820/582 635/583
f 421/584 417/585 828/586 832/587
f 383/588 382/589 804/590 802/591
f 165/334 394/592 164/335
f 166/593 396/594 165/595
f 167/328 399/596 166/597
f 168/326 403/598 167/328
f 169/120 408/599 168/326
f 63/600 558/601 922/602 579/603
f 249/604 253/605 699/606 697/607
f 466/608 465/609 856/610 857/611
f 273/612 189/613 648/614 717/615
f 382/589 381/616 803/617 804/590
f 311/618 312/567 748/568 746/619
f 165/595 396/594 394/620
f 396/594 397/621 394/620
f 394/620 397/621 395/622
f 397/621 398/623 395/622
f 465/609 118/624 606/625 856/610
f 398/626 173/627 174/628
f 166/597 399/596 396/629
f 399/596 400/630 396/629
f 396/629 400/630 397/631
f 400/630 401/632 397/631
f 397/631 401/632 398/633
f 401/632 402/634 398/633
f 398/633 402/634 173/635
f 402/636 172/637 173/638
f 167/328 403/598 399/596
f 403/598 404/639 399/596
f 399/596 404/639 400/630
f 404/639 405/640 400/630
f 400/630 405/640 401/632
f 405/640 406/641 401/632
f 401/632 406/641 402/634
f 406/642 407/643 402/636
f 402/636 407/643 172/637
f 407/643 171/344 172/637
f 168/326 408/599 403/598
f 408/599 409/644 403/598
f 403/598 409/644 404/639
f 409/644 410/645 404/639
f 404/639 410/645 405/640
f 410/645 411/646 405/640
f 405/640 411/646 406/641
f 411/647 412/648 406/642
f 406/642 412/648 407/643
f 412/648 413/649 407/643
f 407/643 413/649 171/344
f 413/649 170/126 171/344
f 169/120 115/119 408/599
f 115/119 114/650 408/599
f 408/599 114/650 409/644
f 114/650 113/651 409/644
f 409/644 113/651 410/645
f 113/651 112/652 410/645
f 410/645 112/652 411/646
f 189/653 272/654 716/655 648/656
f 411/647 111/657 412/648
f 111/657 110/658 412/648
f 412/648 110/658 413/649
f 110/658 109/659 413/649
f 413/649 109/659 170/126
f 109/659 51/115 170/126
f 151/367 162/368 55/134
f 420/660 159/661 630/662 830/663
f 334/664 330/665 767/666 772/667
f 153/364 415/668 152/365
f 154/361 417/669 153/362
f 176/670 383/588 802/591 643/671
f 83/672 82/673 590/674 591/675
f 127/676 311/677 746/678 567/679
f 82/673 81/680 589/681 590/674
f 416/682 419/539 829/542 827/683
f 562/684 69/685 580/686 924/687
f 116/688 127/676 567/679 605/689
f 223/690 191/691 650/692 674/693
f 152/365 415/668 414/694
f 415/668 416/695 414/694
f 297/696 213/549 660/552 735/697
f 172/637 171/344 636/698 637/699
f 333/560 329/700 766/701 770/561
f 322/702 323/703 760/704 759/705
f 153/362 417/669 415/706
f 417/669 418/707 415/706
f 415/706 418/707 416/708
f 418/707 419/709 416/708
f 557/710 561/711 923/712 920/713
f 321/714 322/702 759/705 758/715
f 69/685 462/716 855/717 580/686
f 420/718 158/375 159/377
f 122/719 321/714 758/715 609/720
f 328/721 331/722 768/723 764/724
f 417/669 421/725 418/707
f 421/725 422/726 418/707
f 418/707 422/726 419/709
f 422/726 423/727 419/709
f 270/728 274/729 718/730 713/731
f 76/732 75/733 585/734 586/735
f 420/718 424/736 158/375
f 424/736 157/378 158/375
f 414/737 416/738 827/739 825/740
f 235/741 210/742 659/743 692/744
f 558/745 555/746 919/747 922/748
f 163/336 164/335 635/749 634/750
f 421/725 426/751 422/726
f 426/751 427/752 422/726
f 422/726 427/752 423/727
f 427/752 428/753 423/727
f 423/727 428/753 424/736
f 428/753 429/754 424/736
f 424/736 429/754 157/378
f 429/754 156/755 157/378
f 155/756 108/757 425/758
f 108/757 107/759 425/758
f 329/760 327/761 763/762 766/763
f 56/137 163/336 634/750 570/764
f 272/654 267/765 712/766 716/655
f 131/767 375/768 801/769 612/770
f 426/751 105/771 427/752
f 105/771 104/772 427/752
f 427/752 104/772 428/753
f 104/772 103/773 428/753
f 428/753 103/773 429/754
f 103/773 102/774 429/754
f 429/775 102/776 156/125
f 102/776 50/112 156/125
f 141/415 150/416 54/131
f 161/777 162/778 633/779 632/780
f 232/781 233/782 691/783 690/784
f 143/413 430/785 142/414
f 144/411 433/786 143/412
f 145/410 437/787 144/411
f 146/114 442/788 145/410
f 351/789 356/790 786/791 784/792
f 160/793 161/777 632/780 631/794
f 231/795 232/781 690/784 689/796
f 460/797 70/798 584/799 851/800
f 159/801 160/793 631/794 630/802
f 174/803 328/804 764/805 638/806
f 218/807 271/808 711/809 666/810
f 327/761 197/811 651/812 763/762
f 112/813 484/814 876/815 604/816
f 554/817 557/818 920/819 916/820
f 243/821 241/822 695/823 696/824
f 374/825 132/826 614/827 798/828
f 143/412 433/786 430/829
f 433/786 434/830 430/829
f 430/829 434/830 431/831
f 434/830 435/832 431/831
f 431/831 435/832 432/833
f 435/832 436/834 432/833
f 315/835 123/553 611/556 752/836
f 432/837 436/838 844/839 841/840
f 144/411 437/787 433/786
f 437/787 438/841 433/786
f 433/786 438/841 434/830
f 438/841 439/842 434/830
f 434/830 439/842 435/832
f 439/842 440/843 435/832
f 435/832 440/843 436/834
f 440/843 441/844 436/834
f 436/834 441/844 149/845
f 441/844 148/418 149/845
f 145/410 442/788 437/787
f 442/788 443/846 437/787
f 437/787 443/846 438/841
f 443/846 444/847 438/841
f 438/841 444/847 439/842
f 444/847 445/848 439/842
f 439/842 445/848 440/843
f 445/848 446/849 440/843
f 440/843 446/849 441/844
f 446/849 447/850 441/844
f 441/844 447/850 148/418
f 447/850 147/124 148/418
f 146/114 95/113 442/788
f 95/113 94/851 442/788
f 442/788 94/851 443/846
f 94/851 93/852 443/846
f 443/846 93/852 444/847
f 93/852 92/853 444/847
f 444/847 92/853 445/848
f 92/853 91/854 445/848
f 445/848 91/854 446/849
f 91/854 90/855 446/849
f 446/849 90/855 447/850
f 90/855 89/856 447/850
f 447/850 89/856 147/124
f 89/856 49/122 147/124
f 128/443 140/444 53/128
f 129/442 448/857 128/443
f 130/439 449/858 129/859
f 131/438 451/860 130/439
f 482/523 83/861 591/862 873/524
f 394/620 395/622 819/863 820/864
f 133/111 460/865 132/436
f 128/443 448/857 140/444
f 448/866 139/445 140/447
f 129/859 449/858 448/866
f 449/858 450/867 448/866
f 448/866 450/867 139/445
f 450/867 138/448 139/445
f 130/439 451/860 449/858
f 451/860 452/868 449/858
f 449/858 452/868 450/867
f 452/868 453/869 450/867
f 450/867 453/869 138/448
f 453/869 137/450 138/448
f 555/870 552/871 915/872 919/873
f 461/874 457/875 850/876 854/877
f 451/878 454/879 452/880
f 454/879 455/881 452/880
f 452/880 455/881 453/882
f 455/881 456/883 453/882
f 453/882 456/883 137/454
f 456/883 136/452 137/454
f 515/884 514/885 897/886 898/887
f 340/888 341/889 779/890 778/891
f 514/885 88/892 592/893 897/886
f 155/894 425/895 835/896 629/897
f 454/879 457/898 455/881
f 457/898 458/899 455/881
f 455/881 458/899 456/883
f 458/899 459/900 456/883
f 456/883 459/900 136/452
f 459/900 135/455 136/452
f 267/765 222/901 672/902 712/766
f 347/903 350/904 785/905 783/906
f 258/907 259/908 700/909 702/910
f 375/432 371/428 797/911 801/912
f 503/913 502/914 892/915 893/916
f 423/917 424/918 834/919 833/920
f 457/898 461/921 458/899
f 461/921 462/922 458/899
f 458/899 462/922 459/900
f 462/922 463/923 459/900
f 459/900 463/923 135/455
f 463/923 134/121 135/455
f 133/111 71/110 460/865
f 71/110 70/924 460/865
f 257/925 258/907 702/910 701/926
f 502/914 101/927 598/928 892/915
f 551/929 554/817 916/820 913/930
f 265/931 262/932 708/933 710/934
f 393/935 116/936 605/937 814/938
f 132/939 460/797 851/800 614/940
f 75/941 479/942 871/943 585/944
f 261/945 264/946 709/947 706/948
f 462/922 69/949 463/923
f 69/949 68/950 463/923
f 463/923 68/950 134/121
f 68/950 48/105 134/121
f 149/951 148/952 618/953 619/954
f 117/574 464/955 116/575
f 118/573 465/956 117/574
f 542/957 541/958 907/959 906/960
f 259/908 223/690 674/693 700/909
f 120/557 473/961 119/558
f 121/108 477/962 120/557
f 116/575 464/955 127/306
f 464/955 126/304 127/306
f 117/574 465/956 464/955
f 465/956 466/963 464/955
f 464/955 466/963 126/304
f 466/963 125/307 126/304
f 148/964 374/825 798/828 618/965
f 118/624 391/966 817/967 606/625
f 142/968 430/969 842/970 617/971
f 345/972 347/903 783/906 781/973
f 466/963 468/974 125/307
f 468/974 124/309 125/307
f 478/975 76/732 586/735 869/976
f 262/977 216/978 665/979 708/980
f 287/981 282/982 728/983 731/984
f 470/985 471/986 467/987
f 467/987 471/986 468/988
f 471/986 472/989 468/988
f 468/988 472/989 124/313
f 472/989 123/311 124/313
f 119/990 473/991 469/992
f 473/991 474/993 469/992
f 469/992 474/993 470/985
f 474/993 475/994 470/985
f 470/985 475/994 471/986
f 475/994 476/995 471/986
f 471/986 476/995 472/989
f 309/996 175/997 642/998 745/999
f 549/1000 551/1001 913/1002 911/1003
f 457/875 454/1004 847/1005 850/876
f 120/557 477/962 473/961
f 477/962 478/1006 473/961
f 473/961 478/1006 474/1007
f 417/585 154/1008 627/1009 828/586
f 390/1010 119/535 608/536 815/1011
f 79/1012 542/957 906/960 588/1013
f 331/1014 332/1015 769/1016 768/1017
f 190/1018 345/972 781/973 649/1019
f 371/428 368/424 794/1020 797/911
f 285/1021 281/1022 725/1023 730/1024
f 330/1025 172/1026 637/1027 767/1028
f 70/798 549/1000 911/1003 584/799
f 121/108 78/107 477/962
f 78/107 77/1029 477/962
f 477/962 77/1029 478/1006
f 77/1029 76/1030 478/1006
f 220/1031 261/1032 706/1033 671/1034
f 88/892 507/1035 896/1036 592/893
f 198/1037 56/1038 570/1039 571/1040
f 75/941 74/1041 479/942
f 479/942 74/1041 480/1042
f 74/1041 73/1043 480/1042
f 480/1042 73/1043 481/1044
f 73/1043 72/1045 481/1044
f 481/1044 72/1045 122/127
f 72/1045 52/118 122/127
f 84/1046 115/119 52/118
f 83/1047 482/1048 84/1046
f 280/1049 284/1050 729/1051 726/1052
f 388/1053 393/935 814/938 809/1054
f 80/1055 485/1056 81/1057
f 79/1058 486/1059 80/1055
f 152/1060 414/737 825/740 626/1061
f 84/1046 482/1048 115/119
f 482/1048 114/650 115/119
f 222/901 249/1062 697/1063 672/902
f 362/1064 361/514 787/517 788/1065
f 482/1048 483/1066 114/650
f 483/1066 113/651 114/650
f 260/1067 214/1068 663/1069 703/1070
f 561/711 562/1071 924/1072 923/712
f 454/1004 451/1073 845/1074 847/1005
f 282/1075 218/807 666/810 728/1076
f 483/1066 484/1077 113/651
f 484/1077 112/652 113/651
f 224/1078 243/1079 696/1080 678/1081
f 474/1082 478/1083 869/1084 865/1085
f 391/966 386/1086 812/1087 817/967
f 97/1088 491/1089 891/1090 595/1091
f 162/778 151/1092 624/1093 633/779
f 368/1094 366/1095 792/1096 794/1097
f 241/1098 242/1099 694/1100 695/1101
f 274/729 273/612 717/615 718/730
f 80/1055 486/1059 485/1056
f 486/1059 487/1102 485/1056
f 242/1099 220/1103 671/1104 694/1100
f 385/1105 390/1010 815/1011 810/1106
f 278/1107 280/1049 726/1052 723/1108
f 490/1109 99/1110 597/1111 888/1112
f 216/1113 215/1114 664/1115 665/1116
f 472/554 476/1117 867/1118 861/555
f 111/1119 411/1120 822/1121 603/1122
f 271/808 270/728 713/731 711/809
f 79/1058 488/1123 486/1059
f 488/1123 489/1124 486/1059
f 486/1059 489/1124 487/1102
f 489/1124 490/1125 487/1102
f 507/1035 503/1126 893/1127 896/1036
f 411/1128 112/1129 604/1130 822/1131
f 214/1132 57/1133 574/1134 663/1135
f 366/422 364/420 790/1136 792/1137
f 356/1138 188/1139 645/1140 786/1141
f 101/927 488/1123 887/1142 598/928
f 350/1143 351/1144 784/1145 785/1146
f 491/1147 109/659 110/658
f 436/1148 149/1149 619/1150 844/1151
f 431/1152 432/1153 841/1154 843/1155
f 488/1123 101/927 489/1124
f 101/927 100/1156 489/1124
f 489/1124 100/1156 490/1125
f 100/1156 99/1157 490/1125
f 276/1158 278/1159 723/1160 721/1161
f 491/1089 110/1162 602/1163 891/1090
f 430/1164 431/1165 843/1166 842/1167
f 364/1168 363/1169 789/1170 790/1171
f 264/1172 265/931 710/934 709/1173
f 97/1174 96/1175 491/1147
f 491/1147 96/1175 109/659
f 96/1175 51/115 109/659
f 96/1175 108/116 51/115
f 97/1174 492/1176 96/1175
f 98/1177 493/1178 97/1174
f 99/1157 495/1179 98/1177
f 100/1156 498/1180 99/1157
f 101/927 502/914 100/1156
f 206/1181 277/1182 720/1183 655/1184
f 96/1175 492/1176 108/116
f 492/1176 107/1185 108/116
f 97/1174 493/1178 492/1176
f 493/1178 494/1186 492/1176
f 492/1176 494/1186 107/1185
f 494/1187 106/1188 107/1189
f 98/1177 495/1179 493/1178
f 495/1179 496/1190 493/1178
f 493/1178 496/1190 494/1186
f 496/1190 497/1191 494/1186
f 494/1187 497/1192 106/1188
f 497/1192 105/771 106/1188
f 99/1157 498/1180 495/1179
f 498/1180 499/1193 495/1179
f 495/1179 499/1193 496/1190
f 499/1193 500/1194 496/1190
f 496/1190 500/1194 497/1191
f 500/1195 501/1196 497/1192
f 497/1192 501/1196 105/771
f 501/1196 104/772 105/771
f 100/1156 502/914 498/1180
f 502/914 503/913 498/1180
f 498/1180 503/913 499/1193
f 503/913 504/1197 499/1193
f 499/1193 504/1197 500/1194
f 504/1197 505/1198 500/1194
f 500/1195 505/1199 501/1196
f 505/1199 506/1200 501/1196
f 501/1196 506/1200 104/772
f 506/1200 103/773 104/772
f 302/1201 298/1202 740/1203 743/1204
f 62/1205 524/1206 905/1207 575/1208
f 552/871 62/1205 575/1208 915/872
f 462/1209 461/1210 854/1211 855/1212
f 503/913 507/1213 504/1197
f 507/1213 508/1214 504/1197
f 504/1197 508/1214 505/1198
f 508/1215 509/1216 505/1217
f 505/1217 509/1216 506/1218
f 509/1216 510/1219 506/1218
f 506/1218 510/1219 103/1220
f 510/1219 102/776 103/1220
f 384/1221 385/1222 810/1223 806/1224
f 363/1169 150/1225 623/1226 789/1170
f 470/519 467/1227 859/1228 863/520
f 204/1229 235/1230 692/1231 653/1232
f 487/1233 490/1109 888/1112 884/1234
f 207/1235 300/1236 741/1237 658/1238
f 507/1239 88/1240 508/1215
f 88/1240 87/1241 508/1215
f 508/1215 87/1241 509/1216
f 87/1241 86/1242 509/1216
f 509/1216 86/1242 510/1219
f 86/1242 85/1243 510/1219
f 510/1219 85/1243 102/776
f 85/1243 50/112 102/776
f 85/1243 95/113 50/112
f 86/1242 511/1244 85/1243
f 87/1241 512/1245 86/1242
f 88/1240 514/1246 87/1241
f 150/1225 141/482 615/485 623/1226
f 57/1247 205/1248 654/1249 574/1250
f 468/1251 466/1252 857/1253 860/1254
f 85/1243 511/1244 95/113
f 511/1244 94/851 95/113
f 86/1242 512/1245 511/1244
f 512/1245 513/1255 511/1244
f 511/1244 513/1255 94/851
f 513/1255 93/852 94/851
f 87/1241 514/1246 512/1245
f 514/1246 515/1256 512/1245
f 512/1245 515/1256 513/1255
f 515/1256 516/1257 513/1255
f 513/1255 516/1257 93/852
f 516/1257 92/853 93/852
f 381/1258 384/1259 806/1260 803/1261
f 488/1123 79/1058 588/1262 887/1142
f 298/1263 296/1264 737/1265 740/1266
f 517/1267 518/1268 515/1256
f 515/1256 518/1268 516/1257
f 518/1268 519/1269 516/1257
f 516/1257 519/1269 92/853
f 519/1269 91/854 92/853
f 203/1270 204/1271 653/1272 652/1273
f 323/1274 318/1275 757/1276 760/1277
f 219/503 287/981 731/984 668/504
f 520/1278 521/1279 517/1267
f 517/1267 521/1279 518/1268
f 521/1279 522/1280 518/1268
f 518/1268 522/1280 519/1269
f 522/1280 523/1281 519/1269
f 519/1269 523/1281 91/854
f 523/1281 90/855 91/854
f 151/1092 342/1282 780/1283 624/1093
f 215/1284 260/1285 703/1286 664/1287
f 110/1288 111/1289 603/1290 602/1291
f 524/1206 520/1292 902/1293 905/1207
f 520/1278 524/1294 521/1279
f 524/1294 525/1295 521/1279
f 521/1279 525/1295 522/1280
f 525/1295 526/1296 522/1280
f 522/1280 526/1296 523/1281
f 526/1296 527/1297 523/1281
f 523/1281 527/1297 90/855
f 527/1297 89/856 90/855
f 284/1298 285/1021 730/1024 729/1299
f 105/1300 426/1301 837/1302 599/1303
f 341/1304 152/1060 626/1061 779/1305
f 295/1306 297/696 735/697 733/1307
f 197/811 198/1037 571/1040 651/812
f 62/1308 61/1309 524/1310
f 524/1294 61/1311 525/1295
f 61/1309 60/1312 525/1313
f 525/1295 60/1314 526/1296
f 60/1314 59/1315 526/1296
f 526/1296 59/1315 527/1297
f 59/1315 58/1316 527/1297
f 527/1297 58/1316 89/856
f 58/1316 49/122 89/856
f 72/1045 84/1046 52/118
f 73/1043 528/1317 72/1045
f 74/1041 529/1318 73/1043
f 75/941 531/1319 74/1041
f 76/1030 534/1320 75/1321
f 77/1029 538/1322 76/1030
f 78/107 543/1323 77/1029
f 72/1045 528/1317 84/1046
f 528/1317 83/1047 84/1046
f 73/1043 529/1318 528/1317
f 529/1318 530/1324 528/1317
f 528/1317 530/1324 83/1047
f 530/1324 82/1325 83/1047
f 74/1041 531/1319 529/1318
f 531/1319 532/1326 529/1318
f 529/1318 532/1326 530/1324
f 532/1326 533/1327 530/1324
f 530/1324 533/1327 82/1325
f 533/1327 81/1328 82/1325
f 75/941 534/1329 531/1319
f 534/1329 535/1330 531/1319
f 531/1319 535/1330 532/1326
f 535/1330 536/1331 532/1326
f 532/1326 536/1331 533/1327
f 536/1331 537/1332 533/1327
f 533/1327 537/1332 81/1328
f 537/1333 80/1055 81/1057
f 76/1030 538/1322 534/1320
f 538/1322 539/1334 534/1320
f 534/1320 539/1334 535/1335
f 539/1336 540/1337 535/1330
f 535/1330 540/1337 536/1331
f 540/1337 541/1338 536/1331
f 536/1331 541/1338 537/1332
f 541/1339 542/1340 537/1333
f 537/1333 542/1340 80/1055
f 542/1340 79/1058 80/1055
f 77/1029 543/1323 538/1322
f 543/1323 544/1341 538/1322
f 538/1322 544/1341 539/1334
f 544/1341 545/1342 539/1334
f 539/1334 545/1342 540/1343
f 545/1342 546/1344 540/1343
f 540/1337 546/1345 541/1338
f 485/1346 487/1233 884/1234 880/1347
f 107/1348 106/1349 600/1350 601/1351
f 296/1264 294/1352 734/1353 737/1265
f 546/1354 63/600 579/603 909/1355
f 106/1349 105/1356 599/1357 600/1350
f 78/107 67/106 543/1323
f 67/106 66/1358 543/1323
f 543/1323 66/1358 544/1341
f 66/1358 65/1359 544/1341
f 544/1341 65/1359 545/1342
f 65/1359 64/1360 545/1342
f 545/1342 64/1360 546/1344
f 64/1361 63/1362 546/1363
f 425/1364 107/1365 601/1366 835/1367
f 154/1008 339/1368 777/1369 627/1009
f 451/1370 131/1371 612/1372 845/1373
f 480/1374 481/1375 868/1376 872/1377
f 318/1275 316/1378 754/1379 757/1276
f 479/1380 480/1374 872/1377 871/1381
f 58/1382 71/110 49/109
f 59/1383 547/1384 58/1382
f 60/1312 548/1385 59/1383
f 61/1309 550/1386 60/1312
f 62/1308 552/1387 61/1309
f 293/1388 295/1306 733/1307 732/1389
f 233/782 229/1390 688/1391 691/783
f 58/1382 547/1384 71/110
f 547/1384 70/924 71/110
f 59/1383 548/1385 547/1384
f 548/1385 549/1392 547/1384
f 547/1384 549/1392 70/924
f 191/1393 190/1394 649/1395 650/1396
f 60/1312 550/1386 548/1385
f 550/1386 551/1397 548/1385
f 548/1385 551/1397 549/1392
f 338/343 155/117 629/1398 775/1399
f 281/1400 207/1235 658/1238 725/1401
f 294/1352 206/1181 655/1184 734/1353
f 61/1309 552/1387 550/1386
f 552/1387 553/1402 550/1386
f 550/1386 553/1402 551/1397
f 553/1402 554/1403 551/1397
f 520/1292 517/494 900/497 902/1293
f 205/1404 293/1388 732/1389 654/1405
f 342/1282 337/559 774/562 780/1283
f 481/1375 122/1406 609/1407 868/1376
f 99/1110 98/1408 596/1409 597/1111
f 310/487 309/1410 745/1411 744/488
f 552/1387 555/1412 553/1402
f 555/1412 556/1413 553/1402
f 553/1402 556/1413 554/1403
f 556/1413 557/1414 554/1403
f 228/550 231/1415 689/1416 685/551
f 81/1417 485/1346 880/1347 589/1418
f 98/1408 97/1419 595/1420 596/1409
f 188/1421 187/1422 644/1423 645/1424
f 476/995 475/994 866/1425 867/1426
f 277/1427 276/1428 721/1429 720/1430
f 316/1378 314/506 751/509 754/1379
f 558/1431 559/1432 555/1412
f 555/1412 559/1432 556/1413
f 559/1432 560/1433 556/1413
f 556/1413 560/1433 557/1414
f 560/1434 561/1435 557/1436
f 426/1301 421/584 832/587 837/1302
f 336/577 340/1437 778/1438 773/578
f 475/994 474/993 865/1439 866/1425
f 562/1440 68/950 69/949
f 484/1441 483/522 875/525 876/1442
f 229/1390 224/1078 678/1081 688/1391
f 387/467 388/1443 809/1444 813/468
f 541/1445 546/1446 909/1447 907/1448
f 558/1431 63/1362 559/1432
f 63/1362 64/1361 559/1432
f 559/1432 64/1361 560/1433
f 64/1360 65/1359 560/1434
f 560/1434 65/1359 561/1435
f 65/1359 66/1358 561/1435
f 561/1435 66/1358 562/1440
f 66/1358 67/106 562/1440
f 562/1440 67/106 68/950
f 67/106 48/105 68/950
f 564/1449 577/1450 563/1451
f 564/1449 563/1451 565/1452
f 564/1449 565/1452 566/1453
f 564/1449 566/1453 587/1454
f 568/1455 572/1456 659/1457
f 573/1458 675/1459 574/1460
f 662/1461 679/1462 573/1458
f 661/1463 681/1464 662/1465
f 660/1466 683/1467 661/1463
f 573/1458 679/1462 675/1459
f 679/1462 676/1468 675/1459
f 662/1465 681/1464 679/1469
f 681/1464 680/1470 679/1469
f 679/1469 680/1470 676/1471
f 680/1470 677/1472 676/1471
f 661/1463 683/1467 681/1464
f 683/1467 684/1473 681/1464
f 681/1464 684/1473 680/1470
f 684/1473 682/1474 680/1470
f 680/1470 682/1474 677/1472
f 682/1474 678/1475 677/1472
f 660/1466 685/1476 683/1467
f 685/1476 686/1477 683/1467
f 683/1467 686/1477 684/1473
f 686/1477 687/1478 684/1473
f 684/1473 687/1478 682/1474
f 687/1478 688/1479 682/1474
f 682/1474 688/1479 678/1475
f 685/1476 689/1480 686/1477
f 689/1480 690/1481 686/1477
f 686/1477 690/1481 687/1478
f 690/1481 691/1482 687/1478
f 687/1478 691/1482 688/1479
f 659/1457 572/1456 692/1483
f 572/1456 653/1484 692/1483
f 675/1459 669/1485 574/1460
f 676/1468 693/1486 675/1459
f 677/1472 695/1487 676/1471
f 678/1475 696/1488 677/1472
f 675/1459 693/1486 669/1485
f 693/1486 670/1489 669/1485
f 676/1468 695/1490 693/1486
f 695/1490 694/1491 693/1486
f 693/1486 694/1491 670/1489
f 694/1491 671/1492 670/1489
f 677/1472 696/1488 695/1487
f 699/1493 698/1494 697/1495
f 697/1495 698/1494 672/1496
f 698/1494 673/1497 672/1496
f 701/1498 702/1499 699/1493
f 699/1493 702/1499 698/1494
f 702/1499 700/1500 698/1494
f 698/1494 700/1500 673/1497
f 700/1500 674/1501 673/1497
f 669/1485 663/1502 574/1460
f 670/1489 703/1503 669/1485
f 671/1492 705/1504 670/1489
f 673/1497 712/1505 672/1496
f 674/1501 715/1506 673/1497
f 669/1485 703/1503 663/1502
f 670/1489 705/1504 703/1503
f 705/1504 704/1507 703/1503
f 703/1503 704/1507 664/1508
f 704/1507 665/1509 664/1508
f 671/1492 706/1510 705/1504
f 706/1510 707/1511 705/1504
f 705/1504 707/1511 704/1507
f 707/1511 708/1512 704/1507
f 704/1507 708/1512 665/1509
f 706/1513 709/1514 707/1515
f 709/1514 710/1516 707/1515
f 707/1515 710/1516 708/1517
f 711/1518 667/1519 666/1520
f 673/1497 715/1506 712/1505
f 715/1506 716/1521 712/1505
f 718/1522 719/1523 713/1524
f 713/1524 719/1523 711/1518
f 719/1523 714/1525 711/1518
f 711/1518 714/1525 667/1519
f 714/1525 668/1526 667/1519
f 674/1501 650/1527 715/1506
f 650/1527 649/1528 715/1506
f 715/1506 649/1528 716/1521
f 649/1528 648/1529 716/1521
f 648/1529 647/1530 717/1531
f 717/1531 647/1530 718/1532
f 647/1530 646/1533 718/1532
f 718/1522 646/1534 719/1523
f 646/1534 645/1535 719/1523
f 719/1523 645/1535 714/1525
f 645/1535 644/1536 714/1525
f 714/1525 644/1536 668/1526
f 667/1519 728/1537 666/1520
f 668/1526 731/1538 667/1519
f 720/1539 656/1540 655/1541
f 723/1542 724/1543 721/1544
f 721/1544 724/1543 720/1539
f 724/1543 722/1545 720/1539
f 720/1539 722/1545 656/1540
f 722/1545 657/1546 656/1540
f 723/1542 726/1547 724/1543
f 726/1547 727/1548 724/1543
f 724/1543 727/1548 722/1545
f 727/1548 725/1549 722/1545
f 722/1545 725/1549 657/1546
f 725/1549 658/1550 657/1546
f 726/1547 729/1551 727/1548
f 729/1551 730/1552 727/1548
f 727/1548 730/1552 725/1549
f 667/1519 731/1538 728/1537
f 654/1553 573/1458 574/1460
f 656/1540 734/1554 655/1541
f 657/1546 736/1555 656/1540
f 658/1550 738/1556 657/1546
f 654/1553 732/1557 573/1458
f 732/1557 662/1461 573/1458
f 732/1557 733/1558 662/1461
f 733/1559 661/1463 662/1465
f 656/1540 736/1555 734/1554
f 736/1555 737/1560 734/1554
f 733/1559 735/1561 661/1463
f 735/1561 660/1466 661/1463
f 657/1546 738/1556 736/1555
f 738/1556 739/1562 736/1555
f 736/1555 739/1562 737/1560
f 739/1563 740/1564 737/1565
f 658/1550 741/1566 738/1556
f 741/1566 742/1567 738/1556
f 738/1556 742/1567 739/1562
f 742/1567 743/1568 739/1562
f 739/1563 743/1569 740/1564
f 642/1570 641/1571 745/1572
f 745/1572 641/1571 744/1573
f 641/1571 640/1574 744/1573
f 744/1573 640/1574 659/1457
f 640/1574 568/1455 659/1457
f 567/1575 572/1456 568/1455
f 610/1576 755/1577 611/1578
f 609/1579 758/1580 610/1581
f 567/1575 746/1582 572/1456
f 746/1582 653/1484 572/1456
f 748/1583 747/1584 746/1582
f 746/1582 747/1584 653/1484
f 747/1584 652/1585 653/1484
f 749/1586 750/1587 748/1583
f 748/1583 750/1587 747/1584
f 750/1587 751/1588 747/1584
f 747/1584 751/1588 652/1585
f 752/1589 753/1590 749/1586
f 749/1586 753/1590 750/1587
f 753/1590 754/1591 750/1587
f 750/1587 754/1591 751/1588
f 611/1578 755/1577 752/1592
f 755/1577 756/1593 752/1592
f 752/1589 756/1594 753/1590
f 756/1594 757/1595 753/1590
f 753/1590 757/1595 754/1591
f 610/1576 758/1596 755/1577
f 758/1596 759/1597 755/1577
f 755/1577 759/1597 756/1593
f 759/1597 760/1598 756/1593
f 756/1594 760/1599 757/1595
f 569/1600 571/1601 570/764
f 639/1602 761/1603 569/1604
f 638/1605 762/1606 639/1602
f 636/698 771/1607 637/699
f 569/1600 761/1608 571/1601
f 761/1603 651/1609 571/1610
f 639/1602 762/1606 761/1603
f 762/1606 763/1611 761/1603
f 761/1603 763/1611 651/1609
f 638/1605 764/1612 762/1606
f 764/1612 765/1613 762/1606
f 762/1606 765/1613 763/1611
f 765/1613 766/1614 763/1611
f 764/1615 768/1616 765/1617
f 768/1616 769/1618 765/1617
f 765/1617 769/1618 766/1619
f 769/1618 770/1620 766/1619
f 637/1621 771/1622 767/1623
f 771/1622 772/1624 767/1623
f 769/1618 773/1625 770/1620
f 773/1625 774/1626 770/1620
f 636/1627 775/1628 771/1622
f 775/1628 776/1629 771/1622
f 771/1622 776/1629 772/1624
f 776/1629 777/1630 772/1624
f 778/1631 779/1632 773/1625
f 773/1625 779/1632 774/1626
f 779/1632 780/1633 774/1626
f 629/1634 628/1635 775/1628
f 775/1628 628/1635 776/1629
f 628/1635 627/1636 776/1629
f 776/1629 627/1636 777/1630
f 626/1637 625/1638 779/1632
f 779/1632 625/1638 780/1633
f 625/1638 624/1639 780/1633
f 781/1640 648/1529 649/1528
f 783/1641 782/1642 781/1640
f 781/1640 782/1642 648/1529
f 782/1642 647/1530 648/1529
f 783/1641 785/1643 782/1642
f 785/1643 784/1644 782/1642
f 782/1642 784/1644 647/1530
f 784/1644 646/1533 647/1530
f 784/1644 786/1645 646/1533
f 786/1646 645/1535 646/1534
f 617/1647 616/1648 787/1649
f 787/1649 616/1648 788/1650
f 616/1648 615/1651 788/1650
f 622/1652 789/1653 623/1654
f 621/1655 790/1656 622/1657
f 620/1658 791/1659 621/1655
f 619/1660 793/1661 620/1662
f 618/1663 795/1664 619/1660
f 622/1652 790/1665 789/1653
f 621/1655 791/1659 790/1656
f 791/1666 792/1137 790/1136
f 620/1658 793/1667 791/1659
f 793/1667 794/1668 791/1659
f 791/1666 794/1020 792/1137
f 619/1660 795/1664 793/1661
f 795/1664 796/1669 793/1661
f 793/1667 796/1670 794/1668
f 796/1670 797/1671 794/1668
f 618/1663 798/1672 795/1664
f 798/1672 799/1673 795/1664
f 795/1664 799/1673 796/1669
f 799/1673 800/1674 796/1669
f 796/1670 800/1675 797/1671
f 800/1676 801/912 797/911
f 798/1672 614/1677 799/1673
f 614/1678 613/1679 799/1680
f 799/1680 613/1679 800/1681
f 613/1679 612/1682 800/1681
f 800/1683 612/1684 801/1685
f 806/1686 807/1687 803/1688
f 803/1688 807/1687 804/1689
f 807/1690 808/1691 804/1692
f 804/1692 808/1691 802/1693
f 808/1691 805/1694 802/1693
f 802/1693 805/1694 643/1695
f 805/1694 642/1570 643/1695
f 810/1696 811/1697 806/1698
f 806/1686 811/1699 807/1687
f 811/1699 812/1700 807/1687
f 807/1690 812/1701 808/1691
f 812/1701 813/1702 808/1691
f 808/1691 813/1702 805/1694
f 813/1702 809/1703 805/1694
f 805/1694 809/1703 642/1570
f 809/1703 641/1571 642/1570
f 810/1696 815/1704 811/1697
f 815/1704 816/1705 811/1697
f 811/1699 816/1706 812/1700
f 816/1707 817/1708 812/1709
f 809/1703 814/1710 641/1571
f 814/1710 640/1574 641/1571
f 815/1704 608/1711 816/1705
f 608/1712 607/1713 816/1714
f 816/1707 607/1715 817/1708
f 607/1715 606/1716 817/1708
f 814/1710 605/1717 640/1574
f 605/1717 568/1455 640/1574
f 634/750 569/1600 570/764
f 635/749 818/1718 634/750
f 634/750 818/1718 569/1600
f 818/1718 639/1719 569/1600
f 635/749 820/1720 818/1718
f 820/864 819/863 818/1721
f 818/1721 819/863 639/1722
f 819/863 638/1723 639/1722
f 819/863 821/1724 638/1723
f 604/1725 603/1726 822/1727
f 625/1638 823/1728 624/1639
f 626/1637 825/1729 625/1638
f 628/1635 831/1730 627/1636
f 629/1634 835/1731 628/1635
f 624/1639 823/1728 633/1732
f 823/1728 632/1733 633/1732
f 625/1638 825/1729 823/1728
f 825/1729 824/1734 823/1728
f 823/1728 824/1734 632/1733
f 824/1734 631/1735 632/1733
f 825/1729 827/1736 824/1734
f 827/1736 826/1737 824/1734
f 824/1734 826/1737 631/1735
f 826/1737 630/1738 631/1735
f 827/1739 829/1740 826/1741
f 829/1740 830/1742 826/1741
f 826/1741 830/1742 630/1743
f 627/1636 831/1730 828/1744
f 831/1730 832/1745 828/1744
f 829/1740 833/1746 830/1742
f 833/1746 834/1747 830/1742
f 628/1635 835/1731 831/1730
f 835/1731 836/1748 831/1730
f 831/1730 836/1748 832/1745
f 836/1748 837/1749 832/1745
f 835/1731 601/1750 836/1748
f 601/1750 600/1751 836/1748
f 836/1748 600/1751 837/1749
f 600/1751 599/1752 837/1749
f 616/1648 838/1753 615/1651
f 617/1647 840/1754 616/1648
f 615/1651 838/1753 623/1755
f 838/1753 622/1657 623/1755
f 616/1648 840/1754 838/1753
f 840/1754 839/1756 838/1753
f 838/1753 839/1756 622/1657
f 839/1756 621/1655 622/1657
f 617/1647 842/1757 840/1754
f 842/1757 843/1758 840/1754
f 840/1754 843/1758 839/1756
f 843/1758 841/1759 839/1756
f 839/1756 841/1759 621/1655
f 841/1759 620/1658 621/1655
f 841/1760 844/1761 620/1662
f 844/1761 619/1660 620/1662
f 613/1679 846/1762 612/1682
f 614/1678 848/1763 613/1679
f 612/1764 846/1765 845/1766
f 846/1765 847/1767 845/1766
f 613/1679 848/1763 846/1762
f 848/1763 849/1768 846/1762
f 846/1765 849/1769 847/1767
f 849/1769 850/1770 847/1767
f 614/1678 851/1771 848/1763
f 851/1771 852/1772 848/1763
f 848/1763 852/1772 849/1768
f 852/1772 853/1773 849/1768
f 849/1769 853/1774 850/1770
f 853/1774 854/1775 850/1770
f 851/1771 584/1776 852/1772
f 584/1776 583/1777 852/1772
f 852/1772 583/1777 853/1773
f 583/1777 582/1778 853/1773
f 853/1774 582/1779 854/1775
f 582/1779 581/1780 854/1775
f 854/1775 581/1780 855/1781
f 581/1780 580/1782 855/1781
f 605/1717 567/1575 568/1455
f 607/1715 858/1783 606/1716
f 608/1712 862/1784 607/1713
f 606/1716 858/1783 856/1785
f 858/1783 859/1786 856/1785
f 856/1785 859/1786 857/1787
f 859/1786 860/1788 857/1787
f 607/1713 862/1784 858/1789
f 862/1784 863/1790 858/1789
f 858/1789 863/1790 859/1791
f 867/1426 864/1792 861/1793
f 861/1793 864/1792 611/1578
f 864/1792 610/1576 611/1578
f 869/1794 870/1795 865/1796
f 865/1439 870/1797 866/1425
f 870/1797 871/1798 866/1425
f 866/1425 871/1798 867/1426
f 871/1798 872/1799 867/1426
f 867/1426 872/1799 864/1792
f 872/1800 868/1801 864/1802
f 864/1792 868/1803 610/1576
f 868/1804 609/1579 610/1581
f 869/1794 586/1805 870/1795
f 586/1805 585/1806 870/1795
f 870/1797 585/1807 871/1798
f 590/1808 874/1809 591/1810
f 589/1811 877/1812 590/1808
f 587/1454 887/1142 588/1262
f 591/1810 874/1809 873/1813
f 874/1809 875/1814 873/1813
f 590/1808 877/1812 874/1809
f 877/1812 878/1815 874/1809
f 874/1809 878/1815 875/1814
f 878/1815 876/1816 875/1814
f 589/1817 880/1818 877/1819
f 880/1818 881/1820 877/1819
f 877/1819 881/1820 878/1821
f 881/1820 882/1822 878/1821
f 878/1821 882/1822 876/1823
f 882/1822 879/1824 876/1823
f 876/1823 879/1824 604/1725
f 879/1824 603/1726 604/1725
f 880/1818 884/1825 881/1820
f 884/1825 885/1826 881/1820
f 881/1820 885/1826 882/1822
f 885/1826 886/1827 882/1822
f 882/1822 886/1827 879/1824
f 886/1827 883/1828 879/1824
f 879/1824 883/1828 603/1726
f 883/1828 602/1829 603/1726
f 884/1825 888/1830 885/1826
f 888/1830 889/1831 885/1826
f 885/1826 889/1831 886/1827
f 889/1831 890/1832 886/1827
f 886/1827 890/1832 883/1828
f 890/1832 891/1833 883/1828
f 883/1828 891/1833 602/1829
f 587/1454 566/1453 887/1142
f 566/1453 598/928 887/1142
f 888/1830 597/1834 889/1831
f 597/1834 596/1835 889/1831
f 889/1831 596/1835 890/1832
f 596/1835 595/1836 890/1832
f 890/1832 595/1836 891/1833
f 566/1453 894/1837 598/928
f 598/928 894/1837 892/915
f 894/1837 895/1838 892/915
f 892/915 895/1838 893/916
f 895/1838 896/1839 893/916
f 566/1453 565/1452 894/1837
f 565/1452 594/1840 894/1837
f 894/1837 594/1840 895/1838
f 594/1840 593/1841 895/1838
f 895/1838 593/1841 896/1839
f 593/1842 592/1843 896/1844
f 593/1842 899/1845 592/1843
f 594/1840 901/1846 593/1841
f 565/1452 903/1847 594/1840
f 592/1843 899/1845 897/1848
f 899/1845 900/1849 897/1848
f 897/1848 900/1849 898/1850
f 593/1842 901/1851 899/1845
f 901/1851 902/1852 899/1845
f 899/1845 902/1852 900/1849
f 594/1840 903/1847 901/1846
f 903/1847 904/1853 901/1846
f 901/1851 904/1854 902/1852
f 904/1854 905/1855 902/1852
f 565/1452 563/1451 903/1847
f 563/1451 576/1856 903/1847
f 903/1857 576/1858 904/1859
f 576/1858 575/1860 904/1859
f 904/1859 575/1860 905/1861
f 909/1862 910/1863 907/1864
f 907/1864 910/1863 906/1865
f 910/1863 908/1866 906/1865
f 906/1865 908/1866 588/1262
f 908/1866 587/1454 588/1262
f 909/1867 579/1868 910/1869
f 579/1870 578/1871 910/1863
f 910/1863 578/1871 908/1866
f 578/1871 577/1450 908/1866
f 908/1866 577/1450 587/1454
f 577/1450 564/1449 587/1454
f 576/1858 918/1872 575/1860
f 563/1873 921/1874 576/1858
f 911/1875 583/1777 584/1776
f 913/1876 912/1877 911/1875
f 911/1875 912/1877 583/1777
f 912/1877 582/1778 583/1777
f 913/1876 916/1878 912/1877
f 916/1878 914/1879 912/1877
f 912/1877 914/1879 582/1778
f 914/1880 581/1780 582/1779
f 575/1860 918/1872 915/1881
f 918/1872 919/1882 915/1881
f 916/1878 920/1883 914/1879
f 920/1884 917/1885 914/1880
f 914/1880 917/1885 581/1780
f 917/1885 580/1782 581/1780
f 576/1858 921/1874 918/1872
f 921/1874 922/1886 918/1872
f 918/1872 922/1886 919/1882
f 920/1884 923/1887 917/1885
f 923/1887 924/1888 917/1885
f 917/1885 924/1888 580/1782
f 563/1451 577/1450 921/1889
f 577/1450 578/1871 921/1889
f 921/1874 578/1890 922/1886
f 578/1890 579/1891 922/1886
s 1
f 925/1892 926/1893 932/1894 931/1895
f 926/1893 927/1896 933/1897 932/1894
f 927/1898 928/1899 934/1900 933/1901
f 928/1902 929/1903 935/1904 934/1905
f 929/1906 930/1907 936/1908 935/1909
f 930/1907 925/1910 931/1911 936/1908
f 931/1912 932/1913 937/1914
f 932/1915 933/1901 937/1916
f 933/1901 934/1900 937/1916
f 934/1905 935/1904 937/1917
f 935/1909 936/1908 937/1918
f 936/1908 931/1911 937/1918
f 938/1919 939/1920 945/1921 944/1922
f 939/1923 940/1924 946/1925 945/1926
f 940/1927 941/1928 947/1929 946/1930
f 941/1931 942/1932 948/1933 947/1934
f 942/1932 943/1935 949/1936 948/1933
f 943/1937 938/1938 944/1939 949/1940
f 944/1941 945/1942 950/1943
f 945/1944 946/1945 950/1946
f 946/1930 947/1929 950/1947
f 947/1934 948/1933 950/1948
f 948/1933 949/1936 950/1948
f 949/1949 944/1941 950/1943
f 951/1950 952/1951 958/1952 957/1953
f 952/1951 953/1954 959/1955 958/1952
f 953/1956 954/1957 960/1958 959/1959
f 954/1960 955/1961 961/1962 960/1963
f 955/1964 956/1965 962/1966 961/1967
f 956/1968 951/1969 957/1970 962/1971
f 957/1970 958/1972 963/1973
f 958/1974 959/1975 963/1976
f 959/1975 960/1977 963/1976
f 960/1963 961/1962 963/1978
f 961/1979 962/1980 963/1981
f 962/1971 957/1970 963/1973
f 964/1982 965/1983 971/1984 970/1985
f 965/1986 966/1987 972/1988 971/1989
f 966/1990 967/1991 973/1992 972/1993
f 967/1994 968/1995 974/1996 973/1997
f 968/1998 969/1999 975/2000 974/2001
f 969/1999 964/2002 970/2003 975/2000
f 970/2004 971/1989 976/2005
f 971/1989 972/1988 976/2005
f 972/1993 973/1992 976/2006
f 973/1997 974/1996 976/2007
f 974/2001 975/2000 976/2008
f 975/2000 970/2003 976/2008
f 977/2009 978/2010 984/2011 983/2012
f 978/2010 979/2013 985/2014 984/2011
f 979/2015 980/2016 986/2017 985/2018
f 980/2016 981/2019 987/2020 986/2017
f 981/2021 982/2022 988/2023 987/2024
f 982/2025 977/2026 983/2027 988/2028
f 983/2029 984/2030 989/2031
f 984/2011 985/2014 989/2032
f 985/2018 986/2017 989/2033
f 986/2017 987/2020 989/2033
f 987/2024 988/2023 989/2034
f 988/2035 983/2029 989/2031
f 990/2036 991/2037 997/2038 996/2039
f 991/2037 992/2040 998/2041 997/2038
f 992/2042 993/2043 999/2044 998/2045
f 993/2046 994/2047 1000/2048 999/2049
f 994/2047 995/2050 1001/2051 1000/2048
f 995/2052 990/2053 996/2054 1001/2055
f 996/2054 997/2056 1002/2057
f 997/2038 998/2041 1002/2058
f 998/2059 999/2060 1002/2061
f 999/2049 1000/2048 1002/2062
f 1000/2048 1001/2051 1002/2062
f 1001/2055 996/2054 1002/2057
f 1003/2063 1004/2064 1010/2065 1009/2066
f 1004/2064 1005/2067 1011/2068 1010/2065
f 1005/2069 1006/2070 1012/2071 1011/2072
f 1006/2073 1007/2074 1013/2075 1012/2076
f 1007/2077 1008/2078 1014/2079 1013/2080
f 1008/2081 1003/2082 1009/2083 1014/2084
f 1009/2066 1010/2065 1015/2085
f 1010/2065 1011/2068 1015/2085
f 1011/2086 1012/2087 1015/2088
f 1012/2076 1013/2075 1015/2089
f 1013/2080 1014/2079 1015/2090
f 1014/2079 1009/2091 1015/2090
f 1016/2092 1017/2093 1018/2094 1019/2095 1020/2096 1021/2097
f 1022/2098 1023/2099 1017/2093 1016/2092 1024/2100
f 1025/2101 1026/2102 1027/2103 1028/2104 1024/2100 1016/2092 1029/2105
f 1029/2105 1016/2092 1021/2097 1030/2106 1031/2107 1032/2108
f 1021/2109 1033/2110 1034/2111 1035/2112 1030/2113
f 1036/2114 1037/2115 1038/2116 1039/2117 1040/2118 1041/2119 1042/2120
f 1023/2121 1043/2122 1044/2123 1017/2124
f 1022/2125 1045/2126 1043/2122 1023/2121
f 1018/2127 1041/2119 1040/2118 1046/2128 1019/2129
f 1017/2130 1044/2131 1042/2120 1041/2119 1018/2127
f 1042/2132 1044/2133 1043/2134 1045/2135 1047/2136 1048/2137 1049/2138 1050/2139 1051/2140 1052/2141 1053/2142 1036/2143
f 1024/2144 1028/2145 1054/2146 1055/2147 1047/2148 1045/2149 1022/2150
f 1056/2151 1057/2152 1058/2153 1059/2154 1060/2155 1061/2156 1062/2157 1034/2158 1063/2159 1064/2160 1065/2161 1066/2162 1067/2163
f 1029/2164 1068/2165 1056/2166 1067/2167 1025/2168
f 1066/2169 1027/2170 1026/2171
f 1026/2172 1025/2168 1067/2167 1066/2173
f 1034/2158 1062/2157 1069/2174 1070/2175 1035/2176
f 1030/2177 1035/2176 1070/2175 1031/2178
f 1052/2179 1071/2180 1028/2181 1027/2182 1066/2183 1053/2184
f 1072/2185 1073/2186 1048/2187 1047/2188
f 1073/2186 1074/2189 1049/2190 1048/2187
f 1074/2191 1075/2192 1050/2193 1049/2194
f 1075/2192 1076/2195 1051/2196 1050/2193
f 1076/2197 1077/2198 1052/2199 1051/2200
f 1078/2201 1079/2202 1055/2147 1054/2146
f 1079/2202 1072/2203 1047/2148 1055/2147
f 1077/2204 1080/2205 1071/2206 1052/2207
f 1080/2205 1081/2208 1028/2209 1071/2206
f 1081/2210 1078/2211 1054/2212 1028/2213
f 1082/2214 1083/2215 1057/2152 1056/2151 1068/2216
f 1032/2217 1082/2214 1068/2216 1029/2218
f 1084/2219 1085/2220 1032/2217 1031/2178
f 1086/2221 1087/2222 1083/2215 1082/2214
f 1087/2222 1088/2223 1057/2152 1083/2215
f 1089/2224 1090/2225 1069/2226 1062/2227
f 1090/2225 1091/2228 1070/2229 1069/2226
f 1085/2220 1086/2221 1082/2214 1032/2217
f 1091/2228 1084/2230 1031/2231 1070/2229
f 1088/2232 1092/2233 1058/2234 1057/2235
f 1092/2233 1093/2236 1059/2237 1058/2234
f 1093/2238 1094/2239 1060/2155 1059/2154
f 1094/2240 1095/2241 1061/2242 1060/2243
f 1066/2162 1065/2161 1037/2244 1036/2245 1053/2246
f 1096/2247 1097/2248 1063/2249 1034/2111 1033/2110
f 1020/2250 1096/2247 1033/2110 1021/2109
f 1095/2241 1089/2224 1062/2227 1061/2242
f 1098/2251 1099/2252 1095/2253 1089/2254
f 1100/2255 1101/2256 1020/2250 1019/2170
f 1102/2257 1103/2258 1038/2259 1037/2244
f 1103/2258 1104/2260 1039/2261 1038/2259
f 1104/2260 1105/2262 1040/2263 1039/2261
f 1106/2264 1102/2257 1037/2244 1065/2161
f 1105/2262 1107/2265 1046/2266 1040/2263
f 1107/2265 1100/2267 1019/2268 1046/2266
f 1108/2269 1109/2270 1097/2248 1096/2247
f 1109/2270 1110/2271 1063/2249 1097/2248
f 1110/2272 1111/2273 1064/2274 1063/2275
f 1111/2276 1106/2277 1065/2278 1064/2279
f 1101/2256 1108/2269 1096/2247 1020/2250
f 1077/2280 1076/2281 1075/2282 1074/2283 1073/2284 1072/2285
f 1072/2286 1079/2287 1078/2288 1081/2208 1080/2205 1077/2204
f 1091/2289 1090/2290 1089/2291 1088/2223 1087/2222 1086/2221
f 1084/2219 1091/2289 1086/2221 1085/2220
f 1089/2291 1095/2292 1094/2239 1093/2238 1092/2293 1088/2223
f 1105/2294 1104/2295 1103/2296 1102/2297 1110/2271 1109/2270 1108/2269
f 1100/2255 1107/2298 1105/2294 1108/2269 1101/2256
f 1106/2264 1111/2299 1110/2300 1102/2257
f 1112/2301 1113/2302 1114/2303 1115/2304 1116/2305
f 1117/2306 1118/2307 1119/2308
f 1120/2309 1121/2310 1122/2311 1123/2312 1124/2313 1125/2314 1126/2315 1127/2316 1128/2317
f 1129/2318 1130/2319 1131/2320 1132/2321
f 1133/2322 1134/2323 1135/2324 1136/2325 1137/2326
f 1138/2327 1139/2328 1140/2329 1114/2303 1113/2302 1119/2308
f 1141/2330 1142/2331 1143/2332 1124/2333 1123/2334
f 1135/2335 1134/2336 1144/2337 1145/2338 1146/2339 1147/2340
f 1112/2341 1116/2342 1148/2343 1128/2344 1127/2345
f 1119/2308 1113/2302 1129/2318 1149/2346 1117/2306
f 1150/2347 1145/2338 1144/2337 1151/2348 1152/2349
f 1153/2350 1154/2351 1139/2328 1138/2327 1155/2352
f 1137/2353 1136/2354 1154/2351 1153/2350
f 1140/2329 1147/2340 1146/2339 1115/2304 1114/2303
f 1133/2322 1137/2326 1153/2355 1155/2356 1156/2357 1122/2358
f 1130/2359 1112/2360 1127/2316 1126/2315
f 1129/2318 1132/2321 1157/2361 1149/2346
f 1122/2358 1156/2357 1158/2362 1141/2330 1123/2334
f 1159/2363 1133/2322 1122/2358 1121/2364
f 1158/2362 1142/2331 1141/2330
f 1151/2365 1159/2363 1152/2366
f 1151/2365 1134/2323 1133/2322 1159/2363
f 1151/2348 1144/2337 1134/2336
f 1143/2367 1118/2368 1160/2369
f 1138/2327 1158/2370 1156/2371 1155/2352
f 1138/2327 1119/2308 1142/2372 1158/2370
f 1143/2373 1142/2372 1119/2308 1118/2307
f 1161/2374 1131/2375 1130/2376 1126/2377 1125/2378
f 1154/2351 1147/2340 1140/2329 1139/2328
f 1135/2335 1147/2340 1154/2351 1136/2354
f 1148/2379 1146/2380 1145/2381
f 1129/2318 1113/2302 1112/2301 1130/2319
f 1149/2346 1157/2361 1162/2382 1160/2383 1118/2307 1117/2306
f 1148/2379 1116/2384 1115/2385 1146/2380
f 1163/2386 1150/2387 1152/2388 1159/2389 1121/2390 1120/2391
f 1145/2381 1150/2387 1163/2386 1148/2379
f 1148/2379 1163/2386 1120/2391 1128/2392
f 1157/2361 1161/2393 1162/2382
f 1131/2320 1161/2393 1157/2361 1132/2321
f 1143/2394 1160/2395 1162/2396 1161/2374 1125/2378 1124/2397
f 1164/2398 1165/2399 1166/2400 1167/2401 1168/2402
f 1169/2403 1170/2404 1171/2405
f 1172/2406 1173/2407 1174/2408 1175/2409 1176/2410 1177/2411 1178/2412 1179/2413 1180/2414
f 1181/2415 1182/2416 1183/2417 1184/2418
f 1185/2419 1186/2420 1187/2421 1188/2422 1189/2423
f 1190/2424 1191/2425 1192/2426 1166/2400 1165/2399 1171/2405
f 1193/2427 1194/2428 1195/2429 1176/2430 1175/2431
f 1187/2432 1186/2433 1196/2434 1197/2435 1198/2436 1199/2437
f 1164/2438 1168/2439 1200/2440 1180/2441 1179/2442
f 1171/2405 1165/2399 1181/2415 1201/2443 1169/2403
f 1202/2444 1197/2435 1196/2434 1203/2445 1204/2446
f 1205/2447 1206/2448 1191/2425 1190/2424 1207/2449
f 1189/2450 1188/2451 1206/2448 1205/2447
f 1192/2426 1199/2437 1198/2436 1167/2401 1166/2400
f 1185/2419 1189/2423 1205/2452 1207/2453 1208/2454 1174/2455
f 1182/2456 1164/2457 1179/2413 1178/2412
f 1181/2415 1184/2418 1209/2458 1201/2443
f 1174/2455 1208/2454 1210/2459 1193/2460 1175/2461
f 1211/2462 1185/2419 1174/2455 1173/2463
f 1210/2459 1194/2464 1193/2460
f 1203/2465 1211/2462 1204/2466
f 1203/2465 1186/2420 1185/2419 1211/2462
f 1203/2445 1196/2434 1186/2433
f 1195/2467 1170/2468 1212/2469
f 1190/2424 1210/2470 1208/2471 1207/2449
f 1190/2424 1171/2405 1194/2472 1210/2470
f 1195/2473 1194/2472 1171/2405 1170/2404
f 1213/2474 1183/2475 1182/2476 1178/2477 1177/2478
f 1206/2448 1199/2437 1192/2426 1191/2425
f 1187/2432 1199/2437 1206/2448 1188/2451
f 1200/2440 1198/2479 1197/2480
f 1181/2415 1165/2399 1164/2398 1182/2416
f 1201/2443 1209/2458 1214/2481 1212/2482 1170/2404 1169/2403
f 1200/2483 1168/2402 1167/2401 1198/2436
f 1215/2484 1202/2485 1204/2466 1211/2462 1173/2463 1172/2486
f 1197/2480 1202/2487 1215/2488 1200/2440
f 1200/2440 1215/2488 1172/2489 1180/2441
f 1209/2458 1213/2490 1214/2481
f 1183/2417 1213/2490 1209/2458 1184/2418
f 1195/2429 1212/2491 1214/2492 1213/2493 1177/2494 1176/2430
f 1220/2495 1232/2496 1233/2497 1234/2498 1229/2499
f 1235/2500 1236/2501 1237/2502 1238/2503 1239/2504 1240/2505 1241/2506
f 1222/2507 1242/2508 1243/2509 1216/2510
f 1221/2511 1244/2512 1242/2508 1222/2507
f 1217/2513 1240/2505 1239/2504 1245/2514 1218/2515
f 1216/2510 1243/2509 1241/2516 1240/2517 1217/2518
f 1241/2519 1243/2520 1242/2521 1244/2522 1246/2523 1247/2524 1248/2525 1249/2526 1250/2527 1251/2528 1252/2529 1235/2530
f 1223/2531 1227/2532 1253/2533 1254/2534 1246/2535 1244/2536 1221/2537
f 1255/2538 1256/2539 1257/2540 1258/2541 1259/2542 1260/2543 1261/2544 1233/2545 1262/2546 1263/2547 1264/2548 1265/2549 1266/2550
f 1228/2551 1267/2552 1255/2553 1266/2554 1224/2555
f 1265/2556 1226/2557 1225/2558
f 1225/2559 1224/2555 1266/2554 1265/2560
f 1233/2561 1261/2562 1268/2563 1269/2564 1234/2565
f 1229/2566 1234/2565 1269/2564 1230/2567
f 1251/2568 1270/2569 1227/2570 1226/2571 1265/2572 1252/2573
f 1271/2574 1272/2575 1247/2524 1246/2523
f 1272/2576 1273/2577 1248/2578 1247/2579
f 1273/2580 1274/2581 1249/2582 1248/2583
f 1274/2581 1275/2584 1250/2585 1249/2582
f 1275/2584 1276/2586 1251/2587 1250/2585
f 1277/2588 1278/2589 1254/2534 1253/2533
f 1278/2589 1271/2590 1246/2535 1254/2534
f 1276/2586 1279/2591 1270/2592 1251/2587
f 1279/2591 1280/2593 1227/2594 1270/2592
f 1280/2595 1277/2596 1253/2597 1227/2598
f 1281/2599 1282/2600 1256/2601 1255/2602 1267/2603
f 1231/2604 1281/2599 1267/2603 1228/2605
f 1283/2606 1284/2607 1231/2608 1230/2609
f 1285/2610 1286/2611 1282/2600 1281/2599
f 1286/2611 1287/2612 1256/2601 1282/2600
f 1288/2613 1289/2614 1268/2615 1261/2616
f 1289/2614 1290/2617 1269/2618 1268/2615
f 1284/2619 1285/2610 1281/2599 1231/2604
f 1290/2617 1283/2620 1230/2621 1269/2618
f 1287/2622 1291/2623 1257/2624 1256/2625
f 1291/2623 1292/2626 1258/2627 1257/2624
f 1292/2628 1293/2629 1259/2630 1258/2631
f 1293/2632 1294/2633 1260/2634 1259/2635
f 1265/2549 1264/2548 1236/2636 1235/2530 1252/2529
f 1295/2637 1296/2638 1262/2639 1233/2497 1232/2496
f 1219/2640 1295/2637 1232/2496 1220/2495
f 1294/2633 1288/2613 1261/2616 1260/2634
f 1297/2641 1298/2642 1294/2643 1288/2644
f 1299/2645 1300/2646 1219/2640 1218/2515
f 1301/2647 1302/2648 1237/2502 1236/2501
f 1302/2649 1303/2650 1238/2651 1237/2652
f 1303/2650 1304/2653 1239/2654 1238/2651
f 1305/2655 1301/2656 1236/2657 1264/2658
f 1304/2653 1306/2659 1245/2660 1239/2654
f 1306/2659 1299/2661 1218/2662 1245/2660
f 1307/2663 1308/2664 1296/2638 1295/2637
f 1308/2664 1309/2665 1262/2639 1296/2638
f 1309/2666 1310/2667 1263/2547 1262/2546
f 1310/2668 1305/2669 1264/2670 1263/2671
f 1300/2646 1307/2663 1295/2637 1219/2640
f 1276/2672 1275/2673 1274/2674 1273/2675 1272/2575 1271/2574
f 1271/2590 1278/2589 1277/2588 1280/2676 1279/2677 1276/2678
f 1290/2679 1289/2680 1288/2681 1287/2612 1286/2611 1285/2610
f 1283/2682 1290/2679 1285/2610 1284/2619
f 1288/2683 1294/2684 1293/2685 1292/2686 1291/2687 1287/2688
f 1304/2689 1303/2690 1302/2648 1301/2647 1309/2665 1308/2664 1307/2663
f 1299/2645 1306/2691 1304/2689 1307/2663 1300/2646
f 1305/2692 1310/2667 1309/2666 1301/2693
f 1311/2694 1312/2695 1313/2696 1314/2697 1315/2698
f 1316/2699 1311/2694 1315/2698 1317/2700
f 1318/2701 1319/2702 1320/2703
f 1313/2704 1321/2705 1322/2706 1314/2707
f 1323/2708 1324/2709 1325/2710
f 1321/2711 1313/2712 1312/2713 1326/2714
f 1327/2715 1328/2716 1329/2717 1330/2718 1331/2719
f 1317/2700 1315/2698 1332/2720 1333/2721 1334/2722
f 1315/2698 1314/2697 1335/2723 1336/2724 1332/2720
f 1314/2725 1322/2726 1337/2727
f 1330/2728 1333/2729 1332/2730 1331/2731
f 1338/2732 1311/2733 1316/2734 1325/2735 1324/2736
f 1335/2737 1339/2738 1320/2703 1319/2702 1336/2739
f 1337/2740 1339/2738 1335/2737 1314/2707
f 1328/2741 1322/2706 1321/2705 1326/2742 1340/2743
f 1320/2703 1339/2738 1337/2740 1322/2706 1328/2741 1327/2744 1318/2701
f 1332/2745 1336/2746 1319/2747 1318/2748 1327/2749 1331/2750
f 1341/2751 1334/2752 1333/2729 1330/2728 1329/2753
f 1341/2754 1329/2717 1342/2755
f 1316/2756 1317/2757 1334/2752 1341/2751 1342/2758 1323/2759 1325/2760
f 1326/2714 1312/2713 1311/2733 1338/2732 1340/2761
f 1329/2717 1328/2716 1340/2762 1338/2763 1324/2709 1323/2708 1342/2755
f 1343/2764 1344/2765 1345/2766 1346/2767
f 1347/2768 1348/2769 1344/2765 1343/2764 1349/2770
f 1350/2771 1351/2772 1352/2773 1349/2770 1343/2764 1353/2774
f 1353/2774 1343/2764 1346/2767 1354/2775
f 1346/2776 1355/2777 1356/2778 1357/2779 1354/2780
f 1358/2781 1356/2778 1355/2777 1359/2782 1360/2783
f 1348/2784 1361/2785 1362/2786 1344/2787
f 1347/2788 1363/2789 1361/2790 1348/2791
f 1345/2792 1359/2782 1355/2777 1346/2776
f 1344/2787 1362/2786 1360/2793 1359/2794 1345/2795
f 1360/2793 1362/2786 1361/2785 1363/2796 1364/2797 1358/2798
f 1349/2799 1352/2800 1365/2801 1364/2802 1363/2803 1347/2804
f 1366/2805 1356/2778 1358/2781 1364/2806 1365/2807 1367/2808
f 1353/2809 1368/2810 1366/2811 1367/2812 1350/2813
f 1365/2814 1352/2815 1351/2816
f 1351/2817 1350/2813 1367/2812 1365/2818
f 1356/2778 1366/2805 1368/2819 1357/2779
f 1354/2780 1357/2779 1368/2819 1353/2820
f 1369/2821 1370/2822 1371/2823 1372/2824 1373/2825 1374/2826 1375/2827 1376/2828 1377/2829 1378/2830 1379/2831
f 1369/2832 1380/2833 1381/2834 1370/2835
f 1382/2836 1383/2837 1384/2838 1385/2839
f 1386/2840 1387/2841 1388/2842
f 1378/2843 1389/2844 1390/2845 1379/2846
f 1372/2847 1382/2848 1385/2849 1391/2850 1373/2851
f 1375/2852 1388/2853 1387/2854 1392/2855 1376/2856
f 1373/2851 1391/2850 1374/2857
f 1374/2857 1391/2850 1386/2840 1388/2842 1375/2858
f 1370/2859 1381/2860 1383/2861 1371/2862
f 1371/2863 1383/2837 1382/2836 1372/2864
f 1384/2838 1383/2837 1381/2834
f 1393/2865 1394/2866 1395/2867
f 1396/2868 1384/2838 1381/2834
f 1376/2856 1392/2855 1377/2869
f 1377/2869 1392/2855 1389/2870 1378/2871
f 1380/2872 1369/2873 1379/2874
f 1391/2875 1385/2876 1384/2877 1396/2878 1394/2879 1393/2880 1390/2881
f 1381/2834 1380/2833 1395/2867 1394/2866 1396/2868
f 1379/2882 1390/2881 1393/2880 1395/2883 1380/2884
f 1391/2875 1390/2881 1389/2870 1392/2855 1387/2854 1386/2885
f 1397/2886 1398/2887 1399/2888 1400/2889 1401/2890 1402/2891 1403/2892 1404/2893 1405/2894 1406/2895 1407/2896
f 1397/2897 1408/2898 1409/2899 1398/2900
f 1410/2901 1411/2902 1412/2903 1413/2904
f 1414/2905 1415/2906 1416/2907
f 1406/2908 1417/2909 1418/2910 1407/2911
f 1400/2912 1410/2913 1413/2914 1419/2915 1401/2916
f 1403/2917 1416/2918 1415/2919 1420/2920 1404/2921
f 1401/2916 1419/2915 1402/2922
f 1402/2922 1419/2915 1414/2923 1416/2924 1403/2925
f 1398/2926 1409/2927 1411/2928 1399/2929
f 1399/2930 1411/2902 1410/2901 1400/2931
f 1412/2932 1411/2928 1409/2927
f 1421/2933 1422/2934 1423/2935
f 1424/2936 1412/2932 1409/2927
f 1404/2921 1420/2920 1405/2937
f 1405/2937 1420/2920 1417/2938 1406/2939
f 1408/2940 1397/2886 1407/2896
f 1419/2941 1413/2942 1412/2943 1424/2944 1422/2934 1421/2933 1418/2945
f 1409/2927 1408/2946 1423/2947 1422/2948 1424/2936
f 1407/2949 1418/2945 1421/2933 1423/2935 1408/2950
f 1419/2941 1418/2945 1417/2951 1420/2952 1415/2906 1414/2905
f 1448/2953 1449/2954 1450/2955
f 1452/2956 1448/2957 1450/2958 1453/2959
f 1454/2960 1455/2961 1456/2962 1457/2963
f 1458/2964 1459/2965 1460/2966
f 1455/2967 1461/2968 1462/2969 1456/2970
f 1461/2968 1465/2971 1462/2969
f 1465/2972 1466/2973 1467/2974
f 1468/2975 1469/2976 1470/2977
f 1466/2978 1471/2979 1472/2980 1467/2981
f 1471/2979 1473/2982 1474/2983 1472/2980
f 1475/2984 1476/2985 1477/2986 1478/2987
f 1473/2988 1452/2956 1453/2959 1474/2989
f 1476/2985 1454/2960 1457/2963 1477/2986
f 1434/2990 1433/2991 1476/2985 1475/2984
f 1427/2992 1426/2993 1473/2982 1471/2979
f 1435/2994 1434/2990 1475/2984 1469/2976
f 1428/2995 1427/2992 1471/2979 1466/2978
f 1437/2996 1436/2997 1468/2998
f 1429/2999 1428/3000 1466/2973 1465/2972
f 1438/3001 1437/3002 1468/3003 1464/3004
f 1430/3005 1429/3006 1465/2971 1461/2968
f 1439/3007 1438/3001 1464/3004
f 1431/3008 1430/3005 1461/2968 1455/2967
f 1447/3009 1446/3010 1449/3011 1448/2957
f 1442/3012 1441/3013 1463/3014 1459/3015
f 1432/3016 1431/3017 1455/2961 1454/2960
f 1425/3018 1447/3009 1448/2957 1452/2956
f 1433/2991 1432/3016 1454/2960 1476/2985
f 1426/3019 1425/3018 1452/2956 1473/2988
f 1445/3020 1444/3021 1458/2964 1451/3022
f 1459/3015 1463/3014 1460/3023
f 1458/2964 1443/3024 1442/3025 1459/2965
f 1463/3014 1440/3026 1439/3007 1464/3004
f 1463/3014 1441/3013 1440/3026
f 1479/3027 1480/3028 1481/3029 1482/3030
f 1449/3011 1446/3010 1445/3020 1451/3022
f 1469/2976 1475/2984 1478/2987 1470/2977
f 1468/2998 1436/2997 1435/3031 1469/3032
f 1449/3011 1458/2964 1483/3033 1484/3034
f 1458/2964 1460/2966 1479/3035 1485/3036
f 1463/3037 1464/3038 1486/3039 1480/3040
f 1468/3041 1470/3042 1487/3043 1488/3044
f 1470/3042 1478/3045 1489/3046 1487/3043
f 1478/3045 1477/3047 1490/3048 1489/3046
f 1477/3047 1457/3049 1491/3050 1490/3048
f 1457/3049 1456/3051 1492/3052 1491/3050
f 1456/3051 1462/3053 1493/3054 1492/3052
f 1462/3053 1465/3055 1494/3056 1493/3054
f 1465/3055 1467/3057 1495/3058 1494/3056
f 1467/3057 1472/3059 1496/3060 1495/3058
f 1472/3059 1474/2989 1497/3061 1496/3060
f 1474/2989 1453/2959 1498/3062 1497/3061
f 1453/2959 1450/2958 1499/3063 1498/3062
f 1450/2958 1449/3011 1484/3034 1499/3063
f 1464/3038 1468/3041 1488/3044 1486/3039
f 1458/2964 1485/3036 1483/3033
f 1460/2966 1463/3037 1480/3040 1479/3035
f 1451/3022 1458/2964 1449/3011
f 1491/3050 1492/3052 1500/3064 1501/3065
f 1496/3060 1497/3061 1502/3066 1503/3067
f 1499/3068 1484/3069 1504/3070 1505/3071
f 1489/3046 1490/3048 1506/3072 1507/3073
f 1494/3074 1495/3075 1508/3076 1509/3077
f 1485/3078 1479/3027 1482/3030 1510/3079
f 1486/3080 1488/3081 1511/3082 1512/3083
f 1488/3044 1487/3043 1513/3084 1511/3085
f 1492/3052 1493/3054 1514/3086 1500/3064
f 1497/3087 1498/3088 1515/3089 1502/3090
f 1490/3048 1491/3050 1501/3065 1506/3072
f 1495/3058 1496/3060 1503/3067 1508/3091
f 1483/3092 1485/3078 1510/3079 1516/3093
f 1484/3069 1483/3092 1516/3093 1504/3070
f 1487/3094 1489/3095 1507/3096 1513/3097
f 1493/3054 1494/3056 1509/3098 1514/3086
f 1498/3088 1499/3099 1505/3100 1515/3089
f 1480/3028 1486/3080 1512/3083 1481/3029
f 1444/3021 1443/3024 1458/2964
f 1515/3101 1505/3102 1504/3103 1516/3104 1510/3105 1482/3106 1481/3107 1512/3108 1511/3085 1513/3084 1507/3073 1506/3072 1501/3065 1500/3064 1514/3086 1509/3098 1508/3091 1503/3067 1502/3066
f 1517/3109 1518/3110 1519/3111 1520/3112 1521/3113 1522/3114 1523/3115
f 1524/3116 1525/3117 1526/3118 1517/3109 1523/3115 1527/3119
f 1528/3120 1529/3121 1530/3122 1531/3123 1532/3124 1533/3125
f 1523/3126 1522/3127 1534/3128 1535/3129 1536/3130
f 1520/3131 1537/3132 1538/3133
f 1539/3134 1540/3135 1517/3136 1526/3137 1541/3138
f 1540/3135 1542/3139 1518/3140 1517/3136
f 1543/3141 1544/3142 1545/3143 1519/3144
f 1519/3111 1545/3145 1546/3146 1547/3147 1548/3148 1549/3149 1537/3150 1520/3112
f 1550/3151 1551/3152 1552/3153 1548/3154 1547/3155
f 1522/3127 1521/3156 1534/3128
f 1521/3156 1520/3131 1538/3133 1553/3157 1534/3128
f 1535/3158 1528/3120 1536/3159
f 1535/3158 1534/3160 1554/3161 1529/3121 1528/3120
f 1528/3120 1533/3125 1536/3159
f 1534/3162 1553/3163 1555/3164 1556/3165
f 1551/3152 1557/3166 1552/3153
f 1549/3167 1548/3168 1552/3169 1557/3170 1558/3171
f 1557/3170 1559/3172 1558/3171
f 1537/3132 1549/3167 1558/3171 1559/3172 1553/3157 1538/3133
f 1534/3160 1556/3173 1554/3161
f 1524/3174 1527/3175 1532/3176 1531/3177
f 1533/3178 1532/3179 1527/3180 1523/3126 1536/3130
f 1560/3181 1550/3182 1547/3183 1546/3184
f 1553/3185 1561/3186 1562/3187
f 1541/3188 1530/3189 1539/3190
f 1531/3191 1530/3189 1541/3188 1526/3192 1525/3193
f 1525/3194 1524/3195 1531/3196
f 1560/3197 1544/3198 1562/3199
f 1550/3151 1561/3186 1551/3152
f 1542/3200 1563/3201 1518/3202
f 1563/3203 1543/3204 1519/3205 1518/3140
f 1561/3186 1553/3185 1559/3206 1557/3166 1551/3152
f 1529/3207 1540/3135 1539/3134 1530/3208
f 1554/3161 1540/3209 1529/3121
f 1556/3165 1543/3204 1542/3139 1540/3135 1554/3210
f 1561/3186 1550/3151 1560/3211 1562/3187
f 1555/3164 1553/3163 1562/3199
f 1555/3164 1543/3204 1556/3165
f 1544/3198 1560/3197 1546/3212 1545/3213
f 1544/3198 1543/3204 1555/3164 1562/3199
f 1543/3204 1563/3203 1542/3139
f 1564/3214 1565/3215 1566/3216 1567/3217 1568/3218 1569/3219 1570/3220
f 1571/3221 1572/3222 1573/3223 1564/3214 1570/3220 1574/3224
f 1575/3225 1576/3226 1577/3227 1578/3228 1579/3229 1580/3230
f 1570/3231 1569/3232 1581/3233 1582/3234 1583/3235
f 1567/3236 1584/3237 1585/3238
f 1586/3239 1587/3240 1564/3241 1573/3242 1588/3243
f 1587/3240 1589/3244 1565/3245 1564/3241
f 1590/3246 1591/3247 1592/3248 1566/3249
f 1566/3216 1592/3250 1593/3251 1594/3252 1595/3253 1596/3254 1584/3255 1567/3217
f 1597/3256 1598/3257 1599/3258 1595/3259 1594/3260
f 1569/3232 1568/3261 1581/3233
f 1568/3261 1567/3236 1585/3238 1600/3262 1581/3233
f 1582/3263 1575/3264 1583/3265
f 1582/3266 1581/3267 1601/3268 1576/3226 1575/3225
f 1575/3225 1580/3230 1583/3269
f 1581/3267 1600/3270 1602/3271 1603/3272
f 1598/3273 1604/3274 1599/3275
f 1596/3276 1595/3277 1599/3275 1604/3274 1605/3278
f 1604/3274 1606/3279 1605/3278
f 1584/3280 1596/3276 1605/3278 1606/3279 1600/3281 1585/3282
f 1581/3267 1603/3272 1601/3268
f 1571/3283 1574/3284 1579/3285 1578/3286
f 1580/3287 1579/3288 1574/3289 1570/3231 1583/3235
f 1607/3290 1597/3291 1594/3292 1593/3293
f 1600/3270 1608/3294 1609/3295
f 1588/3296 1577/3297 1586/3298
f 1578/3286 1577/3297 1588/3296 1573/3299 1572/3300
f 1572/3300 1571/3283 1578/3286
f 1607/3301 1591/3302 1609/3295
f 1597/3303 1608/3294 1598/3304
f 1589/3244 1610/3305 1565/3245
f 1610/3305 1590/3306 1566/3307 1565/3245
f 1608/3294 1600/3270 1606/3308 1604/3309 1598/3304
f 1576/3226 1587/3310 1586/3311 1577/3227
f 1601/3268 1587/3310 1576/3226
f 1603/3272 1590/3312 1589/3313 1587/3310 1601/3268
f 1608/3294 1597/3303 1607/3301 1609/3295
f 1602/3271 1600/3270 1609/3295
f 1602/3271 1590/3312 1603/3272
f 1591/3314 1607/3315 1593/3316 1592/3317
f 1591/3302 1590/3312 1602/3271 1609/3295
f 1590/3306 1610/3305 1589/3244
f 1611/3318 1612/3319 1613/3320 1614/3321
f 1615/3322 1616/3323 1617/3324
f 1612/3325 1611/3326 1618/3327 1619/3328 1620/3329 1621/3330 1622/3331 1623/3332 1624/3333 1625/3334 1626/3335 1627/3336 1628/3337 1629/3338 1630/3339 1631/3340 1632/3341 1616/3342 1615/3343 1633/3344 1634/3345 1635/3346
f 1623/3347 1622/3348 1636/3349
f 1632/3350 1631/3351 1637/3352 1638/3353
f 1621/3354 1620/3355 1639/3356
f 1631/3351 1630/3357 1637/3352
f 1619/3358 1618/3359 1640/3360 1641/3361 1642/3362
f 1630/3363 1629/3364 1643/3365 1637/3366
f 1618/3367 1611/3368 1614/3369 1644/2999 1640/3370
f 1629/3364 1628/3371 1645/3372 1643/3365
f 1614/3321 1646/3373 1647/3374 1644/3375
f 1628/3376 1627/3377 1648/3378 1645/3379
f 1635/3380 1634/3381 1646/3382
f 1626/3383 1625/3384 1649/3385 1650/3386
f 1633/3387 1615/3322 1617/3324 1647/3388
f 1624/3389 1623/3390 1636/3391 1651/3392 1649/3385
f 1617/3324 1616/3323 1632/3393 1638/3394
f 1647/3395 1634/3396 1633/3397
f 1646/3398 1634/3396 1647/3395
f 1646/3373 1614/3321 1613/3320
f 1612/3399 1635/3400 1646/3401 1613/3402
f 1644/3375 1647/3374 1639/3403 1642/3362 1641/3361
f 1649/3385 1651/3392 1652/3404 1653/3405
f 1639/3403 1617/3406 1638/3407 1654/3408
f 1639/3403 1647/3374 1617/3406
f 1639/3356 1620/3355 1619/3409 1642/3410
f 1641/3361 1640/3360 1644/3375
f 1652/3411 1655/3412 1656/3413 1653/3414
f 1645/3379 1648/3378 1650/3386 1657/3415 1658/3416
f 1637/3366 1643/3365 1656/3413
f 1638/3417 1637/3366 1656/3413 1655/3412
f 1651/3418 1654/3408 1655/3419 1652/3420
f 1650/3386 1649/3385 1653/3405 1657/3415
f 1643/3365 1645/3372 1658/3421 1656/3413
f 1648/3378 1627/3377 1626/3383 1650/3386
f 1636/3349 1622/3348 1621/3354 1639/3356 1651/3422
f 1649/3385 1625/3384 1624/3389
f 1655/3419 1654/3408 1638/3407
f 1654/3408 1651/3418 1639/3403
f 1653/3414 1656/3413 1658/3421 1657/3423
f 1659/3424 1660/3425 1661/3426 1662/3427 1663/3428 1664/3429
f 1665/3430 1666/3431 1667/3432 1668/3433 1669/3434
f 1670/3435 1671/3436 1660/3437 1659/3438 1667/3439 1666/3440 1672/3441
f 1670/3442 1672/3443 1673/3444 1674/3445 1675/3446
f 1667/3447 1659/3424 1664/3429 1668/3448
f 1660/3449 1671/3450 1676/3451 1677/3452 1661/3453
f 1672/3443 1666/3454 1678/3455 1673/3444
f 1678/3456 1666/3457 1679/3458
f 1679/3459 1666/3460 1665/3461
f 1675/3462 1674/3463 1676/3451
f 1671/3450 1670/3464 1675/3462 1676/3451
f 1668/3465 1664/3466 1680/3467
f 1680/3467 1664/3466 1663/3468
f 1680/3469 1669/3470 1668/3471
f 1662/3472 1661/3453 1677/3452
f 1676/3473 1674/3474 1673/3475 1678/3456 1679/3458 1665/3476 1669/3477 1680/3467 1663/3468 1662/3478 1677/3479
f 1681/3480 1682/3481 1683/3482 1684/3483 1685/3484
f 1686/3485 1687/3486 1688/3487 1689/3488 1690/3489
f 1691/3490 1692/3491 1693/3492 1694/3493 1695/3494
f 1686/3495 1692/3496 1691/3497 1696/3498 1697/3499 1698/3500 1682/3501 1681/3502 1699/3503 1700/3504 1687/3505
f 1682/3506 1698/3507 1701/3508 1702/3509
f 1687/3486 1700/3510 1703/3511 1704/3512 1688/3487
f 1705/3513 1688/3514 1704/3515 1706/3516 1685/3517 1684/3518 1707/3519 1702/3520 1701/3521 1708/3522 1695/3523 1694/3524 1709/3525
f 1698/3507 1697/3526 1708/3527 1701/3508
f 1709/3525 1694/3524 1693/3528
f 1692/3529 1686/3485 1690/3489 1705/3530 1709/3531 1693/3532
f 1708/3533 1696/3534 1691/3535 1695/3536
f 1696/3537 1708/3538 1697/3539
f 1704/3540 1710/3541 1706/3542
f 1706/3542 1710/3541 1699/3543 1681/3480 1685/3484
f 1710/3541 1703/3544 1700/3545 1699/3543
f 1710/3541 1704/3540 1703/3544
f 1684/3546 1683/3547 1707/3548
f 1683/3482 1682/3481 1702/3549 1707/3550
f 1690/3489 1689/3488 1688/3487 1705/3530
f 1711/3551 1712/3552 1713/3553 1714/3554 1715/3555 1716/3556 1717/3557
f 1712/3558 1711/3559 1718/3560 1719/3561 1720/3562
f 1717/3563 1716/3564 1721/3565 1722/3566
f 1714/3554 1713/3553 1723/3567 1724/3568 1725/3569 1726/3570
f 1718/3571 1727/3572 1719/3573
f 1711/3574 1717/3575 1722/3576 1727/3572 1718/3571
f 1725/3577 1728/3578 1726/3579
f 1719/3580 1727/3581 1722/3582 1721/3583 1728/3584 1725/3585 1724/3586 1729/3587 1720/3588
f 1729/3587 1724/3586 1723/3589
f 1729/3587 1712/3590 1720/3588
f 1721/3565 1715/3591 1714/3592 1726/3593 1728/3594
f 1715/3591 1721/3565 1716/3564
f 1712/3595 1729/3596 1723/3597 1713/3598
f 1730/3599 1731/3600 1732/3601 1733/3602
f 1734/3603 1735/3604 1736/3605
f 1737/3606 1738/3607 1730/3608 1733/3609 1734/3610 1739/3611 1740/3612 1741/3613
f 1731/3600 1742/3614 1732/3601
f 1743/3615 1738/3607 1737/3606 1744/3616
f 1745/3617 1746/3618 1747/3619 1736/3620
f 1748/3621 1749/3622 1745/3617 1736/3620 1735/3623 1732/3624 1742/3625 1750/3626
f 1751/3627 1749/3622 1748/3621
f 1736/3605 1747/3628 1739/2712 1734/3603
f 1741/3613 1752/3629 1744/3616 1737/3606
f 1738/3630 1743/3631 1750/3632 1742/3633 1731/3634 1730/3635
f 1750/3626 1743/3636 1744/3637 1752/3638 1751/3627 1748/3621
f 1733/3602 1732/3601 1735/3639 1734/3640
f 1746/3641 1740/3642 1739/3643 1747/3644
f 1740/3645 1746/3646 1745/3647 1749/3648 1751/3649 1752/3650 1741/3651
f 1753/3652 1754/3653 1755/3654 1756/3655 1757/3656
f 1758/3657 1753/3652 1757/3656 1759/3658
f 1760/3659 1761/3660 1762/3661
f 1755/3662 1763/3663 1764/3664 1756/3665
f 1765/3666 1766/3667 1767/3668
f 1763/3669 1755/3670 1754/3671 1768/3672
f 1769/3673 1770/3674 1771/3675 1772/3676 1773/3677
f 1759/3658 1757/3656 1774/3678 1775/3679 1776/3680
f 1757/3656 1756/3655 1777/3681 1778/3682 1774/3678
f 1756/3665 1764/3664 1779/3683
f 1772/3684 1775/3679 1774/3678 1773/3685
f 1780/3686 1753/3687 1758/3688 1767/3689 1766/3690
f 1777/3691 1781/3692 1762/3693 1761/3694 1778/3695
f 1779/3683 1781/3692 1777/3691 1756/3665
f 1770/3674 1764/3696 1763/3697 1768/3698 1782/3699
f 1762/3661 1781/3700 1779/3701 1764/3696 1770/3674 1769/3673 1760/3659
f 1774/3702 1778/3703 1761/3660 1760/3659 1769/3673 1773/3677
f 1783/3704 1776/3680 1775/3679 1772/3684 1771/3705
f 1783/3706 1771/3707 1784/3708
f 1758/3709 1759/3710 1776/3711 1783/3706 1784/3708 1765/3666 1767/3668
f 1768/3672 1754/3671 1753/3687 1780/3686 1782/3712
f 1771/3675 1770/3674 1782/3699 1780/3713 1766/3714 1765/3715 1784/3716
f 1785/3717 1786/3718 1787/3719 1788/3720 1789/3721
f 1790/3722 1785/3717 1789/3721 1791/3723
f 1792/3724 1793/3725 1794/3726
f 1787/3727 1795/3728 1796/3729 1788/3730
f 1797/3731 1798/3732 1799/3733
f 1795/3734 1787/3735 1786/3736 1800/3737
f 1801/3738 1802/3739 1803/3740 1804/3741 1805/3742
f 1791/3723 1789/3721 1806/3743 1807/3744 1808/3745
f 1789/3721 1788/3720 1809/3746 1810/3747 1806/3743
f 1788/3730 1796/3729 1811/3748
f 1804/3749 1807/3750 1806/3751 1805/3752
f 1812/3753 1785/3754 1790/3755 1799/3756 1798/3757
f 1809/3758 1813/3759 1794/3760 1793/3761 1810/3762
f 1811/3748 1813/3759 1809/3758 1788/3730
f 1802/3739 1796/3763 1795/3764 1800/3765 1814/3766
f 1794/3726 1813/3767 1811/3768 1796/3763 1802/3739 1801/3738 1792/3724
f 1806/3769 1810/3770 1793/3725 1792/3724 1801/3738 1805/3742
f 1815/3771 1808/3772 1807/3750 1804/3749 1803/3773
f 1815/3774 1803/3775 1816/3776
f 1790/3777 1791/3778 1808/3779 1815/3774 1816/3776 1797/3731 1799/3733
f 1800/3737 1786/3736 1785/3754 1812/3753 1814/3780
f 1803/3740 1802/3739 1814/3766 1812/3781 1798/3782 1797/3783 1816/3784
f 1817/3785 1818/3786 1819/3787 1820/3788 1821/3789 1822/3790 1823/3791
f 1818/3792 1817/3793 1824/3794 1825/3795 1826/3796
f 1823/3797 1822/3798 1827/3799 1828/3800
f 1820/3788 1819/3787 1829/3801 1830/3802 1831/3803 1832/3804 1833/3805 1834/3806 1835/3807
f 1824/3808 1836/3809 1825/3810
f 1817/3811 1823/3797 1828/3800 1836/3812 1824/3813
f 1831/3814 1837/3815 1832/3816
f 1825/3810 1836/3809 1828/3817 1827/3818 1837/3819 1831/3820 1830/3821 1838/3822 1826/3823
f 1838/3824 1830/3825 1829/3826
f 1838/3827 1818/3792 1826/3796
f 1827/3799 1821/3828 1820/3829 1835/3830 1839/3831 1833/3832 1832/3833 1837/3834
f 1821/3828 1827/3799 1822/3798
f 1818/3792 1838/3827 1829/3835 1819/3836
f 1840/3837 1841/3838 1842/3839 1843/3840 1844/3841 1845/3842 1846/3843
f 1840/3844 1847/3845 1848/3846 1849/3847 1841/3848
f 1841/3838 1849/3849 1850/3850 1842/3839
f 1844/3851 1851/3852 1852/3853 1845/3854
f 1843/3855 1853/3856 1851/3857 1844/3858
f 1842/3859 1850/3860 1853/3861 1843/3862
f 1849/3863 1848/3864 1854/3865 1852/3866 1851/3857 1853/3856 1855/3867
f 1846/3868 1856/3869 1847/3870 1840/3871
f 1854/3865 1848/3864 1847/3872 1856/3873
f 1845/3854 1852/3853 1854/3874 1856/3875 1846/3876
f 1850/3860 1849/3877 1855/3878
f 1853/3861 1850/3860 1855/3878
f 1857/3879 1858/3880 1859/3881 1860/3882 1861/3883 1862/3884 1863/3885 1864/3886
f 1857/3887 1864/3888 1865/3889 1866/3890
f 1867/3891 1868/3892 1869/3893 1870/3894 1871/3895 1872/3896 1873/3897 1874/3898
f 1875/3899 1876/3900 1864/3901 1863/3902 1877/3903
f 1878/3904 1873/3897 1872/3896
f 1861/3883 1860/3882 1871/3905 1870/3906 1879/3907
f 1859/3908 1858/3909 1880/3910 1881/3911 1882/3912
f 1862/3884 1861/3883 1879/3907 1869/3913
f 1858/3909 1857/3914 1866/3915 1867/3916 1874/3917
f 1863/3918 1862/3919 1869/3920 1868/3921 1877/3922
f 1865/3923 1864/3924 1876/3925 1883/3926
f 1871/3895 1860/3927 1884/3928 1878/3904 1872/3896
f 1869/3893 1879/3929 1870/3894
f 1875/3899 1883/3930 1876/3900
f 1866/3931 1865/3932 1883/3933 1875/3934 1877/3922 1868/3921 1867/3935
f 1835/3936 1834/3937 1885/3938
f 1885/3939 1834/3806 1833/3805
f 1833/3805 1839/3940 1885/3939
f 1885/3938 1839/3941 1835/3936
f 1881/3911 1880/3910 1858/3909 1874/3917 1873/3942 1878/3943
f 1881/3944 1884/3928 1882/3945
f 1882/3945 1884/3928 1860/3927 1859/3946
f 1878/3904 1884/3928 1881/3944
f 1886/3947 1887/3948 1893/3949 1892/3950
f 1887/3951 1888/3952 1894/3953 1893/3954
f 1888/3955 1889/3956 1895/3957 1894/3958
f 1889/3959 1890/3960 1896/3961 1895/3962
f 1890/3963 1891/3964 1897/3965 1896/3966
f 1891/3967 1886/3947 1892/3950 1897/3968
f 1892/3969 1893/3970 1898/3971
f 1893/3972 1894/3958 1898/3973
f 1894/3958 1895/3957 1898/3973
f 1895/3957 1896/3974 1898/3973
f 1896/3966 1897/3965 1898/3975
f 1897/3976 1892/3969 1898/3971
f 1899/3977 1900/3978 1906/3979 1905/3980
f 1900/3981 1901/3982 1907/3983 1906/3984
f 1901/3985 1902/3986 1908/3987 1907/3988
f 1902/3986 1903/3989 1909/3990 1908/3987
f 1903/3991 1904/3992 1910/3993 1909/3994
f 1904/3995 1899/3977 1905/3980 1910/3996
f 1905/3980 1906/3979 1911/3997
f 1906/3998 1907/3999 1911/4000
f 1907/3999 1908/4001 1911/4000
f 1908/4002 1909/3994 1911/4003
f 1909/3994 1910/3993 1911/4003
f 1910/3996 1905/3980 1911/3997
f 1912/4004 1913/4005 1919/4006 1918/4007
f 1913/4008 1914/4009 1920/4010 1919/4011
f 1914/4012 1915/4013 1921/4014 1920/4015
f 1915/4016 1916/4017 1922/4018 1921/4019
f 1916/4020 1917/4021 1923/4022 1922/4023
f 1917/4024 1912/4004 1918/4007 1923/4025
f 1918/4026 1919/4027 1924/4028
f 1919/4011 1920/4010 1924/4029
f 1920/4015 1921/4014 1924/4030
f 1921/4014 1922/4031 1924/4030
f 1922/4023 1923/4022 1924/4032
f 1923/4025 1918/4007 1924/4033
f 1925/4034 1926/4035 1932/4036 1931/4037
f 1926/4038 1927/4039 1933/4040 1932/4041
f 1927/4042 1928/4043 1934/4044 1933/4045
f 1928/4043 1929/4046 1935/4047 1934/4044
f 1929/4048 1930/4049 1936/4050 1935/4051
f 1930/4052 1925/4034 1931/4037 1936/4053
f 1931/4037 1932/4036 1937/4054
f 1932/4041 1933/4040 1937/4055
f 1933/4045 1934/4044 1937/4056
f 1934/4057 1935/4058 1937/4059
f 1935/4058 1936/4060 1937/4059
f 1936/4053 1931/4037 1937/4054
f 1938/4061 1939/4062 1945/4063 1944/4064
f 1939/4065 1940/4066 1946/4067 1945/4068
f 1940/4069 1941/4070 1947/4071 1946/4072
f 1941/4073 1942/4074 1948/4075 1947/4076
f 1942/4077 1943/4078 1949/4079 1948/4080
f 1943/4081 1938/4082 1944/4083 1949/4084
f 1944/4085 1945/4068 1950/4086
f 1945/4068 1946/4067 1950/4086
f 1946/4087 1947/4088 1950/4089
f 1947/4088 1948/4090 1950/4089
f 1948/4091 1949/4084 1950/4092
f 1949/4084 1944/4083 1950/4092
f 1951/4093 1952/4094 1958/4095 1957/4096
f 1952/4097 1953/4098 1959/4099 1958/4100
f 1953/4101 1954/4102 1960/4103 1959/4104
f 1954/4105 1955/4106 1961/4107 1960/4108
f 1955/4109 1956/4110 1962/4111 1961/4112
f 1956/4113 1951/4093 1957/4096 1962/4114
f 1957/4115 1958/4116 1963/4117
f 1958/4100 1959/4099 1963/4118
f 1959/4104 1960/4103 1963/4119
f 1960/4108 1961/4107 1963/4120
f 1961/4112 1962/4111 1963/4121
f 1962/4122 1957/4115 1963/4117
f 1964/4123 1965/4124 1971/4125 1970/4126
f 1965/4127 1966/4128 1972/4129 1971/4130
f 1966/4131 1967/4132 1973/4133 1972/4134
f 1967/4135 1968/4136 1974/4137 1973/4138
f 1968/4139 1969/4140 1975/4141 1974/4142
f 1969/4140 1964/4143 1970/4144 1975/4141
f 1970/4145 1971/4130 1976/4146
f 1971/4130 1972/4129 1976/4146
f 1972/4134 1973/4133 1976/4147
f 1973/4148 1974/4149 1976/4150
f 1974/4142 1975/4141 1976/4151
f 1975/4141 1970/4144 1976/4151
f 1977/4152 1978/1580 1984/4153 1983/4154
f 1978/4155 1979/4156 1985/4157 1984/4158
f 1979/4159 1980/4160 1986/4161 1985/4162
f 1980/4163 1981/4164 1987/4165 1986/4166
f 1981/4167 1982/4168 1988/4169 1987/4170
f 1982/4171 1977/4152 1983/4154 1988/4172
f 1983/4173 1984/4174 1989/4175
f 1984/4174 1985/4176 1989/4175
f 1985/4162 1986/4161 1989/4177
f 1986/4161 1987/4178 1989/4177
f 1987/4170 1988/4169 1989/4179
f 1988/4172 1983/4154 1989/4180
f 1990/4181 1991/4182 1997/4183 1996/4184
f 1991/4185 1992/4186 1998/4187 1997/4188
f 1992/4189 1993/4190 1999/4191 1998/4192
f 1993/4193 1994/4194 2000/4195 1999/4196
f 1994/4194 1995/4197 2001/4198 2000/4195
f 1995/4199 1990/4181 1996/4184 2001/4200
f 1996/4201 1997/4202 2002/4203
f 1997/4204 1998/4205 2002/4206
f 1998/4205 1999/4207 2002/4206
f 1999/4196 2000/4195 2002/4208
f 2000/4195 2001/4198 2002/4208
f 2001/4200 1996/4184 2002/4209
f 2003/4210 2004/4211 2010/4212 2009/4213
f 2004/4214 2005/4215 2011/4216 2010/4217
f 2005/4218 2006/4219 2012/4220 2011/4221
f 2006/4219 2007/4222 2013/4223 2012/4220
f 2007/4224 2008/4225 2014/4226 2013/4227
f 2008/4228 2003/4210 2009/4213 2014/4229
f 2009/4213 2010/4212 2015/4230
f 2010/4231 2011/4232 2015/4233
f 2011/4232 2012/4234 2015/4233
f 2012/4220 2013/4223 2015/4235
f 2013/4227 2014/4226 2015/4236
f 2014/4229 2009/4213 2015/4230
f 2016/4237 2017/4238 2023/4239 2022/4240
f 2017/4238 2018/4241 2024/4242 2023/4239
f 2018/4243 2019/4244 2025/4245 2024/4246
f 2019/4244 2020/4247 2026/4248 2025/4245
f 2020/4249 2021/4250 2027/4251 2026/4252
f 2021/4253 2016/4254 2022/4255 2027/4256
f 2022/4255 2023/4257 2028/4258
f 2023/4239 2024/4242 2028/4259
f 2024/4260 2025/4261 2028/4262
f 2025/4261 2026/4263 2028/4262
f 2026/4263 2027/4264 2028/4262
f 2027/4256 2022/4255 2028/4258
f 2029/4265 2030/4266 2036/4267 2035/4268
f 2030/4269 2031/4270 2037/4271 2036/4272
f 2031/4270 2032/4273 2038/4274 2037/4271
f 2032/4275 2033/4276 2039/4277 2038/4278
f 2033/4279 2034/4280 2040/4281 2039/4282
f 2034/4283 2029/4265 2035/4268 2040/4284
f 2035/4285 2036/4286 2041/4287
f 2036/4272 2037/4271 2041/4288
f 2037/4271 2038/4274 2041/4288
f 2038/4278 2039/4277 2041/4289
f 2039/4290 2040/4291 2041/4287
f 2040/4291 2035/4285 2041/4287
f 2042/4292 2043/4293 2049/4294 2048/4295
f 2043/4296 2044/4297 2050/4298 2049/4299
f 2044/4300 2045/4301 2051/4302 2050/4303
f 2045/4304 2046/4305 2052/4306 2051/4307
f 2046/4305 2047/4308 2053/4309 2052/4306
f 2047/4310 2042/4311 2048/4312 2053/4313
f 2048/4295 2049/4294 2054/4314
f 2049/4294 2050/4315 2054/4314
f 2050/4303 2051/4302 2054/4316
f 2051/4307 2052/4306 2054/4317
f 2052/4306 2053/4309 2054/4317
f 2053/4313 2048/4312 2054/4318
f 2055/4319 2056/4320 2062/4321 2061/4322
f 2056/4323 2057/4324 2063/4325 2062/4326
f 2057/4327 2058/4328 2064/4329 2063/4330
f 2058/4331 2059/4332 2065/4333 2064/4334
f 2059/4335 2060/4336 2066/4337 2065/4338
f 2060/4339 2055/4340 2061/4341 2066/4342
f 2061/4341 2062/4343 2067/4344
f 2062/4326 2063/4325 2067/4345
f 2063/4346 2064/4334 2067/4347
f 2064/4334 2065/4333 2067/4347
f 2065/4348 2066/4342 2067/4344
f 2066/4342 2061/4341 2067/4344
f 2068/4349 2069/4350 2075/4351 2074/4352
f 2069/4353 2070/4354 2076/4355 2075/4356
f 2070/4357 2071/4358 2077/4359 2076/4360
f 2071/4358 2072/4361 2078/4362 2077/4359
f 2072/4363 2073/4364 2079/4365 2078/4366
f 2073/4367 2068/4349 2074/4352 2079/4368
f 2074/4369 2075/4370 2080/4371
f 2075/4370 2076/4372 2080/4371
f 2076/4360 2077/4359 2080/4373
f 2077/4359 2078/4362 2080/4373
f 2078/4366 2079/4365 2080/4374
f 2079/4365 2074/4375 2080/4374
f 2081/4376 2082/4377 2088/4378 2087/4379
f 2082/4380 2083/4381 2089/4382 2088/4383
f 2083/4384 2084/4385 2090/4386 2089/4387
f 2084/4388 2085/4389 2091/4390 2090/4391
f 2085/4389 2086/4392 2092/4393 2091/4390
f 2086/4394 2081/4395 2087/4396 2092/4397
f 2087/4398 2088/4399 2093/4400
f 2088/4401 2089/4402 2093/4403
f 2089/4402 2090/4404 2093/4403
f 2090/4391 2091/4390 2093/4405
f 2091/4390 2092/4393 2093/4405
f 2092/4397 2087/4396 2093/4406
f 2094/4407 2095/4408 2101/4409 2100/4410
f 2095/4411 2096/4412 2102/4413 2101/4414
f 2096/4415 2097/4416 2103/4417 2102/4418
f 2097/4416 2098/4419 2104/4420 2103/4417
f 2098/4421 2099/4422 2105/4423 2104/4424
f 2099/4425 2094/4407 2100/4410 2105/4426
f 2100/4410 2101/4409 2106/4427
f 2101/4414 2102/4413 2106/4428
f 2102/4429 2103/4430 2106/4431
f 2103/4430 2104/4432 2106/4431
f 2104/4424 2105/4423 2106/4433
f 2105/4426 2100/4410 2106/4427
f 2107/4434 2108/4435 2114/4436 2113/4437
f 2108/4438 2109/4439 2115/4440 2114/4441
f 2109/4442 2110/4443 2116/4444 2115/4445
f 2110/4446 2111/4447 2117/4448 2116/4449
f 2111/4447 2112/4450 2118/4451 2117/4448
f 2112/4452 2107/4434 2113/4437 2118/4453
f 2113/4437 2114/4436 2119/4454
f 2114/4441 2115/4440 2119/4455
f 2115/4456 2116/4457 2119/4458
f 2116/4457 2117/4459 2119/4458
f 2117/4448 2118/4451 2119/4460
f 2118/4453 2113/4437 2119/4454
f 2120/4461 2121/4462 2127/4463 2126/4464
f 2121/4465 2122/4466 2128/4467 2127/4468
f 2122/4469 2123/4470 2129/4471 2128/4472
f 2123/4470 2124/4473 2130/4474 2129/4471
f 2124/4475 2125/4476 2131/4477 2130/4478
f 2125/4479 2120/4461 2126/4464 2131/4480
f 2126/4464 2127/4463 2132/4481
f 2127/4468 2128/4467 2132/4482
f 2128/4472 2129/4471 2132/4483
f 2129/4471 2130/4474 2132/4483
f 2130/4484 2131/4485 2132/4486
f 2131/4485 2126/4487 2132/4486
f 2133/4488 2134/4489 2140/4490 2139/4491
f 2134/4492 2135/4493 2141/4494 2140/4495
f 2135/4496 2136/4497 2142/4498 2141/4499
f 2136/4500 2137/4501 2143/4502 2142/4503
f 2137/4501 2138/4504 2144/4505 2143/4502
f 2138/4506 2133/4488 2139/4491 2144/4507
f 2139/4508 2140/4509 2145/4510
f 2140/4495 2141/4494 2145/4511
f 2141/4499 2142/4498 2145/4512
f 2142/4503 2143/4502 2145/4513
f 2143/4502 2144/4505 2145/4513
f 2144/4514 2139/4508 2145/4510
f 2146/4515 2147/4516 2153/4517 2152/4518
f 2147/4519 2148/4520 2154/4521 2153/4522
f 2148/4523 2149/4524 2155/4525 2154/4526
f 2149/4524 2150/4527 2156/4528 2155/4525
f 2150/4529 2151/4530 2157/4531 2156/4532
f 2151/4533 2146/4534 2152/4535 2157/4536
f 2152/4537 2153/4522 2158/4538
f 2153/4522 2154/4521 2158/4538
f 2154/4526 2155/4525 2158/4539
f 2155/4525 2156/4528 2158/4539
f 2156/4532 2157/4531 2158/4540
f 2157/4536 2152/4535 2158/4541
f 2159/4542 2160/4543 2166/4544 2165/4545
f 2160/4546 2161/4547 2167/4548 2166/4549
f 2161/4547 2162/4550 2168/4551 2167/4548
f 2162/4552 2163/4553 2169/4554 2168/4555
f 2163/4556 2164/4557 2170/4558 2169/4559
f 2164/4560 2159/4542 2165/4545 2170/4561
f 2165/4545 2166/4544 2171/4562
f 2166/4549 2167/4548 2171/4563
f 2167/4548 2168/4551 2171/4563
f 2168/4555 2169/4554 2171/4564
f 2169/4559 2170/4558 2171/4565
f 2170/4561 2165/4545 2171/4562
f 2172/4566 2173/4567 2179/4568 2178/4569
f 2173/4570 2174/4571 2180/4572 2179/4573
f 2174/4574 2175/4575 2181/4576 2180/4577
f 2175/4578 2176/4579 2182/4580 2181/4581
f 2176/4582 2177/4583 2183/4584 2182/4585
f 2177/4583 2172/4586 2178/4587 2183/4584
f 2178/4569 2179/4568 2184/4588
f 2179/4589 2180/4590 2184/4591
f 2180/4577 2181/4576 2184/4592
f 2181/4576 2182/4593 2184/4592
f 2182/4585 2183/4584 2184/4594
f 2183/4584 2178/4587 2184/4594
f 2185/4595 2186/4596 2192/4597 2191/4598
f 2186/4596 2187/4599 2193/4600 2192/4597
f 2187/4601 2188/4602 2194/4603 2193/4604
f 2188/4605 2189/4606 2195/4607 2194/4608
f 2189/4609 2190/4610 2196/4611 2195/4612
f 2190/4613 2185/4614 2191/4615 2196/4616
f 2191/4598 2192/4597 2197/4617
f 2192/4597 2193/4600 2197/4617
f 2193/4604 2194/4603 2197/4618
f 2194/4603 2195/4619 2197/4618
f 2195/4620 2196/4621 2197/3976
f 2196/4621 2191/4622 2197/3976
f 2198/4623 2199/4624 2205/4625 2204/4626
f 2199/4627 2200/4628 2206/4629 2205/4630
f 2200/4631 2201/4632 2207/4633 2206/4634
f 2201/4635 2202/4636 2208/4637 2207/4638
f 2202/4636 2203/4639 2209/4640 2208/4637
f 2203/4641 2198/4642 2204/4643 2209/4644
f 2204/4626 2205/4625 2210/4645
f 2205/4630 2206/4629 2210/4646
f 2206/4634 2207/4633 2210/4647
f 2207/4638 2208/4637 2210/4648
f 2208/4649 2209/4650 2210/4651
f 2209/4650 2204/4652 2210/4651
f 2211/4653 2212/4654 2218/4655 2217/4656
f 2212/4657 2213/4658 2219/4659 2218/4660
f 2213/4658 2214/4661 2220/4662 2219/4659
f 2214/4663 2215/4664 2221/4665 2220/4666
f 2215/4667 2216/4668 2222/4669 2221/4670
f 2216/4668 2211/4671 2217/4672 2222/4669
f 2217/4656 2218/4655 2223/4673
f 2218/4655 2219/4674 2223/4673
f 2219/4659 2220/4662 2223/4675
f 2220/4676 2221/4677 2223/4678
f 2221/4679 2222/4680 2223/4681
f 2222/4669 2217/4672 2223/4682
f 2224/4683 2225/4684 2231/4685 2230/4686
f 2225/4687 2226/4688 2232/4689 2231/4690
f 2226/4688 2227/4691 2233/4692 2232/4689
f 2227/4693 2228/4694 2234/4695 2233/4696
f 2228/4697 2229/4698 2235/4699 2234/4700
f 2229/4698 2224/4701 2230/4702 2235/4699
f 2230/4686 2231/4685 2236/4703
f 2231/4690 2232/4689 2236/4704
f 2232/4689 2233/4692 2236/4704
f 2233/4696 2234/4695 2236/4705
f 2234/4706 2235/4707 2236/4708
f 2235/4699 2230/4702 2236/4709
f 2237/4710 2238/4711 2244/4712 2243/4713
f 2238/4714 2239/4715 2245/4716 2244/4717
f 2239/4718 2240/4719 2246/4720 2245/4721
f 2240/4719 2241/4722 2247/4723 2246/4720
f 2241/4724 2242/4725 2248/4726 2247/4727
f 2242/4728 2237/4710 2243/4713 2248/4729
f 2243/4730 2244/4731 2249/4732
f 2244/4731 2245/4733 2249/4732
f 2245/4721 2246/4720 2249/4734
f 2246/4720 2247/4723 2249/4734
f 2247/4727 2248/4726 2249/4735
f 2248/4729 2243/4713 2249/4736
f 2250/4737 2251/4738 2257/4739 2256/4740
f 2251/4738 2252/4741 2258/4742 2257/4739
f 2252/4743 2253/4744 2259/4745 2258/4746
f 2253/4747 2254/4748 2260/4749 2259/4750
f 2254/4751 2255/4752 2261/4753 2260/4754
f 2255/4755 2250/4756 2256/4757 2261/4758
f 2256/4740 2257/4739 2262/4759
f 2257/4739 2258/4742 2262/4759
f 2258/4746 2259/4745 2262/4760
f 2259/4761 2260/4762 2262/4763
f 2260/4754 2261/4753 2262/4764
f 2261/4758 2256/4757 2262/4765
f 2263/4766 2264/4767 2270/4768 2269/4769
f 2264/4770 2265/4771 2271/4772 2270/4773
f 2265/4771 2266/4774 2272/4775 2271/4772
f 2266/4776 2267/4777 2273/4778 2272/4779
f 2267/4780 2268/4781 2274/4782 2273/4783
f 2268/4781 2263/4784 2269/4785 2274/4782
f 2269/4769 2270/4768 2275/4786
f 2270/4787 2271/4788 2275/4789
f 2271/4790 2272/4791 2275/4792
f 2272/4791 2273/4793 2275/4792
f 2273/4793 2274/4794 2275/4792
f 2274/4795 2269/4769 2275/4786
f 2276/4796 2277/4797 2283/4798 2282/4799
f 2277/4797 2278/4800 2284/4801 2283/4798
f 2278/4802 2279/4803 2285/4804 2284/4805
f 2279/4806 2280/4807 2286/4808 2285/4809
f 2280/4810 2281/4811 2287/4812 2286/4813
f 2281/4814 2276/4815 2282/4816 2287/4817
f 2282/4799 2283/4798 2288/4818
f 2283/4819 2284/4805 2288/4820
f 2284/4805 2285/4804 2288/4820
f 2285/4809 2286/4808 2288/4821
f 2286/4822 2287/4823 2288/4824
f 2287/4817 2282/4816 2288/4825
f 2289/4826 2290/4827 2296/4828 2295/4829
f 2290/4830 2291/4831 2297/4832 2296/4833
f 2291/4834 2292/4835 2298/4836 2297/4837
f 2292/4838 2293/4839 2299/4840 2298/4841
f 2293/4842 2294/4843 2300/4844 2299/4845
f 2294/4846 2289/4847 2295/4848 2300/4849
f 2295/4829 2296/4828 2301/4850
f 2296/4833 2297/4832 2301/4851
f 2297/4852 2298/4853 2301/94
f 2298/4841 2299/4840 2301/4854
f 2299/4845 2300/4844 2301/4855
f 2300/4844 2295/4856 2301/4855
f 2302/4857 2303/4858 2309/4859 2308/4860
f 2303/4861 2304/4862 2310/4863 2309/4864
f 2304/4862 2305/4865 2311/4866 2310/4863
f 2305/4867 2306/4868 2312/4869 2311/4870
f 2306/4871 2307/4872 2313/4873 2312/4874
f 2307/4872 2302/4875 2308/4876 2313/4873
f 2308/4860 2309/4859 2314/4877
f 2309/4859 2310/4878 2314/4877
f 2310/4863 2311/4866 2314/4879
f 2311/4880 2312/4881 2314/4882
f 2312/4874 2313/4873 2314/4883
f 2313/4873 2308/4876 2314/4883
f 2315/4884 2316/4885 2322/4886 2321/4887
f 2316/4888 2317/4889 2323/4890 2322/4891
f 2317/4889 2318/4892 2324/4893 2323/4890
f 2318/4894 2319/4895 2325/4896 2324/4897
f 2319/4898 2320/4899 2326/4900 2325/4901
f 2320/4902 2315/4884 2321/4887 2326/4903
f 2321/4887 2322/4886 2327/4904
f 2322/4891 2323/4890 2327/4905
f 2323/4890 2324/4893 2327/4905
f 2324/4897 2325/4896 2327/4906
f 2325/4907 2326/4908 2327/4909
f 2326/4908 2321/4910 2327/4909
f 2328/4911 2329/4912 2335/4913 2334/4914
f 2329/4915 2330/4916 2336/4917 2335/4918
f 2330/4919 2331/4920 2337/4921 2336/4922
f 2331/4923 2332/4924 2338/4925 2337/4926
f 2332/4927 2333/4928 2339/4929 2338/4930
f 2333/4931 2328/4932 2334/4933 2339/4934
f 2334/4914 2335/4913 2340/4935
f 2335/4913 2336/4936 2340/4935
f 2336/4922 2337/4921 2340/4937
f 2337/4926 2338/4925 2340/4938
f 2338/4930 2339/4929 2340/4939
f 2339/4934 2334/4933 2340/4940
f 2341/4941 2342/4942 2348/4943 2347/4944
f 2342/4945 2343/4946 2349/4947 2348/4948
f 2343/4949 2344/4950 2350/4951 2349/4952
f 2344/4953 2345/4954 2351/4955 2350/4956
f 2345/4957 2346/4958 2352/4959 2351/4960
f 2346/4961 2341/4962 2347/4963 2352/4964
f 2347/4944 2348/4943 2353/4965
f 2348/4943 2349/4966 2353/4965
f 2349/4952 2350/4951 2353/4967
f 2350/4968 2351/4969 2353/4970
f 2351/4960 2352/4959 2353/4971
f 2352/4972 2347/4944 2353/4965
f 2354/4973 2355/4974 2361/4975 2360/4976
f 2355/4977 2356/4978 2362/4979 2361/4980
f 2356/4981 2357/4982 2363/4983 2362/4984
f 2357/4985 2358/4986 2364/4987 2363/4988
f 2358/4989 2359/4990 2365/4991 2364/4992
f 2359/4993 2354/4973 2360/4976 2365/4994
f 2360/4976 2361/4975 2366/4995
f 2361/4996 2362/4997 2366/4998
f 2362/4997 2363/4999 2366/4998
f 2363/5000 2364/4992 2366/5001
f 2364/4992 2365/4991 2366/5001
f 2365/4994 2360/4976 2366/4995
f 2367/5002 2368/5003 2374/5004 2373/5005
f 2368/5006 2369/5007 2375/5008 2374/5009
f 2369/5010 2370/5011 2376/5012 2375/5013
f 2370/5011 2371/5014 2377/5015 2376/5012
f 2371/5016 2372/4580 2378/5017 2377/5018
f 2372/5019 2367/5002 2373/5005 2378/5020
f 2373/5005 2374/5004 2379/5021
f 2374/5009 2375/5008 2379/5022
f 2375/5023 2376/5024 2379/5025
f 2376/5012 2377/5015 2379/5026
f 2377/5018 2378/5017 2379/5027
f 2378/5020 2373/5005 2379/5021
f 2380/5028 2381/5029 2387/5030 2386/5031
f 2381/5032 2382/5033 2388/5034 2387/5035
f 2382/5036 2383/5037 2389/5038 2388/5039
f 2383/5040 2384/5041 2390/5042 2389/5043
f 2384/5041 2385/5044 2391/5045 2390/5042
f 2385/5046 2380/5028 2386/5031 2391/5047
f 2386/5031 2387/5030 2392/5048
f 2387/5035 2388/5034 2392/5049
f 2388/5039 2389/5038 2392/5050
f 2389/5043 2390/5042 2392/5051
f 2390/5042 2391/5045 2392/5051
f 2391/5047 2386/5031 2392/5048
f 2393/5052 2394/5053 2400/5054 2399/5055
f 2394/5056 2395/5057 2401/5058 2400/5059
f 2395/5060 2396/5061 2402/5062 2401/5063
f 2396/5064 2397/5065 2403/5066 2402/5067
f 2397/5068 2398/5069 2404/5070 2403/5071
f 2398/5069 2393/5072 2399/5073 2404/5070
f 2399/5074 2400/5059 2405/5075
f 2400/5059 2401/5058 2405/5075
f 2401/5076 2402/5067 2405/5077
f 2402/5067 2403/5066 2405/5077
f 2403/5078 2404/5079 2405/5080
f 2404/5079 2399/5081 2405/5080
f 2406/5082 2407/5083 2413/5084 2412/5085
f 2407/5086 2408/5087 2414/5088 2413/5089
f 2408/5090 2409/5091 2415/5092 2414/5093
f 2409/5094 2410/5095 2416/5096 2415/5097
f 2410/5098 2411/5099 2417/5100 2416/5101
f 2411/5102 2406/5082 2412/5085 2417/5103
f 2412/5104 2413/5105 2418/5106
f 2413/5105 2414/5107 2418/5106
f 2414/5093 2415/5092 2418/5108
f 2415/5109 2416/5110 2418/5111
f 2416/5101 2417/5100 2418/5112
f 2417/5100 2412/5113 2418/5112
f 2419/5114 2420/5115 2426/5116 2425/5117
f 2420/5118 2421/5119 2427/5120 2426/5121
f 2421/5122 2422/5123 2428/5124 2427/5125
f 2422/5126 2423/5127 2429/5128 2428/5129
f 2423/5130 2424/5131 2430/5132 2429/5133
f 2424/5134 2419/5135 2425/5136 2430/5137
f 2425/5136 2426/5138 2431/5139
f 2426/5121 2427/5120 2431/5140
f 2427/5141 2428/5142 2431/5143
f 2428/5142 2429/5144 2431/5143
f 2429/5133 2430/5132 2431/5145
f 2430/5137 2425/5136 2431/5139
f 2432/5146 2433/5147 2439/5148 2438/5149
f 2433/5150 2434/5151 2440/5152 2439/5153
f 2434/5154 2435/5155 2441/5156 2440/5157
f 2435/5155 2436/5158 2442/5159 2441/5156
f 2436/5160 2437/5161 2443/5162 2442/5163
f 2437/5164 2432/5146 2438/5149 2443/5165
f 2438/5149 2439/5148 2444/5166
f 2439/5167 2440/5168 2444/5169
f 2440/5168 2441/5170 2444/5169
f 2441/5156 2442/5159 2444/5171
f 2442/5163 2443/5162 2444/5172
f 2443/5165 2438/5149 2444/5166
f 2445/5173 2446/5174 2452/5175 2451/5176
f 2446/5177 2447/5178 2453/5179 2452/5180
f 2447/5181 2448/5182 2454/5183 2453/5184
f 2448/5185 2449/5186 2455/5187 2454/5188
f 2449/5189 2450/5190 2456/5191 2455/5192
f 2450/5190 2445/5193 2451/5194 2456/5191
f 2451/5195 2452/5196 2457/5197
f 2452/5198 2453/5199 2457/5200
f 2453/5199 2454/5201 2457/5200
f 2454/5188 2455/5187 2457/5202
f 2455/5192 2456/5191 2457/5203
f 2456/5191 2451/5194 2457/5203
f 2458/5204 2459/5205 2465/5206 2464/5207
f 2459/5205 2460/5208 2466/5209 2465/5206
f 2460/5210 2461/5211 2467/5212 2466/5213
f 2461/5214 2462/5215 2468/5216 2467/5217
f 2462/5218 2463/5219 2469/5220 2468/5221
f 2463/5222 2458/5223 2464/5224 2469/5225
f 2464/5224 2465/5226 2470/5227
f 2465/5206 2466/5209 2470/5228
f 2466/5229 2467/5230 2470/5231
f 2467/5230 2468/5232 2470/5231
f 2468/5221 2469/5220 2470/5233
f 2469/5225 2464/5224 2470/5227
f 2471/5234 2472/5235 2478/5236 2477/5237
f 2472/5238 2473/5239 2479/5240 2478/5241
f 2473/5242 2474/5243 2480/5244 2479/5245
f 2474/5243 2475/5246 2481/5247 2480/5244
f 2475/5248 2476/5249 2482/5250 2481/5251
f 2476/5252 2471/5253 2477/5254 2482/5255
f 2477/5254 2478/5256 2483/5257
f 2478/5241 2479/5240 2483/5258
f 2479/5245 2480/5244 2483/5259
f 2480/5244 2481/5247 2483/5259
f 2481/5251 2482/5250 2483/5260
f 2482/5255 2477/5254 2483/5257
f 2484/5261 2485/5262 2491/5263 2490/5264
f 2485/5262 2486/5265 2492/5266 2491/5263
f 2486/5267 2487/5268 2493/5269 2492/5270
f 2487/5271 2488/5272 2494/5273 2493/5274
f 2488/5275 2489/5276 2495/5277 2494/5278
f 2489/5279 2484/5280 2490/5281 2495/5282
f 2490/5264 2491/5263 2496/5283
f 2491/5263 2492/5266 2496/5283
f 2492/5270 2493/5269 2496/5284
f 2493/5285 2494/5286 2496/5287
f 2494/5288 2495/5289 2496/5290
f 2495/5282 2490/5281 2496/5291
f 2497/5292 2498/5293 2504/5294 2503/5295
f 2498/5293 2499/5296 2505/5297 2504/5294
f 2499/5298 2500/5299 2506/5300 2505/5301
f 2500/5302 2501/5303 2507/5304 2506/5305
f 2501/5303 2502/5306 2508/5307 2507/5304
f 2502/5308 2497/5309 2503/5310 2508/5311
f 2503/5312 2504/5313 2509/5314
f 2504/5294 2505/5297 2509/5315
f 2505/5301 2506/5300 2509/5316
f 2506/5305 2507/5304 2509/5317
f 2507/5304 2508/5307 2509/5317
f 2508/5318 2503/5312 2509/5314
f 2510/5319 2511/5320 2517/5321 2516/5322
f 2511/5323 2512/5324 2518/5325 2517/5326
f 2512/5327 2513/5328 2519/5329 2518/5330
f 2513/5328 2514/5331 2520/5332 2519/5329
f 2514/5333 2515/5334 2521/5335 2520/5336
f 2515/5337 2510/5319 2516/5322 2521/5338
f 2516/5339 2517/5326 2522/5340
f 2517/5326 2518/5325 2522/5340
f 2518/5330 2519/5329 2522/5341
f 2519/5329 2520/5332 2522/5341
f 2520/5342 2521/5343 2522/5344
f 2521/5343 2516/5345 2522/5344
