# Blender 5.1.1
# www.blender.org
mtllib venus.mtl
o Venus_Model
v 0.000000 -1.000000 0.000000
v 0.723607 -0.447220 0.525725
v -0.276388 -0.447220 0.850649
v -0.851413 -0.456548 -0.084514
v -0.276388 -0.447220 -0.850649
v 0.693535 -0.367325 -0.568576
v 0.276388 0.447220 0.850649
v -0.759916 0.405746 0.444087
v 0.276388 0.447220 -0.850649
v 0.850020 0.476199 -0.032926
v 0.000000 1.000000 0.000000
v -0.232822 -0.657519 0.716563
v -0.162456 -0.850654 0.499995
v -0.077607 -0.967950 0.238853
v 0.203181 -0.967950 0.147618
v 0.425323 -0.850654 0.309011
v 0.609547 -0.657519 0.442856
v 0.531941 -0.502302 0.681712
v 0.292969 -0.465115 0.804743
v -0.029639 -0.502302 0.864184
v 0.819775 -0.443424 -0.287291
v 0.855652 -0.466181 0.030291
v 0.770091 -0.539202 0.255205
v 0.230322 -0.908852 -0.234048
v 0.382211 -0.828768 -0.344412
v 0.561684 -0.640589 -0.474804
v -0.753442 -0.657515 0.000000
v -0.512402 -0.828766 -0.053739
v -0.271934 -0.934782 -0.054017
v -0.507980 -0.542192 0.618655
v -0.647648 -0.558278 0.470669
v -0.786818 -0.535432 0.216241
v -0.232822 -0.657519 -0.716563
v -0.162456 -0.850654 -0.499995
v -0.173711 -0.932113 -0.187838
v -0.831051 -0.502299 -0.238853
v -0.631660 -0.536533 -0.515304
v -0.519180 -0.473413 -0.676896
v 0.262869 -0.525738 -0.809012
v 0.531941 -0.502302 -0.681712
v 0.956626 0.251149 0.147618
v 0.951058 -0.000000 0.309013
v 0.860698 -0.251151 0.442858
v 0.860698 -0.251151 -0.442858
v 0.941269 0.024103 -0.254736
v 0.919818 0.244774 -0.205593
v 0.155215 0.251152 0.955422
v -0.000374 -0.054268 0.974653
v -0.151315 -0.192387 0.944857
v 0.638383 -0.300768 0.671962
v 0.587786 0.000000 0.809017
v -0.852870 0.272955 0.387987
v -0.940923 0.028272 0.257593
v -0.946329 -0.216412 0.100350
v -0.433290 -0.192387 0.853239
v -0.587786 0.000000 0.809017
v -0.687159 0.251152 0.681715
v -0.687159 0.251152 -0.681715
v -0.493735 0.053888 -0.827594
v -0.487369 -0.304796 -0.776815
v -0.956626 -0.251149 -0.147618
v -0.951058 0.000000 -0.309013
v 0.366331 0.243337 -0.868931
v 0.587786 -0.000000 -0.809017
v 0.687159 -0.251152 -0.681715
v -0.155215 -0.251152 -0.955422
v -0.000223 0.053945 -0.973964
v 0.155215 0.251152 -0.955422
v 0.786220 0.535109 0.216241
v 0.663549 0.557235 0.445158
v 0.483971 0.502302 0.716565
v -0.013111 0.519718 0.825827
v -0.262869 0.525738 0.809012
v -0.810395 0.436663 0.320154
v -0.850648 0.525736 0.000000
v -0.531941 0.502302 -0.681712
v -0.262869 0.525738 -0.809012
v 0.029639 0.502302 -0.864184
v 0.483971 0.502302 -0.716565
v 0.831051 0.502299 -0.238853
v 0.031938 0.934460 0.275482
v 0.106509 0.828445 0.504094
v 0.168778 0.660778 0.696641
v 0.753442 0.657515 0.000000
v 0.525730 0.850652 0.000000
v 0.251147 0.967949 0.000000
v -0.218745 0.930995 0.192931
v -0.425323 0.850654 0.309011
v -0.609547 0.657519 0.442856
v -0.203181 0.967950 -0.147618
v -0.463078 0.804421 -0.300800
v -0.609547 0.657519 -0.442856
v 0.129633 0.764859 -0.574540
v 0.175062 0.640266 -0.714385
v 0.361800 0.894429 -0.262863
v 0.638194 0.723610 -0.262864
v 0.447209 0.723612 -0.525728
v -0.138197 0.894430 -0.425319
v -0.052790 0.723612 -0.688185
v -0.420791 0.719782 -0.487282
v -0.447210 0.894429 0.000000
v -0.613952 0.741317 -0.157912
v -0.615945 0.743926 0.127582
v -0.138197 0.894430 0.425319
v -0.361804 0.723612 0.587778
v -0.052790 0.723612 0.688185
v 0.423720 0.809550 0.308413
v 0.475928 0.711202 0.465151
v 0.636777 0.670930 0.306157
v 0.866556 0.266637 -0.357632
v 0.809019 0.000000 -0.587782
v 0.670821 0.276397 -0.688189
v -0.138199 0.276397 -0.951055
v -0.301228 0.053900 -0.925823
v -0.447215 0.276397 -0.850649
v -0.947213 0.276396 -0.162458
v -0.974685 -0.027608 0.046978
v -0.923240 0.241763 0.205306
v -0.396691 0.244826 0.857154
v -0.309017 -0.000001 0.951056
v -0.179200 0.296452 0.912168
v 0.861804 0.276394 0.425323
v 0.270792 0.054229 -0.934704
v 0.447216 -0.276398 -0.850648
v 0.138199 -0.276398 -0.951055
v -0.809018 -0.000000 -0.587783
v -0.618742 -0.319911 -0.682336
v -0.861803 -0.276396 -0.425324
v -0.809018 0.000000 0.587783
v -0.861803 -0.276396 0.425324
v -0.589565 -0.209227 0.736531
v 0.270493 -0.054527 0.934471
v 0.168860 -0.218950 0.934538
v 0.402094 -0.321817 0.827610
v 0.973602 -0.027524 -0.046288
v 0.922180 -0.296775 0.111969
v 0.909044 -0.319439 -0.066814
v 0.389045 -0.717480 -0.534652
v 0.194072 -0.869909 -0.393733
v 0.052789 -0.723611 -0.688186
v -0.447211 -0.723612 -0.525727
v -0.388585 -0.870103 -0.205046
v -0.552342 -0.765647 -0.206131
v -0.638195 -0.723609 0.262864
v -0.361801 -0.894428 0.262864
v -0.488821 -0.670631 0.511575
v 0.670817 -0.723611 -0.162457
v 0.688896 -0.663588 0.189131
v 0.447211 -0.894428 0.000001
v 0.138199 -0.894429 0.425321
v 0.361805 -0.723611 0.587779
v -0.071397 -1.006083 0.257021
v 0.005846 -1.037983 0.019289
v -0.244123 -1.006082 0.019289
v 0.466396 0.256489 0.892975
v 0.307526 0.451637 0.879500
v -0.720232 0.261266 0.708241
v -0.756510 0.456414 0.552983
v -0.893220 0.266663 -0.466280
v -0.756773 0.461811 -0.548759
v 0.514135 0.506460 0.746044
v -0.565743 0.511237 0.708238
v -0.845477 0.516634 -0.319353
v 0.270145 1.000221 -0.013956
v 0.020176 1.032122 -0.013956
v -0.642984 0.665726 0.470503
v -0.643247 0.671124 -0.466279
v -0.225883 -0.697109 0.732490
v -0.155848 -0.889338 0.516939
v 0.429173 -0.889338 0.326851
v 0.612532 -0.697109 0.460068
v 0.267481 -0.565946 0.824505
v -0.023654 -0.542620 0.879419
v 0.208073 -1.006083 -0.127636
v 0.429173 -0.889338 -0.288272
v -0.267417 -0.467679 -0.889180
v -0.224055 -0.676991 -0.755723
v -0.021826 -0.522502 -0.902652
v 0.269310 -0.545828 -0.847738
v 0.537119 -0.522502 -0.721036
v 0.984572 0.256486 0.179767
v 0.979030 0.006515 0.340404
v 0.889094 -0.243457 0.473621
v 0.186921 0.256488 0.983781
v 0.716369 -0.243458 0.711358
v 0.617462 0.006515 0.838062
v -0.892957 0.261265 0.470504
v -0.982893 0.011292 0.337287
v -0.988435 -0.238679 0.176650
v -0.720495 0.266664 -0.704017
v -0.983156 0.016690 -0.333063
v 0.592702 -0.022557 -0.847743
v 0.691609 -0.272531 -0.721039
v -0.146813 -0.272530 -0.993462
v 0.717395 0.529785 0.530493
v -0.297933 0.534563 0.834940
v -0.883217 0.539959 -0.025500
v -0.566006 0.516635 -0.704014
v -0.298196 0.539961 -0.830716
v -0.007061 0.516635 -0.885630
v 0.501877 0.536759 -0.727158
v 0.705137 0.560083 -0.511606
v 0.847328 0.536755 -0.251688
v 0.770083 0.691243 -0.013956
v 0.543439 0.883474 -0.013956
v -0.182051 1.000221 -0.160881
v 0.097419 1.000222 -0.251687
v 0.181870 0.883477 -0.511605
v 0.380279 0.927046 -0.275585
v 0.655375 0.757028 -0.275586
v 0.465287 0.757030 -0.537217
v -0.117373 0.927047 -0.437279
v -0.704230 0.736906 -0.187195
v -0.396404 0.731509 0.614745
v 0.380279 0.927046 0.247674
v 0.877937 0.311913 -0.437282
v 0.687849 0.311914 -0.698916
v -0.174111 0.291790 -0.972093
v -0.481677 0.291791 -0.872158
v -0.979330 0.291789 -0.187196
v -0.481415 0.286392 0.876381
v 0.700107 0.281615 0.717802
v 0.837657 0.006513 0.617867
v 0.890195 0.281613 0.456169
v 0.145225 -0.297658 -0.989115
v 0.452792 -0.297658 -0.889180
v 0.315242 -0.022557 -0.989116
v -0.841783 0.016690 -0.610526
v -0.894320 -0.258409 -0.448828
v -0.841520 0.011292 0.614749
v -0.894057 -0.263807 0.453052
v -0.703969 -0.263808 0.714686
v 0.340002 0.006515 0.979436
v 1.027743 0.006515 0.032842
v 0.060216 -0.742773 -0.727480
v -0.354258 -0.932907 0.280920
v -0.439266 -0.762890 0.542551
v 0.673515 -0.762890 -0.142405
v 0.450958 -0.932907 0.019290
v 0.673516 -0.762890 0.180985
v 0.058388 -0.762892 0.704246
v 0.143396 -0.932907 0.442614
v 0.365953 -0.762891 0.604311
v -0.944512 -0.087304 0.384679
v -0.913449 -0.053913 0.448552
v -0.877106 -0.121076 0.511233
v -0.900203 -0.231848 0.453994
v -0.917191 -0.211998 0.423384
v -0.927705 -0.162877 0.408618
v -0.943434 -0.143794 0.380358
v -1.125807 -0.097745 0.468678
v -1.158184 -0.090091 0.526364
v -1.142035 -0.079633 0.558788
v -1.156522 -0.199640 0.517154
v -1.176482 -0.170623 0.481836
v -0.965623 -0.124607 0.557847
v -1.112100 -0.172239 0.606189
v -1.117795 -0.196164 0.592459
v -1.103500 -0.243498 0.559179
v -1.039125 -0.236953 0.524298
v -1.031280 -0.219457 0.534881
v -1.031652 -0.237054 0.521786
v -1.179650 -0.145924 0.478510
v -1.143235 -0.239182 0.538370
v -1.124876 -0.117148 0.587930
v -1.044762 -0.230253 0.500209
v -0.856494 -0.087040 0.568962
v -0.846033 -0.136274 0.574821
v -0.856574 -0.166298 0.547342
v -0.856613 -0.204051 0.537044
v -0.876120 -0.211780 0.499151
v -0.901549 -0.183059 0.460265
v -0.901431 -0.066048 0.492182
v -0.943487 -0.119497 0.614512
v -0.946353 -0.138226 0.610309
v -0.944404 -0.146212 0.611763
v -0.892407 -0.168752 0.567178
v -0.962405 -0.214573 0.551699
v -0.983653 -0.197192 0.510108
v -0.950476 -0.204700 0.579000
v -0.983008 -0.136445 0.522139
v -0.955810 -0.175736 0.578519
v -0.990260 -0.081971 0.530760
v -0.910015 -0.028711 0.471283
v -0.882188 -0.004846 0.533032
v -0.852122 -0.040398 0.584872
v -0.856867 -0.108306 0.558856
v -0.864578 -0.118134 0.540963
v -0.870646 -0.137917 0.523963
v -0.898746 -0.115602 0.472865
v -0.908373 -0.082989 0.461417
v -1.081609 -0.080029 0.575514
v -1.082900 -0.055832 0.579397
v -1.080949 -0.050276 0.599277
v -1.070236 -0.134344 0.597399
v -1.058697 -0.142051 0.614679
v -1.055464 -0.123454 0.623230
v -1.031793 -0.116874 0.636082
v -1.031623 -0.073750 0.665046
v -1.036279 -0.060681 0.661827
v -1.071195 -0.033855 0.625639
v -1.080060 -0.119779 0.566789
v -1.033561 -0.102462 0.531897
v -1.072507 -0.132967 0.574719
v -1.010623 -0.066733 0.652483
v -0.969344 -0.133376 0.594666
v -0.923702 -0.037513 0.598703
v -0.922633 -0.042010 0.603786
v -0.905811 -0.048116 0.609449
v -1.083387 -0.093952 0.568636
v -0.912130 -0.059422 0.607981
v -1.037080 -0.229348 0.519910
v -0.475942 0.441170 0.775870
v -0.506293 0.466936 0.731628
v -0.476365 0.532709 0.711835
v -0.400855 0.542375 0.770596
v -0.407734 0.515502 0.783322
v -0.434681 0.486516 0.780113
v -0.441484 0.461399 0.791684
v -0.561917 0.506646 0.881165
v -0.597589 0.541748 0.887934
v -0.609117 0.557458 0.867009
v -0.530630 0.580466 0.919073
v -0.542219 0.546982 0.932312
v -0.520833 0.567442 0.761328
v -0.561497 0.624139 0.861927
v -0.544966 0.625385 0.875397
v -0.501167 0.622826 0.886265
v -0.556436 0.534929 0.928366
v -0.510455 0.609539 0.916347
v -0.591482 0.590590 0.859365
v -0.450655 0.461895 0.789549
v -0.506635 0.506792 0.854100
v -0.587132 0.512883 0.857350
v -0.495175 0.422203 0.778547
v -0.543900 0.423554 0.735352
v -0.622052 0.487307 0.837022
v -0.651384 0.446327 0.825145
v -0.526713 0.553024 0.660206
v -0.471201 0.548440 0.711536
v -0.609927 0.365916 0.718180
v -0.628914 0.367707 0.700469
v -0.653983 0.473301 0.605284
v -0.546754 0.573541 0.850177
v -0.552080 0.613306 0.804796
v -0.592670 0.605923 0.736261
v -0.718981 0.472416 0.752749
v -0.693026 0.418578 0.773796
v -0.659623 0.432542 0.812023
v -0.710329 0.518131 0.733558
v -0.724250 0.488678 0.740688
v -0.550191 0.588016 0.837129
v -0.721643 0.513093 0.703578
v -0.721925 0.527791 0.683627
v -0.528738 0.382603 0.774673
v -0.547818 0.379797 0.760078
v -0.580643 0.349235 0.752868
v -0.600788 0.368180 0.722221
v -0.491967 0.431799 0.772345
v -0.500469 0.466809 0.740620
v -0.623477 0.467224 0.730918
v -0.634221 0.448487 0.705178
v -0.630054 0.422342 0.727876
v -0.602647 0.370942 0.777166
v -0.625640 0.383608 0.748289
v -0.536086 0.477681 0.795426
v -0.557164 0.435510 0.811117
v -0.529689 0.456529 0.805380
v -0.588918 0.396836 0.796437
v -0.613632 0.479942 0.736248
v -0.582543 0.461136 0.778590
v -0.541127 0.505932 0.771383
v -0.578773 0.504915 0.745537
v -0.582525 0.505014 0.742816
v -0.570579 0.471188 0.676774
v -0.534835 0.472212 0.707059
v -0.501667 0.479474 0.730773
v -0.605715 0.394497 0.699643
v -0.611406 0.424889 0.673570
v -0.627156 0.401614 0.738279
v -0.569836 0.421789 0.812117
v -0.627788 0.409035 0.732061
v -0.577947 0.416948 0.809900
v -0.538224 0.505746 0.772840
v -0.538435 0.504358 0.774425
v -0.573537 0.496964 0.822075
v -0.593250 0.494207 0.808337
v -0.627494 0.464691 0.803909
v -0.648025 0.482868 0.773054
v -0.597699 0.542715 0.766613
v -0.534982 0.544428 0.815871
v -0.543300 0.578103 0.782686
v -0.666476 0.583072 0.777374
v -0.678909 0.563511 0.753047
v -0.674914 0.538402 0.776915
v -0.647699 0.488487 0.827810
v -0.671252 0.500605 0.799151
v -0.576368 0.593193 0.838087
v -0.598473 0.552773 0.856700
v -0.570433 0.572328 0.848897
v -0.632248 0.514740 0.845201
v -0.655946 0.595630 0.781678
v -0.624040 0.577736 0.823807
v -0.581204 0.620371 0.812798
v -0.619810 0.619591 0.788400
v -0.623656 0.619705 0.785813
v -0.615545 0.582111 0.721243
v -0.578671 0.583203 0.750138
v -0.544372 0.590290 0.772240
v -0.652768 0.508186 0.749323
v -0.658245 0.537424 0.721919
v -0.672439 0.518127 0.788276
v -0.611626 0.539652 0.858866
v -0.673015 0.525243 0.781705
v -0.619998 0.535041 0.857196
v -0.578258 0.620140 0.814158
v -0.578463 0.618845 0.815819
v -0.168118 -0.776310 0.599116
v -0.149751 -0.816676 0.554843
v -0.171209 -0.857729 0.626852
v -0.190638 -0.909982 0.698137
v -0.193500 -0.903360 0.705426
v -0.083806 -0.766910 0.624937
v -0.118032 -0.760282 0.626742
v -0.137543 -0.881797 0.740593
v -0.108474 -0.839097 0.684385
v -0.086991 -0.849495 0.678500
v -0.081958 -0.814499 0.569273
v -0.066962 -0.795823 0.593871
v -0.076212 -0.901467 0.683863
v -0.090584 -0.938691 0.681880
v -0.095563 -0.944891 0.673714
v -0.105330 -0.807564 0.573340
v -0.118755 -0.818732 0.557850
v -0.128761 -0.819883 0.554744
v -0.150049 -0.769973 0.609735
v -0.129633 -0.762429 0.622185
v -0.150028 -0.951157 0.656806
v -0.174456 -0.947424 0.656921
v -0.144615 -0.833012 0.685646
v -0.156611 -0.884513 0.734058
v -0.097713 -0.889510 0.738491
v -0.177666 -0.898815 0.713546
v -0.169096 -0.929187 0.679315
v -0.126703 -0.948474 0.664047
v -0.088646 -0.905074 0.721769
v -0.162545 -0.842252 0.668871
v -0.202921 -1.154628 0.162252
v -0.166200 -1.158858 0.189787
v -0.175322 -1.179551 0.217081
v -0.214067 -1.159958 0.188915
v -0.119539 -0.968631 0.227434
v -0.100330 -0.984208 0.166109
v -0.158704 -0.976002 0.130728
v -0.187687 -0.953573 0.217166
v -0.216831 -1.071308 0.237944
v -0.190017 -1.054428 0.242110
v -0.166035 -0.957548 0.225012
v -0.186724 -1.089198 0.150705
v -0.231686 -1.152890 0.260532
v -0.192991 -1.087481 0.240957
v -0.158146 -1.090670 0.234509
v -0.198334 -1.166390 0.245102
v -0.155771 -1.116731 0.182352
v -0.172049 -1.140171 0.229875
v -0.137052 -0.979977 0.138575
v -0.126213 -1.088769 0.184562
v -0.152292 -1.041544 0.149440
v -0.143864 -1.066895 0.244775
v -0.229435 -1.191222 0.214401
v -0.187180 -1.199397 0.227348
v -0.210571 -1.191266 0.244998
v -0.233961 -1.183135 0.262649
v -0.187253 -0.935886 0.322690
v -0.249781 -0.934335 0.288685
v -0.270572 -1.024588 0.322799
v -0.267231 -1.056439 0.337828
v -0.248264 -1.058462 0.344036
v -0.212094 -1.043714 0.363447
v -0.185456 -1.086578 0.304254
v -0.165033 -0.971049 0.243204
v -0.144733 -0.958439 0.288938
v -0.164887 -1.024188 0.313390
v -0.186572 -1.084335 0.311185
v -0.224931 -0.966171 0.219603
v -0.247841 -0.940961 0.272338
v -0.183166 -0.975119 0.221385
v -0.211039 -1.096111 0.267118
v -0.211043 -1.096110 0.267118
v -0.247853 -1.065670 0.257212
v -0.262752 -1.067227 0.299398
v -0.273534 -1.058617 0.324737
v -0.202652 -1.096064 0.272353
v -0.204160 -1.087728 0.293489
v -0.212474 -1.070111 0.332882
v -0.875855 0.194541 -0.493365
v -0.894249 0.193409 -0.468822
v -0.921714 0.212134 -0.506440
v -0.928363 0.237277 -0.541733
v -0.831769 0.313746 -0.490005
v -0.809488 0.325332 -0.514282
v -0.897543 0.335721 -0.559829
v -0.847639 0.222571 -0.516977
v -0.825524 0.219220 -0.549001
v -0.810835 0.249264 -0.553046
v -0.788809 0.252938 -0.581197
v -0.776144 0.268697 -0.590100
v -0.757254 0.278227 -0.610838
v -0.752925 0.306554 -0.601635
v -0.741846 0.339979 -0.598939
v -0.739301 0.368162 -0.587375
v -0.751969 0.378518 -0.564528
v -0.754922 0.414982 -0.541026
v -0.775806 0.422825 -0.508288
v -0.794035 0.406759 -0.491943
v -0.792990 0.377194 -0.509154
v -0.796627 0.353862 -0.516636
v -0.857946 0.285793 -0.469139
v -0.869220 0.264823 -0.464919
v -0.889664 0.241017 -0.449678
v -0.814211 0.300466 -0.652500
v -0.870578 0.413987 -0.573102
v -0.878273 0.364588 -0.591749
v -0.876165 0.277214 -0.616080
v -0.897200 0.241922 -0.553229
v -0.904986 0.252900 -0.577504
v -0.894055 0.257405 -0.590043
v -0.826086 0.442457 -0.545065
v -0.914792 0.262393 -0.559029
v -0.776213 0.423295 -0.556599
v -0.937316 0.273079 -0.509421
v -0.933912 0.294227 -0.517347
v -0.807335 0.407096 -0.619588
v -0.827921 0.364298 -0.654875
v -0.819762 0.400628 -0.644740
v -0.837212 0.307097 -0.660438
v -0.850502 0.378382 -0.652533
v -0.849148 0.394364 -0.648619
v -0.875747 0.332651 -0.609190
v -0.873662 0.393138 -0.608355
v -0.860190 0.429237 -0.583539
v -0.845620 0.412973 -0.639314
v -0.830961 0.440448 -0.596936
v 0.043936 0.933976 -0.335462
v 0.125754 0.929671 -0.318316
v 0.222744 0.924567 -0.297990
v 0.159587 0.955874 -0.165420
v 0.116682 0.955890 -0.186092
v 0.079513 0.961500 -0.174840
v 0.028088 0.963536 -0.189110
v -0.046720 0.964579 -0.219865
v -0.076407 0.961852 -0.242428
v -0.090431 0.951872 -0.307219
v -0.043984 0.971900 -0.180395
v -0.000504 1.110990 -0.273338
v -0.027198 1.120934 -0.308936
v -0.069888 1.112631 -0.300516
v -0.049566 1.121555 -0.248197
v -0.033104 1.117048 -0.198341
v -0.012149 1.121739 -0.198335
v 0.111022 1.106771 -0.205124
v 0.077878 1.109122 -0.212774
v 0.033505 1.090806 -0.213154
v 0.206456 0.951393 -0.166094
v 0.167694 1.043201 -0.182181
v -0.039799 1.101401 -0.344476
v 0.001831 1.095857 -0.353226
v -0.080194 1.062131 -0.328381
v 0.084690 1.081202 -0.316719
v 0.182859 1.050268 -0.334212
v 0.224415 1.066677 -0.306020
v 0.261720 0.927877 -0.261889
v 0.313230 0.924445 -0.254853
v 0.325320 0.929645 -0.221912
v 0.272713 0.955721 -0.111489
v 0.219437 0.955793 -0.136888
v 0.326288 1.046966 -0.223611
v 0.292360 1.078092 -0.152356
v 0.281610 1.051545 -0.129880
v 0.174724 1.118916 -0.196712
v 0.042427 1.098864 -0.297827
v 0.180819 1.088181 -0.288010
v 0.139761 1.084988 -0.301147
v 0.250303 1.083427 -0.157674
v 0.211442 1.086685 -0.171608
v 0.210366 1.104291 -0.176278
v 0.302538 1.057379 -0.281027
v 0.265735 1.088406 -0.214997
v 0.248544 1.088797 -0.255021
v 0.135255 1.036069 -0.347174
v -0.959799 0.586325 -0.573567
v -0.961540 0.588429 -0.586092
v -0.949612 0.589319 -0.576061
v -0.962904 0.595656 -0.595216
v -0.972986 0.594091 -0.591774
v -0.951862 0.590045 -0.562818
v -0.965179 0.589605 -0.564665
v -0.971161 0.588606 -0.579049
v -0.969957 0.603964 -0.597979
v -0.942611 0.597170 -0.578151
v -0.951437 0.594804 -0.588786
v -0.944711 0.605295 -0.586102
v -0.946438 0.598406 -0.555620
v -0.941759 0.596420 -0.565512
v -0.940979 0.607020 -0.558475
v -0.969096 0.597656 -0.558761
v -0.957326 0.596706 -0.554116
v -0.963918 0.606756 -0.553277
v -0.979272 0.595957 -0.583233
v -0.976625 0.595266 -0.570346
v -0.981827 0.604868 -0.577692
v -0.956639 0.604405 -0.596133
v -0.938730 0.606294 -0.571718
v -0.950600 0.607197 -0.551431
v -0.975846 0.605867 -0.563308
v -0.979578 0.604141 -0.590936
v -0.951461 0.613505 -0.590649
v -0.963231 0.614455 -0.595294
v -0.955378 0.621557 -0.584745
v -0.941285 0.615204 -0.566177
v -0.943932 0.615895 -0.579064
v -0.949396 0.622555 -0.570361
v -0.957653 0.615505 -0.554194
v -0.947571 0.617071 -0.557636
v -0.959017 0.622732 -0.563318
v -0.977946 0.613991 -0.571260
v -0.969120 0.616358 -0.560624
v -0.970945 0.621843 -0.573349
v -0.974119 0.612755 -0.593790
v -0.978798 0.614741 -0.583898
v -0.968695 0.621116 -0.586592
v -0.960758 0.624836 -0.575843
v -0.948197 0.592108 -0.534825
v -0.943690 0.598082 -0.553503
v -0.931846 0.596864 -0.532062
v -0.940922 0.610628 -0.565911
v -0.957759 0.607703 -0.566926
v -0.942870 0.594846 -0.513960
v -0.961529 0.594817 -0.524215
v -0.962035 0.596817 -0.548654
v -0.950334 0.623317 -0.572051
v -0.920771 0.608555 -0.529432
v -0.927569 0.607750 -0.550334
v -0.919831 0.622128 -0.540355
v -0.939528 0.605122 -0.498636
v -0.926750 0.604514 -0.510790
v -0.930349 0.618110 -0.497814
v -0.971271 0.605073 -0.516082
v -0.956433 0.602467 -0.502943
v -0.967353 0.616816 -0.503219
v -0.972133 0.608476 -0.557660
v -0.975598 0.604438 -0.537637
v -0.979704 0.620034 -0.549100
v -0.931675 0.623346 -0.561797
v -0.919324 0.620128 -0.515916
v -0.948694 0.616844 -0.492965
v -0.979197 0.618034 -0.524661
v -0.968679 0.622052 -0.567202
v -0.927756 0.635089 -0.548934
v -0.942595 0.637695 -0.562073
v -0.937499 0.645344 -0.540801
v -0.926895 0.631686 -0.507356
v -0.923430 0.635724 -0.527379
v -0.936993 0.643344 -0.516362
v -0.958106 0.629534 -0.499105
v -0.941269 0.632458 -0.498090
v -0.955338 0.642079 -0.511513
v -0.978257 0.631606 -0.535584
v -0.971459 0.632412 -0.514682
v -0.967182 0.643297 -0.532954
v -0.959500 0.635040 -0.566380
v -0.972278 0.635648 -0.554226
v -0.956157 0.645315 -0.551056
v -0.950831 0.648054 -0.530191
v -1.139166 0.557970 -0.251139
v -1.128466 0.561176 -0.260597
v -1.131067 0.560868 -0.242660
v -1.121183 0.568718 -0.267172
v -1.130235 0.567029 -0.274847
v -1.145015 0.560214 -0.236400
v -1.151033 0.560117 -0.250469
v -1.140805 0.560712 -0.265423
v -1.123360 0.576657 -0.275140
v -1.125609 0.568195 -0.236655
v -1.120497 0.567186 -0.252084
v -1.119943 0.576446 -0.243134
v -1.149339 0.567082 -0.226005
v -1.137046 0.566224 -0.227887
v -1.144119 0.575197 -0.221920
v -1.159578 0.566918 -0.249940
v -1.157012 0.565473 -0.235695
v -1.162477 0.574637 -0.240814
v -1.142177 0.567929 -0.275382
v -1.152803 0.565971 -0.264718
v -1.149648 0.575539 -0.273706
v -1.117342 0.576754 -0.261072
v -1.130171 0.575852 -0.228180
v -1.156459 0.574734 -0.226746
v -1.159876 0.574945 -0.258751
v -1.135700 0.576193 -0.279966
v -1.120241 0.584473 -0.251946
v -1.122806 0.585918 -0.266191
v -1.128786 0.591274 -0.251417
v -1.137642 0.583462 -0.226504
v -1.127016 0.585420 -0.237168
v -1.139014 0.590679 -0.236463
v -1.158636 0.582673 -0.234714
v -1.149584 0.584361 -0.227039
v -1.151353 0.590215 -0.241288
v -1.154210 0.583196 -0.265231
v -1.159322 0.584205 -0.249802
v -1.148752 0.590523 -0.259226
v -1.130480 0.584309 -0.275881
v -1.142773 0.585167 -0.273999
v -1.134804 0.591177 -0.265486
v -1.140653 0.593421 -0.250747
v -1.110970 0.566000 -0.276182
v -1.093367 0.570395 -0.293535
v -1.099533 0.571938 -0.262402
v -1.081356 0.582942 -0.306241
v -1.094353 0.579277 -0.318724
v -1.121737 0.571814 -0.250682
v -1.129294 0.570195 -0.274571
v -1.111759 0.569318 -0.301056
v -1.083722 0.596267 -0.320828
v -1.091848 0.585567 -0.253274
v -1.082126 0.581896 -0.280071
v -1.082333 0.599428 -0.265805
v -1.129624 0.585356 -0.233334
v -1.110497 0.583315 -0.237217
v -1.122072 0.600181 -0.227599
v -1.142479 0.582601 -0.273977
v -1.140258 0.581572 -0.249386
v -1.148021 0.597485 -0.259009
v -1.112648 0.581109 -0.319036
v -1.130280 0.579076 -0.299760
v -1.124320 0.595065 -0.316628
v -1.076166 0.597886 -0.296938
v -1.099867 0.600305 -0.239320
v -1.140464 0.599104 -0.235120
v -1.141854 0.595942 -0.290143
v -1.102115 0.595190 -0.328348
v -1.081707 0.612770 -0.281971
v -1.083929 0.613799 -0.306562
v -1.094893 0.625176 -0.281377
v -1.111539 0.614261 -0.236912
v -1.093907 0.616295 -0.256187
v -1.112427 0.626053 -0.254892
v -1.142830 0.612428 -0.249707
v -1.129834 0.616094 -0.237223
v -1.130820 0.624975 -0.262412
v -1.132339 0.609804 -0.302673
v -1.142060 0.613474 -0.275877
v -1.124654 0.623433 -0.293545
v -1.094563 0.610015 -0.322614
v -1.113689 0.612056 -0.318731
v -1.102449 0.623557 -0.305266
v -1.113216 0.629371 -0.279766
v -1.083268 0.543096 -0.302574
v -1.063216 0.546254 -0.308838
v -1.078055 0.547775 -0.287074
v -1.048659 0.557378 -0.313515
v -1.055404 0.554920 -0.328574
v -1.099755 0.548986 -0.286928
v -1.098328 0.548213 -0.308602
v -1.075746 0.546525 -0.322143
v -1.045071 0.570191 -0.325438
v -1.073903 0.559965 -0.276488
v -1.057712 0.556169 -0.293505
v -1.061336 0.572484 -0.282000
v -1.110823 0.562025 -0.276240
v -1.094251 0.558901 -0.271595
v -1.105619 0.575383 -0.268313
v -1.108395 0.560711 -0.313114
v -1.114525 0.559339 -0.293123
v -1.116722 0.574881 -0.303293
v -1.069976 0.557839 -0.336151
v -1.090515 0.556879 -0.328338
v -1.079301 0.571672 -0.338598
v -1.046498 0.570963 -0.303764
v -1.083919 0.574172 -0.268459
v -1.118149 0.575654 -0.281618
v -1.101884 0.573361 -0.325057
v -1.057601 0.570462 -0.338743
v -1.054825 0.585134 -0.293942
v -1.048695 0.586505 -0.313933
v -1.064892 0.597631 -0.298454
v -1.093244 0.588006 -0.270905
v -1.072704 0.588966 -0.278718
v -1.087474 0.599319 -0.284914
v -1.114561 0.588467 -0.293541
v -1.107816 0.590925 -0.278483
v -1.100003 0.599590 -0.298219
v -1.089316 0.585880 -0.330569
v -1.105508 0.589675 -0.313552
v -1.085165 0.598070 -0.319983
v -1.052397 0.583819 -0.330817
v -1.068969 0.586944 -0.335462
v -1.063465 0.596859 -0.320129
v -1.079952 0.602748 -0.304482
v -0.229041 0.376642 -0.903337
v -0.244211 0.431215 -0.876436
v -0.264563 0.434028 -0.868734
v -0.276043 0.475125 -0.848458
v -0.324172 0.471471 -0.834400
v -0.350278 0.447971 -0.835452
v -0.393366 0.432210 -0.827903
v -0.402403 0.388301 -0.842692
v -0.370159 0.349136 -0.868890
v -0.362600 0.322076 -0.882241
v -0.302391 0.346674 -0.891751
v -0.270441 0.396434 -0.980775
v -0.288314 0.449141 -0.960798
v -0.319887 0.505124 -0.920991
v -0.309966 0.478414 -0.932514
v -0.339170 0.475472 -0.955401
v -0.346247 0.507473 -0.940678
v -0.389968 0.483868 -0.930680
v -0.409099 0.428918 -0.924578
v -0.408178 0.450719 -0.873803
v -0.384042 0.348869 -0.948686
v -0.350715 0.387741 -0.974786
v -0.380518 0.496680 -0.935218
v -0.407825 0.381947 -0.933476
v -0.334762 0.391590 -0.979822
v -0.328540 0.423360 -0.973764
v -0.282372 0.396599 -0.987864
v -0.335321 0.435903 -0.968552
v -0.545677 0.417791 -0.742671
v -0.567258 0.421726 -0.724692
v -0.585897 0.460261 -0.692979
v -0.624422 0.437374 -0.674661
v -0.535545 0.356158 -0.778651
v -0.571214 0.313154 -0.771740
v -0.698160 0.378482 -0.748134
v -0.705702 0.382856 -0.709705
v -0.681529 0.415606 -0.713668
v -0.613385 0.471770 -0.728163
v -0.650955 0.456621 -0.706863
v -0.598641 0.360828 -0.826633
v -0.593197 0.416398 -0.809961
v -0.578233 0.380125 -0.822269
v -0.608361 0.455852 -0.765761
v -0.693644 0.366180 -0.763072
v -0.641081 0.390110 -0.793829
v -0.625178 0.326067 -0.822743
v -0.669410 0.332186 -0.793154
v -0.673964 0.332546 -0.790205
v -0.661067 0.309480 -0.706120
v -0.617597 0.307333 -0.739674
v -0.581794 0.297551 -0.771001
v -0.649424 0.405010 -0.670838
v -0.678297 0.367637 -0.666424
v -0.661853 0.433954 -0.713139
v -0.598370 0.435226 -0.799967
v -0.668100 0.424481 -0.712292
v -0.604543 0.442338 -0.793581
v -0.621766 0.325457 -0.824337
v -0.620820 0.327693 -0.824854
v 0.790592 0.010190 0.658097
v 0.830594 0.051156 0.648414
v 0.822700 0.065454 0.660191
v 0.800184 0.085349 0.688821
v 0.793244 0.046330 0.688985
v 0.889254 0.055347 0.545671
v 0.904844 0.068640 0.519772
v 0.881734 0.109874 0.539227
v 0.720433 0.232471 0.677557
v 0.743468 0.260717 0.632035
v 0.798560 0.234564 0.556199
v 0.849032 0.157542 0.505432
v 0.888909 0.060173 0.478196
v 0.894065 -0.019906 0.498470
v 0.834046 -0.059202 0.604988
v 0.786882 0.016173 0.651229
v 0.718911 0.159561 0.705614
v 0.868314 -0.030537 0.614263
v 0.837757 -0.065185 0.611855
v 0.847956 -0.061572 0.611167
v 0.870341 -0.034320 0.606291
v 0.811017 0.230578 0.568732
v 0.806391 0.229259 0.596102
v 0.810791 0.227285 0.590005
v 0.819424 0.225132 0.577990
v 0.836789 0.216209 0.567298
v 0.862206 0.156585 0.550908
v 0.855589 0.139306 0.567642
v 0.847161 0.115664 0.592297
v 0.856450 0.153864 0.512034
v 0.868182 0.143609 0.516581
v 0.903759 0.056734 0.492279
v 0.794371 0.199938 0.652907
v 0.759170 0.166791 0.718941
v 0.765650 0.158202 0.716452
v 0.809572 0.170720 0.634440
v 0.735088 0.156426 0.720556
v 0.877805 -0.004015 0.604437
v 0.767380 0.249842 0.676983
v 0.782542 0.241647 0.656463
v 0.769174 0.252043 0.673437
v 0.842930 0.208566 0.562134
v 0.832633 0.191217 0.587453
v 0.849528 0.198498 0.555498
v 0.857122 0.182973 0.543801
v 0.904576 -0.011905 0.545532
v 0.858346 0.162560 0.525091
v 0.755924 0.256732 0.644568
v 0.923285 0.046419 0.508005
v 0.904964 -0.024247 0.509994
v 0.922176 0.021145 0.523490
v 0.724191 0.226499 0.684455
v -0.726630 0.595323 -0.450043
v -0.764704 0.620319 -0.440075
v -0.814202 0.547731 -0.463561
v -0.784276 0.510785 -0.477395
v -0.748980 0.673577 -0.368055
v -0.708317 0.657349 -0.366166
v -0.737907 0.667840 -0.265011
v -0.774388 0.682585 -0.281199
v -0.801554 0.621887 -0.193910
v -0.829038 0.643128 -0.220148
v -0.869477 0.540993 -0.186132
v -0.887359 0.573669 -0.213469
v -0.909893 0.463008 -0.245316
v -0.922063 0.506707 -0.264287
v -0.903893 0.424423 -0.343769
v -0.916910 0.473576 -0.348823
v -0.854282 0.443291 -0.435424
v -0.874313 0.489777 -0.427523
v -0.899740 0.526868 -0.284069
v -0.944350 0.605713 -0.332635
v -0.929643 0.634090 -0.311100
v -0.869419 0.572720 -0.244532
v -0.826824 0.672069 -0.340197
v -0.902473 0.508012 -0.351802
v -0.942166 0.591673 -0.368460
v -0.831895 0.626361 -0.251878
v -0.904928 0.663526 -0.313930
v -0.881768 0.680246 -0.339802
v -0.797785 0.658235 -0.295659
v -0.784976 0.609726 -0.412273
v -0.877665 0.653859 -0.407130
v -0.898641 0.623098 -0.417083
v -0.828719 0.558492 -0.432552
v -0.864915 0.514521 -0.403119
v -0.924114 0.598539 -0.401811
v -0.892341 0.606744 -0.277910
v -0.773509 0.648568 -0.359748
v -0.871001 0.676429 -0.376609
v -0.937154 0.611821 -0.338723
v -0.976032 0.661185 -0.368235
v -0.970094 0.671581 -0.359484
v -0.925379 0.634541 -0.321480
v -0.947202 0.684169 -0.382449
v -0.949314 0.677049 -0.392647
v -0.947377 0.677981 -0.395068
v -0.944895 0.686351 -0.383081
v -0.887048 0.671497 -0.344461
v -0.949771 0.688007 -0.369174
v -0.878427 0.668440 -0.373931
v -0.974759 0.655850 -0.382013
v -0.935406 0.600580 -0.367406
v -0.924884 0.673568 -0.343760
v -0.918388 0.681547 -0.346243
v -0.956055 0.666813 -0.399527
v -0.900557 0.625740 -0.406336
v -0.883762 0.650370 -0.398368
v -0.966869 0.658073 -0.394371
v -0.920952 0.606077 -0.394109
v -0.959723 0.682173 -0.359854
v -0.905591 0.658109 -0.323746
v -0.951229 0.663000 -0.394297
v -0.956696 0.667549 -0.396440
v -0.943846 0.672500 -0.390504
v -0.965895 0.660114 -0.392054
v -0.973690 0.662761 -0.369820
v -0.968639 0.671604 -0.362376
v -0.951350 0.685578 -0.370619
v -0.972607 0.658223 -0.381541
v -0.959816 0.680615 -0.362691
v -0.967139 0.653674 -0.379398
v -0.960428 0.655565 -0.389911
v -0.963171 0.667055 -0.360233
v -0.954348 0.676066 -0.360549
v -0.941735 0.679620 -0.380307
v -0.968223 0.658212 -0.367678
v -0.945883 0.681028 -0.368476
v -0.884715 0.621312 -0.267056
v -0.844634 0.618134 -0.428011
v -0.828103 0.635290 -0.400087
v -0.669724 0.615610 -0.432586
v -0.724097 0.519473 -0.493443
v -0.668961 0.669818 -0.318730
v -0.722165 0.656733 -0.205150
v -0.804441 0.582477 -0.144991
v -0.877291 0.481796 -0.166403
v -0.906628 0.401799 -0.259366
v -0.878725 0.379918 -0.380382
v -0.806638 0.426391 -0.472827
v 0.479747 0.384635 0.831864
v 0.502063 0.374256 0.871463
v 0.420860 0.371267 0.912302
v 0.385176 0.381154 0.879426
v 0.573224 0.320427 0.853880
v 0.562623 0.321944 0.811386
v 0.595025 0.222416 0.827574
v 0.601046 0.234967 0.867780
v 0.561793 0.132621 0.872854
v 0.572511 0.157865 0.906659
v 0.478476 0.094574 0.926038
v 0.500971 0.125196 0.952325
v 0.384058 0.126079 0.962241
v 0.419900 0.152248 0.983411
v 0.322720 0.212394 0.964524
v 0.367232 0.226362 0.985371
v 0.323161 0.313131 0.931818
v 0.367611 0.312859 0.957288
v 0.436747 0.179747 0.967407
v 0.495271 0.236733 1.029800
v 0.529627 0.225270 1.016626
v 0.494188 0.157831 0.939033
v 0.570180 0.279848 0.925866
v 0.401176 0.239716 0.976848
v 0.472951 0.268141 1.030630
v 0.548048 0.183843 0.911431
v 0.559944 0.239114 0.997274
v 0.572036 0.271788 0.980798
v 0.571385 0.239079 0.889058
v 0.496669 0.341659 0.885762
v 0.530089 0.330815 0.982358
v 0.495678 0.329549 0.999665
v 0.437440 0.341558 0.923728
v 0.398612 0.296882 0.948355
v 0.473112 0.304797 1.018729
v 0.515891 0.193668 0.971311
v 0.548567 0.302401 0.872939
v 0.560246 0.308004 0.974907
v 0.500399 0.245230 1.024541
v 0.536049 0.278144 1.074190
v 0.548915 0.273216 1.068703
v 0.527906 0.236052 1.013994
v 0.557742 0.302104 1.051455
v 0.548084 0.309843 1.053895
v 0.548581 0.312715 1.052484
v 0.559936 0.303617 1.049615
v 0.561862 0.273297 0.985307
v 0.564506 0.289842 1.052663
v 0.552421 0.302293 0.980591
v 0.527576 0.290315 1.074094
v 0.482528 0.270377 1.025206
v 0.559827 0.266511 1.022539
v 0.567588 0.271870 1.017736
v 0.535756 0.312879 1.059927
v 0.500724 0.319544 1.000414
v 0.528276 0.320558 0.986557
v 0.527460 0.304032 1.068461
v 0.482657 0.299726 1.015677
v 0.560153 0.277836 1.060201
v 0.552180 0.247136 0.998499
v 0.533951 0.307830 1.053889
v 0.537173 0.309983 1.060227
v 0.544861 0.307691 1.047558
v 0.530117 0.302458 1.067487
v 0.537423 0.280435 1.072360
v 0.548367 0.276243 1.067692
v 0.561630 0.290386 1.054048
v 0.530215 0.290788 1.072279
v 0.557927 0.280173 1.060460
v 0.526993 0.288636 1.065941
v 0.526894 0.300305 1.061150
v 0.545145 0.274091 1.061355
v 0.554705 0.278021 1.054123
v 0.554520 0.299951 1.045117
v 0.534201 0.278283 1.066022
v 0.558407 0.288234 1.047710
v 0.533487 0.187990 0.964502
v 0.494139 0.348271 0.947627
v 0.519532 0.328409 0.930075
v 0.509983 0.382555 0.776764
v 0.396148 0.409019 0.824129
v 0.590986 0.286302 0.768031
v 0.601254 0.165298 0.802015
v 0.535982 0.076162 0.862815
v 0.425712 0.060602 0.921982
v 0.322041 0.125898 0.951831
v 0.273477 0.241498 0.938396
v 0.302744 0.353311 0.887962
v 0.772083 0.300381 0.920867
v 0.778988 0.303058 0.906340
v 0.784652 0.304189 0.925336
v 0.783916 0.312250 0.895691
v 0.770797 0.310259 0.892303
v 0.773005 0.305114 0.937837
v 0.760144 0.304553 0.926567
v 0.763841 0.303283 0.907100
v 0.778352 0.322818 0.887825
v 0.793552 0.314175 0.928010
v 0.791607 0.311166 0.910539
v 0.796878 0.324510 0.918093
v 0.773737 0.315748 0.949277
v 0.785624 0.313221 0.942036
v 0.781534 0.326704 0.950060
v 0.751856 0.314794 0.930102
v 0.761116 0.313585 0.943266
v 0.753525 0.326369 0.939549
v 0.758147 0.312633 0.896985
v 0.751952 0.311754 0.912529
v 0.751559 0.323967 0.901086
v 0.791214 0.323378 0.899096
v 0.793180 0.325780 0.937559
v 0.766387 0.326929 0.950820
v 0.747861 0.325237 0.920553
v 0.763206 0.323042 0.888586
v 0.792884 0.334952 0.908543
v 0.783623 0.336161 0.895379
v 0.784595 0.345194 0.912079
v 0.786592 0.337114 0.941661
v 0.792787 0.337993 0.926116
v 0.780898 0.346464 0.931545
v 0.760823 0.337497 0.942954
v 0.773943 0.339488 0.946342
v 0.765751 0.346689 0.932305
v 0.751187 0.335571 0.910635
v 0.753132 0.338581 0.928106
v 0.760087 0.345557 0.913309
v 0.771002 0.333999 0.889368
v 0.759115 0.336525 0.896609
v 0.771734 0.344633 0.900808
v 0.772656 0.349365 0.917778
v 0.757333 0.307737 0.970146
v 0.775178 0.315336 0.953448
v 0.772778 0.313787 0.984512
v 0.786792 0.331293 0.942197
v 0.769609 0.327573 0.929350
v 0.748410 0.311220 0.996042
v 0.735750 0.311183 0.972103
v 0.752294 0.313727 0.945779
v 0.781083 0.347433 0.929094
v 0.782709 0.328657 0.995047
v 0.790094 0.327633 0.968084
v 0.791343 0.345920 0.984097
v 0.741251 0.324290 1.014663
v 0.763325 0.323516 1.010678
v 0.750431 0.340809 1.021951
v 0.719712 0.324227 0.973936
v 0.726297 0.320913 0.998269
v 0.714886 0.339163 0.990344
v 0.747858 0.328556 0.929150
v 0.730181 0.323420 0.948006
v 0.733830 0.343257 0.932954
v 0.793743 0.347470 0.953032
v 0.774799 0.343376 1.010421
v 0.727546 0.339200 1.014282
v 0.717286 0.340713 0.959279
v 0.758198 0.345824 0.921425
v 0.788917 0.362406 0.969440
v 0.782332 0.365720 0.945107
v 0.772879 0.375450 0.971273
v 0.760770 0.358078 1.014226
v 0.778448 0.363213 0.995370
v 0.756335 0.372906 0.997597
v 0.721837 0.355340 1.001179
v 0.739019 0.359060 1.014025
v 0.733451 0.371297 0.989928
v 0.725920 0.357976 0.948329
v 0.718535 0.359000 0.975292
v 0.735851 0.372847 0.958864
v 0.767378 0.362343 0.928713
v 0.745304 0.363117 0.932698
v 0.760219 0.375413 0.947334
v 0.751296 0.378896 0.973229
v 0.337226 0.270714 1.216108
v 0.355208 0.274791 1.213537
v 0.339906 0.274399 1.230779
v 0.367543 0.284385 1.211640
v 0.363288 0.282236 1.197157
v 0.320709 0.273567 1.227683
v 0.324147 0.273445 1.208526
v 0.345469 0.274201 1.199783
v 0.370799 0.294482 1.201651
v 0.341509 0.283718 1.240976
v 0.357726 0.282435 1.228153
v 0.352059 0.294214 1.238051
v 0.308849 0.282303 1.235707
v 0.323226 0.281212 1.242300
v 0.311540 0.292626 1.243697
v 0.314697 0.282094 1.203116
v 0.307467 0.280257 1.220046
v 0.305237 0.291913 1.210787
v 0.350972 0.283381 1.188242
v 0.332227 0.280890 1.192147
v 0.341862 0.293060 1.184801
v 0.367361 0.294605 1.220808
v 0.330737 0.293458 1.246794
v 0.301800 0.292036 1.229944
v 0.320540 0.292304 1.193544
v 0.361059 0.293892 1.187898
v 0.357901 0.304424 1.228479
v 0.365132 0.306261 1.211548
v 0.348452 0.313073 1.223069
v 0.321626 0.303137 1.243353
v 0.340372 0.305628 1.239448
v 0.327130 0.312317 1.231811
v 0.305056 0.302133 1.219954
v 0.309311 0.304282 1.234437
v 0.317390 0.311727 1.218058
v 0.331090 0.302799 1.190619
v 0.314873 0.304083 1.203441
v 0.332692 0.312119 1.200815
v 0.363750 0.304215 1.195887
v 0.349372 0.305306 1.189295
v 0.351890 0.312951 1.203912
v 0.335372 0.315804 1.215487
v 0.384693 0.280927 1.209205
v 0.415530 0.286518 1.203068
v 0.387216 0.288479 1.231841
v 0.437173 0.302476 1.197960
v 0.432088 0.297814 1.175611
v 0.355427 0.288322 1.228777
v 0.364096 0.286262 1.198109
v 0.401241 0.285147 1.182220
v 0.444855 0.319424 1.180806
v 0.389003 0.305814 1.246913
v 0.418063 0.301146 1.225232
v 0.407872 0.323446 1.240248
v 0.334921 0.305546 1.241699
v 0.357960 0.302950 1.250941
v 0.338939 0.324403 1.253072
v 0.349668 0.302042 1.189523
v 0.334840 0.300733 1.217209
v 0.333318 0.320973 1.201556
v 0.412864 0.300145 1.162492
v 0.380654 0.297559 1.170652
v 0.398777 0.317896 1.156893
v 0.436187 0.321484 1.211474
v 0.370727 0.324561 1.256137
v 0.324650 0.323033 1.232224
v 0.361632 0.319011 1.172782
v 0.430566 0.318054 1.159958
v 0.419836 0.340415 1.223506
v 0.434664 0.341724 1.195821
v 0.405409 0.356195 1.214921
v 0.356641 0.342312 1.250538
v 0.388851 0.344899 1.242378
v 0.368264 0.357310 1.230810
v 0.332331 0.339981 1.215069
v 0.337417 0.344643 1.237419
v 0.353975 0.355940 1.209962
v 0.380502 0.336643 1.166116
v 0.351442 0.341311 1.187798
v 0.382289 0.353978 1.181189
v 0.434583 0.336911 1.171331
v 0.411544 0.339507 1.162088
v 0.414077 0.354135 1.184253
v 0.384812 0.361530 1.203825
v 0.432579 0.251795 1.200521
v 0.458265 0.255812 1.207880
v 0.427285 0.257746 1.220636
v 0.477004 0.269960 1.213085
v 0.480362 0.266833 1.192368
v 0.404122 0.259286 1.205624
v 0.420788 0.258303 1.183589
v 0.454250 0.256156 1.184983
v 0.489151 0.286257 1.202922
v 0.424297 0.273251 1.234787
v 0.453397 0.268423 1.228022
v 0.441504 0.289174 1.237714
v 0.384891 0.275871 1.209246
v 0.399254 0.271898 1.225765
v 0.384880 0.292861 1.221306
v 0.413244 0.274200 1.171757
v 0.392757 0.272455 1.188717
v 0.397530 0.292224 1.176374
v 0.470173 0.270546 1.174130
v 0.442885 0.269325 1.168077
v 0.461973 0.288142 1.165013
v 0.472485 0.287240 1.224958
v 0.408042 0.291321 1.236320
v 0.380865 0.293206 1.198410
v 0.428511 0.290289 1.163618
v 0.485136 0.286602 1.180026
v 0.456771 0.305264 1.229575
v 0.477258 0.307008 1.212615
v 0.449227 0.321160 1.217743
v 0.399842 0.308917 1.227202
v 0.427130 0.310138 1.233255
v 0.415765 0.323307 1.216349
v 0.393011 0.309503 1.188247
v 0.389653 0.312630 1.208964
v 0.411750 0.323652 1.193452
v 0.445719 0.306212 1.166545
v 0.416619 0.311040 1.173311
v 0.442731 0.321717 1.180696
v 0.485125 0.303592 1.192086
v 0.470762 0.307566 1.175567
v 0.465893 0.320177 1.195708
v 0.437436 0.327668 1.200811
v 0.638653 -0.811221 -0.058988
v 0.642117 -0.842238 -0.070109
v 0.619251 -0.862536 -0.013174
v 0.612023 -0.834860 0.007320
v 0.627686 -0.844899 -0.133046
v 0.621846 -0.814320 -0.132287
v 0.569466 -0.842707 -0.178279
v 0.582710 -0.869274 -0.172537
v 0.506022 -0.883100 -0.175444
v 0.528234 -0.903957 -0.170103
v 0.461200 -0.916598 -0.125108
v 0.489748 -0.932720 -0.126882
v 0.455973 -0.927527 -0.050825
v 0.485259 -0.942104 -0.063100
v 0.492787 -0.910774 0.012648
v 0.516869 -0.927719 -0.008599
v 0.554415 -0.874177 0.035611
v 0.569787 -0.896295 0.011119
v 0.506513 -0.928940 -0.068530
v 0.565800 -0.969924 -0.080391
v 0.567702 -0.965947 -0.107421
v 0.507399 -0.918300 -0.115447
v 0.607005 -0.899884 -0.131612
v 0.534879 -0.923431 -0.027725
v 0.579195 -0.963828 -0.057295
v 0.537855 -0.901119 -0.146568
v 0.584011 -0.953758 -0.125736
v 0.607097 -0.939060 -0.126768
v 0.578219 -0.880344 -0.149326
v 0.620911 -0.856107 -0.073641
v 0.632272 -0.927603 -0.083361
v 0.622582 -0.936205 -0.059233
v 0.606255 -0.876257 -0.030299
v 0.568160 -0.895531 -0.014401
v 0.601620 -0.950511 -0.048939
v 0.539546 -0.937740 -0.114356
v 0.610386 -0.858048 -0.119542
v 0.626157 -0.928731 -0.110033
v 0.572317 -0.965632 -0.082067
v 0.608274 -0.998874 -0.088041
v 0.608534 -0.997092 -0.098424
v 0.573840 -0.962448 -0.103708
v 0.628155 -0.982060 -0.098556
v 0.630395 -0.981675 -0.089884
v 0.632257 -0.980351 -0.089610
v 0.629624 -0.980803 -0.099804
v 0.605382 -0.940921 -0.119199
v 0.622469 -0.985297 -0.106102
v 0.620642 -0.932651 -0.105799
v 0.613482 -0.996242 -0.079266
v 0.583042 -0.960752 -0.063574
v 0.603609 -0.967324 -0.114192
v 0.608955 -0.964054 -0.118351
v 0.629136 -0.984152 -0.080290
v 0.617780 -0.938635 -0.065127
v 0.625539 -0.931748 -0.084445
v 0.621721 -0.990428 -0.076205
v 0.600997 -0.950090 -0.056884
v 0.614140 -0.991730 -0.105557
v 0.586898 -0.952689 -0.118373
v 0.624857 -0.980514 -0.081464
v 0.627740 -0.984908 -0.081956
v 0.627512 -0.977280 -0.089393
v 0.621433 -0.990247 -0.078481
v 0.609994 -0.997432 -0.088549
v 0.610215 -0.995916 -0.097382
v 0.622069 -0.985883 -0.103913
v 0.614424 -0.995193 -0.081085
v 0.614984 -0.991355 -0.103450
v 0.611542 -0.990798 -0.080593
v 0.618550 -0.985852 -0.077989
v 0.607332 -0.991521 -0.096891
v 0.612101 -0.986960 -0.102958
v 0.625273 -0.977665 -0.098064
v 0.607111 -0.993037 -0.088058
v 0.619186 -0.981488 -0.103422
v 0.540637 -0.935634 -0.128155
v 0.629636 -0.897563 -0.060861
v 0.623109 -0.890831 -0.085202
v 0.641734 -0.776615 -0.087094
v 0.628397 -0.793966 -0.000195
v 0.603947 -0.792316 -0.166818
v 0.532717 -0.833720 -0.202063
v 0.461374 -0.881455 -0.176339
v 0.423299 -0.913185 -0.101681
v 0.436309 -0.914063 -0.013023
v 0.494315 -0.883678 0.048151
v 0.570176 -0.836248 0.053217
v 0.815236 0.407340 -0.486066
v 0.837624 0.452691 -0.504015
v 0.782693 0.440106 -0.592230
v 0.751262 0.392684 -0.588804
v 0.848443 0.520869 -0.425323
v 0.827836 0.486742 -0.394420
v 0.783165 0.593736 -0.356746
v 0.810086 0.612739 -0.392975
v 0.702125 0.678259 -0.390674
v 0.740502 0.685314 -0.422107
v 0.622637 0.700761 -0.480327
v 0.672250 0.704635 -0.499087
v 0.581893 0.650713 -0.583757
v 0.637265 0.661662 -0.587897
v 0.598958 0.551534 -0.652567
v 0.651918 0.576503 -0.646980
v 0.665847 0.449630 -0.654560
v 0.709352 0.489003 -0.648691
v 0.666786 0.637797 -0.571279
v 0.776719 0.662224 -0.607555
v 0.791545 0.680435 -0.569920
v 0.687504 0.666345 -0.501778
v 0.837500 0.598517 -0.479274
v 0.686759 0.577567 -0.621603
v 0.782929 0.626135 -0.632593
v 0.742078 0.655046 -0.450366
v 0.820469 0.672247 -0.537297
v 0.849957 0.641491 -0.524952
v 0.795965 0.608077 -0.432557
v 0.812910 0.485392 -0.510103
v 0.861627 0.573666 -0.572008
v 0.838348 0.568333 -0.609391
v 0.776972 0.479835 -0.582457
v 0.719360 0.511875 -0.615617
v 0.807268 0.589055 -0.633318
v 0.742315 0.669501 -0.528080
v 0.820800 0.535115 -0.452712
v 0.866211 0.602559 -0.538660
v 0.785681 0.654607 -0.602188
v 0.854901 0.678468 -0.634192
v 0.859797 0.685440 -0.619400
v 0.797551 0.669188 -0.572055
v 0.883533 0.655563 -0.607277
v 0.882411 0.645996 -0.618142
v 0.884559 0.643028 -0.617455
v 0.885878 0.654275 -0.604682
v 0.844319 0.638008 -0.536051
v 0.880015 0.669649 -0.600139
v 0.857333 0.606836 -0.547027
v 0.857319 0.664303 -0.643405
v 0.790652 0.625713 -0.622235
v 0.849103 0.666518 -0.568720
v 0.857937 0.663062 -0.561076
v 0.876677 0.641172 -0.632481
v 0.835024 0.579433 -0.603659
v 0.853663 0.583703 -0.573727
v 0.865919 0.649574 -0.642730
v 0.810140 0.596024 -0.622816
v 0.869715 0.681957 -0.605952
v 0.820709 0.662632 -0.545936
v 0.869500 0.640401 -0.626627
v 0.875706 0.644416 -0.630925
v 0.876205 0.641981 -0.613845
v 0.866554 0.651564 -0.639643
v 0.857182 0.676143 -0.632380
v 0.861347 0.682074 -0.619797
v 0.878546 0.668641 -0.603412
v 0.859239 0.664094 -0.640218
v 0.869784 0.679111 -0.608357
v 0.853033 0.660079 -0.635920
v 0.860348 0.647549 -0.635345
v 0.855141 0.678059 -0.615499
v 0.863578 0.675096 -0.604059
v 0.877327 0.651548 -0.602979
v 0.850976 0.672128 -0.628082
v 0.872340 0.664626 -0.599115
v 0.750035 0.678633 -0.508810
v 0.835168 0.518825 -0.569466
v 0.835019 0.536380 -0.531036
v 0.820840 0.388776 -0.416329
v 0.764099 0.340099 -0.540747
v 0.810028 0.501796 -0.325895
v 0.736724 0.626278 -0.311761
v 0.635226 0.703973 -0.380540
v 0.553028 0.698528 -0.500050
v 0.528590 0.612491 -0.614370
v 0.573347 0.486119 -0.670009
v 0.666357 0.378543 -0.640934
v 0.988167 0.494646 -0.523637
v 1.003081 0.488752 -0.520688
v 0.986736 0.492399 -0.510022
v 1.016923 0.490247 -0.515362
v 1.018054 0.494554 -0.528314
v 0.974706 0.503041 -0.515920
v 0.983616 0.505970 -0.530231
v 1.001152 0.497139 -0.533178
v 1.027866 0.499202 -0.517497
v 0.989115 0.496452 -0.497216
v 1.003638 0.489814 -0.505159
v 1.002611 0.499920 -0.492521
v 0.968647 0.514558 -0.507250
v 0.975263 0.504103 -0.500391
v 0.973043 0.519393 -0.495472
v 0.983805 0.519542 -0.531597
v 0.972142 0.517674 -0.520599
v 0.980024 0.530710 -0.522272
v 1.013641 0.504517 -0.536611
v 0.998589 0.511773 -0.537857
v 1.013906 0.518231 -0.535885
v 1.018956 0.496272 -0.503186
v 0.985074 0.508751 -0.489574
v 0.971114 0.527780 -0.507961
v 0.996369 0.527063 -0.532938
v 1.025937 0.507589 -0.529987
v 1.015175 0.507441 -0.493861
v 1.026838 0.509308 -0.504860
v 1.015364 0.521012 -0.495228
v 0.985339 0.522465 -0.488848
v 1.000391 0.515210 -0.487602
v 0.997828 0.529843 -0.492281
v 0.982057 0.536735 -0.510097
v 0.980926 0.532428 -0.497145
v 0.995899 0.538230 -0.504771
v 1.009865 0.530530 -0.528242
v 0.995342 0.537169 -0.520300
v 1.012244 0.534583 -0.515437
v 1.030333 0.512425 -0.518209
v 1.023717 0.522879 -0.525068
v 1.024274 0.523941 -0.509539
v 1.010813 0.532336 -0.501822
v 0.944971 0.523131 -0.518858
v 0.964810 0.514730 -0.505041
v 0.935686 0.524136 -0.499000
v 0.982517 0.517897 -0.491166
v 0.991207 0.520116 -0.511007
v 0.922015 0.538412 -0.517510
v 0.942690 0.537829 -0.534990
v 0.969138 0.523193 -0.527284
v 1.000467 0.529776 -0.492378
v 0.932969 0.533900 -0.480889
v 0.957755 0.521059 -0.482724
v 0.950669 0.539765 -0.468857
v 0.909710 0.558189 -0.512380
v 0.914960 0.544742 -0.495193
v 0.910549 0.568678 -0.495073
v 0.944884 0.557197 -0.542120
v 0.921964 0.558436 -0.531183
v 0.935552 0.576559 -0.534797
v 0.989881 0.532295 -0.529008
v 0.969087 0.543216 -0.540957
v 0.991124 0.552515 -0.533131
v 0.979792 0.530358 -0.474897
v 0.924220 0.554402 -0.476563
v 0.914877 0.577141 -0.517316
v 0.964675 0.567152 -0.540837
v 1.004795 0.538239 -0.514621
v 0.970461 0.549720 -0.467574
v 0.993381 0.548481 -0.478511
v 0.972655 0.569088 -0.474703
v 0.925464 0.574622 -0.480685
v 0.946257 0.563701 -0.468737
v 0.946206 0.583724 -0.482410
v 0.932827 0.589020 -0.518527
v 0.924137 0.586801 -0.498686
v 0.950534 0.592187 -0.504653
v 0.982375 0.573017 -0.528804
v 0.957589 0.585858 -0.526970
v 0.979658 0.582781 -0.510693
v 1.005634 0.548728 -0.497314
v 1.000384 0.562175 -0.514501
v 0.993329 0.568505 -0.492184
v 0.970373 0.583786 -0.490836
v 0.739310 0.750679 -0.830319
v 0.744874 0.743670 -0.813994
v 0.727673 0.756623 -0.822240
v 0.751556 0.744224 -0.799753
v 0.763504 0.740388 -0.808414
v 0.728475 0.765141 -0.839722
v 0.746171 0.757452 -0.842280
v 0.756306 0.744182 -0.826380
v 0.765016 0.747518 -0.795244
v 0.722293 0.766261 -0.813781
v 0.734871 0.752829 -0.804273
v 0.730119 0.768160 -0.800930
v 0.723656 0.780752 -0.843523
v 0.718472 0.774299 -0.830001
v 0.720786 0.789948 -0.834313
v 0.753763 0.767671 -0.847877
v 0.736970 0.775128 -0.850042
v 0.749914 0.782771 -0.849258
v 0.771006 0.745095 -0.820825
v 0.764801 0.754170 -0.836700
v 0.777250 0.756548 -0.825112
v 0.747320 0.755207 -0.792685
v 0.719984 0.781430 -0.816831
v 0.732218 0.790460 -0.846699
v 0.767115 0.769818 -0.841012
v 0.776448 0.748031 -0.807630
v 0.743471 0.770307 -0.794066
v 0.760264 0.762850 -0.791901
v 0.751063 0.780526 -0.799662
v 0.726228 0.792883 -0.821118
v 0.732433 0.783808 -0.805243
v 0.740928 0.793796 -0.815563
v 0.745678 0.793754 -0.842190
v 0.733730 0.797590 -0.833529
v 0.752360 0.794308 -0.827949
v 0.774941 0.771717 -0.828162
v 0.762363 0.785149 -0.837670
v 0.769561 0.781355 -0.819703
v 0.773578 0.757226 -0.798419
v 0.778762 0.763679 -0.811942
v 0.768759 0.772837 -0.802221
v 0.757924 0.787299 -0.811624
v 0.753880 0.731706 -0.787508
v 0.764429 0.718052 -0.760636
v 0.736538 0.743209 -0.775559
v 0.777421 0.717791 -0.736546
v 0.795445 0.710021 -0.749270
v 0.736480 0.758905 -0.803372
v 0.764334 0.743449 -0.805637
v 0.781607 0.718200 -0.779225
v 0.800560 0.722035 -0.727214
v 0.729971 0.760590 -0.761935
v 0.750375 0.735030 -0.745604
v 0.744815 0.762649 -0.739872
v 0.729872 0.787294 -0.809253
v 0.722426 0.775883 -0.788341
v 0.727484 0.803594 -0.794097
v 0.777261 0.760998 -0.813107
v 0.750223 0.776123 -0.818418
v 0.772517 0.788285 -0.814952
v 0.806648 0.718042 -0.768171
v 0.795350 0.735417 -0.794271
v 0.817681 0.737879 -0.773615
v 0.772706 0.737492 -0.724948
v 0.727542 0.787898 -0.766284
v 0.744662 0.803742 -0.812686
v 0.800408 0.763128 -0.800028
v 0.817739 0.722183 -0.745803
v 0.767962 0.764779 -0.726793
v 0.795000 0.749654 -0.721481
v 0.780888 0.782328 -0.734262
v 0.738575 0.807734 -0.771729
v 0.749872 0.790359 -0.745628
v 0.763615 0.807577 -0.760675
v 0.767801 0.807986 -0.803354
v 0.749778 0.815756 -0.790630
v 0.780794 0.807725 -0.779264
v 0.815252 0.765187 -0.777965
v 0.794847 0.790747 -0.794295
v 0.808684 0.782568 -0.764340
v 0.815351 0.738483 -0.730647
v 0.822796 0.749894 -0.751559
v 0.808743 0.766872 -0.736528
v 0.791342 0.794071 -0.752391
v 0.754219 0.680710 -0.762679
v 0.751390 0.672591 -0.737064
v 0.737840 0.694298 -0.758778
v 0.754007 0.675533 -0.713338
v 0.771903 0.665028 -0.717766
v 0.750104 0.703194 -0.781902
v 0.771233 0.686985 -0.774479
v 0.772027 0.668072 -0.746768
v 0.770907 0.679018 -0.698551
v 0.730955 0.712463 -0.750280
v 0.737716 0.691255 -0.729776
v 0.736228 0.716934 -0.727688
v 0.751819 0.727597 -0.789621
v 0.736430 0.721858 -0.774614
v 0.747697 0.744743 -0.778523
v 0.787765 0.700021 -0.776993
v 0.769822 0.714544 -0.790316
v 0.789463 0.724014 -0.780805
v 0.789117 0.667843 -0.729848
v 0.791746 0.679422 -0.755182
v 0.803808 0.683394 -0.731380
v 0.749778 0.695227 -0.705974
v 0.735433 0.735847 -0.755399
v 0.768334 0.740223 -0.788227
v 0.803013 0.702307 -0.759091
v 0.791544 0.674498 -0.708256
v 0.751476 0.719220 -0.709785
v 0.769419 0.704697 -0.696463
v 0.768009 0.732256 -0.712299
v 0.750124 0.751398 -0.756931
v 0.747496 0.739819 -0.731597
v 0.767214 0.751169 -0.740010
v 0.785234 0.743708 -0.773441
v 0.767338 0.754213 -0.769012
v 0.787851 0.746650 -0.749715
v 0.808287 0.706778 -0.736499
v 0.801525 0.727986 -0.757003
v 0.801401 0.724943 -0.728001
v 0.787423 0.691644 -0.697158
v 0.802812 0.697383 -0.712165
v 0.789138 0.716047 -0.704877
v 0.785023 0.738531 -0.724100
v 0.086403 -0.641019 -0.854064
v 0.080899 -0.635373 -0.907148
v -0.021029 -0.655674 -0.894648
v -0.032305 -0.664662 -0.839507
v 0.143842 -0.559236 -0.941777
v 0.159707 -0.552348 -0.894394
v 0.153308 -0.440139 -0.941625
v 0.138346 -0.462888 -0.982332
v 0.070199 -0.356896 -0.973657
v 0.066985 -0.391412 -1.009836
v -0.050732 -0.341570 -0.975502
v -0.036851 -0.378252 -1.011420
v -0.152899 -0.401331 -0.946297
v -0.124577 -0.429565 -0.986343
v -0.188498 -0.508217 -0.899707
v -0.155144 -0.521343 -0.946339
v -0.140872 -0.612214 -0.857532
v -0.114249 -0.610640 -0.910126
v -0.091550 -0.453413 -0.978747
v -0.058065 -0.522158 -1.069029
v -0.020889 -0.500413 -1.079656
v -0.026344 -0.412451 -0.990778
v 0.086720 -0.532164 -1.012938
v -0.114339 -0.528404 -0.958344
v -0.071018 -0.561051 -1.052076
v 0.048158 -0.425588 -0.995880
v 0.023115 -0.505989 -1.078985
v 0.053356 -0.536279 -1.067329
v 0.098731 -0.477642 -0.983238
v 0.058306 -0.603511 -0.920989
v 0.029011 -0.609375 -1.035468
v -0.014183 -0.617978 -1.030171
v -0.020369 -0.622624 -0.919425
v -0.084018 -0.585473 -0.923161
v -0.053688 -0.598893 -1.036730
v -0.015371 -0.456528 -1.031310
v 0.104210 -0.547983 -0.946244
v 0.055685 -0.577109 -1.050143
v -0.047745 -0.529463 -1.066334
v -0.034814 -0.572176 -1.132617
v -0.020735 -0.563191 -1.136141
v -0.017980 -0.512053 -1.074843
v 0.005848 -0.589631 -1.122096
v -0.002608 -0.600460 -1.117399
v -0.000505 -0.603226 -1.116049
v 0.009436 -0.590496 -1.121571
v 0.041465 -0.540770 -1.064973
v 0.008147 -0.575148 -1.128931
v 0.043329 -0.573461 -1.051213
v -0.039418 -0.587115 -1.125763
v -0.058117 -0.560603 -1.052761
v 0.015380 -0.542642 -1.099889
v 0.027053 -0.546125 -1.099658
v -0.017025 -0.607382 -1.114949
v -0.012611 -0.606182 -1.035222
v 0.021973 -0.599294 -1.039463
v -0.032392 -0.601019 -1.118785
v -0.044241 -0.590902 -1.040474
v -0.003768 -0.564365 -1.134685
v 0.017252 -0.516518 -1.074305
v -0.016495 -0.600599 -1.108618
v -0.016660 -0.603995 -1.116463
v -0.002443 -0.597063 -1.109554
v -0.029733 -0.598583 -1.119726
v -0.031794 -0.574047 -1.131492
v -0.019817 -0.566404 -1.134490
v 0.004752 -0.576576 -1.128357
v -0.035710 -0.586756 -1.125662
v -0.005384 -0.567403 -1.133252
v -0.035545 -0.583359 -1.117817
v -0.029568 -0.595186 -1.111881
v -0.019652 -0.563007 -1.126645
v -0.005219 -0.564006 -1.125407
v 0.006013 -0.586234 -1.114251
v -0.031629 -0.570650 -1.123648
v 0.004917 -0.573179 -1.120512
v 0.003759 -0.445590 -1.036672
v 0.020671 -0.626373 -0.977540
v 0.049707 -0.595728 -0.979232
v 0.147380 -0.620182 -0.821094
v 0.018816 -0.680326 -0.790714
v 0.202679 -0.497359 -0.875182
v 0.158839 -0.369329 -0.927671
v 0.036372 -0.295997 -0.953999
v -0.107417 -0.311676 -0.941849
v -0.205249 -0.409030 -0.896904
v -0.211346 -0.542506 -0.840196
v -0.122856 -0.649649 -0.798258
v -0.261997 -0.546899 -1.301996
v -0.256433 -0.553908 -1.285671
v -0.273633 -0.540955 -1.293916
v -0.249751 -0.553354 -1.271430
v -0.237803 -0.557190 -1.280090
v -0.272832 -0.532437 -1.311398
v -0.255136 -0.540126 -1.313957
v -0.245001 -0.553395 -1.298056
v -0.236291 -0.550060 -1.266920
v -0.279014 -0.531317 -1.285458
v -0.266435 -0.544749 -1.275950
v -0.271187 -0.529418 -1.272607
v -0.277650 -0.516826 -1.315200
v -0.282834 -0.523278 -1.301677
v -0.280521 -0.507630 -1.305990
v -0.247544 -0.529907 -1.319553
v -0.264337 -0.522450 -1.321718
v -0.251393 -0.514807 -1.320935
v -0.230301 -0.552483 -1.292502
v -0.236505 -0.543408 -1.308376
v -0.224057 -0.541030 -1.296788
v -0.253987 -0.542371 -1.264361
v -0.281323 -0.516148 -1.288508
v -0.269089 -0.507118 -1.318376
v -0.234192 -0.527760 -1.312689
v -0.224859 -0.549547 -1.279306
v -0.257836 -0.527271 -1.265743
v -0.241043 -0.534728 -1.263578
v -0.250244 -0.517052 -1.271339
v -0.275078 -0.504695 -1.292794
v -0.268874 -0.513770 -1.276919
v -0.260379 -0.503782 -1.287239
v -0.255629 -0.503824 -1.313866
v -0.267577 -0.499988 -1.305206
v -0.248947 -0.503270 -1.299625
v -0.226365 -0.525860 -1.299838
v -0.238944 -0.512428 -1.309346
v -0.231746 -0.516223 -1.291380
v -0.227729 -0.540352 -1.270096
v -0.222545 -0.533899 -1.283618
v -0.232548 -0.524741 -1.273898
v -0.243383 -0.510279 -1.283300
v -0.247426 -0.565872 -1.259185
v -0.236878 -0.579526 -1.232313
v -0.264768 -0.554369 -1.247236
v -0.223885 -0.579787 -1.208222
v -0.205862 -0.587557 -1.220946
v -0.264827 -0.538673 -1.275048
v -0.236972 -0.554129 -1.277314
v -0.219699 -0.579378 -1.250901
v -0.200746 -0.575543 -1.198890
v -0.271335 -0.536988 -1.233612
v -0.250931 -0.562548 -1.217281
v -0.256491 -0.534929 -1.211548
v -0.271435 -0.510284 -1.280929
v -0.278880 -0.521695 -1.260017
v -0.273823 -0.493984 -1.265774
v -0.224046 -0.536580 -1.284783
v -0.251084 -0.521455 -1.290095
v -0.228790 -0.509293 -1.286628
v -0.194659 -0.579535 -1.239848
v -0.205956 -0.562161 -1.265948
v -0.183626 -0.559699 -1.245292
v -0.228601 -0.560086 -1.196625
v -0.273765 -0.509680 -1.237961
v -0.256644 -0.493836 -1.284363
v -0.200899 -0.534450 -1.271704
v -0.183567 -0.575395 -1.217479
v -0.233345 -0.532799 -1.198470
v -0.206306 -0.547924 -1.193158
v -0.220418 -0.515250 -1.205939
v -0.262732 -0.489843 -1.243405
v -0.251434 -0.507218 -1.217305
v -0.237691 -0.490001 -1.232351
v -0.233505 -0.489592 -1.275031
v -0.251528 -0.481822 -1.262306
v -0.220513 -0.489853 -1.250940
v -0.186055 -0.532391 -1.249641
v -0.206459 -0.506831 -1.265972
v -0.192622 -0.515010 -1.236017
v -0.185956 -0.559095 -1.202324
v -0.178510 -0.547684 -1.223236
v -0.192564 -0.530706 -1.208204
v -0.209964 -0.503507 -1.224068
v -0.247088 -0.616867 -1.234356
v -0.249917 -0.624987 -1.208741
v -0.263466 -0.603280 -1.230454
v -0.247300 -0.622045 -1.185015
v -0.229404 -0.632550 -1.189443
v -0.251203 -0.594384 -1.253579
v -0.230074 -0.610593 -1.246156
v -0.229279 -0.629506 -1.218445
v -0.230400 -0.618560 -1.170228
v -0.270352 -0.585115 -1.221956
v -0.263591 -0.606323 -1.201452
v -0.265078 -0.580644 -1.199364
v -0.249488 -0.569981 -1.261298
v -0.264877 -0.575720 -1.246290
v -0.253610 -0.552835 -1.250200
v -0.213541 -0.597557 -1.248670
v -0.231485 -0.583034 -1.261992
v -0.211843 -0.573564 -1.252482
v -0.212189 -0.629735 -1.201525
v -0.209561 -0.618156 -1.226858
v -0.197499 -0.614184 -1.203056
v -0.251529 -0.602351 -1.177650
v -0.265873 -0.561731 -1.227076
v -0.232972 -0.557355 -1.259904
v -0.198294 -0.595271 -1.230768
v -0.209762 -0.623080 -1.179932
v -0.249831 -0.578358 -1.181462
v -0.231887 -0.592881 -1.168140
v -0.233298 -0.565322 -1.183976
v -0.251183 -0.546180 -1.228607
v -0.253811 -0.557759 -1.203274
v -0.234093 -0.546409 -1.211687
v -0.216072 -0.553870 -1.245117
v -0.233968 -0.543365 -1.240689
v -0.213455 -0.550928 -1.221391
v -0.193020 -0.590800 -1.208176
v -0.199781 -0.569592 -1.228680
v -0.199906 -0.572635 -1.199678
v -0.213884 -0.605934 -1.168834
v -0.198495 -0.600195 -1.183842
v -0.212169 -0.581531 -1.176553
v -0.216284 -0.559047 -1.195776
v 0.203085 -0.577465 -1.228283
v 0.220271 -0.583561 -1.232034
v 0.206765 -0.565662 -1.237402
v 0.231394 -0.590388 -1.240834
v 0.226024 -0.602395 -1.233122
v 0.187531 -0.565837 -1.234431
v 0.189150 -0.583845 -1.227226
v 0.209384 -0.594799 -1.225745
v 0.232713 -0.603732 -1.246540
v 0.208416 -0.559936 -1.249967
v 0.223405 -0.573258 -1.244780
v 0.217587 -0.567825 -1.259113
v 0.175692 -0.560234 -1.244912
v 0.190664 -0.555534 -1.247177
v 0.178118 -0.557046 -1.257623
v 0.178447 -0.590871 -1.232654
v 0.173049 -0.573717 -1.237000
v 0.168850 -0.586292 -1.244129
v 0.212872 -0.609507 -1.230134
v 0.194903 -0.602679 -1.228314
v 0.202592 -0.615146 -1.237279
v 0.231094 -0.585724 -1.253745
v 0.197353 -0.556871 -1.260595
v 0.167232 -0.568284 -1.251334
v 0.182357 -0.604192 -1.238760
v 0.221826 -0.614970 -1.240251
v 0.221497 -0.581145 -1.265220
v 0.226896 -0.598299 -1.260874
v 0.210795 -0.588171 -1.270648
v 0.187072 -0.562509 -1.267740
v 0.205042 -0.569337 -1.269560
v 0.190560 -0.577217 -1.272129
v 0.168550 -0.581628 -1.257040
v 0.173920 -0.569621 -1.264752
v 0.179673 -0.588455 -1.265840
v 0.191528 -0.612080 -1.247907
v 0.176540 -0.598758 -1.253094
v 0.193179 -0.606355 -1.260471
v 0.224252 -0.611782 -1.252962
v 0.209280 -0.616482 -1.250697
v 0.212414 -0.606179 -1.263443
v 0.196859 -0.594552 -1.269591
v 0.248492 -0.593459 -1.237633
v 0.277936 -0.604982 -1.242115
v 0.252393 -0.575742 -1.253340
v 0.297371 -0.618275 -1.256072
v 0.290680 -0.636486 -1.243006
v 0.220620 -0.574587 -1.250330
v 0.226527 -0.603114 -1.237244
v 0.261950 -0.621899 -1.232168
v 0.301744 -0.641302 -1.265620
v 0.253915 -0.568528 -1.275169
v 0.281124 -0.590328 -1.264179
v 0.270294 -0.583534 -1.289930
v 0.199859 -0.566563 -1.270048
v 0.223807 -0.559933 -1.272393
v 0.203098 -0.563594 -1.291997
v 0.209909 -0.615096 -1.247785
v 0.197941 -0.587305 -1.256297
v 0.193019 -0.609038 -1.268964
v 0.270174 -0.647056 -1.239148
v 0.239271 -0.634617 -1.238135
v 0.253985 -0.657064 -1.252662
v 0.295838 -0.612775 -1.278705
v 0.234871 -0.564749 -1.295007
v 0.187112 -0.580511 -1.282049
v 0.218562 -0.638279 -1.257738
v 0.285758 -0.658219 -1.255672
v 0.278947 -0.606717 -1.299884
v 0.290915 -0.634508 -1.291371
v 0.262329 -0.618699 -1.310425
v 0.218682 -0.574757 -1.308521
v 0.249585 -0.587196 -1.309534
v 0.226906 -0.599914 -1.315501
v 0.191485 -0.603538 -1.291597
v 0.198176 -0.585327 -1.304663
v 0.210920 -0.616831 -1.305554
v 0.234941 -0.653285 -1.272500
v 0.207733 -0.631485 -1.283490
v 0.236463 -0.646071 -1.294329
v 0.288997 -0.655250 -1.277621
v 0.265049 -0.661880 -1.275276
v 0.268236 -0.647226 -1.297339
v 0.240364 -0.628354 -1.310036
v 0.297926 -0.596534 -1.209993
v 0.323685 -0.594418 -1.217872
v 0.293998 -0.579579 -1.222845
v 0.341384 -0.597190 -1.233917
v 0.343066 -0.615508 -1.223342
v 0.269487 -0.591113 -1.217327
v 0.284027 -0.613080 -1.208942
v 0.317523 -0.615122 -1.209279
v 0.350901 -0.614091 -1.245759
v 0.290877 -0.571945 -1.242379
v 0.319542 -0.579965 -1.236908
v 0.306674 -0.577284 -1.259117
v 0.249177 -0.591568 -1.232990
v 0.265344 -0.576660 -1.236363
v 0.248668 -0.586777 -1.253261
v 0.273913 -0.628942 -1.218726
v 0.255373 -0.610162 -1.222460
v 0.257045 -0.629449 -1.236284
v 0.330900 -0.632416 -1.219299
v 0.303408 -0.634171 -1.214412
v 0.320228 -0.646330 -1.231647
v 0.336362 -0.592123 -1.254143
v 0.273178 -0.575242 -1.258780
v 0.242505 -0.607482 -1.244669
v 0.286732 -0.644288 -1.231311
v 0.344739 -0.634796 -1.237166
v 0.319493 -0.592631 -1.271701
v 0.338034 -0.611411 -1.267967
v 0.309380 -0.608492 -1.281485
v 0.262507 -0.589156 -1.271128
v 0.289999 -0.587401 -1.276015
v 0.275884 -0.606450 -1.281148
v 0.252022 -0.624382 -1.256510
v 0.250340 -0.606064 -1.267086
v 0.269722 -0.627155 -1.272556
v 0.302530 -0.649627 -1.248048
v 0.273865 -0.641608 -1.253520
v 0.299409 -0.641994 -1.267582
v 0.344229 -0.630004 -1.257437
v 0.328063 -0.644912 -1.254064
v 0.323919 -0.630459 -1.273100
v 0.295480 -0.625038 -1.280434
v -0.061133 -0.774987 0.638170
v -0.020415 -0.730151 0.688084
v 0.076949 -0.737191 0.672879
v 0.086905 -0.818665 0.576220
v 0.046796 -0.821840 0.575328
v 0.004731 -0.803174 0.600298
v -0.032734 -0.805719 0.599961
v -0.059130 -0.930563 0.763967
v -0.032111 -0.952748 0.820645
v -0.007712 -0.933304 0.841813
v 0.022183 -1.012707 0.746176
v -0.027607 -1.013248 0.749074
v 0.081251 -0.812238 0.738985
v 0.089939 -0.959986 0.803456
v 0.090807 -0.978178 0.781969
v 0.097340 -0.993018 0.724615
v 0.091279 -0.936221 0.678345
v 0.092402 -0.919864 0.692865
v 0.092201 -0.930100 0.673462
v -0.044914 -1.002080 0.763456
v 0.064795 -1.023675 0.730233
v 0.041129 -0.939877 0.830749
v 0.067488 -0.937302 0.668871
v 0.108877 -0.700696 0.723522
v 0.144324 -0.719526 0.692593
v 0.136502 -0.745235 0.660258
v 0.149660 -0.766450 0.630123
v 0.118428 -0.787187 0.608427
v 0.064124 -0.792451 0.611081
v 0.023341 -0.726696 0.704480
v 0.128936 -0.790667 0.770414
v 0.135096 -0.803546 0.757268
v 0.141315 -0.806388 0.752478
v 0.139532 -0.776183 0.687027
v 0.127579 -0.859933 0.677986
v 0.079059 -0.868091 0.670077
v 0.146920 -0.844347 0.697172
v 0.054705 -0.833500 0.715307
v 0.128586 -0.832570 0.716991
v 0.028368 -0.808986 0.757730
v -0.016087 -0.713061 0.717288
v 0.027120 -0.676250 0.761274
v 0.096593 -0.670880 0.761043
v 0.112940 -0.712965 0.703838
v 0.102160 -0.724970 0.689145
v 0.098155 -0.741174 0.668203
v 0.037279 -0.752314 0.659922
v 0.007148 -0.742124 0.676526
v 0.027212 -0.883331 0.827177
v 0.016263 -0.870841 0.845242
v 0.028776 -0.865988 0.861047
v 0.077789 -0.904145 0.803362
v 0.099213 -0.898779 0.805204
v 0.096513 -0.885643 0.821001
v 0.111182 -0.862258 0.823609
v 0.109062 -0.837809 0.869395
v 0.097718 -0.834380 0.877294
v 0.042995 -0.848549 0.884571
v 0.043235 -0.904337 0.796183
v 0.024643 -0.856332 0.764099
v 0.059232 -0.905403 0.790116
v 0.103500 -0.816558 0.856529
v 0.112269 -0.819990 0.759579
v 0.079049 -0.728510 0.802205
v 0.085730 -0.730107 0.802351
v 0.099520 -0.719543 0.795242
v 0.029113 -0.892637 0.814763
v 0.102353 -0.731113 0.789951
v 0.084544 -0.930301 0.679266
v 0.354110 -0.465339 -0.844060
v 0.424179 -0.457183 -0.809659
v 0.468645 -0.373037 -0.836170
v 0.386196 -0.318743 -0.915760
v 0.361335 -0.349969 -0.910623
v 0.358955 -0.395164 -0.884294
v 0.336185 -0.424570 -0.879095
v 0.433083 -0.563449 -0.999528
v 0.490904 -0.580112 -1.028051
v 0.524896 -0.571025 -1.014503
v 0.455338 -0.501486 -1.096178
v 0.428137 -0.542173 -1.086564
v 0.513018 -0.421056 -0.911971
v 0.548355 -0.475530 -1.059772
v 0.529221 -0.464523 -1.077268
v 0.485429 -0.426809 -1.091839
v 0.453175 -0.394940 -1.033981
v 0.467692 -0.400437 -1.018532
v 0.450712 -0.390339 -1.028070
v 0.430916 -0.562742 -1.072410
v 0.466302 -0.460197 -1.115290
v 0.544040 -0.527183 -1.030701
v 0.431438 -0.407908 -1.029947
v 0.532913 -0.373430 -0.808144
v 0.526625 -0.329804 -0.833143
v 0.492673 -0.320111 -0.855968
v 0.473506 -0.294714 -0.878748
v 0.434873 -0.309004 -0.892147
v 0.404141 -0.353771 -0.886222
v 0.463548 -0.432488 -0.815619
v 0.569220 -0.399716 -0.901348
v 0.560591 -0.388851 -0.914917
v 0.560059 -0.381515 -0.918865
v 0.511324 -0.338634 -0.887473
v 0.485181 -0.354993 -0.966768
v 0.449068 -0.389264 -0.964624
v 0.514061 -0.349226 -0.955914
v 0.475506 -0.430565 -0.926800
v 0.520637 -0.373806 -0.941077
v 0.497113 -0.473214 -0.898366
v 0.452355 -0.468989 -0.794480
v 0.518048 -0.456491 -0.768309
v 0.559685 -0.401346 -0.777294
v 0.517940 -0.360139 -0.820541
v 0.498196 -0.361420 -0.829746
v 0.476897 -0.354248 -0.844310
v 0.432763 -0.398380 -0.842542
v 0.429589 -0.430449 -0.826766
v 0.541013 -0.527415 -0.972436
v 0.550662 -0.545063 -0.958377
v 0.571296 -0.544174 -0.956549
v 0.549034 -0.476603 -1.002638
v 0.563920 -0.460204 -1.001822
v 0.576735 -0.469941 -0.988770
v 0.590797 -0.456584 -0.968955
v 0.629376 -0.482392 -0.945626
v 0.629432 -0.495527 -0.940122
v 0.600858 -0.544761 -0.942929
v 0.522886 -0.499231 -0.995580
v 0.493242 -0.487069 -0.944074
v 0.527370 -0.483224 -0.999766
v 0.618892 -0.475739 -0.923402
v 0.546601 -0.410523 -0.926380
v 0.573814 -0.448653 -0.831013
v 0.577651 -0.443768 -0.833949
v 0.581657 -0.427111 -0.826279
v 0.530956 -0.519784 -0.981654
v 0.577486 -0.423417 -0.838063
v 0.450767 -0.399869 -1.026828
v 0.812729 -0.502301 0.295238
v 0.668069 -0.476526 0.527061
v 0.609547 -0.657519 -0.442856
v 0.723607 -0.447220 -0.525725
v -0.831051 -0.502299 0.238853
v -0.894426 -0.447216 0.000000
v 0.956626 0.251149 -0.147618
v 0.894426 0.447216 0.000000
v -0.956626 -0.251149 0.147618
v 0.232822 0.657519 -0.716563
v 0.220007 0.419599 -0.851908
v 0.550047 -0.439452 0.676296
v 0.262869 -0.525738 0.809012
v 0.812729 -0.502301 -0.295238
v 0.850648 -0.525736 0.000000
v 0.203181 -0.967950 -0.147618
v 0.425323 -0.850654 -0.309011
v -0.780293 -0.571266 -0.051618
v -0.525730 -0.850652 0.000000
v -0.251147 -0.967949 0.000000
v -0.483971 -0.502302 0.716565
v -0.688189 -0.525736 0.499997
v 0.687159 -0.251152 0.681715
v -0.723607 0.447220 0.525725
v -0.860698 0.251151 0.442858
v -0.951058 -0.000000 0.309013
v 0.436007 0.251152 -0.864188
v 0.831051 0.502299 0.238853
v 0.688189 0.525736 0.499997
v -0.812729 0.502301 0.295238
v 0.077607 0.967950 0.238853
v 0.162456 0.850654 0.499995
v 0.232822 0.657519 0.716563
v 0.162456 0.850654 -0.499995
v 0.765458 0.605660 0.027705
v 0.838714 0.459149 -0.197752
v -0.361804 0.723612 -0.587778
v -0.561167 0.684741 -0.407145
v 0.009110 0.695992 -0.682332
v -0.425323 0.850654 -0.309011
v 0.079452 0.505699 -0.831458
v -0.482940 0.845604 0.030972
v -0.670817 0.723611 -0.162457
v -0.670817 0.723611 0.162457
v -0.203181 0.967950 0.147618
v -0.399674 0.852856 0.255424
v -0.090846 0.894343 0.378120
v 0.008219 0.696211 0.683019
v -0.217214 0.487928 0.816998
v 0.029639 0.502302 0.864184
v 0.638194 0.723610 0.262864
v 0.361800 0.894429 0.262863
v 0.447209 0.723612 0.525728
v 0.951058 0.000000 -0.309013
v 0.861804 0.276396 -0.425322
v 0.825810 -0.297725 -0.427617
v 0.685116 -0.299114 -0.628709
v 0.233444 0.181061 -0.923492
v -0.139531 0.217117 -0.940299
v 0.000000 0.000000 -1.000000
v -0.309016 -0.000000 -0.951057
v -0.412053 0.217733 -0.855141
v -0.587786 -0.000000 -0.809017
v -0.947213 0.276397 0.162458
v -0.934570 -0.268956 -0.094725
v -1.000000 0.000001 0.000000
v -0.447216 0.276397 0.850648
v -0.533859 -0.024426 0.817002
v -0.138199 0.276397 0.951055
v -0.383246 -0.052154 0.886786
v -0.436007 -0.251152 0.864188
v -0.155215 -0.251152 0.955422
v 0.000000 -0.000000 1.000000
v 0.309017 -0.000000 -0.951056
v 0.553149 -0.506022 -0.625715
v -0.436007 -0.251152 -0.864188
v -0.670819 -0.276397 -0.688191
v -0.483971 -0.502302 -0.716565
v -0.688189 -0.525736 -0.499997
v -0.816038 -0.506019 -0.180843
v -0.670819 -0.276397 0.688191
v 0.309017 0.000000 0.951056
v 0.447216 -0.276398 0.850648
v 0.138199 -0.276398 0.951055
v 0.947213 -0.276396 -0.162458
v 1.000000 0.000000 0.000000
v 0.947213 -0.276396 0.162458
v 0.138197 -0.894429 -0.425321
v 0.361803 -0.723612 -0.587779
v -0.638195 -0.723609 -0.262863
v -0.077607 -0.967950 -0.238853
v -0.361801 -0.894429 -0.262863
v -0.483069 -0.692608 -0.488385
v -0.447211 -0.723610 0.525729
v -0.654266 -0.668446 0.279772
v 0.670818 -0.723610 0.162458
v 0.635292 -0.605987 0.428305
vn 0.0482 -0.9878 0.1482
vn 0.7658 -0.5012 0.4029
vn -0.1261 -0.9878 -0.0916
vn 0.0482 -0.9878 -0.1482
vn 0.8193 -0.3987 0.4121
vn -0.1387 -0.3987 0.9065
vn -0.9050 -0.3987 0.1482
vn -0.4206 -0.3987 -0.8149
vn 0.6751 -0.4392 -0.5927
vn 0.7711 -0.3024 0.5603
vn -0.2945 -0.3024 0.9065
vn -0.9140 -0.4023 0.0533
vn -0.2945 -0.3024 -0.9065
vn 0.7613 -0.3733 -0.5301
vn 0.3427 0.5545 0.7583
vn 0.2180 0.5478 -0.8077
vn 0.8060 0.5805 -0.1153
vn 0.4911 0.7947 -0.3568
vn 0.3338 0.8363 -0.4350
vn 0.2860 0.7594 -0.5843
vn 0.5406 0.7748 -0.3278
vn 0.7946 -0.4911 0.3569
vn -0.6837 0.1661 0.7106
vn 0.3936 0.6369 -0.6628
vn 0.3427 0.5545 -0.7583
vn 0.1432 0.9184 0.3688
vn -0.7755 0.4793 -0.4109
vn 0.1329 0.7611 -0.6349
vn -0.4802 0.4817 -0.7331
vn -0.2627 0.9158 -0.3039
vn -0.0144 0.8363 -0.5481
vn -0.1876 0.7947 -0.5773
vn -0.3105 0.8363 -0.4519
vn -0.4501 0.7703 -0.4517
vn 0.0619 0.6297 -0.7744
vn -0.1026 0.5955 -0.7968
vn -0.2287 0.6726 -0.7038
vn -0.3854 0.5955 -0.7049
vn -0.5087 0.6369 -0.5792
vn 0.1141 0.9059 0.4079
vn -0.1558 0.9878 -0.0000
vn -0.3702 0.9158 -0.1560
vn -0.5932 0.7488 -0.2956
vn -0.2885 0.9575 -0.0000
vn -0.3635 0.9257 0.1049
vn -0.4893 0.8614 -0.1362
vn -0.6125 0.7903 -0.0115
vn -0.5201 0.8379 0.1659
vn -0.5749 0.7594 0.3046
vn -0.0512 0.9388 -0.3406
vn 0.9039 0.4161 -0.0988
vn -0.7400 0.6726 -0.0000
vn -0.7895 0.5955 0.1487
vn -0.7081 0.6369 0.3049
vn -0.7230 0.5545 0.4121
vn -0.0482 0.9878 0.1482
vn -0.2629 0.8956 0.3588
vn -0.4674 0.7594 0.4526
vn -0.0983 0.9611 0.2581
vn 0.0436 0.9117 0.4085
vn -0.3105 0.8363 0.4519
vn -0.1876 0.7947 0.5773
vn -0.0840 0.8229 0.5620
vn 0.1158 0.7673 0.6307
vn -0.4433 0.5406 -0.7150
vn -0.6815 0.5389 0.4951
vn -0.2287 0.6726 0.7038
vn -0.1316 0.6331 0.7628
vn 0.0712 0.6222 0.7796
vn 0.1685 0.5545 0.8149
vn 0.1261 0.9878 0.0916
vn 0.2079 0.9158 0.3438
vn 0.2860 0.7594 0.5843
vn 0.2334 0.9575 0.1696
vn -0.2092 0.9749 0.0766
vn 0.3338 0.8363 0.4350
vn 0.5184 0.7914 0.3239
vn 0.5168 0.8363 0.1830
vn 0.6441 0.7594 0.0915
vn 0.3936 0.6369 0.6628
vn 0.5513 0.5955 0.5843
vn 0.5984 0.6728 0.4350
vn 0.7362 0.5864 0.3378
vn 0.7175 0.6746 0.1734
vn 0.8535 0.5118 0.0975
vn 0.9293 0.3553 -0.1005
vn 0.9386 0.1594 -0.3059
vn 0.8883 -0.0784 -0.4526
vn 0.8987 0.3497 -0.2646
vn -0.8033 0.4647 -0.3726
vn 0.8869 0.0962 -0.4519
vn 0.7947 0.1876 -0.5773
vn -0.4145 0.5846 -0.6975
vn -0.5839 -0.3701 0.7225
vn 0.7972 -0.1702 -0.5792
vn 0.7049 -0.0784 -0.7049
vn 0.7038 0.0962 -0.7038
vn 0.5785 0.1745 -0.7968
vn 0.5379 0.3485 -0.7676
vn 0.4206 0.3987 -0.8149
vn 0.0380 0.2892 -0.9565
vn 0.0683 0.2572 -0.9639
vn -0.1560 -0.0784 -0.9846
vn 0.0160 0.3485 -0.9372
vn -0.5247 -0.5408 0.6574
vn -0.1576 0.0687 -0.9851
vn -0.2914 0.2059 -0.9342
vn -0.3427 -0.4702 -0.8133
vn -0.6632 0.1764 0.7274
vn -0.3045 -0.1702 -0.9372
vn -0.4526 -0.0784 -0.8883
vn -0.4532 0.0766 -0.8881
vn -0.5791 0.1745 -0.7964
vn 0.6792 -0.5667 -0.4664
vn -0.6723 0.5894 0.4479
vn 0.0825 0.8765 -0.4744
vn -0.6731 -0.4608 0.5785
vn -0.9846 -0.0784 -0.1560
vn 0.0742 -0.9866 0.1455
vn -0.8486 0.4275 -0.3117
vn -0.9831 0.0962 -0.1557
vn -0.9822 0.1876 -0.0000
vn -0.9325 0.3611 -0.0000
vn -0.8857 0.4399 0.1487
vn -0.9880 -0.1535 -0.0182
vn -0.9786 -0.0955 0.1822
vn -0.9853 0.1130 0.1280
vn -0.9302 0.1582 0.3313
vn -0.8928 0.3494 0.2842
vn -0.8151 0.3893 0.4291
vn -0.5728 0.6326 0.5213
vn -0.5791 0.1745 0.7964
vn -0.4290 -0.0625 0.9011
vn 0.2880 -0.5255 -0.8006
vn -0.9910 -0.1230 -0.0528
vn -0.4083 0.0723 0.9100
vn -0.2630 0.0840 0.9611
vn -0.3098 0.3732 0.8745
vn -0.1052 0.4258 0.8987
vn -0.3069 -0.1164 0.9446
vn -0.2234 0.0340 0.9741
vn -0.1557 0.0962 0.9831
vn 0.0004 0.1745 0.9846
vn 0.0160 0.3485 0.9372
vn 0.1387 0.3987 0.9065
vn -0.1258 0.9920 -0.0113
vn -0.2442 -0.8890 0.3874
vn -0.2005 0.7241 0.6600
vn -0.6707 -0.3402 0.6591
vn 0.2007 0.3722 0.9062
vn -0.9560 -0.2553 -0.1447
vn 0.9726 0.1503 0.1771
vn -0.6585 -0.2149 0.7212
vn 0.8039 0.4399 0.4003
vn 0.6245 0.4731 -0.6214
vn -0.9032 -0.3142 -0.2923
vn 0.7042 -0.4922 -0.5117
vn -0.0615 0.9919 -0.1112
vn 0.8963 0.3485 0.2744
vn 0.9050 0.3987 0.1482
vn 0.2433 0.2913 -0.9252
vn 0.4526 0.0784 -0.8883
vn 0.8139 -0.2086 0.5423
vn 0.3039 0.1723 -0.9370
vn 0.1420 0.1286 -0.9815
vn 0.4519 -0.0962 -0.8869
vn 0.6892 -0.5180 -0.5066
vn 0.1557 -0.0962 -0.9831
vn -0.0004 -0.1745 -0.9846
vn 0.3310 -0.4672 -0.8198
vn -0.5315 0.5956 0.6023
vn -0.2618 -0.1805 -0.9481
vn -0.8643 0.3323 -0.3777
vn -0.1705 -0.9099 -0.3781
vn -0.0836 -0.9613 0.2624
vn 0.7396 -0.5393 0.4028
vn -0.7049 0.0784 -0.7049
vn -0.5785 -0.1745 -0.7968
vn 0.9976 0.0685 -0.0000
vn 0.9397 0.3337 -0.0751
vn -0.7038 -0.0962 -0.7038
vn -0.7947 -0.1876 -0.5774
vn 0.8644 -0.2448 0.4391
vn -0.9366 -0.1745 -0.3039
vn -0.5163 -0.3624 -0.7759
vn -0.6464 -0.4413 -0.6224
vn -0.7544 -0.3611 -0.5481
vn -0.8039 -0.4399 -0.4003
vn -0.8963 -0.3485 -0.2744
vn -0.9048 -0.4078 -0.1229
vn 0.1939 -0.9805 0.0307
vn -0.1305 -0.8888 0.4394
vn 0.3842 0.3923 0.8357
vn 0.9485 0.2482 0.1967
vn -0.7049 0.0784 0.7049
vn 0.1490 -0.9829 0.1083
vn 0.6442 0.5244 0.5568
vn -0.7038 -0.0962 0.7038
vn -0.5772 -0.1735 0.7979
vn -0.8963 -0.3485 0.2744
vn -0.8039 -0.4399 0.4003
vn -0.7544 -0.3611 0.5481
vn -0.6291 -0.4399 0.6409
vn -0.5379 -0.3485 0.7676
vn -0.4206 -0.3987 0.8149
vn -0.0586 -0.4592 -0.8864
vn 0.1560 0.0784 0.9846
vn 0.0128 -0.2242 0.9745
vn -0.8279 0.2810 -0.4854
vn 0.5552 0.5684 -0.6072
vn 0.1461 -0.0899 0.9852
vn 0.3319 -0.2048 0.9208
vn 0.4519 -0.0962 0.8869
vn 0.5791 -0.1745 0.7964
vn -0.0160 -0.3485 0.9372
vn 0.1323 -0.4399 0.8883
vn 0.2620 -0.3434 0.9019
vn 0.4340 -0.4546 0.7778
vn 0.5409 -0.3202 0.7778
vn 0.6658 -0.4045 0.6270
vn 0.9532 0.3024 -0.0000
vn 0.5092 0.7421 0.4360
vn 0.9363 -0.1745 0.3046
vn 0.9854 0.1702 -0.0000
vn 0.9848 0.1230 -0.1223
vn 0.9831 -0.0962 0.1557
vn 0.9761 -0.2127 -0.0448
vn 0.9599 -0.1984 -0.1980
vn 0.9363 -0.1745 -0.3046
vn 0.8864 -0.3485 0.3049
vn 0.8784 -0.4376 0.1921
vn 0.9344 -0.3556 -0.0236
vn 0.9005 -0.4146 -0.1314
vn 0.9368 -0.2621 -0.2319
vn 0.7459 -0.4778 -0.4640
vn 0.7045 -0.5095 -0.4941
vn 0.4874 -0.7612 -0.4278
vn 0.2757 -0.9176 -0.2864
vn 0.4900 -0.6367 -0.5954
vn 0.3854 -0.5955 -0.7049
vn 0.3047 -0.8268 -0.4727
vn 0.1876 -0.7947 -0.5773
vn 0.2287 -0.6726 -0.7038
vn -0.2835 -0.4247 -0.8598
vn 0.0891 -0.9575 -0.2744
vn -0.0339 -0.9158 -0.4003
vn 0.0144 -0.8363 -0.5481
vn -0.1121 -0.7594 -0.6409
vn 0.2311 0.2724 0.9340
vn -0.1302 -0.2289 -0.9647
vn -0.3427 -0.5545 -0.7583
vn -0.2860 -0.7594 -0.5843
vn -0.2079 -0.9158 -0.3438
vn -0.3936 -0.6369 -0.6628
vn -0.5247 -0.6031 -0.6008
vn -0.3338 -0.8363 -0.4350
vn -0.5060 -0.7967 -0.3304
vn -0.6526 -0.6792 -0.3359
vn -0.7261 -0.5955 -0.3438
vn -0.2560 -0.9443 -0.2067
vn -0.4022 -0.9121 -0.0799
vn -0.5255 -0.8259 -0.2044
vn -0.6888 -0.7156 -0.1159
vn -0.7004 -0.6961 -0.1577
vn -0.8447 -0.5340 -0.0360
vn -0.8551 -0.5163 0.0482
vn -0.6441 -0.7594 0.0915
vn -0.3912 -0.9158 0.0915
vn -0.7239 -0.6859 0.0741
vn -0.7415 -0.5697 0.3545
vn -0.5168 -0.8363 0.1830
vn -0.4911 -0.7947 0.3568
vn -0.5940 -0.6877 0.4175
vn -0.5613 -0.5778 0.5926
vn 0.5315 -0.2583 0.8067
vn 0.4391 0.8912 -0.1141
vn 0.4463 -0.4953 0.7453
vn -0.1371 -0.8963 -0.4218
vn -0.3936 -0.6369 0.6628
vn -0.3427 -0.5545 0.7583
vn 0.7230 -0.5545 -0.4121
vn 0.7895 -0.5955 -0.1487
vn 0.8026 -0.5852 0.1153
vn 0.7081 -0.6369 -0.3049
vn 0.5749 -0.7594 -0.3046
vn 0.7400 -0.6726 -0.0000
vn -0.5593 0.3273 0.7616
vn 0.9486 0.2025 0.2431
vn 0.8642 -0.2445 0.4397
vn 0.7117 -0.6298 0.3112
vn -0.6313 0.0372 -0.7746
vn -0.2303 -0.9586 0.1673
vn 0.3702 -0.9158 0.1560
vn 0.2885 -0.9575 -0.0000
vn 0.1558 -0.9878 -0.0000
vn -0.1685 -0.5545 0.8149
vn 0.9244 0.2760 0.2633
vn -0.0339 -0.9158 0.4003
vn 0.0476 0.3727 0.9267
vn 0.6038 -0.3292 -0.7260
vn -0.3404 -0.9398 0.0308
vn 0.4945 -0.0334 -0.8685
vn -0.9627 -0.2558 -0.0883
vn 0.3854 -0.5955 0.7049
vn 0.0891 -0.9575 0.2743
vn 0.2627 -0.9158 0.3039
vn -0.2760 -0.4248 -0.8622
vn -0.1691 -0.2735 -0.9469
vn 0.5087 -0.6369 0.5792
vn 0.5567 -0.5883 0.5865
vn -0.1261 -0.9878 0.0916
vn -0.6153 0.5545 0.5603
vn -0.7230 0.5545 -0.4121
vn 0.1261 0.9878 -0.0916
vn 0.3912 0.9158 -0.0915
vn 0.6441 0.7594 -0.0915
vn 0.2334 0.9575 -0.1696
vn 0.2079 0.9158 -0.3438
vn 0.5168 0.8363 -0.1830
vn 0.7520 0.6369 -0.1696
vn 0.7261 0.5955 -0.3438
vn 0.5987 0.6726 -0.4350
vn 0.5513 0.5955 -0.5843
vn -0.0482 0.9878 -0.1482
vn 0.0339 0.9158 -0.4003
vn -0.0891 0.9575 -0.2743
vn -0.6153 0.5545 -0.5603
vn -0.7081 0.6369 -0.3049
vn -0.7895 0.5955 -0.1487
vn -0.5087 0.6369 0.5792
vn -0.3854 0.5955 0.7049
vn 0.3912 0.9158 0.0915
vn 0.8039 0.4399 -0.4003
vn 0.7544 0.3611 -0.5481
vn 0.6291 0.4399 -0.6409
vn -0.1323 0.4399 -0.8883
vn -0.2882 0.3611 -0.8869
vn -0.4151 0.4399 -0.7964
vn -0.5638 0.3485 -0.7488
vn -0.6451 0.3987 -0.6519
vn -0.8193 0.3987 -0.4121
vn -0.9363 0.1745 -0.3046
vn -0.8864 0.3485 -0.3049
vn -0.8857 0.4399 -0.1487
vn -0.6451 0.3987 0.6519
vn -0.5638 0.3485 0.7488
vn -0.4151 0.4399 0.7964
vn 0.4206 0.3987 0.8149
vn 0.5785 0.1745 0.7968
vn 0.7049 -0.0784 0.7049
vn 0.5379 0.3485 0.7676
vn 0.6291 0.4399 0.6409
vn 0.7038 0.0962 0.7038
vn 0.7947 0.1876 0.5773
vn 0.7544 0.3611 0.5481
vn 0.7972 -0.1702 0.5792
vn 0.8883 -0.0784 0.4526
vn 0.8869 0.0962 0.4519
vn 0.9366 0.1745 0.3039
vn 0.5791 -0.1745 -0.7964
vn 0.3035 -0.1876 -0.9342
vn 0.5638 -0.3485 -0.7488
vn 0.4151 -0.4399 -0.7964
vn 0.2882 -0.3611 -0.8869
vn 0.1323 -0.4399 -0.8883
vn -0.0160 -0.3485 -0.9372
vn -0.1387 -0.3987 -0.9065
vn -0.7711 0.3024 -0.5603
vn -0.7972 0.1702 -0.5792
vn -0.8883 0.0784 -0.4526
vn -0.8869 -0.0962 -0.4519
vn -0.7711 0.3024 0.5603
vn -0.8883 0.0784 0.4526
vn -0.9366 -0.1745 0.3039
vn -0.7972 0.1702 0.5792
vn -0.8869 -0.0962 0.4519
vn -0.7947 -0.1876 0.5774
vn 0.2945 0.3024 0.9065
vn 0.3045 0.1702 0.9372
vn 0.4526 0.0784 0.8883
vn 0.9846 0.0784 0.1560
vn 0.1026 -0.5955 -0.7968
vn -0.0711 -0.6369 -0.7676
vn -0.1685 -0.5545 -0.8149
vn -0.2334 -0.9575 0.1696
vn -0.2079 -0.9158 0.3438
vn -0.3338 -0.8363 0.4350
vn -0.2860 -0.7594 0.5843
vn 0.6071 -0.7947 -0.0000
vn 0.5257 -0.8363 -0.1557
vn 0.3702 -0.9158 -0.1559
vn 0.5749 -0.7594 0.3046
vn 0.5257 -0.8363 0.1557
vn -0.1121 -0.7594 0.6409
vn -0.0711 -0.6369 0.7676
vn 0.1026 -0.5955 0.7968
vn 0.0144 -0.8363 0.5481
vn 0.1876 -0.7947 0.5773
vn 0.2287 -0.6726 0.7038
vn 0.3105 -0.8363 0.4519
vn 0.4674 -0.7594 0.4526
vn -0.2172 0.9331 -0.2867
vn -0.1356 -0.8253 -0.5482
vn 0.4168 -0.4862 0.7680
vn -0.6414 0.6263 -0.4431
vn -0.3978 0.0854 -0.9135
vn -0.4204 -0.6034 0.6776
vn -0.8873 -0.0522 0.4583
vn 0.1897 0.3482 0.9180
vn 0.2629 0.6640 0.7000
vn -0.1897 -0.8251 -0.5323
vn -0.3584 -0.3383 -0.8701
vn 0.1972 0.7776 0.5971
vn 0.3793 0.0855 0.9213
vn 0.3456 -0.6523 0.6746
vn -0.1638 -0.8940 -0.4171
vn 0.1246 -0.9714 0.2022
vn 0.4150 -0.3095 0.8555
vn -0.9123 -0.0966 0.3979
vn -0.0730 0.9229 0.3781
vn -0.9035 -0.1259 0.4097
vn -0.4901 0.1802 -0.8528
vn 0.1940 -0.7656 0.6134
vn 0.1708 0.0478 0.9842
vn -0.5422 0.1253 -0.8309
vn -0.7826 -0.1898 0.5929
vn -0.3834 -0.5007 -0.7761
vn 0.3923 0.3494 0.8509
vn 0.2880 -0.7511 0.5940
vn 0.1330 0.8426 0.5218
vn 0.2702 -0.8602 0.4325
vn -0.3013 0.9121 -0.2780
vn -0.1010 -0.9541 -0.2821
vn -0.4923 0.4238 -0.7603
vn 0.4040 -0.4152 0.8151
vn 0.2367 -0.4396 0.8665
vn -0.5955 -0.0193 -0.8031
vn -0.9677 -0.1391 0.2100
vn -0.7420 -0.3900 0.5452
vn 0.9324 -0.3324 -0.1416
vn 0.8554 -0.4115 -0.3146
vn -0.8064 -0.4861 0.3368
vn 0.1386 0.8267 0.5453
vn -0.3036 0.0462 0.9517
vn 0.4311 -0.3489 0.8321
vn 0.3493 0.4133 0.8409
vn -0.6807 -0.7300 -0.0622
vn 0.8147 -0.0103 0.5797
vn 0.2087 0.8827 -0.4210
vn -0.5725 -0.6723 0.4693
vn 0.1661 -0.7914 0.5883
vn -0.0437 0.9188 0.3923
vn -0.5798 0.4650 0.6691
vn -0.5940 0.5740 -0.5636
vn -0.7020 0.2171 -0.6783
vn 0.7782 -0.0041 0.6280
vn 0.4870 -0.5297 0.6944
vn -0.7717 0.0750 -0.6316
vn 0.1285 -0.6509 0.7482
vn 0.4699 -0.5389 0.6991
vn 0.0467 0.0866 0.9951
vn 0.3557 0.8832 -0.3058
vn -0.7398 -0.1162 0.6627
vn -0.6298 0.4101 0.6597
vn -0.8526 0.4621 0.2441
vn 0.3760 -0.6648 0.6455
vn -0.1737 0.7315 -0.6594
vn 0.7959 0.4986 0.3435
vn -0.5999 0.7201 0.3487
vn -0.1728 -0.8229 0.5413
vn -0.2593 -0.8643 0.4310
vn -0.7919 -0.5004 -0.3499
vn -0.9439 0.1174 0.3085
vn -0.6082 -0.7936 0.0193
vn -0.1120 0.3952 0.9117
vn 0.3241 -0.6074 0.7252
vn -0.5158 0.5416 0.6638
vn -0.7725 -0.3570 -0.5252
vn 0.3053 0.8688 -0.3898
vn 0.4619 -0.3352 0.8212
vn -0.8539 -0.4000 -0.3328
vn -0.8138 -0.4490 -0.3689
vn -0.8239 0.1778 0.5381
vn -0.7748 0.1600 0.6116
vn -0.5033 0.6774 -0.5365
vn 0.2059 0.8761 -0.4360
vn -0.2615 0.7432 0.6159
vn 0.7724 0.4694 0.4278
vn 0.0539 -0.7613 0.6462
vn -0.4549 0.5056 0.7331
vn 0.5357 -0.5219 -0.6639
vn -0.9263 0.1715 0.3355
vn -0.6376 -0.7659 0.0824
vn -0.0619 0.4452 0.8933
vn 0.3273 -0.5827 0.7439
vn -0.4688 0.5952 0.6526
vn -0.8052 -0.3512 -0.4779
vn 0.3242 0.8347 -0.4452
vn 0.4791 -0.3118 0.8205
vn -0.8809 -0.3810 -0.2808
vn -0.8441 -0.4333 -0.3157
vn -0.7954 0.2385 0.5571
vn -0.7443 0.2225 0.6297
vn -0.4963 0.6694 -0.5528
vn 0.2234 0.8437 -0.4882
vn -0.2088 0.7835 0.5853
vn 0.8058 0.4584 0.3749
vn 0.0484 -0.7291 0.6827
vn -0.4067 0.5603 0.7215
vn -0.9462 -0.0716 -0.3156
vn 0.3688 0.5563 0.7447
vn 0.8964 -0.3303 -0.2956
vn -0.0956 -0.6013 -0.7933
vn -0.3719 0.6686 0.6439
vn -0.1127 -0.7571 0.6435
vn 0.2974 -0.6156 -0.7298
vn 0.8961 -0.3598 0.2597
vn 0.9184 0.2076 0.3367
vn 0.0469 -0.5873 -0.8080
vn 0.8158 -0.3954 -0.4220
vn -0.7502 0.5216 0.4064
vn -0.5054 0.6073 0.6130
vn -0.6418 0.5668 0.5166
vn -0.6986 0.5697 0.4329
vn -0.7777 -0.3868 -0.4955
vn -0.9846 -0.0225 -0.1733
vn 0.2956 0.7276 0.6191
vn 0.0285 -0.9045 -0.4255
vn -0.2925 0.2359 0.9267
vn -0.9291 0.1564 -0.3352
vn 0.0456 -0.0389 0.9982
vn 0.2719 0.1247 0.9542
vn 0.5561 -0.2760 -0.7840
vn 0.9530 -0.2229 0.2053
vn -0.0093 0.1760 0.9843
vn 0.9271 -0.1706 0.3337
vn 0.4547 -0.3747 -0.8080
vn 0.2925 -0.2359 -0.9267
vn 0.6528 -0.6478 0.3927
vn -0.1406 -0.3201 0.9369
vn -0.2292 -0.9633 0.1400
vn -0.9618 0.1856 -0.2012
vn 0.4748 -0.0930 0.8752
vn 0.1724 -0.6246 -0.7616
vn 0.6468 -0.1801 0.7411
vn 0.3525 -0.0564 0.9341
vn 0.6740 -0.2783 0.6843
vn -0.4335 0.3818 0.8163
vn 0.9202 -0.3227 -0.2214
vn -0.0342 -0.3464 -0.9374
vn 0.6812 0.0961 0.7258
vn -0.9424 0.0655 -0.3281
vn 0.6904 -0.3726 -0.6201
vn 0.9543 -0.2485 0.1660
vn 0.4603 -0.4770 -0.7487
vn -0.5814 -0.7792 -0.2341
vn -0.9240 0.0461 -0.3795
vn 0.7075 -0.5392 0.4569
vn -0.0424 -0.7559 0.6533
vn 0.5489 -0.2274 0.8043
vn -0.9028 0.1024 0.4177
vn -0.2410 -0.9175 0.3166
vn -0.2149 -0.8780 -0.4277
vn -0.0810 0.9264 0.3678
vn -0.0293 -0.8979 -0.4393
vn -0.6756 -0.1538 0.7211
vn -0.1640 -0.9535 -0.2528
vn -0.6889 -0.3827 0.6156
vn -0.2636 -0.9250 -0.2736
vn -0.5087 0.5405 0.6701
vn 0.0133 -0.7423 -0.6700
vn 0.3599 0.9330 0.0060
vn -0.8984 0.0960 -0.4286
vn 0.7088 0.4760 -0.5206
vn -0.3328 0.6943 0.6381
vn 0.5928 0.1666 -0.7879
vn -0.2973 0.7756 0.5568
vn 0.5837 0.1079 -0.8048
vn -0.3995 0.6244 0.6712
vn -0.4573 0.4052 0.7916
vn -0.4749 0.3748 0.7962
vn -0.9688 -0.2477 0.0060
vn -0.8206 -0.1648 0.5472
vn -0.8329 0.1511 -0.5324
vn -0.0209 0.1314 -0.9911
vn -0.9088 0.0914 -0.4070
vn -0.8313 0.1962 -0.5200
vn 0.2673 -0.6199 -0.7378
vn -0.7489 -0.6601 -0.0583
vn -0.7623 0.4652 -0.4499
vn 0.4792 0.7263 -0.4928
vn -0.6501 0.6779 0.3433
vn -0.9572 0.2780 -0.0807
vn -0.8462 -0.0367 -0.5316
vn 0.0560 0.3225 -0.9449
vn 0.0854 0.9953 -0.0466
vn 0.5712 0.7755 -0.2689
vn 0.0597 -0.8167 -0.5740
vn 0.5210 -0.1044 -0.8471
vn -0.9773 0.0366 -0.2085
vn -0.7760 0.0836 -0.6252
vn -0.6514 0.6656 -0.3642
vn 0.0437 0.9987 -0.0258
vn -0.1887 0.2249 0.9559
vn 0.0319 0.1855 0.9821
vn -0.2237 -0.1636 -0.9608
vn -0.2242 -0.1637 -0.9607
vn 0.3131 0.0341 -0.9491
vn 0.6307 -0.0512 -0.7743
vn 0.9027 -0.0012 0.4303
vn 0.3053 0.1304 0.9433
vn -0.2767 0.1602 0.9475
vn -0.3409 0.8162 0.4664
vn 0.1828 0.9751 -0.1255
vn 0.5531 0.8324 -0.0334
vn -0.0817 0.9556 -0.2831
vn -0.0138 0.6493 0.7604
vn -0.4096 0.2303 0.8827
vn -0.3120 0.2257 0.9229
vn -0.5518 0.1022 0.8277
vn 0.1327 0.9744 -0.1813
vn -0.9764 0.0578 0.2080
vn 0.1945 0.1171 0.9739
vn 0.9294 -0.0050 -0.3690
vn 0.2944 0.9485 -0.1172
vn -0.6751 0.4572 -0.5789
vn -0.9615 0.1370 0.2383
vn -0.6075 0.1304 0.7835
vn 0.2544 0.8375 -0.4836
vn 0.5524 0.8277 -0.0985
vn -0.6084 -0.1567 -0.7780
vn 0.2321 -0.2343 -0.9441
vn 0.2848 0.9494 0.1323
vn -0.1197 0.8874 -0.4453
vn 0.3310 0.8976 -0.2913
vn 0.1815 0.8598 -0.4773
vn 0.5072 0.8537 -0.1184
vn 0.1412 0.9411 -0.3074
vn 0.1400 0.7685 -0.6244
vn 0.2152 -0.2088 -0.9540
vn 0.1782 0.8186 -0.5461
vn 0.0429 0.5914 -0.8052
vn 0.2330 -0.9532 -0.1925
vn -0.0863 -0.7872 -0.6106
vn 0.3037 -0.9471 0.1036
vn -0.0156 -0.9413 0.3373
vn -0.2766 -0.9439 0.1806
vn -0.2189 -0.4702 -0.8550
vn 0.7586 -0.3449 -0.5528
vn 0.8120 -0.3631 0.4570
vn -0.3703 -0.3158 0.8736
vn -0.9149 -0.3670 0.1682
vn 0.1410 -0.2025 -0.9691
vn 0.9189 -0.1278 -0.3732
vn 0.5862 -0.1053 0.8033
vn -0.6361 -0.0992 0.7652
vn -0.9710 -0.1821 -0.1549
vn 0.3222 0.6567 -0.6819
vn 0.6970 0.7093 -0.1051
vn 0.0863 0.7872 0.6106
vn -0.6378 0.6699 0.3802
vn -0.5061 0.5899 -0.6292
vn -0.5624 0.7180 -0.4102
vn -0.5096 0.5906 -0.6257
vn -0.3037 0.9471 -0.1036
vn -0.5547 0.8203 -0.1392
vn -0.7314 0.6760 0.0895
vn -0.2330 0.9532 0.1925
vn -0.4059 0.8167 0.4102
vn -0.2936 0.7275 0.6201
vn 0.1259 0.9810 0.1473
vn 0.2712 0.8974 0.3479
vn 0.5748 0.7782 0.2530
vn 0.2766 0.9439 -0.1806
vn 0.5330 0.7994 -0.2772
vn 0.5709 0.6477 -0.5046
vn 0.0156 0.9413 -0.3373
vn 0.0544 0.8091 -0.5851
vn -0.2040 0.7114 -0.6725
vn -0.8120 0.3631 -0.4570
vn -0.9668 0.1869 -0.1745
vn -0.9368 0.3398 0.0834
vn -0.7586 0.3449 0.5528
vn -0.6375 0.2197 0.7385
vn -0.4277 0.3916 0.8147
vn 0.2189 0.4702 0.8550
vn 0.5658 0.3073 0.7651
vn 0.7600 0.4602 0.4588
vn 0.9149 0.3670 -0.1682
vn 0.9015 0.1914 -0.3882
vn 0.7640 0.3169 -0.5620
vn 0.3703 0.3158 -0.8736
vn 0.1300 0.1668 -0.9774
vn -0.1818 0.3515 -0.9183
vn -0.9189 0.1278 0.3732
vn -0.9015 -0.1914 0.3882
vn -0.7640 -0.3169 0.5620
vn -0.1410 0.2025 0.9691
vn -0.1300 -0.1668 0.9774
vn 0.1818 -0.3515 0.9184
vn 0.9710 0.1821 0.1549
vn 0.9668 -0.1869 0.1745
vn 0.9368 -0.3398 -0.0834
vn 0.6361 0.0992 -0.7652
vn 0.6375 -0.2197 -0.7385
vn 0.4277 -0.3916 -0.8147
vn -0.5862 0.1053 -0.8033
vn -0.5658 -0.3073 -0.7651
vn -0.7600 -0.4602 -0.4589
vn -0.6971 -0.7093 0.1052
vn -0.5330 -0.7994 0.2772
vn -0.5709 -0.6477 0.5046
vn -0.3222 -0.6567 0.6819
vn -0.0544 -0.8091 0.5851
vn 0.4469 -0.5865 0.6756
vn 0.4749 -0.5857 0.6568
vn 0.2040 -0.7114 0.6725
vn 0.5624 -0.7180 0.4102
vn 0.5547 -0.8203 0.1392
vn 0.7314 -0.6760 -0.0894
vn -0.5748 -0.7782 -0.2530
vn -0.2712 -0.8974 -0.3479
vn -0.1259 -0.9810 -0.1473
vn 0.6378 -0.6699 -0.3802
vn 0.4059 -0.8167 -0.4102
vn 0.2936 -0.7275 -0.6201
vn 0.3067 -0.9255 -0.2220
vn 0.1648 -0.7117 -0.6829
vn 0.2699 -0.9612 0.0572
vn -0.0809 -0.9854 0.1500
vn -0.2546 -0.9642 -0.0736
vn 0.1183 -0.3601 -0.9254
vn 0.9125 -0.2930 -0.2855
vn 0.5987 -0.4644 0.6526
vn -0.6305 -0.4679 0.6193
vn -0.8837 -0.4051 -0.2346
vn 0.4807 -0.0666 -0.8744
vn 0.9954 -0.0916 -0.0281
vn 0.2635 -0.2453 0.9329
vn -0.8592 -0.2195 0.4622
vn -0.8355 -0.1574 -0.5264
vn 0.4877 0.7778 -0.3965
vn 0.6235 0.7384 0.2568
vn -0.1648 0.7117 0.6829
vn -0.7328 0.6461 0.2134
vn -0.2677 0.7108 -0.6504
vn -0.3917 0.8014 -0.4519
vn -0.2741 0.7109 -0.6477
vn -0.2699 0.9612 -0.0572
vn -0.4761 0.8576 -0.1944
vn -0.7149 0.6948 -0.0786
vn -0.3067 0.9255 0.2220
vn -0.5320 0.7763 0.3380
vn -0.5053 0.6606 0.5552
vn 0.0159 0.9512 0.3081
vn 0.0800 0.8480 0.5239
vn 0.3865 0.7497 0.5371
vn 0.2546 0.9642 0.0736
vn 0.5248 0.8492 0.0586
vn 0.6531 0.7417 -0.1529
vn 0.0809 0.9854 -0.1500
vn 0.2043 0.9046 -0.3742
vn 0.0121 0.8293 -0.5587
vn -0.5987 0.4644 -0.6526
vn -0.8407 0.2405 -0.4852
vn -0.9077 0.3619 -0.2126
vn -0.9125 0.2930 0.2855
vn -0.8649 0.1289 0.4851
vn -0.6975 0.2960 0.6526
vn -0.1183 0.3601 0.9254
vn 0.2376 0.1991 0.9507
vn 0.5110 0.4035 0.7590
vn 0.8837 0.4051 0.2346
vn 0.9669 0.2552 0.0009
vn 0.8886 0.4172 -0.1906
vn 0.6305 0.4679 -0.6193
vn 0.4543 0.3298 -0.8275
vn 0.1348 0.5150 -0.8465
vn -0.9954 0.0916 0.0281
vn -0.9669 -0.2552 -0.0008
vn -0.8886 -0.4172 0.1906
vn -0.4806 0.0666 0.8744
vn -0.4543 -0.3298 0.8275
vn -0.1348 -0.5150 0.8465
vn 0.8355 0.1574 0.5264
vn 0.8407 -0.2405 0.4852
vn 0.9077 -0.3619 0.2126
vn 0.8592 0.2195 -0.4622
vn 0.8649 -0.1289 -0.4851
vn 0.6975 -0.2960 -0.6526
vn -0.2636 0.2453 -0.9329
vn -0.2376 -0.1991 -0.9507
vn -0.5110 -0.4035 -0.7590
vn -0.6235 -0.7384 -0.2568
vn -0.5248 -0.8492 -0.0586
vn -0.6531 -0.7417 0.1529
vn -0.4877 -0.7778 0.3965
vn -0.2043 -0.9046 0.3742
vn 0.1952 -0.7139 0.6725
vn 0.2289 -0.7107 0.6652
vn -0.0121 -0.8293 0.5587
vn 0.3917 -0.8014 0.4520
vn 0.4761 -0.8576 0.1944
vn 0.7149 -0.6948 0.0786
vn -0.3865 -0.7497 -0.5371
vn -0.0800 -0.8480 -0.5239
vn -0.0159 -0.9512 -0.3081
vn 0.7328 -0.6461 -0.2134
vn 0.5320 -0.7763 -0.3380
vn 0.5053 -0.6606 -0.5552
vn 0.3100 -0.9503 0.0287
vn 0.4737 -0.7924 -0.3843
vn 0.1360 -0.9700 0.2016
vn -0.1730 -0.9816 0.0808
vn -0.1846 -0.9689 -0.1648
vn 0.6218 -0.4633 -0.6314
vn 0.8796 -0.3568 0.3148
vn 0.0973 -0.4967 0.8624
vn -0.8797 -0.4623 0.1115
vn -0.5959 -0.4366 -0.6740
vn 0.9106 -0.1403 -0.3886
vn 0.8211 -0.1268 0.5565
vn -0.3464 -0.2344 0.9083
vn -0.9703 -0.1942 -0.1441
vn -0.3946 -0.1894 -0.8991
vn 0.6212 0.7830 -0.0325
vn 0.3701 0.7757 0.5112
vn -0.4737 0.7924 0.3843
vn -0.6572 0.7059 -0.2640
vn 0.1784 0.7368 -0.6521
vn -0.0277 0.8287 -0.5590
vn 0.1714 0.7369 -0.6539
vn -0.1360 0.9700 -0.2016
vn -0.2261 0.8829 -0.4116
vn -0.4841 0.7415 -0.4647
vn -0.3100 0.9503 -0.0287
vn -0.5548 0.8294 -0.0662
vn -0.6680 0.7367 0.1052
vn -0.1148 0.9731 0.1999
vn -0.1876 0.9002 0.3931
vn 0.0350 0.8115 0.5833
vn 0.1846 0.9689 0.1648
vn 0.3972 0.8652 0.3061
vn 0.6143 0.7537 0.2333
vn 0.1731 0.9816 -0.0808
vn 0.3870 0.9059 -0.1718
vn 0.3451 0.8427 -0.4132
vn -0.0973 0.4967 -0.8624
vn -0.4053 0.2628 -0.8756
vn -0.5990 0.4067 -0.6898
vn -0.8796 0.3568 -0.3148
vn -0.9719 0.1912 -0.1377
vn -0.9217 0.3795 0.0805
vn -0.6218 0.4633 0.6314
vn -0.3585 0.2831 0.8895
vn -0.0025 0.4865 0.8737
vn 0.5959 0.4366 0.6740
vn 0.7928 0.2575 0.5524
vn 0.8344 0.4212 0.3555
vn 0.8797 0.4623 -0.1115
vn 0.8731 0.3108 -0.3756
vn 0.6233 0.5238 -0.5806
vn -0.8211 0.1268 -0.5565
vn -0.7928 -0.2575 -0.5524
vn -0.8344 -0.4212 -0.3555
vn -0.9106 0.1403 0.3886
vn -0.8731 -0.3108 0.3756
vn -0.6233 -0.5238 0.5806
vn 0.3946 0.1894 0.8991
vn 0.4053 -0.2628 0.8756
vn 0.5990 -0.4067 0.6898
vn 0.9703 0.1942 0.1441
vn 0.9719 -0.1912 0.1377
vn 0.9217 -0.3795 -0.0805
vn 0.3464 0.2344 -0.9083
vn 0.3585 -0.2831 -0.8895
vn 0.0025 -0.4866 -0.8736
vn -0.3701 -0.7757 -0.5112
vn -0.3972 -0.8652 -0.3061
vn -0.6143 -0.7538 -0.2334
vn -0.6212 -0.7830 0.0325
vn -0.3870 -0.9059 0.1718
vn -0.2511 -0.7373 0.6271
vn -0.2189 -0.7355 0.6412
vn -0.3451 -0.8427 0.4132
vn 0.0277 -0.8287 0.5590
vn 0.2261 -0.8829 0.4116
vn 0.4841 -0.7415 0.4647
vn -0.0350 -0.8115 -0.5833
vn 0.1876 -0.9002 -0.3931
vn 0.1148 -0.9731 -0.1999
vn 0.6573 -0.7059 0.2640
vn 0.5547 -0.8294 0.0662
vn 0.6680 -0.7367 -0.1052
vn 0.3455 -0.9314 0.1146
vn 0.5166 -0.8010 -0.3026
vn 0.1535 -0.9474 0.2808
vn -0.2102 -0.9687 0.1321
vn -0.2316 -0.9652 -0.1214
vn 0.6720 -0.4893 -0.5559
vn 0.8884 -0.2834 0.3611
vn 0.1378 -0.4176 0.8981
vn -0.9119 -0.4053 0.0654
vn -0.6436 -0.4288 -0.6339
vn 0.9457 -0.1485 -0.2891
vn 0.8306 -0.0709 0.5523
vn -0.3646 -0.1685 0.9158
vn -0.9672 -0.1762 -0.1828
vn -0.4532 -0.2305 -0.8611
vn 0.6842 0.7287 -0.0313
vn 0.4353 0.7626 0.4786
vn -0.5166 0.8010 0.3026
vn -0.7029 0.6245 -0.3405
vn 0.1955 0.6849 -0.7020
vn -0.0444 0.7776 -0.6272
vn 0.1944 0.6845 -0.7026
vn -0.1535 0.9474 -0.2808
vn -0.2633 0.8310 -0.4900
vn -0.5358 0.6572 -0.5301
vn -0.3455 0.9314 -0.1146
vn -0.6068 0.7789 -0.1588
vn -0.7190 0.6950 0.0066
vn -0.1128 0.9844 0.1349
vn -0.1903 0.9235 0.3331
vn 0.0744 0.8356 0.5443
vn 0.2316 0.9652 0.1214
vn 0.4629 0.8415 0.2786
vn 0.6734 0.7051 0.2222
vn 0.2102 0.9687 -0.1321
vn 0.4457 0.8725 -0.2001
vn 0.3917 0.8032 -0.4489
vn -0.1378 0.4176 -0.8981
vn -0.4600 0.1802 -0.8695
vn -0.6409 0.3143 -0.7003
vn -0.8884 0.2834 -0.3611
vn -0.9683 0.1507 -0.1993
vn -0.9418 0.3360 -0.0143
vn -0.6720 0.4893 0.5559
vn -0.3729 0.3402 0.8633
vn 0.0388 0.5309 0.8465
vn 0.6436 0.4288 0.6339
vn 0.8101 0.2549 0.5279
vn 0.8534 0.3854 0.3511
vn 0.9119 0.4053 -0.0654
vn 0.9152 0.2607 -0.3072
vn 0.6833 0.4657 -0.5624
vn -0.8306 0.0709 -0.5523
vn -0.8101 -0.2549 -0.5279
vn -0.8533 -0.3854 -0.3511
vn -0.9457 0.1485 0.2891
vn -0.9152 -0.2607 0.3072
vn -0.6832 -0.4657 0.5624
vn 0.4532 0.2305 0.8611
vn 0.4600 -0.1802 0.8695
vn 0.6409 -0.3143 0.7003
vn 0.9672 0.1762 0.1829
vn 0.9683 -0.1507 0.1993
vn 0.9418 -0.3360 0.0143
vn 0.3646 0.1685 -0.9158
vn 0.3729 -0.3402 -0.8633
vn -0.0388 -0.5309 -0.8465
vn -0.4352 -0.7626 -0.4786
vn -0.4629 -0.8415 -0.2786
vn -0.6734 -0.7051 -0.2222
vn -0.6842 -0.7287 0.0313
vn -0.4457 -0.8725 0.2001
vn -0.2676 -0.6863 0.6763
vn -0.2376 -0.6839 0.6898
vn -0.3917 -0.8032 0.4489
vn 0.0444 -0.7776 0.6272
vn 0.2633 -0.8310 0.4900
vn 0.5358 -0.6572 0.5301
vn -0.0744 -0.8356 -0.5443
vn 0.1903 -0.9235 -0.3331
vn 0.1128 -0.9844 -0.1349
vn 0.7029 -0.6245 0.3405
vn 0.6068 -0.7789 0.1588
vn 0.7190 -0.6950 -0.0066
vn 0.2170 -0.9523 0.2145
vn 0.5763 -0.8074 -0.1263
vn -0.0510 -0.9512 0.3043
vn -0.3261 -0.9453 0.0122
vn -0.2203 -0.9429 -0.2499
vn 0.8198 -0.4959 -0.2862
vn 0.6416 -0.3417 0.6867
vn -0.3160 -0.3901 0.8648
vn -0.8988 -0.3218 -0.2977
vn -0.3156 -0.3675 -0.8748
vn 0.9758 -0.2066 0.0716
vn 0.5029 -0.1285 0.8547
vn -0.7239 -0.1211 0.6792
vn -0.8253 -0.0998 -0.5557
vn -0.0169 -0.1852 -0.9826
vn 0.7035 0.6610 0.2611
vn 0.2201 0.7126 0.6662
vn -0.5763 0.8074 0.1263
vn -0.4604 0.6662 -0.5867
vn 0.5419 0.6254 -0.5614
vn 0.3065 0.7454 -0.5920
vn 0.5397 0.6256 -0.5634
vn 0.0510 0.9512 -0.3043
vn 0.0427 0.8319 -0.5533
vn -0.2048 0.6806 -0.7035
vn -0.2170 0.9523 -0.2145
vn -0.4514 0.8144 -0.3646
vn -0.6371 0.7311 -0.2441
vn -0.1150 0.9850 0.1284
vn -0.2861 0.9139 0.2880
vn -0.1444 0.7980 0.5851
vn 0.2203 0.9429 0.2499
vn 0.3533 0.7970 0.4898
vn 0.5713 0.6439 0.5089
vn 0.3261 0.9453 -0.0122
vn 0.5716 0.8205 0.0084
vn 0.6244 0.7385 -0.2544
vn 0.3160 0.3901 -0.8648
vn 0.0045 0.1982 -0.9801
vn -0.2364 0.3464 -0.9078
vn -0.6416 0.3417 -0.6867
vn -0.7993 0.2175 -0.5602
vn -0.8466 0.3926 -0.3593
vn -0.8198 0.4959 0.2862
vn -0.6841 0.3292 0.6509
vn -0.3249 0.4852 0.8118
vn 0.3156 0.3675 0.8748
vn 0.5153 0.1890 0.8359
vn 0.6537 0.3137 0.6887
vn 0.8988 0.3218 0.2977
vn 0.9825 0.1771 0.0584
vn 0.8900 0.3777 -0.2553
vn -0.5029 0.1285 -0.8547
vn -0.5153 -0.1890 -0.8359
vn -0.6537 -0.3137 -0.6887
vn -0.9758 0.2066 -0.0716
vn -0.9825 -0.1771 -0.0584
vn -0.8900 -0.3777 0.2553
vn 0.0169 0.1852 0.9826
vn -0.0045 -0.1982 0.9801
vn 0.2364 -0.3464 0.9078
vn 0.8253 0.0998 0.5557
vn 0.7993 -0.2175 0.5602
vn 0.8466 -0.3926 0.3593
vn 0.7239 0.1211 -0.6792
vn 0.6841 -0.3292 -0.6509
vn 0.3249 -0.4852 -0.8118
vn -0.2201 -0.7126 -0.6662
vn -0.3533 -0.7970 -0.4898
vn -0.5713 -0.6439 -0.5089
vn -0.7035 -0.6610 -0.2611
vn -0.5716 -0.8205 -0.0084
vn -0.5959 -0.6218 0.5083
vn -0.5741 -0.6212 0.5334
vn -0.6244 -0.7385 0.2544
vn -0.3065 -0.7454 0.5920
vn -0.0427 -0.8319 0.5533
vn 0.2048 -0.6806 0.7035
vn 0.1444 -0.7980 -0.5851
vn 0.2861 -0.9139 -0.2880
vn 0.1150 -0.9850 -0.1284
vn 0.4604 -0.6662 0.5867
vn 0.4514 -0.8144 0.3646
vn 0.6371 -0.7311 0.2441
vn 0.8419 0.4118 -0.3489
vn 0.5340 0.4691 -0.7035
vn -0.9418 0.3148 -0.1181
vn 0.3382 -0.7875 -0.5153
vn -0.1134 0.9262 0.3595
vn -0.9924 -0.0223 0.1212
vn -0.5936 0.6375 0.4912
vn -0.3211 0.8342 0.4483
vn 0.5951 0.8033 -0.0217
vn 0.8472 0.4200 -0.3255
vn 0.3425 0.7714 -0.5362
vn -0.1683 0.2163 -0.9617
vn 0.0656 0.3205 -0.9450
vn -0.7381 -0.6685 0.0909
vn -0.8462 -0.5117 0.1489
vn 0.2970 -0.8749 -0.3824
vn -0.3236 0.2627 -0.9090
vn 0.0964 0.4535 -0.8860
vn 0.0610 -0.8886 -0.4546
vn -0.5905 0.0938 -0.8016
vn -0.7973 0.5618 -0.2204
vn -0.1564 0.8452 0.5111
vn -0.0734 0.2932 -0.9532
vn 0.7188 0.6444 -0.2609
vn -0.5434 0.2600 -0.7982
vn -0.7150 0.1550 0.6818
vn -0.2215 -0.9486 -0.2262
vn 0.7343 0.4463 -0.5115
vn -0.5981 0.5544 0.5787
vn -0.6360 0.5369 0.5543
vn -0.6704 0.5880 -0.4527
vn -0.6066 0.6208 -0.4966
vn -0.8629 -0.4980 0.0865
vn -0.3208 -0.9293 -0.1831
vn -0.4273 -0.0281 -0.9037
vn 0.5459 -0.4638 -0.6978
vn 0.5388 0.8386 -0.0797
vn -0.4590 0.2919 -0.8391
vn 0.7123 -0.3328 0.6179
vn 0.8000 0.1780 0.5730
vn 0.5216 -0.4165 0.7446
vn 0.4795 0.8712 0.1055
vn 0.8390 0.2142 0.5002
vn 0.8407 0.2120 0.4983
vn 0.6696 0.4440 -0.5953
vn 0.8645 0.2348 0.4445
vn -0.6788 -0.5006 0.5373
vn 0.8213 0.2168 0.5277
vn 0.8243 0.1882 0.5339
vn 0.8429 0.1939 0.5019
vn 0.8456 0.1943 0.4973
vn 0.8436 0.1972 0.4994
vn 0.6868 0.3836 0.6174
vn 0.8467 0.2209 0.4840
vn 0.4776 0.7249 -0.4964
vn -0.8485 -0.5293 -0.0027
vn 0.8884 -0.1933 0.4163
vn 0.5199 0.6583 -0.5443
vn 0.3589 0.9314 -0.0605
vn 0.6765 0.5639 -0.4738
vn 0.5251 0.8447 -0.1038
vn 0.5228 0.8502 0.0624
vn 0.9197 0.2339 0.3154
vn 0.6342 0.7001 -0.3282
vn 0.9785 0.2010 0.0462
vn 0.9135 0.4069 0.0052
vn 0.8972 0.4357 -0.0722
vn 0.0005 -0.9333 -0.3590
vn 0.8481 0.1947 0.4927
vn 0.7428 0.4125 0.5273
vn 0.1410 -0.1758 0.9743
vn 0.3685 -0.2580 0.8931
vn 0.8115 0.2248 0.5393
vn 0.2838 -0.1620 0.9451
vn -0.2761 0.8664 0.4162
vn -0.1058 0.4501 0.8867
vn -0.6502 0.2751 0.7082
vn 0.9102 -0.3882 0.1447
vn 0.7731 -0.5965 0.2156
vn 0.7001 -0.1757 -0.6920
vn -0.0322 0.3275 -0.9443
vn 0.3186 0.7276 -0.6076
vn 0.3702 0.9289 0.0119
vn 0.0680 0.8091 0.5838
vn -0.4245 0.4329 0.7952
vn -0.8316 0.0095 0.5553
vn -0.9669 -0.2520 0.0398
vn -0.8226 -0.2694 -0.5007
vn -0.4740 -0.0549 -0.8788
vn -0.7837 -0.0628 0.6179
vn -0.7633 -0.0505 0.6440
vn -0.9064 -0.4091 0.1051
vn -0.8974 -0.4144 0.1516
vn -0.0194 0.8475 0.5304
vn -0.0712 0.8320 0.5502
vn 0.3491 0.6920 -0.6318
vn 0.0526 0.0898 -0.9946
vn -0.7162 -0.4970 -0.4900
vn -0.6959 -0.4427 -0.5655
vn 0.3136 0.7295 -0.6079
vn 0.2694 0.7453 -0.6099
vn -0.3701 -0.1825 -0.9109
vn -0.3945 -0.2643 -0.8800
vn -0.7178 -0.1603 0.6775
vn -0.7105 -0.1530 0.6868
vn -0.6968 0.6478 -0.3080
vn -0.6968 0.6478 -0.3081
vn 0.2628 0.9646 -0.0227
vn 0.2631 0.9645 -0.0231
vn -0.8170 -0.5592 0.1410
vn -0.8236 -0.5434 0.1628
vn -0.3641 0.5338 0.7632
vn 0.1980 0.7329 0.6509
vn 0.1041 0.2980 -0.9489
vn 0.0657 0.2663 -0.9616
vn -0.6321 -0.5845 -0.5087
vn -0.6579 -0.5834 -0.4762
vn -0.3784 0.3997 0.8349
vn -0.3795 0.3989 0.8348
vn 0.2965 0.7532 -0.5873
vn 0.2834 0.7404 -0.6094
vn -0.2586 -0.2331 -0.9374
vn -0.3027 -0.2568 -0.9178
vn -0.4020 -0.0526 0.9141
vn -0.6821 0.6667 -0.3005
vn -0.6709 0.6629 -0.3322
vn -0.6710 0.6629 -0.3322
vn -0.6956 0.6430 -0.3204
vn -0.6957 0.6430 -0.3204
vn -0.6687 0.6705 -0.3214
vn -0.6687 0.6704 -0.3214
vn -0.6885 0.6450 -0.3316
vn -0.6914 0.6572 -0.3001
vn -0.6915 0.6571 -0.3001
vn -0.6731 0.6719 -0.3089
vn -0.6731 0.6720 -0.3089
vn -0.6788 0.6528 -0.3362
vn 0.4680 0.7682 0.4369
vn 0.1912 -0.2207 -0.9564
vn -0.6579 -0.5467 0.5179
vn -0.6579 -0.5467 0.5180
vn 0.0431 0.4676 0.8829
vn 0.5639 0.3190 -0.7617
vn 0.5640 0.3190 -0.7617
vn -0.6070 -0.7857 -0.1193
vn 0.6729 0.7087 -0.2122
vn 0.6728 0.7087 -0.2122
vn -0.2721 -0.6578 -0.7023
vn 0.1465 0.9874 -0.0595
vn 0.1455 0.9677 0.2057
vn 0.3069 0.9148 -0.2628
vn 0.4085 0.9126 0.0171
vn -0.2897 0.3259 0.8999
vn -0.4100 0.4220 0.8086
vn -0.8749 0.1059 0.4726
vn -0.2599 0.5813 0.7711
vn -0.2656 0.6566 0.7059
vn -0.8217 0.0055 0.5699
vn -0.0242 0.8588 0.5117
vn -0.4112 0.5588 0.7202
vn 0.3097 0.9373 -0.1598
vn -0.1411 0.7130 0.6868
vn -0.6554 0.6417 -0.3983
vn -0.8580 0.3253 -0.3974
vn -0.9222 0.3807 -0.0688
vn -0.7669 0.5802 -0.2741
vn -0.7422 0.6456 -0.1796
vn -0.6554 0.6418 -0.3981
vn -0.7587 0.4687 -0.4525
vn -0.7527 0.6077 -0.2533
vn -0.8021 0.5549 -0.2210
vn -0.6738 0.7267 -0.1335
vn -0.6887 0.6836 -0.2417
vn -0.6310 0.5924 -0.5010
vn -0.7227 0.5884 -0.3625
vn -0.6159 0.7446 -0.2574
vn -0.7292 0.6166 -0.2968
vn -0.8044 0.3328 -0.4921
vn -0.7495 0.5869 -0.3064
vn -0.7481 0.6011 -0.2812
vn 0.2714 0.1449 -0.9515
vn -0.1474 0.3940 -0.9072
vn 0.2667 0.7427 -0.6142
vn 0.3408 0.6531 -0.6762
vn -0.9273 0.0525 0.3706
vn -0.6664 0.4734 0.5761
vn -0.4390 0.0678 -0.8959
vn -0.1111 0.4908 -0.8642
vn -0.3110 0.8474 0.4303
vn -0.0276 0.9996 0.0015
vn 0.0514 0.8588 -0.5098
vn -0.7789 -0.2122 -0.5902
vn -0.9717 -0.2182 -0.0900
vn 0.0721 0.9740 0.2147
vn 0.5808 0.8057 -0.1161
vn 0.9368 0.2685 -0.2241
vn 0.9329 -0.3592 -0.0276
vn 0.5702 -0.7346 0.3678
vn 0.0574 -0.6742 0.7363
vn -0.3395 -0.2651 0.9025
vn -0.4770 0.2733 0.8353
vn -0.3278 0.7457 0.5801
vn 0.0090 -0.7425 0.6697
vn 0.0297 -0.7611 0.6480
vn -0.4672 -0.3535 0.8104
vn -0.4595 -0.3976 0.7942
vn 0.9466 -0.3144 0.0713
vn 0.9309 -0.3460 0.1168
vn 0.5439 0.8260 -0.1479
vn -0.1597 0.9818 0.1030
vn -0.6812 0.2288 0.6954
vn -0.6459 0.3171 0.6944
vn 0.5820 0.8056 -0.1109
vn 0.5917 0.8035 -0.0650
vn -0.4471 0.7648 0.4638
vn -0.5206 0.7121 0.4710
vn -0.0623 -0.8107 0.5822
vn -0.0521 -0.8167 0.5748
vn 0.4672 0.3235 0.8229
vn 0.9504 0.2912 -0.1088
vn 0.9503 0.2916 -0.1090
vn -0.5924 -0.4070 0.6952
vn -0.5725 -0.4254 0.7010
vn 0.6658 -0.6701 0.3283
vn 0.8911 -0.4184 -0.1758
vn 0.0577 0.9953 0.0775
vn 0.0198 0.9935 0.1121
vn -0.7607 0.2410 0.6027
vn -0.7543 0.2057 0.6235
vn 0.5535 -0.7722 0.3120
vn 0.5525 -0.7725 0.3130
vn 0.6081 0.7883 -0.0935
vn 0.5888 0.8044 -0.0795
vn -0.4900 0.7980 0.3508
vn -0.5128 0.7660 0.3876
vn 0.1362 -0.9571 0.2558
vn 0.4889 0.3233 0.8102
vn 0.4889 0.3232 0.8102
vn 0.4784 0.3548 0.8033
vn 0.4784 0.3547 0.8033
vn 0.4596 0.3345 0.8227
vn 0.4595 0.3345 0.8228
vn 0.4887 0.3465 0.8007
vn 0.4594 0.3468 0.8177
vn 0.4594 0.3469 0.8177
vn 0.4787 0.3191 0.8179
vn 0.4787 0.3192 0.8179
vn 0.4928 0.3341 0.8035
vn 0.4669 0.3548 0.8100
vn 0.4669 0.3549 0.8100
vn 0.9008 -0.1584 -0.4042
vn 0.9008 -0.1584 -0.4043
vn -0.4330 0.8974 -0.0847
vn -0.4329 0.8974 -0.0847
vn -0.4674 -0.7372 0.4880
vn -0.4674 -0.7371 0.4880
vn 0.6776 -0.7290 -0.0969
vn 0.6776 -0.7290 -0.0970
vn 0.1764 0.9012 -0.3958
vn -0.8527 -0.1739 0.4926
vn 0.7021 0.4847 -0.5216
vn -0.8402 0.4721 0.2668
vn 0.9501 0.3115 0.0136
vn 0.9983 0.0530 -0.0260
vn 0.8467 0.5171 -0.1254
vn 0.9267 0.2665 -0.2649
vn 0.5088 -0.8361 0.2049
vn 0.5647 -0.7474 0.3500
vn 0.1242 -0.5802 0.8049
vn 0.7250 -0.6483 0.2324
vn 0.7802 -0.5695 0.2586
vn 0.0583 -0.6874 0.7240
vn 0.9522 -0.2947 0.0804
vn 0.6736 -0.6313 0.3843
vn 0.8948 0.4243 -0.1393
vn 0.8434 -0.5165 0.1480
vn 0.4431 0.4157 0.7942
vn 0.1168 0.3062 0.9448
vn 0.2460 -0.0067 0.9692
vn 0.4030 0.2632 0.8765
vn 0.4926 0.1922 0.8488
vn 0.4432 0.4156 0.7942
vn 0.2517 0.4095 0.8769
vn 0.4362 0.2521 0.8638
vn 0.3882 0.2003 0.8995
vn 0.5898 0.1788 0.7875
vn 0.5193 0.2698 0.8109
vn 0.3724 0.5068 0.7775
vn 0.3934 0.3574 0.8470
vn 0.5820 0.3116 0.7511
vn 0.4365 0.2999 0.8483
vn 0.1059 0.4079 0.9069
vn 0.4032 0.2987 0.8650
vn 0.4234 0.2781 0.8622
vn -0.0715 0.9915 -0.1089
vn 0.1326 0.9339 0.3321
vn 0.5879 0.8065 -0.0622
vn 0.4944 0.8580 -0.1393
vn 0.0413 -0.5041 0.8626
vn 0.5267 -0.5577 0.6415
vn -0.2104 0.7966 0.5667
vn 0.2405 0.9215 0.3050
vn 0.8888 -0.2695 0.3708
vn 0.9580 0.2257 0.1771
vn 0.7020 0.6960 0.1511
vn -0.4398 0.3798 0.8138
vn -0.3404 -0.1339 0.9307
vn 0.3005 -0.9532 -0.0328
vn 0.2635 -0.7872 -0.5576
vn 0.1968 -0.9471 0.2534
vn -0.1984 -0.9413 0.2732
vn -0.3303 -0.9439 -0.0011
vn 0.2869 -0.4702 -0.8346
vn 0.9376 -0.3449 -0.0450
vn 0.4272 -0.3631 0.8280
vn -0.7895 -0.3158 0.5264
vn -0.8568 -0.3670 -0.3622
vn 0.6504 -0.2025 -0.7321
vn 0.9728 -0.1278 0.1931
vn 0.0483 -0.1053 0.9933
vn -0.9520 -0.0992 0.2897
vn -0.7261 -0.1821 -0.6630
vn 0.6439 0.6567 -0.3927
vn 0.6402 0.7093 0.2952
vn -0.2635 0.7872 0.5576
vn -0.7418 0.6699 -0.0328
vn -0.0771 0.5899 -0.8038
vn -0.2444 0.7180 -0.6518
vn -0.0820 0.5906 -0.8028
vn -0.1968 0.9471 -0.2534
vn -0.3869 0.8203 -0.4212
vn -0.6602 0.6760 -0.3272
vn -0.3004 0.9532 0.0328
vn -0.5645 0.8167 0.1197
vn -0.5861 0.7275 0.3567
vn 0.0242 0.9810 0.1922
vn 0.0354 0.8974 0.4397
vn 0.3412 0.7782 0.5272
vn 0.3303 0.9439 0.0011
vn 0.5976 0.7994 0.0613
vn 0.7542 0.6477 -0.1079
vn 0.1984 0.9413 -0.2732
vn 0.3669 0.8091 -0.4590
vn 0.1991 0.7114 -0.6740
vn -0.4272 0.3631 -0.8280
vn -0.7118 0.1869 -0.6770
vn -0.8285 0.3398 -0.4452
vn -0.9376 0.3449 0.0449
vn -0.9384 0.2197 0.2667
vn -0.8050 0.3916 0.4456
vn -0.2869 0.4702 0.8346
vn 0.0523 0.3073 0.9502
vn 0.3828 0.4602 0.8010
vn 0.8568 0.3670 0.3622
vn 0.9665 0.1914 0.1711
vn 0.9472 0.3169 -0.0497
vn 0.7895 0.3158 -0.5264
vn 0.6457 0.1668 -0.7452
vn 0.3528 0.3515 -0.8672
vn -0.9728 0.1278 -0.1931
vn -0.9665 -0.1914 -0.1711
vn -0.9472 -0.3169 0.0496
vn -0.6504 0.2025 0.7321
vn -0.6457 -0.1668 0.7452
vn -0.3528 -0.3515 0.8672
vn 0.7261 0.1821 0.6630
vn 0.7118 -0.1869 0.6770
vn 0.8285 -0.3398 0.4452
vn 0.9520 0.0992 -0.2897
vn 0.9384 -0.2197 -0.2667
vn 0.8050 -0.3916 -0.4456
vn -0.0483 0.1053 -0.9933
vn -0.0522 -0.3073 -0.9502
vn -0.3828 -0.4602 -0.8010
vn -0.6401 -0.7093 -0.2952
vn -0.5976 -0.7994 -0.0613
vn -0.7542 -0.6477 0.1079
vn -0.6439 -0.6567 0.3927
vn -0.3670 -0.8091 0.4590
vn 0.0021 -0.5865 0.8100
vn 0.0358 -0.5857 0.8098
vn -0.1991 -0.7114 0.6740
vn 0.2445 -0.7180 0.6517
vn 0.3869 -0.8203 0.4212
vn 0.6602 -0.6760 0.3272
vn -0.3412 -0.7782 -0.5272
vn -0.0354 -0.8974 -0.4397
vn -0.0242 -0.9810 -0.1922
vn 0.7418 -0.6699 0.0328
vn 0.5645 -0.8167 -0.1197
vn 0.5861 -0.7275 -0.3567
vn 0.3783 -0.9255 -0.0169
vn 0.5129 -0.7117 -0.4800
vn 0.1940 -0.9612 0.1962
vn -0.1500 -0.9854 0.0808
vn -0.1722 -0.9642 -0.2014
vn 0.6074 -0.3601 -0.7081
vn 0.9193 -0.2930 0.2629
vn 0.1415 -0.4644 0.8742
vn -0.8671 -0.4679 0.1709
vn -0.6094 -0.4051 -0.6816
vn 0.8821 -0.0666 -0.4664
vn 0.8471 -0.0916 0.5235
vn -0.2925 -0.2453 0.9243
vn -0.9718 -0.2195 -0.0860
vn -0.4088 -0.1574 -0.8990
vn 0.6254 0.7778 -0.0633
vn 0.3798 0.7384 0.5572
vn -0.5129 0.7117 0.4800
vn -0.7295 0.6461 -0.2244
vn 0.1337 0.7108 -0.6905
vn -0.0789 0.8014 -0.5929
vn 0.1270 0.7109 -0.6917
vn -0.1941 0.9612 -0.1961
vn -0.2910 0.8576 -0.4240
vn -0.5540 0.6948 -0.4585
vn -0.3783 0.9255 0.0169
vn -0.6302 0.7763 -0.0100
vn -0.7273 0.6606 0.1862
vn -0.1561 0.9512 0.2661
vn -0.2211 0.8480 0.4817
vn 0.0278 0.7497 0.6612
vn 0.1722 0.9642 0.2014
vn 0.4062 0.8492 0.3374
vn 0.6297 0.7417 0.2311
vn 0.1500 0.9854 -0.0809
vn 0.3763 0.9046 -0.2004
vn 0.3171 0.8293 -0.4601
vn -0.1415 0.4644 -0.8742
vn -0.4357 0.2405 -0.8674
vn -0.6415 0.3619 -0.6764
vn -0.9193 0.2930 -0.2629
vn -0.9892 0.1289 -0.0700
vn -0.9413 0.2960 0.1619
vn -0.6074 0.3601 0.7081
vn -0.3239 0.1991 0.9249
vn 0.0098 0.4034 0.9150
vn 0.6094 0.4051 0.6816
vn 0.8073 0.2552 0.5320
vn 0.8472 0.4172 0.3290
vn 0.8671 0.4679 -0.1709
vn 0.8343 0.3298 -0.4417
vn 0.5778 0.5150 -0.6332
vn -0.8471 0.0916 -0.5235
vn -0.8073 -0.2552 -0.5320
vn -0.8472 -0.4172 -0.3290
vn -0.8821 0.0666 0.4664
vn -0.8343 -0.3298 0.4417
vn -0.5778 -0.5150 0.6332
vn 0.4088 0.1574 0.8990
vn 0.4357 -0.2405 0.8674
vn 0.6415 -0.3619 0.6764
vn 0.9718 0.2195 0.0860
vn 0.9892 -0.1289 0.0700
vn 0.9414 -0.2960 -0.1619
vn 0.2925 0.2453 -0.9243
vn 0.3239 -0.1991 -0.9249
vn -0.0098 -0.4035 -0.9149
vn -0.3798 -0.7384 -0.5572
vn -0.4062 -0.8492 -0.3374
vn -0.6297 -0.7417 -0.2311
vn -0.6254 -0.7778 0.0633
vn -0.3763 -0.9046 0.2004
vn -0.2065 -0.7139 0.6691
vn -0.1744 -0.7107 0.6815
vn -0.3171 -0.8293 0.4601
vn 0.0789 -0.8014 0.5929
vn 0.2910 -0.8576 0.4240
vn 0.5540 -0.6948 0.4585
vn -0.0278 -0.7497 -0.6612
vn 0.2211 -0.8480 -0.4817
vn 0.1561 -0.9512 -0.2661
vn 0.7295 -0.6461 0.2244
vn 0.6302 -0.7763 0.0100
vn 0.7273 -0.6606 -0.1862
vn 0.2433 -0.9503 0.1943
vn 0.6070 -0.7924 -0.0608
vn 0.0028 -0.9700 0.2432
vn -0.1890 -0.9816 -0.0276
vn -0.0637 -0.9689 -0.2391
vn 0.8665 -0.4633 -0.1858
vn 0.5619 -0.3568 0.7463
vn -0.3926 -0.4967 0.7740
vn -0.7963 -0.4623 -0.3902
vn -0.1275 -0.4366 -0.8906
vn 0.9744 -0.1403 0.1758
vn 0.3802 -0.1268 0.9162
vn -0.7886 -0.2344 0.5685
vn -0.7315 -0.1942 -0.6536
vn 0.1644 -0.1894 -0.9680
vn 0.5368 0.7830 0.3142
vn 0.0283 0.7757 0.6305
vn -0.6070 0.7924 0.0608
vn -0.4041 0.7060 -0.5817
vn 0.5074 0.7368 -0.4468
vn 0.2840 0.8287 -0.4823
vn 0.5026 0.7369 -0.4522
vn -0.0028 0.9700 -0.2432
vn 0.0373 0.8829 -0.4681
vn -0.1490 0.7415 -0.6542
vn -0.2433 0.9503 -0.1943
vn -0.4271 0.8294 -0.3602
vn -0.6159 0.7367 -0.2792
vn -0.2058 0.9731 0.1040
vn -0.3727 0.9002 0.2253
vn -0.2913 0.8115 0.5066
vn 0.0637 0.9689 0.2391
vn 0.1637 0.8652 0.4740
vn 0.3850 0.7538 0.5326
vn 0.1890 0.9816 0.0276
vn 0.4178 0.9059 0.0692
vn 0.5154 0.8427 -0.1556
vn 0.3926 0.4967 -0.7740
vn 0.1426 0.2628 -0.9543
vn -0.1213 0.4067 -0.9055
vn -0.5619 0.3568 -0.7463
vn -0.7363 0.1912 -0.6491
vn -0.8143 0.3795 -0.4393
vn -0.8665 0.4633 0.1858
vn -0.7884 0.2831 0.5462
vn -0.4822 0.4865 0.7285
vn 0.1275 0.4366 0.8906
vn 0.3588 0.2575 0.8972
vn 0.5017 0.4212 0.7555
vn 0.7963 0.4623 0.3902
vn 0.9359 0.3108 0.1660
vn 0.8398 0.5238 -0.1425
vn -0.3802 0.1268 -0.9162
vn -0.3588 -0.2575 -0.8972
vn -0.5017 -0.4212 -0.7555
vn -0.9744 0.1403 -0.1758
vn -0.9359 -0.3108 -0.1659
vn -0.8398 -0.5238 0.1425
vn -0.1644 0.1894 0.9680
vn -0.1425 -0.2628 0.9543
vn 0.1213 -0.4067 0.9055
vn 0.7315 0.1942 0.6536
vn 0.7363 -0.1912 0.6491
vn 0.8142 -0.3795 0.4393
vn 0.7886 0.2344 -0.5685
vn 0.7884 -0.2831 -0.5462
vn 0.4822 -0.4865 -0.7285
vn -0.0283 -0.7757 -0.6305
vn -0.1637 -0.8652 -0.4740
vn -0.3850 -0.7538 -0.5326
vn -0.5368 -0.7830 -0.3142
vn -0.4177 -0.9059 -0.0692
vn -0.5544 -0.7373 0.3860
vn -0.5353 -0.7355 0.4154
vn -0.5154 -0.8427 0.1556
vn -0.2840 -0.8287 0.4823
vn -0.0373 -0.8829 0.4681
vn 0.1490 -0.7415 0.6542
vn 0.2913 -0.8115 -0.5065
vn 0.3727 -0.9002 -0.2253
vn 0.2058 -0.9731 -0.1040
vn 0.4041 -0.7059 0.5817
vn 0.4271 -0.8294 0.3602
vn 0.6159 -0.7367 0.2792
vn 0.2257 -0.9314 0.2856
vn 0.5979 -0.8010 0.0310
vn -0.0261 -0.9474 0.3190
vn -0.2482 -0.9687 -0.0051
vn -0.1268 -0.9652 -0.2287
vn 0.8669 -0.4893 -0.0952
vn 0.5438 -0.2834 0.7899
vn -0.3784 -0.4176 0.8261
vn -0.7978 -0.4053 -0.4464
vn -0.1893 -0.4288 -0.8833
vn 0.9490 -0.1485 0.2782
vn 0.3905 -0.0709 0.9179
vn -0.8079 -0.1685 0.5648
vn -0.7076 -0.1762 -0.6843
vn 0.0945 -0.2305 -0.9685
vn 0.5888 0.7287 0.3498
vn 0.1006 0.7626 0.6390
vn -0.5979 0.8010 -0.0310
vn -0.4001 0.6245 -0.6708
vn 0.5491 0.6849 -0.4790
vn 0.3076 0.7776 -0.5484
vn 0.5485 0.6845 -0.4802
vn 0.0261 0.9474 -0.3190
vn 0.0493 0.8310 -0.5541
vn -0.1563 0.6572 -0.7373
vn -0.2257 0.9314 -0.2856
vn -0.4197 0.7789 -0.4661
vn -0.6044 0.6950 -0.3896
vn -0.1684 0.9844 0.0507
vn -0.3420 0.9235 0.1737
vn -0.2369 0.8356 0.4957
vn 0.1268 0.9652 0.2287
vn 0.2336 0.8415 0.4871
vn 0.4405 0.7051 0.5557
vn 0.2482 0.9687 0.0051
vn 0.4823 0.8725 0.0777
vn 0.5740 0.8032 -0.1597
vn 0.3784 0.4176 -0.8261
vn 0.0935 0.1802 -0.9792
vn -0.1506 0.3143 -0.9373
vn -0.5438 0.2834 -0.7899
vn -0.6995 0.1507 -0.6986
vn -0.7790 0.3360 -0.5295
vn -0.8669 0.4893 0.0952
vn -0.7859 0.3402 0.5163
vn -0.4328 0.5309 0.7286
vn 0.1893 0.4288 0.8833
vn 0.3867 0.2549 0.8863
vn 0.5200 0.3854 0.7623
vn 0.7978 0.4053 0.4464
vn 0.9335 0.2607 0.2463
vn 0.8799 0.4657 -0.0944
vn -0.3905 0.0709 -0.9179
vn -0.3867 -0.2549 -0.8863
vn -0.5200 -0.3854 -0.7623
vn -0.9490 0.1485 -0.2782
vn -0.9335 -0.2607 -0.2463
vn -0.8799 -0.4657 0.0944
vn -0.0945 0.2304 0.9685
vn -0.0935 -0.1802 0.9792
vn 0.1506 -0.3143 0.9373
vn 0.7076 0.1762 0.6843
vn 0.6995 -0.1507 0.6986
vn 0.7790 -0.3360 0.5295
vn 0.8079 0.1685 -0.5648
vn 0.7859 -0.3402 -0.5163
vn 0.4328 -0.5309 -0.7286
vn -0.1006 -0.7626 -0.6390
vn -0.2336 -0.8415 -0.4871
vn -0.4405 -0.7051 -0.5557
vn -0.5888 -0.7287 -0.3498
vn -0.4823 -0.8725 -0.0777
vn -0.5952 -0.6863 0.4180
vn -0.5776 -0.6839 0.4458
vn -0.5740 -0.8032 0.1597
vn -0.3076 -0.7776 0.5484
vn -0.0493 -0.8310 0.5541
vn 0.1563 -0.6572 0.7373
vn 0.2369 -0.8356 -0.4957
vn 0.3420 -0.9235 -0.1737
vn 0.1684 -0.9844 -0.0507
vn 0.4001 -0.6245 0.6708
vn 0.4197 -0.7789 0.4661
vn 0.6044 -0.6950 0.3896
vn 0.0634 -0.9523 0.2984
vn 0.5510 -0.8074 0.2112
vn -0.2099 -0.9512 0.2262
vn -0.2791 -0.9453 -0.1690
vn -0.0468 -0.9429 -0.3299
vn 0.8422 -0.4959 0.2114
vn 0.1587 -0.3417 0.9263
vn -0.7393 -0.3901 0.5489
vn -0.5873 -0.3218 -0.7426
vn 0.2171 -0.3675 -0.9044
vn 0.7759 -0.2066 0.5960
vn -0.0495 -0.1285 0.9905
vn -0.9780 -0.1211 0.1697
vn -0.3842 -0.0998 -0.9179
vn 0.5258 -0.1852 -0.8302
vn 0.4443 0.6610 0.6047
vn -0.1822 0.7126 0.6775
vn -0.5509 0.8074 -0.2112
vn -0.0623 0.6662 -0.7431
vn 0.7613 0.6254 -0.1713
vn 0.5814 0.7454 -0.3262
vn 0.7605 0.6256 -0.1741
vn 0.2098 0.9512 -0.2262
vn 0.3397 0.8319 -0.4388
vn 0.2155 0.6806 -0.7002
vn -0.0634 0.9523 -0.2984
vn -0.1767 0.8144 -0.5527
vn -0.3981 0.7311 -0.5540
vn -0.1667 0.9850 0.0441
vn -0.3973 0.9139 0.0834
vn -0.4421 0.7980 0.4095
vn 0.0468 0.9429 0.3299
vn 0.0260 0.7970 0.6034
vn 0.1977 0.6439 0.7391
vn 0.2791 0.9453 0.1690
vn 0.4730 0.8205 0.3211
vn 0.6615 0.7385 0.1306
vn 0.7393 0.3901 -0.5489
vn 0.5424 0.1982 -0.8164
vn 0.3013 0.3464 -0.8884
vn -0.1587 0.3417 -0.9263
vn -0.3600 0.2175 -0.9073
vn -0.5099 0.3926 -0.7654
vn -0.8422 0.4959 -0.2114
vn -0.9292 0.3292 0.1679
vn -0.7176 0.4852 0.4997
vn -0.2171 0.3675 0.9044
vn -0.0288 0.1890 0.9815
vn 0.1676 0.3137 0.9346
vn 0.5873 0.3218 0.7426
vn 0.7888 0.1771 0.5887
vn 0.8839 0.3777 0.2759
vn 0.0495 0.1285 -0.9905
vn 0.0288 -0.1890 -0.9815
vn -0.1676 -0.3137 -0.9346
vn -0.7759 0.2066 -0.5960
vn -0.7888 -0.1771 -0.5887
vn -0.8839 -0.3777 -0.2759
vn -0.5258 0.1852 0.8302
vn -0.5424 -0.1982 0.8164
vn -0.3013 -0.3464 0.8884
vn 0.3842 0.0998 0.9179
vn 0.3600 -0.2175 0.9073
vn 0.5099 -0.3926 0.7654
vn 0.9780 0.1211 -0.1697
vn 0.9292 -0.3292 -0.1679
vn 0.7176 -0.4852 -0.4997
vn 0.1822 -0.7126 -0.6775
vn -0.0260 -0.7970 -0.6034
vn -0.1977 -0.6439 -0.7391
vn -0.4443 -0.6610 -0.6047
vn -0.4730 -0.8205 -0.3211
vn -0.7771 -0.6218 0.0972
vn -0.7728 -0.6212 0.1302
vn -0.6615 -0.7385 -0.1306
vn -0.5814 -0.7454 0.3262
vn -0.3397 -0.8319 0.4388
vn -0.2155 -0.6806 0.7002
vn 0.4421 -0.7980 -0.4095
vn 0.3973 -0.9139 -0.0834
vn 0.1667 -0.9850 -0.0440
vn 0.0622 -0.6662 0.7431
vn 0.1767 -0.8144 0.5527
vn 0.3981 -0.7311 0.5540
vn 0.9309 -0.0267 0.3644
vn 0.9309 -0.0267 0.3643
vn 0.9555 0.1881 -0.2271
vn 0.6110 0.1360 -0.7798
vn 0.0692 -0.1776 -0.9817
vn -0.3741 -0.5831 -0.7212
vn -0.4929 -0.8552 -0.1605
vn -0.2737 -0.8789 0.3907
vn 0.1435 -0.6880 0.7114
vn 0.6002 -0.3688 0.7097
vn -0.5827 -0.7971 -0.1583
vn -0.5932 -0.7826 -0.1887
vn -0.4182 -0.7887 0.4507
vn -0.4565 -0.7828 0.4230
vn 0.1271 -0.2667 -0.9554
vn 0.0975 -0.3148 -0.9441
vn 0.9543 0.2282 -0.1928
vn 0.8263 0.1164 0.5510
vn 0.0003 -0.5318 0.8469
vn 0.0944 -0.5185 0.8499
vn 0.9566 0.1829 -0.2271
vn 0.9643 0.1366 -0.2269
vn 0.5530 -0.2352 0.7993
vn 0.4754 -0.2420 0.8458
vn -0.6846 -0.7154 -0.1399
vn -0.6865 -0.7108 -0.1529
vn 0.5870 -0.8012 -0.1160
vn 0.5869 -0.8013 -0.1160
vn 0.6510 0.0268 -0.7586
vn 0.6512 0.0270 -0.7584
vn -0.5331 -0.6696 0.5172
vn -0.5404 -0.6816 0.4933
vn -0.2804 -0.5458 -0.7896
vn -0.0194 -0.0396 -0.9990
vn 0.9275 0.1126 0.3565
vn 0.9139 0.0841 0.3970
vn -0.0335 -0.4280 0.9031
vn -0.0600 -0.4561 0.8879
vn -0.4216 -0.5340 -0.7328
vn -0.4222 -0.5349 -0.7319
vn 0.9542 0.1588 -0.2535
vn 0.9621 0.1512 -0.2270
vn 0.5511 -0.1129 0.8268
vn 0.5172 -0.1516 0.8424
vn -0.7711 -0.4561 -0.4443
vn 0.5944 -0.7922 -0.1383
vn 0.6174 -0.7778 -0.1180
vn 0.6173 -0.7778 -0.1180
vn 0.5935 -0.7979 -0.1049
vn 0.6140 -0.7783 -0.1310
vn 0.6140 -0.7784 -0.1310
vn 0.6040 -0.7906 -0.1010
vn 0.5873 -0.7990 -0.1292
vn 0.5872 -0.7990 -0.1292
vn 0.6049 -0.7841 -0.1390
vn 0.6134 -0.7826 -0.1062
vn 0.1908 0.2318 -0.9539
vn 0.6124 0.3209 0.7225
vn -0.8014 -0.5515 0.2315
vn -0.3793 -0.1466 -0.9136
vn -0.3792 -0.1466 -0.9136
vn 0.8366 0.5361 0.1129
vn -0.4582 -0.3899 0.7988
vn 0.6701 0.5008 -0.5479
vn 0.1001 -0.0454 0.9939
vn 0.6837 -0.0880 -0.7244
vn 0.4672 -0.1074 -0.8776
vn 0.8079 0.1022 -0.5804
vn 0.6000 0.1766 -0.7802
vn -0.5108 -0.4364 -0.7408
vn -0.3900 -0.5676 -0.7251
vn -0.3720 -0.9128 -0.1688
vn -0.2473 -0.4570 -0.8544
vn -0.1500 -0.4748 -0.8672
vn -0.5058 -0.8459 -0.1691
vn 0.1482 -0.2724 -0.9507
vn -0.2356 -0.5936 -0.7695
vn 0.7432 0.0905 -0.6629
vn -0.0889 -0.3661 -0.9263
vn 0.6561 -0.7519 -0.0643
vn 0.4376 -0.8727 0.2164
vn 0.2143 -0.9766 -0.0171
vn 0.5120 -0.8560 -0.0710
vn 0.4829 -0.8559 -0.1850
vn 0.6560 -0.7520 -0.0645
vn 0.5793 -0.8059 0.1220
vn 0.5146 -0.8506 -0.1078
vn 0.4520 -0.8886 -0.0777
vn 0.5047 -0.8131 -0.2902
vn 0.5593 -0.8077 -0.1864
vn 0.7059 -0.7076 0.0313
vn 0.5890 -0.8075 -0.0317
vn 0.6163 -0.7505 -0.2387
vn 0.5557 -0.8262 -0.0925
vn 0.5197 -0.8144 0.2581
vn 0.5426 -0.8379 -0.0597
vn 0.5323 -0.8421 -0.0864
vn 0.5323 -0.8421 -0.0865
vn 0.8470 0.3111 0.4311
vn 0.9345 -0.1571 0.3193
vn 0.9657 0.1349 -0.2217
vn 0.9631 0.2333 -0.1341
vn -0.3319 -0.9419 -0.0524
vn -0.2008 -0.8075 -0.5546
vn 0.6941 -0.3626 0.6219
vn 0.9658 -0.1488 0.2122
vn 0.1788 -0.5400 -0.8224
vn 0.6295 -0.2646 -0.7305
vn 0.9403 -0.1101 -0.3220
vn 0.2523 -0.6515 0.7155
vn -0.1529 -0.8802 0.4492
vn 0.7529 -0.5275 -0.3936
vn 0.9079 -0.3705 0.1962
vn 0.7722 0.1016 0.6271
vn 0.4073 0.6486 0.6429
vn 0.0122 0.9724 0.2332
vn -0.2068 0.9102 -0.3589
vn -0.1687 0.5421 -0.8232
vn 0.0732 0.0675 -0.9950
vn 0.4209 -0.3398 -0.8410
vn -0.3038 0.8990 -0.3153
vn -0.3076 0.9089 -0.2817
vn -0.3415 0.4954 -0.7987
vn -0.3696 0.5205 -0.7697
vn 0.4733 0.6790 0.5612
vn 0.4537 0.7198 0.5254
vn 0.8869 -0.4189 0.1948
vn 0.5658 -0.6984 -0.4384
vn -0.1370 -0.0706 -0.9881
vn -0.0541 -0.1172 -0.9916
vn 0.9100 -0.3670 0.1928
vn 0.9279 -0.3354 0.1630
vn 0.3188 -0.4714 -0.8223
vn 0.2344 -0.4631 -0.8548
vn -0.4225 0.8658 -0.2683
vn -0.4213 0.8703 -0.2552
vn 0.7633 0.4437 -0.4695
vn 0.8280 0.1566 0.5385
vn 0.8281 0.1561 0.5384
vn -0.4956 0.4126 -0.7643
vn -0.4922 0.4374 -0.7526
vn 0.1111 0.9474 0.3000
vn 0.2988 0.5882 0.7515
vn 0.7198 -0.6258 -0.3003
vn 0.7015 -0.6219 -0.3481
vn -0.2096 -0.1665 -0.9635
vn -0.2228 -0.1273 -0.9665
vn -0.0394 0.9599 0.2777
vn -0.0400 0.9602 0.2765
vn 0.9216 -0.3336 0.1986
vn 0.9225 -0.3454 0.1725
vn 0.2801 -0.5771 -0.7671
vn 0.2530 -0.5441 -0.7999
vn -0.4688 0.8725 0.1381
vn 0.7749 0.4465 -0.4474
vn 0.7865 0.4160 -0.4564
vn 0.7652 0.4327 -0.4767
vn 0.7876 0.4248 -0.4464
vn 0.7719 0.4211 -0.4762
vn 0.7672 0.4492 -0.4579
vn 0.7830 0.4368 -0.4428
vn 0.7804 0.4145 -0.4682
vn 0.7803 0.4146 -0.4682
vn 0.4159 0.2825 0.8644
vn 0.2681 -0.8661 -0.4220
vn -0.6826 0.5820 -0.4420
vn -0.0346 0.7547 0.6551
vn -0.0346 0.7548 0.6551
vn 0.6126 -0.7736 0.1619
vn -0.5782 0.0206 -0.8157
vn -0.5782 0.0205 -0.8157
vn 0.6706 -0.3206 0.6689
vn 0.6707 -0.3206 0.6689
vn -0.2031 -0.5519 -0.8088
vn 0.8743 0.2111 0.4371
vn 0.7262 0.3908 0.5657
vn 0.9004 -0.0564 0.4315
vn 0.7528 0.0756 0.6539
vn -0.1419 0.9245 0.3538
vn -0.0049 0.9689 0.2475
vn -0.0793 0.9127 -0.4008
vn 0.1409 0.9046 0.4023
vn 0.2388 0.8888 0.3912
vn -0.2182 0.9128 -0.3452
vn 0.4927 0.6729 0.5518
vn 0.1574 0.9554 0.2501
vn 0.8688 0.0219 0.4947
vn 0.2882 0.8176 0.4986
vn 0.7998 0.3526 -0.4858
vn 0.5398 0.3691 -0.7566
vn 0.4298 0.6586 -0.6177
vn 0.6931 0.4876 -0.5309
vn 0.7012 0.5613 -0.4396
vn 0.7998 0.3528 -0.4857
vn 0.6841 0.3186 -0.6561
vn 0.7055 0.5029 -0.4993
vn 0.6473 0.5379 -0.5400
vn 0.7438 0.5792 -0.3336
vn 0.7610 0.4977 -0.4162
vn 0.8060 0.2483 -0.5373
vn 0.7407 0.4010 -0.5390
vn 0.8164 0.4626 -0.3457
vn 0.7331 0.4609 -0.5001
vn 0.5892 0.2720 -0.7608
vn 0.7135 0.4565 -0.5315
vn 0.7133 0.4782 -0.5124
vn 0.5765 -0.7852 -0.2261
vn 0.8004 -0.4066 -0.4404
vn 0.9280 -0.3376 0.1578
vn 0.8757 -0.4584 0.1516
vn -0.0714 0.8553 -0.5132
vn 0.1729 0.9835 -0.0535
vn 0.5332 -0.3308 -0.7786
vn 0.8604 -0.3653 -0.3554
vn 0.5436 0.7904 0.2823
vn 0.8672 0.3665 0.3372
vn 0.9923 -0.0899 0.0853
vn 0.1638 -0.0025 -0.9865
vn -0.0750 0.4659 -0.8817
vn -0.3288 -0.9256 -0.1873
vn 0.2129 -0.9326 -0.2915
vn -0.5960 -0.7798 -0.1913
vn -0.6464 -0.5610 -0.5172
vn -0.4091 -0.5763 -0.7074
vn 0.5953 -0.7766 -0.2062
vn -0.0162 -0.7815 0.6236
vn -0.8632 -0.2638 0.4304
vn -0.6760 0.3238 -0.6619
vn 0.1065 0.0505 -0.9930
vn 0.6419 -0.7245 0.2513
vn -0.1422 -0.5557 0.8191
vn -0.9428 0.1906 0.2736
vn -0.3873 0.5101 -0.7680
vn 0.4666 0.0377 -0.8837
vn 0.6792 0.0641 0.7312
vn 0.0737 0.3154 0.9461
vn -0.2129 0.9326 0.2915
vn 0.2354 0.9131 -0.3328
vn 0.9634 0.2668 -0.0248
vn 0.8620 0.5026 -0.0653
vn 0.9624 0.2702 -0.0283
vn 0.5960 0.7798 0.1913
vn 0.6809 0.7286 -0.0742
vn 0.5131 0.7863 -0.3442
vn 0.3288 0.9256 0.1873
vn 0.1714 0.9825 -0.0733
vn -0.0824 0.9945 -0.0650
vn 0.2233 0.8248 0.5194
vn -0.0349 0.8272 0.5609
vn -0.1359 0.5977 0.7901
vn 0.4091 0.5764 0.7074
vn 0.3194 0.3389 0.8849
vn 0.4259 0.0847 0.9008
vn 0.6464 0.5610 0.5172
vn 0.7769 0.3111 0.5474
vn 0.9185 0.2570 0.3005
vn 0.8632 0.2638 -0.4304
vn 0.6296 0.3192 -0.7083
vn 0.4700 0.5721 -0.6721
vn 0.0162 0.7815 -0.6236
vn -0.2364 0.7494 -0.6185
vn -0.3182 0.8697 -0.3773
vn -0.5953 0.7766 0.2062
vn -0.7366 0.5034 0.4518
vn -0.5100 0.4057 0.7585
vn -0.1065 -0.0505 0.9930
vn 0.0062 -0.3054 0.9522
vn 0.2562 -0.2621 0.9304
vn 0.6760 -0.3238 0.6619
vn 0.8025 -0.4325 0.4111
vn 0.9625 -0.1682 0.2127
vn 0.1422 0.5557 -0.8191
vn -0.0062 0.3054 -0.9522
vn -0.2562 0.2621 -0.9304
vn -0.6419 0.7245 -0.2513
vn -0.8025 0.4325 -0.4111
vn -0.9625 0.1682 -0.2127
vn -0.4666 -0.0377 0.8837
vn -0.6296 -0.3192 0.7083
vn -0.4700 -0.5721 0.6721
vn 0.3873 -0.5101 0.7680
vn 0.2364 -0.7494 0.6185
vn 0.3182 -0.8697 0.3773
vn 0.9428 -0.1906 -0.2736
vn 0.7366 -0.5034 -0.4518
vn 0.5100 -0.4057 -0.7585
vn -0.0737 -0.3154 -0.9461
vn -0.3194 -0.3389 -0.8849
vn -0.4259 -0.0848 -0.9008
vn -0.6792 -0.0641 -0.7312
vn -0.7769 -0.3111 -0.5474
vn -0.9742 -0.2227 -0.0353
vn -0.9708 -0.2399 -0.0065
vn -0.9185 -0.2570 -0.3005
vn -0.8620 -0.5026 0.0653
vn -0.6809 -0.7286 0.0743
vn -0.5131 -0.7863 0.3442
vn 0.1359 -0.5977 -0.7901
vn 0.0349 -0.8272 -0.5609
vn -0.2233 -0.8248 -0.5194
vn -0.2354 -0.9131 0.3328
vn -0.1714 -0.9825 0.0733
vn 0.0824 -0.9945 0.0650
vn -0.3252 -0.9398 -0.1045
vn 0.1946 -0.9806 -0.0245
vn -0.5498 -0.8068 -0.2162
vn -0.4847 -0.6796 -0.5506
vn -0.2211 -0.7363 -0.6396
vn 0.5526 -0.8198 0.1503
vn -0.2772 -0.6378 0.7186
vn -0.9712 -0.1798 0.1561
vn -0.4206 0.1365 -0.8969
vn 0.4037 -0.2065 -0.8913
vn 0.4751 -0.6584 0.5838
vn -0.4395 -0.3611 0.8225
vn -0.9663 0.2381 -0.0975
vn -0.0955 0.3116 -0.9454
vn 0.7192 -0.1810 -0.6708
vn 0.4265 0.2695 0.8634
vn -0.1759 0.5548 0.8132
vn -0.1946 0.9806 0.0245
vn 0.4013 0.8300 -0.3873
vn 0.9276 0.2861 0.2403
vn 0.8566 0.4995 0.1291
vn 0.9281 0.2893 0.2342
vn 0.5498 0.8068 0.2162
vn 0.7070 0.7068 0.0230
vn 0.6496 0.7057 -0.2829
vn 0.3252 0.9398 0.1045
vn 0.2674 0.9459 -0.1838
vn 0.0335 0.9642 -0.2629
vn 0.1282 0.9184 0.3744
vn -0.1156 0.9356 0.3335
vn -0.2968 0.7806 0.5500
vn 0.2211 0.7363 0.6396
vn 0.0714 0.5626 0.8236
vn 0.1443 0.3274 0.9338
vn 0.4847 0.6796 0.5506
vn 0.5808 0.4601 0.6716
vn 0.7817 0.3530 0.5141
vn 0.9713 0.1798 -0.1560
vn 0.8488 0.1590 -0.5043
vn 0.7059 0.4214 -0.5693
vn 0.2772 0.6378 -0.7186
vn 0.0291 0.6024 -0.7977
vn -0.1104 0.7800 -0.6160
vn -0.5526 0.8197 -0.1503
vn -0.7902 0.6080 0.0775
vn -0.6694 0.5915 0.4495
vn -0.4037 0.2065 0.8913
vn -0.3107 -0.0620 0.9485
vn -0.0569 -0.0155 0.9983
vn 0.4206 -0.1365 0.8969
vn 0.6086 -0.3107 0.7301
vn 0.8352 -0.0863 0.5431
vn 0.4395 0.3611 -0.8225
vn 0.3107 0.0620 -0.9485
vn 0.0569 0.0155 -0.9983
vn -0.4751 0.6584 -0.5838
vn -0.6086 0.3107 -0.7301
vn -0.8352 0.0863 -0.5432
vn -0.7192 0.1810 0.6708
vn -0.8488 -0.1590 0.5043
vn -0.7059 -0.4214 0.5693
vn 0.0955 -0.3116 0.9454
vn -0.0291 -0.6024 0.7977
vn 0.1104 -0.7800 0.6160
vn 0.9663 -0.2381 0.0975
vn 0.7902 -0.6079 -0.0775
vn 0.6694 -0.5915 -0.4495
vn 0.1759 -0.5548 -0.8132
vn -0.0714 -0.5626 -0.8236
vn -0.1443 -0.3274 -0.9338
vn -0.4265 -0.2695 -0.8634
vn -0.5808 -0.4601 -0.6716
vn -0.9157 -0.2566 -0.3092
vn -0.9229 -0.2673 -0.2771
vn -0.7817 -0.3530 -0.5141
vn -0.8566 -0.4995 -0.1291
vn -0.7070 -0.7068 -0.0230
vn -0.6496 -0.7057 0.2830
vn 0.2968 -0.7806 -0.5500
vn 0.1156 -0.9356 -0.3335
vn -0.1282 -0.9184 -0.3744
vn -0.4013 -0.8300 0.3873
vn -0.2674 -0.9459 0.1838
vn -0.0335 -0.9642 0.2629
vn -0.5394 -0.8247 -0.1702
vn -0.2115 -0.9678 0.1368
vn -0.6129 -0.6989 -0.3686
vn -0.3878 -0.6888 -0.6125
vn -0.1791 -0.8085 -0.5605
vn 0.0581 -0.8807 0.4701
vn -0.7745 -0.3543 0.5241
vn -0.9399 0.0457 -0.3385
vn 0.0989 -0.0656 -0.9929
vn 0.6235 -0.5485 -0.5572
vn -0.1313 -0.5718 0.8098
vn -0.8522 -0.0246 0.5227
vn -0.6815 0.4007 -0.6124
vn 0.4527 0.0339 -0.8910
vn 0.8194 -0.5292 -0.2203
vn 0.0771 0.4342 0.8975
vn -0.2583 0.7917 0.5535
vn 0.2115 0.9678 -0.1368
vn 0.7794 0.5983 -0.1859
vn 0.7489 0.1834 0.6368
vn 0.7987 0.3633 0.4796
vn 0.7534 0.1843 0.6312
vn 0.6129 0.6989 0.3686
vn 0.7861 0.5407 0.2995
vn 0.8821 0.4703 0.0253
vn 0.5394 0.8247 0.1702
vn 0.6255 0.7754 -0.0869
vn 0.4978 0.8256 -0.2657
vn 0.2803 0.9130 0.2965
vn 0.1257 0.9796 0.1565
vn -0.1591 0.9512 0.2646
vn 0.1791 0.8085 0.5606
vn -0.0679 0.7443 0.6644
vn -0.1468 0.5568 0.8176
vn 0.3878 0.6888 0.6125
vn 0.3395 0.5207 0.7834
vn 0.5272 0.3512 0.7738
vn 0.9399 -0.0457 0.3385
vn 0.9876 -0.1542 -0.0298
vn 0.9781 0.1139 -0.1739
vn 0.7745 0.3543 -0.5241
vn 0.6038 0.3439 -0.7192
vn 0.4819 0.5980 -0.6404
vn -0.0581 0.8807 -0.4701
vn -0.4521 0.8051 -0.3840
vn -0.5092 0.8605 0.0186
vn -0.6235 0.5485 0.5572
vn -0.6816 0.2863 0.6734
vn -0.4739 0.2984 0.8285
vn -0.0989 0.0656 0.9929
vn 0.0564 -0.1960 0.9790
vn 0.4149 -0.0692 0.9072
vn 0.8522 0.0246 -0.5227
vn 0.6816 -0.2863 -0.6734
vn 0.4739 -0.2984 -0.8285
vn 0.1313 0.5718 -0.8098
vn -0.0564 0.1960 -0.9790
vn -0.4149 0.0692 -0.9072
vn -0.8194 0.5292 0.2203
vn -0.9876 0.1542 0.0298
vn -0.9781 -0.1139 0.1739
vn -0.4527 -0.0339 0.8910
vn -0.6038 -0.3439 0.7192
vn -0.4819 -0.5980 0.6404
vn 0.6815 -0.4007 0.6124
vn 0.4521 -0.8051 0.3840
vn 0.5092 -0.8605 -0.0186
vn 0.2583 -0.7917 -0.5536
vn 0.0679 -0.7443 -0.6644
vn 0.1468 -0.5568 -0.8176
vn -0.0771 -0.4342 -0.8975
vn -0.3395 -0.5207 -0.7834
vn -0.6978 -0.1774 -0.6939
vn -0.7222 -0.1771 -0.6686
vn -0.5272 -0.3512 -0.7738
vn -0.7987 -0.3633 -0.4796
vn -0.7861 -0.5407 -0.2995
vn -0.8821 -0.4703 -0.0253
vn 0.1591 -0.9511 -0.2646
vn -0.1257 -0.9796 -0.1565
vn -0.2803 -0.9130 -0.2965
vn -0.7794 -0.5983 0.1859
vn -0.6255 -0.7754 0.0869
vn -0.4978 -0.8256 0.2657
vn -0.6165 -0.7728 -0.1507
vn -0.2994 -0.9421 0.1512
vn -0.6754 -0.6428 -0.3614
vn -0.4083 -0.6405 -0.6504
vn -0.1926 -0.7692 -0.6093
vn -0.0349 -0.8742 0.4843
vn -0.7861 -0.2733 0.5544
vn -0.9541 0.1168 -0.2759
vn 0.1730 -0.0365 -0.9843
vn 0.6146 -0.5076 -0.6039
vn -0.2301 -0.5340 0.8136
vn -0.8302 0.0149 0.5572
vn -0.6531 0.4621 -0.5999
vn 0.4899 0.0263 -0.8714
vn 0.7971 -0.5252 -0.2980
vn 0.0273 0.3744 0.9269
vn -0.2651 0.7458 0.6112
vn 0.2994 0.9421 -0.1512
vn 0.8280 0.5046 -0.2447
vn 0.7609 0.1104 0.6394
vn 0.8404 0.2904 0.4577
vn 0.7618 0.1100 0.6384
vn 0.6754 0.6428 0.3614
vn 0.8445 0.4672 0.2619
vn 0.9231 0.3821 -0.0425
vn 0.6165 0.7728 0.1507
vn 0.7022 0.6994 -0.1334
vn 0.5825 0.7531 -0.3060
vn 0.3366 0.8863 0.3182
vn 0.1848 0.9664 0.1785
vn -0.1346 0.9383 0.3184
vn 0.1926 0.7692 0.6093
vn -0.0832 0.6926 0.7165
vn -0.1827 0.4959 0.8489
vn 0.4083 0.6405 0.6504
vn 0.3239 0.4627 0.8252
vn 0.5201 0.2877 0.8042
vn 0.9541 -0.1168 0.2760
vn 0.9726 -0.2016 -0.1158
vn 0.9673 0.0463 -0.2495
vn 0.7861 0.2733 -0.5544
vn 0.6357 0.2775 -0.7203
vn 0.5496 0.5176 -0.6558
vn 0.0350 0.8742 -0.4843
vn -0.4016 0.8401 -0.3645
vn -0.4870 0.8697 0.0805
vn -0.6146 0.5076 0.6039
vn -0.6702 0.2662 0.6928
vn -0.4929 0.2623 0.8296
vn -0.1730 0.0365 0.9843
vn -0.0372 -0.2102 0.9769
vn 0.3512 -0.1220 0.9283
vn 0.8302 -0.0149 -0.5572
vn 0.6702 -0.2662 -0.6928
vn 0.4929 -0.2623 -0.8296
vn 0.2301 0.5340 -0.8136
vn 0.0372 0.2103 -0.9769
vn -0.3512 0.1220 -0.9283
vn -0.7971 0.5252 0.2980
vn -0.9726 0.2016 0.1158
vn -0.9673 -0.0463 0.2496
vn -0.4899 -0.0263 0.8714
vn -0.6357 -0.2775 0.7203
vn -0.5496 -0.5176 0.6558
vn 0.6531 -0.4621 0.5999
vn 0.4016 -0.8401 0.3645
vn 0.4870 -0.8697 -0.0805
vn 0.2651 -0.7458 -0.6112
vn 0.0832 -0.6926 -0.7165
vn 0.1827 -0.4959 -0.8489
vn -0.0273 -0.3744 -0.9269
vn -0.3239 -0.4627 -0.8252
vn -0.7100 -0.1057 -0.6963
vn -0.7327 -0.1046 -0.6725
vn -0.5201 -0.2877 -0.8042
vn -0.8404 -0.2904 -0.4577
vn -0.8445 -0.4672 -0.2619
vn -0.9231 -0.3821 0.0425
vn 0.1347 -0.9383 -0.3184
vn -0.1848 -0.9664 -0.1785
vn -0.3366 -0.8863 -0.3182
vn -0.8280 -0.5046 0.2447
vn -0.7022 -0.6994 0.1334
vn -0.5825 -0.7531 0.3060
vn -0.6508 -0.7001 -0.2938
vn -0.4701 -0.8681 0.1595
vn -0.6085 -0.5771 -0.5447
vn -0.2524 -0.6551 -0.7122
vn -0.0845 -0.8241 -0.5601
vn -0.3190 -0.7740 0.5470
vn -0.9676 -0.0756 0.2408
vn -0.7222 0.2451 -0.6468
vn 0.4948 -0.1704 -0.8522
vn 0.6941 -0.6792 -0.2384
vn -0.5582 -0.3931 0.7307
vn -0.9582 0.2228 0.1796
vn -0.2891 0.4702 -0.8339
vn 0.7618 -0.1539 -0.6292
vn 0.7273 -0.6746 0.1262
vn -0.2448 0.4736 0.8460
vn -0.3451 0.8666 0.3603
vn 0.4701 0.8681 -0.1595
vn 0.9403 0.3380 0.0395
vn 0.4753 0.0442 0.8787
vn 0.6490 0.1876 0.7373
vn 0.4779 0.0440 0.8773
vn 0.6085 0.5771 0.5447
vn 0.7653 0.3497 0.5404
vn 0.9314 0.2160 0.2930
vn 0.6508 0.7001 0.2938
vn 0.8167 0.5735 0.0637
vn 0.7649 0.6235 -0.1617
vn 0.3431 0.8838 0.3180
vn 0.2583 0.9607 0.1019
vn -0.0893 0.9906 0.1036
vn 0.0845 0.8241 0.5601
vn -0.2252 0.8017 0.5536
vn -0.3957 0.6306 0.6677
vn 0.2524 0.6551 0.7122
vn 0.0804 0.4997 0.8625
vn 0.2373 0.2778 0.9309
vn 0.7222 -0.2451 0.6468
vn 0.8710 -0.3745 0.3178
vn 0.9753 -0.1516 0.1609
vn 0.9676 0.0756 -0.2408
vn 0.8824 0.0887 -0.4620
vn 0.8109 0.3496 -0.4693
vn 0.3190 0.7740 -0.5470
vn -0.1014 0.8018 -0.5890
vn -0.3219 0.9144 -0.2456
vn -0.6941 0.6792 0.2384
vn -0.8200 0.4615 0.3385
vn -0.7097 0.4430 0.5479
vn -0.4948 0.1704 0.8522
vn -0.3954 -0.0972 0.9134
vn -0.0212 -0.0823 0.9964
vn 0.9582 -0.2228 -0.1796
vn 0.8200 -0.4615 -0.3385
vn 0.7097 -0.4430 -0.5479
vn 0.5582 0.3931 -0.7307
vn 0.3954 0.0972 -0.9134
vn 0.0212 0.0823 -0.9964
vn -0.7273 0.6746 -0.1262
vn -0.8710 0.3745 -0.3179
vn -0.9753 0.1516 -0.1609
vn -0.7618 0.1539 0.6292
vn -0.8824 -0.0887 0.4620
vn -0.8109 -0.3496 0.4693
vn 0.2891 -0.4702 0.8339
vn 0.1014 -0.8018 0.5890
vn 0.3219 -0.9144 0.2456
vn 0.3451 -0.8667 -0.3603
vn 0.2252 -0.8017 -0.5536
vn 0.3957 -0.6306 -0.6677
vn 0.2448 -0.4736 -0.8460
vn -0.0804 -0.4997 -0.8625
vn -0.4077 -0.0553 -0.9114
vn -0.4371 -0.0472 -0.8982
vn -0.2373 -0.2778 -0.9309
vn -0.6490 -0.1876 -0.7373
vn -0.7653 -0.3497 -0.5404
vn -0.9314 -0.2160 -0.2930
vn 0.0893 -0.9906 -0.1036
vn -0.2583 -0.9607 -0.1019
vn -0.3431 -0.8838 -0.3180
vn -0.9403 -0.3380 -0.0395
vn -0.8167 -0.5735 -0.0637
vn -0.7649 -0.6235 0.1617
vn 0.1794 -0.9761 -0.1224
vn 0.7286 -0.6691 -0.1467
vn 0.7286 -0.6690 -0.1467
vn 0.9488 -0.0750 -0.3068
vn 0.6938 0.4893 -0.5284
vn 0.1012 0.7153 -0.6914
vn -0.4968 0.5039 -0.7066
vn -0.8112 0.0154 -0.5846
vn -0.7608 -0.5108 -0.4004
vn -0.3931 -0.8914 -0.2257
vn -0.5180 0.5770 -0.6315
vn -0.4942 0.6026 -0.6267
vn -0.8891 0.1016 -0.4463
vn -0.8849 0.1488 -0.4415
vn 0.6643 0.4271 -0.6134
vn 0.6202 0.4458 -0.6455
vn 0.7197 -0.6873 -0.0981
vn 0.0493 -0.9939 0.0989
vn -0.8660 -0.4680 -0.1760
vn -0.8155 -0.5480 -0.1860
vn 0.7268 -0.6699 -0.1517
vn 0.7104 -0.6761 -0.1952
vn -0.4258 -0.9027 -0.0617
vn -0.5024 -0.8640 -0.0321
vn -0.5471 0.6510 -0.5262
vn -0.5364 0.6598 -0.5263
vn 0.0319 -0.4186 -0.9076
vn 0.9054 -0.1194 -0.4075
vn 0.9055 -0.1198 -0.4072
vn -0.9446 0.1594 -0.2870
vn -0.9356 0.1788 -0.3046
vn 0.2155 0.6753 -0.7053
vn 0.7225 0.5719 -0.3885
vn 0.2441 -0.9698 0.0011
vn 0.1945 -0.9809 -0.0067
vn -0.8800 -0.4718 -0.0541
vn -0.8940 -0.4412 -0.0783
vn 0.1075 0.7610 -0.6397
vn 0.1062 0.7610 -0.6400
vn 0.7351 -0.6531 -0.1822
vn 0.7158 -0.6743 -0.1815
vn -0.3943 -0.9171 0.0588
vn -0.4398 -0.8973 0.0378
vn -0.2494 0.8906 -0.3804
vn 0.0562 -0.4125 -0.9092
vn 0.0587 -0.4429 -0.8946
vn 0.0587 -0.4429 -0.8947
vn 0.0283 -0.4303 -0.9022
vn 0.0665 -0.4329 -0.8990
vn 0.0665 -0.4330 -0.8990
vn 0.0338 -0.4412 -0.8968
vn 0.0429 -0.4116 -0.9104
vn 0.0429 -0.4115 -0.9104
vn 0.0655 -0.4209 -0.9047
vn 0.0458 -0.4461 -0.8938
vn 0.0458 -0.4462 -0.8937
vn 0.9114 0.3704 -0.1795
vn -0.0972 -0.9126 0.3972
vn -0.8128 0.5406 -0.2170
vn 0.4325 0.8241 -0.3659
vn 0.5653 -0.7612 0.3177
vn -0.9970 -0.0610 0.0474
vn 0.9627 -0.2552 0.0903
vn -0.7154 -0.6356 0.2903
vn -0.7154 -0.6356 0.2902
vn 0.8462 -0.1650 -0.5066
vn 0.8447 0.1003 -0.5257
vn 0.8827 -0.3493 -0.3143
vn 0.9612 -0.0659 -0.2677
vn 0.1115 0.8389 -0.5327
vn 0.1029 0.7306 -0.6750
vn -0.4553 0.4084 -0.7912
vn 0.3192 0.6833 -0.6567
vn 0.3696 0.6097 -0.7012
vn -0.4927 0.5194 -0.6982
vn 0.6688 0.4070 -0.6221
vn 0.2020 0.6271 -0.7523
vn 0.9073 -0.2496 -0.3385
vn 0.4916 0.5911 -0.6395
vn 0.0490 -0.5052 -0.8616
vn -0.3230 -0.4789 -0.8162
vn -0.3043 -0.1629 -0.9385
vn -0.0630 -0.3811 -0.9224
vn 0.0080 -0.2935 -0.9559
vn 0.0491 -0.5050 -0.8617
vn -0.1525 -0.5446 -0.8247
vn -0.0318 -0.3628 -0.9313
vn -0.1021 -0.3273 -0.9394
vn 0.1163 -0.2534 -0.9603
vn 0.0681 -0.3565 -0.9318
vn 0.0214 -0.6000 -0.7997
vn -0.0331 -0.4672 -0.8835
vn 0.1606 -0.3751 -0.9130
vn -0.0122 -0.4056 -0.9140
vn -0.2880 -0.5707 -0.7690
vn -0.0484 -0.4129 -0.9095
vn -0.0353 -0.3894 -0.9204
vn 0.2342 -0.9455 0.2264
vn 0.1584 -0.9534 -0.2570
vn 0.7065 -0.6802 -0.1952
vn 0.6823 -0.7273 -0.0746
vn -0.5352 0.3105 -0.7856
vn -0.0348 0.4800 -0.8766
vn -0.2777 -0.9206 -0.2746
vn 0.2580 -0.9199 -0.2955
vn 0.4716 0.3118 -0.8248
vn 0.7471 -0.1155 -0.6546
vn 0.6627 -0.6019 -0.4456
vn -0.6938 -0.6037 -0.3927
vn -0.7954 -0.1175 -0.5945
vn -0.1791 -0.8085 -0.5606
vn 0.4527 0.0338 -0.8910
vn 0.8822 0.4703 0.0253
vn -0.1591 0.9511 0.2646
vn 0.3395 0.5207 0.7833
vn 0.5272 0.3511 0.7738
vn 0.6816 -0.2864 -0.6734
vn -0.9876 0.1542 0.0299
vn 0.2583 -0.7917 -0.5535
vn 0.1591 -0.9512 -0.2646
vn -0.6754 -0.6429 -0.3614
vn -0.0350 -0.8742 0.4843
vn -0.2302 -0.5340 0.8136
vn 0.8279 0.5046 -0.2447
vn 0.3366 0.8862 0.3182
vn 0.9540 -0.1168 0.2760
vn 0.9673 0.0463 -0.2496
vn 0.0349 0.8742 -0.4843
vn -0.0372 -0.2103 0.9769
vn 0.2302 0.5340 -0.8136
vn -0.7971 0.5251 0.2980
vn -0.5201 -0.2876 -0.8042
vn 0.1346 -0.9383 -0.3184
vn -0.2891 0.4702 -0.8338
vn 0.8710 -0.3745 0.3179
vn -0.1013 0.8018 -0.5890
vn 0.0212 0.0822 -0.9964
vn 0.3451 -0.8666 -0.3603
vn 0.3506 0.5017 0.7908
vn 0.6719 0.1635 0.7224
vn 0.1188 0.5836 0.8033
vn -0.0956 0.3624 0.9271
vn 0.0075 0.1475 0.9890
vn 0.8857 -0.1058 0.4521
vn 0.6611 0.7501 0.0160
vn -0.2687 0.9451 0.1858
vn -0.7813 -0.0894 0.6177
vn -0.1681 -0.6418 0.7483
vn 0.9955 0.0938 0.0107
vn 0.4750 0.8434 -0.2512
vn -0.7055 0.7074 0.0428
vn -0.7676 -0.4393 0.4667
vn 0.0901 -0.8408 0.5338
vn 0.4863 -0.0677 -0.8712
vn 0.0127 0.2887 -0.9573
vn -0.6719 -0.1635 -0.7224
vn -0.5228 -0.7477 -0.4094
vn 0.3901 -0.7473 -0.5380
vn 0.1566 -0.7866 -0.5973
vn 0.3848 -0.7517 -0.5357
vn -0.1188 -0.5836 -0.8033
vn -0.0918 -0.7632 -0.6396
vn -0.2804 -0.8590 -0.4283
vn -0.3506 -0.5017 -0.7908
vn -0.5367 -0.5868 -0.6063
vn -0.7073 -0.4546 -0.5414
vn -0.2876 -0.2403 -0.9271
vn -0.4346 -0.0810 -0.8970
vn -0.3190 0.2007 -0.9262
vn -0.0075 -0.1475 -0.9890
vn 0.1236 0.0948 -0.9878
vn 0.3592 0.1628 -0.9190
vn 0.0956 -0.3623 -0.9271
vn 0.3335 -0.3242 -0.8853
vn 0.4152 -0.5196 -0.7467
vn 0.2686 -0.9452 -0.1858
vn 0.0264 -0.9933 0.1121
vn -0.2443 -0.9694 -0.0252
vn -0.6611 -0.7501 -0.0160
vn -0.8090 -0.5776 0.1094
vn -0.8846 -0.4448 -0.1401
vn -0.8857 0.1058 -0.4521
vn -0.7571 0.4947 -0.4267
vn -0.4561 0.5492 -0.7002
vn 0.1681 0.6418 -0.7483
vn 0.4151 0.6859 -0.5978
vn 0.5277 0.4771 -0.7028
vn 0.7813 0.0894 -0.6177
vn 0.9131 -0.0780 -0.4001
vn 0.7685 -0.4292 -0.4746
vn -0.4750 -0.8434 0.2512
vn -0.4151 -0.6859 0.5978
vn -0.5277 -0.4771 0.7028
vn -0.9955 -0.0938 -0.0107
vn -0.9131 0.0780 0.4002
vn -0.7685 0.4292 0.4746
vn -0.0901 0.8408 -0.5338
vn -0.0264 0.9933 -0.1121
vn 0.2443 0.9694 0.0252
vn 0.7676 0.4393 -0.4667
vn 0.8089 0.5776 -0.1094
vn 0.8846 0.4448 0.1401
vn 0.7055 -0.7074 -0.0428
vn 0.7571 -0.4947 0.4267
vn 0.4561 -0.5492 0.7002
vn -0.0127 -0.2887 0.9573
vn -0.1236 -0.0948 0.9878
vn -0.3592 -0.1628 0.9190
vn -0.4863 0.0677 0.8712
vn -0.3335 0.3242 0.8853
vn -0.4423 0.6973 0.5640
vn -0.4208 0.7213 0.5501
vn -0.4152 0.5196 0.7467
vn -0.1566 0.7866 0.5973
vn 0.0918 0.7632 0.6396
vn 0.2804 0.8590 0.4283
vn 0.3190 -0.2008 0.9262
vn 0.4346 0.0810 0.8970
vn 0.2876 0.2403 0.9271
vn 0.5228 0.7477 0.4094
vn 0.5367 0.5868 0.6063
vn 0.7073 0.4546 0.5414
vn 0.3399 0.5809 0.7396
vn 0.6723 0.2523 0.6959
vn 0.0951 0.6486 0.7552
vn -0.1534 0.3856 0.9098
vn -0.0545 0.1635 0.9850
vn 0.8971 -0.0127 0.4416
vn 0.6403 0.7652 -0.0674
vn -0.2573 0.9619 0.0922
vn -0.7936 -0.1621 0.5865
vn -0.2294 -0.6303 0.7417
vn 0.9808 0.1942 -0.0193
vn 0.4800 0.8229 -0.3040
vn -0.7313 0.6819 -0.0157
vn -0.7485 -0.4771 0.4605
vn 0.0248 -0.8174 0.5756
vn 0.5464 -0.0212 -0.8373
vn 0.0865 0.2925 -0.9523
vn -0.6723 -0.2523 -0.6959
vn -0.5195 -0.7999 -0.3006
vn 0.4333 -0.7628 -0.4799
vn 0.1786 -0.8313 -0.5263
vn 0.4327 -0.7637 -0.4791
vn -0.0951 -0.6486 -0.7552
vn -0.0830 -0.8246 -0.5597
vn -0.2873 -0.9033 -0.3185
vn -0.3399 -0.5809 -0.7396
vn -0.5345 -0.6664 -0.5198
vn -0.7022 -0.5421 -0.4615
vn -0.2566 -0.2981 -0.9194
vn -0.4113 -0.1409 -0.9006
vn -0.2685 0.1751 -0.9472
vn 0.0545 -0.1635 -0.9850
vn 0.1964 0.1070 -0.9747
vn 0.4210 0.1953 -0.8858
vn 0.1534 -0.3856 -0.9098
vn 0.4015 -0.3119 -0.8611
vn 0.4766 -0.5159 -0.7118
vn 0.2573 -0.9619 -0.0922
vn -0.0166 -0.9796 0.2005
vn -0.2675 -0.9607 0.0737
vn -0.6403 -0.7652 0.0674
vn -0.7732 -0.6127 0.1635
vn -0.8539 -0.5160 -0.0675
vn -0.8971 0.0127 -0.4416
vn -0.7630 0.4457 -0.4682
vn -0.4114 0.5267 -0.7439
vn 0.2294 0.6303 -0.7417
vn 0.4420 0.6733 -0.5927
vn 0.5499 0.4943 -0.6732
vn 0.7936 0.1621 -0.5865
vn 0.9231 0.0149 -0.3843
vn 0.8183 -0.3682 -0.4413
vn -0.4800 -0.8229 0.3040
vn -0.4420 -0.6733 0.5927
vn -0.5499 -0.4943 0.6732
vn -0.9808 -0.1942 0.0193
vn -0.9231 -0.0149 0.3843
vn -0.8183 0.3682 0.4413
vn -0.0248 0.8174 -0.5756
vn 0.0166 0.9796 -0.2005
vn 0.2675 0.9607 -0.0737
vn 0.7485 0.4771 -0.4605
vn 0.7732 0.6127 -0.1635
vn 0.8539 0.5160 0.0675
vn 0.7313 -0.6819 0.0157
vn 0.7630 -0.4457 0.4682
vn 0.4114 -0.5267 0.7439
vn -0.0865 -0.2925 0.9523
vn -0.1964 -0.1070 0.9747
vn -0.4210 -0.1953 0.8858
vn -0.5464 0.0212 0.8373
vn -0.4015 0.3119 0.8611
vn -0.4846 0.7129 0.5070
vn -0.4648 0.7353 0.4932
vn -0.4766 0.5160 0.7118
vn -0.1786 0.8313 0.5263
vn 0.0830 0.8246 0.5597
vn 0.2873 0.9033 0.3185
vn 0.2685 -0.1751 0.9472
vn 0.4113 0.1409 0.9006
vn 0.2566 0.2981 0.9194
vn 0.5195 0.7999 0.3006
vn 0.5344 0.6664 0.5198
vn 0.7022 0.5421 0.4615
vn 0.1823 0.6204 0.7628
vn 0.6433 0.4262 0.6360
vn -0.0954 0.5872 0.8038
vn -0.2017 0.2299 0.9521
vn 0.0132 0.0523 0.9985
vn 0.9021 0.2749 0.3327
vn 0.2771 0.9598 -0.0447
vn -0.6435 0.7411 0.1914
vn -0.6209 -0.4915 0.6107
vn 0.1654 -0.7226 0.6712
vn 0.8447 0.5297 -0.0771
vn 0.0563 0.9653 -0.2548
vn -0.9416 0.3216 0.0997
vn -0.4573 -0.7603 0.4613
vn 0.4608 -0.7601 0.4582
vn 0.4336 0.2564 -0.8639
vn -0.1853 0.3814 -0.9057
vn -0.6433 -0.4262 -0.6360
vn -0.1955 -0.9236 -0.3297
vn 0.6782 -0.4837 -0.5533
vn 0.4739 -0.6486 -0.5956
vn 0.6771 -0.4862 -0.5523
vn 0.0954 -0.5872 -0.8038
vn 0.2155 -0.7546 -0.6198
vn 0.0824 -0.9237 -0.3741
vn -0.1823 -0.6204 -0.7628
vn -0.3052 -0.7893 -0.5328
vn -0.5168 -0.7323 -0.4435
vn -0.2556 -0.3047 -0.9175
vn -0.4736 -0.2136 -0.8544
vn -0.4763 0.1350 -0.8689
vn -0.0132 -0.0523 -0.9985
vn 0.0059 0.2561 -0.9666
vn 0.2035 0.4167 -0.8860
vn 0.2017 -0.2299 -0.9521
vn 0.4201 -0.0674 -0.9050
vn 0.5968 -0.2356 -0.7670
vn 0.6435 -0.7411 -0.1914
vn 0.4417 -0.8918 0.0980
vn 0.1819 -0.9833 0.0014
vn -0.2771 -0.9598 0.0447
vn -0.4628 -0.8713 0.1630
vn -0.6149 -0.7874 -0.0446
vn -0.9021 -0.2749 -0.3327
vn -0.9366 0.1468 -0.3181
vn -0.7107 0.3681 -0.5995
vn -0.1654 0.7226 -0.6712
vn 0.0455 0.8367 -0.5458
vn 0.2238 0.7230 -0.6537
vn 0.6209 0.4915 -0.6107
vn 0.8199 0.3788 -0.4293
vn 0.8655 0.0047 -0.5009
vn -0.0563 -0.9654 0.2548
vn -0.0455 -0.8367 0.5458
vn -0.2238 -0.7230 0.6537
vn -0.8447 -0.5297 0.0771
vn -0.8199 -0.3788 0.4293
vn -0.8655 -0.0047 0.5009
vn -0.4608 0.7601 -0.4582
vn -0.4417 0.8918 -0.0980
vn -0.1819 0.9833 -0.0014
vn 0.4573 0.7603 -0.4613
vn 0.4628 0.8713 -0.1630
vn 0.6149 0.7874 0.0446
vn 0.9416 -0.3216 -0.0997
vn 0.9366 -0.1468 0.3181
vn 0.7107 -0.3681 0.5995
vn 0.1853 -0.3814 0.9057
vn -0.0059 -0.2561 0.9666
vn -0.2035 -0.4167 0.8860
vn -0.4336 -0.2563 0.8639
vn -0.4201 0.0674 0.9050
vn -0.7013 0.4161 0.5789
vn -0.6939 0.4457 0.5656
vn -0.5968 0.2355 0.7670
vn -0.4739 0.6486 0.5956
vn -0.2155 0.7546 0.6198
vn -0.0824 0.9237 0.3741
vn 0.4763 -0.1350 0.8689
vn 0.4736 0.2136 0.8544
vn 0.2556 0.3047 0.9175
vn 0.1955 0.9236 0.3297
vn 0.3052 0.7893 0.5328
vn 0.5168 0.7323 0.4435
vn -0.8101 0.3401 0.4775
vn -0.0035 -0.5776 -0.8163
vn 0.9963 0.0784 0.0337
vn -0.9133 -0.1841 0.3633
vn -0.8765 -0.2879 -0.3858
vn 0.6860 -0.6816 0.2545
vn 0.0457 -0.7617 0.6463
vn 0.5637 0.3580 0.7444
vn 0.2529 0.5938 0.7638
vn -0.0116 -0.6222 -0.7828
vn -0.5954 -0.4919 -0.6353
vn 0.0890 0.6022 0.7934
vn 0.7811 0.3682 0.5043
vn 0.9921 -0.0740 -0.1009
vn 0.1222 -0.6385 -0.7599
vn 0.7341 -0.4388 -0.5183
vn 0.9634 0.1764 0.2016
vn 0.0159 -0.8077 0.5894
vn -0.2543 0.4581 0.8517
vn 0.0441 -0.8167 0.5754
vn -0.9175 -0.3110 -0.2481
vn 0.9533 -0.2635 -0.1476
vn 0.7724 0.1746 0.6107
vn -0.8898 -0.3847 -0.2454
vn 0.2609 -0.7510 0.6065
vn -0.4445 -0.6029 -0.6626
vn 0.5873 0.5261 0.6151
vn 0.9654 -0.1776 -0.1911
vn -0.0267 0.5849 0.8106
vn 0.8983 -0.2544 -0.3582
vn -0.8229 0.2587 0.5059
vn 0.2794 -0.6192 -0.7338
vn -0.9838 -0.1759 -0.0352
vn 0.9876 0.1079 0.1142
vn 0.9780 -0.0441 0.2038
vn -0.8087 -0.5096 -0.2938
vn -0.1215 -0.8786 0.4618
vn 0.3509 -0.8297 0.4341
vn 0.4204 0.5860 -0.6927
vn 0.3064 0.4768 -0.8239
vn 0.2244 -0.9382 0.2635
vn 0.0016 0.5808 0.8141
vn 0.5747 -0.2197 0.7883
vn 0.9736 0.1675 0.1550
vn 0.5287 0.5261 0.6661
vn -0.0512 -0.8713 0.4881
vn -0.7324 0.4067 -0.5461
vn 0.6267 0.7686 -0.1283
vn -0.2774 -0.9608 -0.0011
vn -0.8652 -0.4926 -0.0933
vn 0.5107 0.2787 -0.8133
vn 0.4320 -0.4708 -0.7692
vn 0.9751 0.0412 0.2179
vn 0.8404 -0.1778 0.5120
vn -0.7168 0.3734 -0.5888
vn -0.9262 -0.1522 -0.3449
vn 0.7682 -0.3224 0.5532
vn 0.9144 0.3581 0.1888
vn 0.4957 0.8243 -0.2736
vn -0.6219 0.4614 -0.6327
vn -0.0401 0.8219 -0.5682
vn 0.7546 0.6556 -0.0295
vn 0.3626 -0.4664 -0.8068
vn 0.5912 -0.6472 0.4813
vn 0.3669 -0.4372 -0.8211
vn -0.7834 -0.6117 -0.1106
vn 0.4088 0.7940 -0.4500
vn 0.9662 0.2578 -0.0012
vn -0.7754 -0.6027 -0.1884
vn 0.5291 -0.2771 -0.8020
vn -0.8745 -0.0345 -0.4839
vn 0.9102 0.1633 0.3805
vn 0.3935 0.8427 -0.3674
vn 0.7110 -0.4258 0.5596
vn 0.2103 0.8804 -0.4251
vn -0.0478 -0.9106 0.4105
vn -0.5055 0.5711 -0.6467
vn -0.6344 -0.7724 0.0304
vn 0.6897 0.7173 -0.0995
vn 0.7336 0.6327 -0.2482
vn -0.7836 -0.5287 -0.3262
vn 0.1701 -0.5066 -0.8452
vn 0.4342 -0.1140 -0.8936
vn -0.2184 0.8363 0.5028
vn -0.4054 0.8108 0.4223
vn 0.2086 -0.1253 -0.9699
vn 0.7299 -0.4063 0.5496
vn 0.9344 -0.0633 -0.3506
vn 0.7223 0.6905 -0.0392
vn 0.9161 0.0866 0.3914
vn 0.4220 -0.8338 0.3560
vn 0.2649 -0.4469 -0.8545
vn -0.5207 -0.8493 -0.0874
vn 0.6814 0.5618 -0.4691
vn -0.9234 -0.0417 -0.3816
vn -0.2005 0.4926 -0.8469
vn 0.4426 -0.1029 0.8908
vn 0.9254 0.0594 -0.3742
vn 0.9904 -0.0608 -0.1238
vn 0.0339 -0.8303 -0.5563
vn 0.2187 -0.6880 -0.6919
vn -0.5599 -0.6131 -0.5574
vn -0.3641 -0.8393 -0.4036
vn -0.3568 -0.8310 0.4267
vn -0.5163 -0.8308 0.2078
vn 0.3545 -0.5493 0.7567
vn -0.8342 0.5431 0.0958
vn -0.9410 0.3384 0.0004
vn -0.9849 0.1084 -0.1347
vn 0.0198 0.0980 -0.9950
vn 0.5844 0.8106 -0.0371
vn 0.5281 0.8229 0.2096
vn -0.9193 0.0885 0.3836
vn -0.2713 0.8394 0.4710
vn -0.2010 0.7015 0.6838
vn -0.2322 0.6874 -0.6882
vn 0.9503 0.2859 0.1230
vn -0.3468 0.9195 -0.1849
vn 0.3488 0.5493 -0.7593
vn -0.7385 0.5344 -0.4111
vn 0.3695 0.6566 -0.6576
vn -0.8095 0.5728 -0.1287
vn -0.2869 0.9178 -0.2744
vn -0.3234 0.9463 -0.0051
vn -0.5106 0.7214 0.4679
vn -0.3918 0.9116 -0.1246
vn -0.1872 0.8097 0.5562
vn -0.1164 0.9912 -0.0635
vn 0.4032 0.8216 0.4029
vn 0.1966 0.3610 0.9116
vn -0.1739 0.7835 0.5966
vn 0.8922 0.3121 0.3263
vn 0.7334 0.6555 0.1800
vn 0.3917 0.6145 0.6848
vn 0.6369 0.7567 0.1477
vn 0.9531 0.3027 0.0038
vn 0.9858 0.1648 -0.0323
vn 0.6560 -0.5932 -0.4667
vn 0.5826 0.4894 -0.6489
vn -0.0117 -0.3196 -0.9475
vn -0.1417 0.4331 -0.8901
vn -0.3013 -0.1365 -0.9437
vn -0.4088 0.4358 -0.8019
vn -0.1777 -0.0646 -0.9820
vn -0.8195 0.1574 0.5510
vn -0.9041 -0.3198 0.2834
vn -0.8970 -0.0838 0.4341
vn -0.0198 0.1780 0.9838
vn -0.1693 -0.0613 0.9837
vn -0.4016 0.5738 0.7138
vn -0.6737 0.3783 0.6348
vn -0.3035 0.1881 0.9341
vn -0.1614 -0.5670 0.8077
vn 0.1374 0.4033 -0.9047
vn 0.0324 0.3127 -0.9493
vn 0.7851 -0.4947 -0.3726
vn -0.4143 -0.6317 -0.6552
vn -0.7937 -0.1899 -0.5779
vn -0.3435 -0.5551 -0.7575
vn -0.8494 -0.4931 0.1882
vn -0.6021 0.1699 0.7801
vn -0.2796 -0.3122 0.9079
vn 0.1391 -0.3991 0.9063
vn 0.4649 -0.6621 0.5877
vn 0.0415 0.2150 0.9757
vn -0.0106 -0.3608 0.9326
vn 0.5735 -0.1535 0.8047
vn 0.6079 -0.7639 -0.2169
vn 0.8659 -0.1235 -0.4847
vn 0.8886 -0.3465 -0.3007
vn 0.9417 0.1156 0.3159
vn 0.7770 -0.5956 -0.2039
vn 0.5557 -0.7651 -0.3253
vn 0.6922 -0.6597 -0.2927
vn 0.5075 -0.8395 -0.1942
vn -0.6699 -0.6689 0.3221
vn -0.2724 -0.9387 0.2114
vn -0.8014 -0.4608 -0.3812
vn -0.7689 -0.6229 -0.1440
vn -0.1228 -0.7958 -0.5929
vn -0.4698 -0.8111 -0.3484
vn -0.7845 -0.4700 0.4045
vn -0.9255 -0.2023 0.3202
vn -0.7412 -0.4089 0.5323
vn 0.8220 -0.3664 0.4360
vn 0.8813 -0.3772 0.2846
vn 0.8566 -0.2496 0.4515
vt 0.707651 0.506391
vt 0.751116 0.478588
vt 0.748303 0.538180
vt 0.024165 0.897799
vt 0.044880 0.912757
vt 0.024165 0.954861
vt 0.690799 0.552479
vt 0.658073 0.501723
vt 0.695351 0.456056
vt 0.455433 0.794642
vt 0.424864 0.756613
vt 0.473262 0.749429
vt 0.076754 0.528577
vt 0.037003 0.509918
vt 0.082357 0.477253
vt 0.216173 0.682658
vt 0.182792 0.658363
vt 0.241513 0.645314
vt 0.125566 0.318990
vt 0.108391 0.274567
vt 0.165811 0.293423
vt 0.477466 0.842519
vt 0.451030 0.813119
vt 0.489538 0.833268
vt 0.501997 0.802491
vt 0.124070 0.515520
vt 0.084124 0.127390
vt 0.121591 0.076462
vt 0.122087 0.111021
vt 0.169338 0.342314
vt 0.492754 0.881627
vt 0.720092 0.675919
vt 0.693310 0.716773
vt 0.671041 0.671668
vt 0.354395 0.522429
vt 0.327191 0.532303
vt 0.312818 0.493459
vt 0.214708 0.728527
vt 0.190356 0.731655
vt 0.215395 0.698165
vt 0.346120 0.364421
vt 0.324260 0.425042
vt 0.291428 0.389001
vt 0.277587 0.450771
vt 0.314366 0.484515
vt 0.304755 0.945425
vt 0.304755 0.989725
vt 0.295958 0.990473
vt 0.295958 0.946380
vt 0.943045 0.214123
vt 0.950531 0.263933
vt 0.943007 0.265343
vt 0.935555 0.215767
vt 0.050687 0.568371
vt 0.081841 0.619979
vt 0.073929 0.622931
vt 0.042921 0.571566
vt 0.364062 0.462180
vt 0.353982 0.512421
vt 0.928868 0.213314
vt 0.920721 0.157801
vt 0.927447 0.162454
vt 0.935556 0.217707
vt 0.979386 0.756268
vt 0.979386 0.701988
vt 0.987413 0.702951
vt 0.987413 0.756977
vt 0.289406 0.507630
vt 0.289092 0.471678
vt 0.152552 0.033801
vt 0.112169 0.069147
vt 0.113179 0.060125
vt 0.153373 0.024945
vt 0.524770 0.212472
vt 0.469703 0.242353
vt 0.479829 0.183992
vt 0.569276 0.176996
vt 0.563383 0.238069
vt 0.511034 0.272429
vt 0.488464 0.268294
vt 0.457100 0.280130
vt 0.460816 0.248150
vt 0.322936 0.543672
vt 0.295526 0.574605
vt 0.278999 0.514726
vt 0.543150 0.291041
vt 0.903295 0.827855
vt 0.903295 0.774664
vt 0.940580 0.778671
vt 0.489953 0.316212
vt 0.454867 0.292953
vt 0.920721 0.271599
vt 0.927447 0.275718
vt 0.435105 0.144852
vt 0.484039 0.132341
vt 0.423201 0.203757
vt 0.416800 0.253932
vt 0.410936 0.206284
vt 0.387429 0.163515
vt 0.423888 0.142094
vt 0.373487 0.216330
vt 0.360245 0.220638
vt 0.320694 0.175530
vt 0.376081 0.160418
vt 0.332954 0.116580
vt 0.313038 0.176835
vt 0.325241 0.118161
vt 0.437445 0.555714
vt 0.502538 0.545004
vt 0.506072 0.550944
vt 0.441284 0.561603
vt 0.409465 0.263713
vt 0.349953 0.274463
vt 0.308212 0.230010
vt 0.280309 0.186970
vt 0.455031 0.089439
vt 0.408745 0.098653
vt 0.441744 0.092397
vt 0.408955 0.053020
vt 0.395910 0.099699
vt 0.354882 0.055597
vt 0.361157 0.047499
vt 0.376011 0.021738
vt 0.194001 0.013219
vt 0.194628 0.004460
vt 0.983315 0.829239
vt 0.983315 0.762751
vt 0.989786 0.762659
vt 0.989786 0.828834
vt 0.298041 0.076532
vt 0.299779 0.069298
vt 0.325107 0.035911
vt 0.717354 0.637567
vt 0.512070 0.094333
vt 0.417791 0.044423
vt 0.480612 0.044102
vt 0.380471 0.009292
vt 0.439584 0.000000
vt 0.894500 0.452069
vt 0.900806 0.503038
vt 0.892163 0.501769
vt 0.885886 0.451039
vt 0.633718 0.733240
vt 0.623648 0.779051
vt 0.603663 0.739924
vt 0.723528 0.311770
vt 0.681478 0.297499
vt 0.723528 0.254210
vt 0.610228 0.780912
vt 0.597335 0.837014
vt 0.567461 0.791918
vt 0.637266 0.720257
vt 0.665507 0.770964
vt 0.655692 0.772706
vt 0.637348 0.821624
vt 0.608946 0.838957
vt 0.625597 0.868592
vt 0.192715 0.778418
vt 0.180370 0.823191
vt 0.165365 0.771510
vt 0.541505 0.432985
vt 0.487278 0.439664
vt 0.505431 0.383645
vt 0.983534 0.378973
vt 0.983534 0.327674
vt 0.991176 0.330104
vt 0.991176 0.381163
vt 0.444044 0.389752
vt 0.422184 0.450374
vt 0.227196 0.008738
vt 0.227666 0.000000
vt 0.980315 -0.000000
vt 0.980315 0.058908
vt 0.971906 0.061126
vt 0.971906 0.002494
vt 0.521642 0.488070
vt 0.463851 0.498955
vt 0.403346 0.507534
vt 0.398172 0.548430
vt 0.401202 0.596827
vt 0.360092 0.598838
vt 0.219393 0.312333
vt 0.220398 0.357977
vt 0.377929 0.557898
vt 0.348951 0.595485
vt 0.983315 0.764164
vt 0.983315 0.819772
vt 0.974867 0.818005
vt 0.974867 0.762659
vt 0.229562 0.351580
vt 0.228548 0.307047
vt 0.260580 0.322384
vt 0.257467 0.275445
vt 0.983384 0.924748
vt 0.983384 0.867719
vt 0.990125 0.873497
vt 0.990125 0.930258
vt 0.029302 0.513386
vt 0.213014 0.255633
vt 0.224133 0.267870
vt 0.255892 0.212829
vt 0.268961 0.267985
vt 0.272842 0.447104
vt 0.286619 0.385624
vt 0.487324 0.042516
vt 0.518635 0.092511
vt 0.985113 0.986304
vt 0.985113 0.930343
vt 0.991921 0.930895
vt 0.991921 0.986594
vt 0.241513 0.542668
vt 0.259640 0.485170
vt 0.268502 0.484470
vt 0.250460 0.541698
vt 0.128672 0.115965
vt 0.170100 0.076804
vt 0.187099 0.131808
vt 0.551594 0.890357
vt 0.551594 0.826887
vt 0.559758 0.824216
vt 0.559758 0.887388
vt 0.940621 0.540469
vt 0.937101 0.485519
vt 0.944240 0.488508
vt 0.947743 0.543201
vt 0.233292 0.097555
vt 0.215129 0.046030
vt 0.272750 0.073272
vt 0.296993 0.273549
vt 0.161898 0.073605
vt 0.200144 0.945655
vt 0.200144 0.888589
vt 0.224531 0.914919
vt 0.832998 0.634717
vt 0.801401 0.634717
vt 0.804357 0.589939
vt 0.847280 0.417378
vt 0.829790 0.360502
vt 0.861158 0.377825
vt 0.839117 0.331041
vt 0.814841 0.329468
vt 0.901990 0.547607
vt 0.893341 0.546129
vt 0.183418 0.501249
vt 0.202860 0.443365
vt 0.241513 0.489421
vt 0.133043 0.508095
vt 0.144651 0.479548
vt 0.172568 0.498386
vt 0.927465 0.342563
vt 0.937220 0.392772
vt 0.929261 0.388572
vt 0.919553 0.338599
vt 0.901404 0.103706
vt 0.904457 0.157801
vt 0.895930 0.155924
vt 0.892891 0.102082
vt 0.191508 0.442018
vt 0.167822 0.406746
vt 0.207266 0.393700
vt 0.185761 0.367560
vt 0.091155 0.469667
vt 0.090144 0.431597
vt 0.138236 0.457726
vt 0.096100 0.421145
vt 0.156954 0.401252
vt 0.116374 0.374621
vt 0.175095 0.361572
vt 0.768248 0.661596
vt 0.901990 0.393527
vt 0.893341 0.392772
vt 0.590721 0.435472
vt 0.567193 0.484806
vt 0.559768 0.480774
vt 0.583186 0.431671
vt 0.410090 0.271842
vt 0.350857 0.282541
vt 0.259640 0.422810
vt 0.268502 0.422403
vt 0.856962 0.090079
vt 0.861655 0.042233
vt 0.870344 0.043606
vt 0.865673 0.091227
vt 0.559122 0.644663
vt 0.549827 0.706317
vt 0.541265 0.707415
vt 0.550516 0.646050
vt 0.838847 0.248598
vt 0.848473 0.196394
vt 0.857224 0.197043
vt 0.847643 0.249002
vt 0.241513 0.361692
vt 0.250460 0.361572
vt 0.700852 0.823701
vt 0.644173 0.827003
vt 0.976296 0.453185
vt 0.976296 0.395935
vt 0.984403 0.392772
vt 0.984403 0.449753
vt 0.559122 0.763878
vt 0.550516 0.764705
vt 0.416761 0.446709
vt 0.438519 0.386371
vt 0.985565 0.173230
vt 0.985565 0.229785
vt 0.978069 0.234076
vt 0.978069 0.177787
vt 0.679682 0.875894
vt 0.632595 0.872204
vt 0.398897 0.518286
vt 0.585720 0.731274
vt 0.559768 0.793493
vt 0.577941 0.733133
vt 0.424571 0.554600
vt 0.984403 0.438226
vt 0.984403 0.393733
vt 0.992994 0.392772
vt 0.992994 0.437056
vt 0.474566 0.600431
vt 0.410644 0.604384
vt 0.445389 0.639165
vt 0.937220 0.298273
vt 0.929261 0.294516
vt 0.490735 0.130341
vt 0.486545 0.181750
vt 0.937101 0.591236
vt 0.944240 0.593730
vt 0.167209 0.350265
vt 0.123642 0.327050
vt 0.911939 0.222867
vt 0.920722 0.282499
vt 0.914320 0.286025
vt 0.905579 0.226673
vt 0.975282 0.387409
vt 0.975282 0.327674
vt 0.983534 0.329810
vt 0.983534 0.389265
vt 0.990216 0.106335
vt 0.990216 0.165460
vt 0.983275 0.161783
vt 0.983275 0.102936
vt 0.201887 0.193429
vt 0.152319 0.237776
vt 0.814384 0.294551
vt 0.823295 0.294740
vt 0.950531 0.157801
vt 0.943007 0.159709
vt 0.138695 0.172678
vt 0.603896 0.892090
vt 0.629130 0.939599
vt 0.621148 0.940481
vt 0.596031 0.893194
vt 0.150655 0.275500
vt 0.112057 0.262760
vt 0.143135 0.245040
vt 0.091230 0.225968
vt 0.092816 0.216162
vt 0.083632 0.156262
vt 0.079573 0.149058
vt 0.987094 0.459293
vt 0.987094 0.523200
vt 0.980302 0.517468
vt 0.980302 0.453861
vt 0.983274 0.102936
vt 0.983274 0.163408
vt 0.975533 0.166463
vt 0.975533 0.106275
vt 0.876134 0.147825
vt 0.884755 0.148702
vt 0.942527 0.055539
vt 0.934816 0.000000
vt 0.943383 0.000096
vt 0.951059 0.055374
vt 0.227224 0.547453
vt 0.969524 0.233623
vt 0.969524 0.173230
vt 0.978069 0.174919
vt 0.978069 0.235028
vt 0.937220 0.392772
vt 0.938564 0.330848
vt 0.947021 0.328190
vt 0.945683 0.389824
vt 0.162600 0.561815
vt 0.158650 0.538866
vt 0.205683 0.609428
vt 0.142445 0.619133
vt 0.104496 0.571834
vt 0.556850 0.796833
vt 0.548255 0.797506
vt 0.681478 0.305118
vt 0.633101 0.305118
vt 0.662092 0.254210
vt 0.048121 0.442089
vt 0.930430 0.543041
vt 0.919737 0.489058
vt 0.926458 0.485519
vt 0.937101 0.539249
vt 0.970897 0.761257
vt 0.970897 0.701988
vt 0.979386 0.703599
vt 0.979386 0.762590
vt 0.784532 -0.000000
vt 0.809851 0.039114
vt 0.776943 0.041306
vt 0.817330 0.091888
vt 0.548503 0.824216
vt 0.551594 0.890643
vt 0.501998 0.860193
vt 0.501997 0.920508
vt 0.042417 0.451561
vt 0.001160 0.489522
vt 0.844635 0.090519
vt 0.825720 0.140733
vt 0.797596 0.143530
vt 0.819502 0.179874
vt 0.654789 0.916119
vt 0.935878 0.690123
vt 0.939899 0.637567
vt 0.948484 0.640164
vt 0.944482 0.692473
vt 0.445348 0.701265
vt 0.501997 0.695844
vt 0.712535 0.921775
vt 0.210881 0.834656
vt 0.480199 0.644663
vt 0.896462 0.766967
vt 0.874716 0.751570
vt 0.903295 0.702577
vt 0.186541 0.888589
vt 0.559768 0.386294
vt 0.903295 0.830521
vt 0.875342 0.789183
vt 0.472192 0.946038
vt 0.467879 0.899126
vt 0.497517 0.941643
vt 0.428385 0.834279
vt 0.675638 0.403199
vt 0.643933 0.383975
vt 0.670146 0.353818
vt 0.682949 0.442555
vt 0.651508 0.435964
vt 0.645554 0.339760
vt 0.723528 0.311166
vt 0.723528 0.254210
vt 0.762067 0.299056
vt 0.640729 0.444781
vt 0.631747 0.385215
vt 0.589547 0.380787
vt 0.893229 0.050776
vt 0.884755 0.049401
vt 0.606632 0.494088
vt 0.589502 0.838376
vt 0.919736 0.596673
vt 0.926458 0.592630
vt 0.076431 0.311804
vt 0.025914 0.294111
vt 0.053955 0.258005
vt 0.635720 0.550896
vt 0.058171 0.246399
vt 0.585712 0.541588
vt 0.006865 0.220424
vt 0.028404 0.196181
vt 0.040331 0.192907
vt 0.662052 0.522527
vt 0.680227 0.551232
vt 0.645546 0.559580
vt 0.666675 0.593063
vt 0.007237 0.179533
vt 0.059306 0.135658
vt 0.051423 0.090892
vt 0.675138 0.600336
vt 0.721030 0.637567
vt 0.665373 0.637074
vt 0.735021 0.591018
vt 0.020947 0.102593
vt 0.133679 0.659588
vt 0.134823 0.622787
vt 0.174132 0.661005
vt 0.784315 0.621831
vt 0.095741 0.618211
vt 0.108887 0.590444
vt 0.939899 0.745119
vt 0.948484 0.747211
vt 0.455279 0.300945
vt 0.937220 0.285902
vt 0.945683 0.283455
vt 0.920722 0.157801
vt 0.914320 0.161912
vt 0.455956 0.897082
vt 0.424864 0.846031
vt 0.462022 0.852979
vt 0.784317 0.332358
vt 0.734144 0.359755
vt 0.726632 0.316212
vt 0.901990 0.436456
vt 0.927896 0.441864
vt 0.901990 0.485519
vt 0.679028 0.347806
vt 0.684667 0.398493
vt 0.795515 0.384551
vt 0.984383 0.638831
vt 0.984383 0.698327
vt 0.976449 0.696785
vt 0.976449 0.637567
vt 0.914963 0.392772
vt 0.272585 0.027125
vt 0.272842 0.018301
vt 0.911680 0.552313
vt 0.901990 0.487825
vt 0.910092 0.485519
vt 0.919737 0.549704
vt 0.801401 0.445659
vt 0.743125 0.419320
vt 0.934816 0.102936
vt 0.943383 0.102548
vt 0.801401 0.509699
vt 0.795513 0.570404
vt 0.993028 0.235028
vt 0.993028 0.270266
vt 0.985429 0.272157
vt 0.985429 0.237085
vt 0.975409 0.930343
vt 0.975409 0.867719
vt 0.983384 0.867734
vt 0.983384 0.930064
vt 0.901990 0.610031
vt 0.910092 0.607151
vt 0.342629 0.601967
vt 0.316735 0.550397
vt 0.074738 0.319898
vt 0.225976 0.778758
vt 0.266935 0.752118
vt 0.263377 0.813018
vt 0.904457 0.001142
vt 0.895930 -0.000000
vt 0.984383 0.693927
vt 0.984383 0.639923
vt 0.991623 0.637567
vt 0.991623 0.691318
vt 0.225976 0.718763
vt 0.963621 0.590993
vt 0.947743 0.571070
vt 0.963621 0.535899
vt 0.612365 0.115206
vt 0.632586 0.162421
vt 0.575573 0.147327
vt 0.272843 0.188221
vt 0.275933 0.136949
vt 0.058254 0.797688
vt 0.026268 0.835538
vt 0.026268 0.779483
vt 0.533889 0.150675
vt 0.543641 0.053032
vt 0.566591 0.111887
vt 0.368759 0.316212
vt 0.341053 0.361159
vt 0.314228 0.332336
vt 0.575573 0.174787
vt 0.398452 0.348807
vt 0.376384 0.400569
vt 0.319296 0.421496
vt 0.358912 0.458460
vt 0.531275 0.210096
vt 0.075158 0.751384
vt 0.398341 0.316212
vt 0.290492 0.078301
vt 0.289455 0.581184
vt 0.165365 0.698165
vt 0.132420 0.740562
vt 0.102343 0.705955
vt 0.105374 0.790073
vt 0.075158 0.842084
vt 0.102343 0.895818
vt 0.045362 0.890413
vt 0.000000 0.882115
vt 0.819761 0.720632
vt 0.819547 0.666825
vt 0.859305 0.699667
vt 0.768697 0.689427
vt 0.768248 0.637567
vt 0.367573 0.690967
vt 0.307486 0.689102
vt 0.339346 0.652374
vt 0.398623 0.742752
vt 0.335429 0.739350
vt 0.424593 0.796876
vt 0.366805 0.797628
vt 0.272842 0.738848
vt 0.300678 0.795575
vt 0.393016 0.847965
vt 0.332522 0.849698
vt 0.272842 0.844235
vt 0.525086 0.494277
vt 0.467566 0.505111
vt 0.478231 0.606111
vt 0.558658 0.534720
vt 0.537843 0.589770
vt 0.508061 0.634977
vt 0.449191 0.644663
vt 0.112228 0.361572
vt 0.132420 0.840379
vt 0.165365 0.897799
vt 0.870408 0.749047
vt 0.874716 0.809684
vt 0.824671 0.779915
vt 0.869164 0.867719
vt 0.823986 0.845215
vt 0.768248 0.813944
vt 0.388753 0.644663
vt 0.424864 0.690444
vt 0.299134 0.893867
vt 0.559768 0.617789
vt 0.058619 0.353001
vt 0.595671 0.202142
vt 0.658318 0.213160
vt 0.623897 0.252650
vt 0.683881 0.254210
vt 0.747412 0.051048
vt 0.685048 0.056262
vt 0.705767 0.000000
vt 0.644040 0.010072
vt 0.625765 0.065404
vt 0.776943 0.102314
vt 0.723253 0.107172
vt 0.720780 0.213539
vt -0.000000 0.555110
vt 0.776943 0.203243
vt 0.740550 0.249472
vt 0.692554 0.163032
vt 0.754918 0.157818
vt 0.950241 0.283455
vt 0.964335 0.286892
vt 0.962547 0.325986
vt 0.954282 0.335286
vt 0.947021 0.333928
vt 0.985565 0.173253
vt 0.991388 0.173231
vt 0.992687 0.225599
vt 0.985565 0.225530
vt 0.019322 0.951228
vt 0.000000 0.942451
vt 0.001837 0.923675
vt 0.011939 0.898176
vt 0.016044 0.900189
vt 0.024165 0.908490
vt 0.021991 0.922188
vt 0.019052 0.921118
vt 0.021979 0.923564
vt 0.964335 0.339694
vt 0.965138 0.638302
vt 0.976449 0.637567
vt 0.976449 0.682171
vt 0.971312 0.681941
vt 0.963142 0.673824
vt 0.103045 0.965484
vt 0.117544 0.964790
vt 0.111788 0.971813
vt 0.099584 0.940189
vt 0.114785 0.942314
vt 0.117544 0.946571
vt 0.115700 0.955824
vt 0.097628 0.963656
vt 0.093240 0.952681
vt 0.092939 0.942967
vt 0.000000 0.897799
vt 0.192074 0.990289
vt 0.192074 0.939821
vt 0.200144 0.986216
vt 0.546912 0.972263
vt 0.546912 0.920618
vt 0.553243 0.920508
vt 0.555884 0.950539
vt 0.551090 0.951044
vt 0.555796 0.952127
vt 0.557268 0.967089
vt 0.550532 0.972681
vt 0.977845 0.580564
vt 0.980552 0.535899
vt 0.988445 0.580564
vt 0.963143 0.637567
vt 0.963143 0.690678
vt 0.950443 0.662513
vt 0.948485 0.643148
vt 0.221324 0.974262
vt 0.216961 0.992943
vt 0.213358 0.992796
vt 0.211662 0.992844
vt 0.210967 0.974262
vt 0.294806 0.971338
vt 0.294806 0.992904
vt 0.289121 0.980547
vt 0.287869 0.972263
vt 0.842968 0.294749
vt 0.844345 0.315302
vt 0.835581 0.314589
vt 0.834721 0.294740
vt 0.851834 0.294740
vt 0.850696 0.315559
vt 0.475318 0.991985
vt 0.475339 0.984200
vt 0.481307 0.974870
vt 0.482665 0.993691
vt 0.369300 0.955292
vt 0.370317 0.953936
vt 0.386118 0.960663
vt 0.383408 0.973047
vt 0.374201 0.972881
vt 0.369933 0.968789
vt 0.372809 0.963496
vt 0.796849 0.295476
vt 0.796849 0.315214
vt 0.776943 0.315836
vt 0.778563 0.294740
vt 0.370680 0.949987
vt 0.390017 0.949987
vt 0.595691 0.984400
vt 0.577672 0.982510
vt 0.577940 0.970421
vt 0.577672 0.959194
vt 0.594612 0.960980
vt 0.286730 0.993556
vt 0.475318 0.974192
vt 0.950531 0.158940
vt 0.961381 0.157801
vt 0.955396 0.197096
vt 0.950531 0.197582
vt 0.681458 0.964501
vt 0.673709 0.980006
vt 0.669431 0.979788
vt 0.669376 0.975565
vt 0.664775 0.972451
vt 0.664775 0.962341
vt 0.666832 0.960297
vt 0.678259 0.959194
vt 0.963338 0.195969
vt 0.961262 0.184470
vt 0.968426 0.159025
vt 0.966364 0.196592
vt 0.971679 0.595864
vt 0.970149 0.590993
vt 0.972981 0.591202
vt 0.963001 0.591044
vt 0.967279 0.590993
vt 0.966071 0.629961
vt 0.961462 0.633272
vt 0.963274 0.615342
vt 0.092939 0.900784
vt 0.105178 0.897870
vt 0.098300 0.913637
vt 0.097304 0.914300
vt 0.094500 0.912573
vt 0.958670 0.591158
vt 0.958958 0.633605
vt 0.118930 0.897799
vt 0.118930 0.938874
vt 0.115264 0.940189
vt 0.109620 0.940123
vt 0.947743 0.590993
vt 0.955094 0.633914
vt 0.950811 0.632230
vt 0.958046 0.196330
vt 0.980796 0.596100
vt 0.980796 0.631023
vt 0.971148 0.615667
vt 0.165365 0.899519
vt 0.162225 0.913927
vt 0.162225 0.897799
vt 0.683543 0.966992
vt 0.681960 0.971759
vt 0.681954 0.974926
vt 0.679708 0.979775
vt 0.676672 0.981397
vt 0.967147 0.863592
vt 0.970046 0.860511
vt 0.969065 0.863995
vt 0.946235 0.624064
vt 0.945267 0.620528
vt 0.947573 0.624373
vt 0.945267 0.627758
vt 0.970046 0.867648
vt 0.099567 0.940033
vt 0.098410 0.935335
vt 0.687539 0.311770
vt 0.687539 0.316017
vt 0.685366 0.314756
vt 0.969061 0.616167
vt 0.968011 0.626981
vt 0.967278 0.614812
vt 0.948604 0.865342
vt 0.940580 0.865054
vt 0.940580 0.834175
vt 0.945436 0.825845
vt 0.949938 0.826011
vt 0.966336 0.729797
vt 0.960528 0.729826
vt 0.960155 0.690756
vt 0.967779 0.690678
vt 0.954957 0.869414
vt 0.974563 0.867719
vt 0.975409 0.878206
vt 0.969196 0.895460
vt 0.964863 0.895987
vt 0.956351 0.893609
vt 0.631947 0.982599
vt 0.632166 0.972964
vt 0.641039 0.980762
vt 0.985090 0.829873
vt 0.993555 0.829239
vt 0.993555 0.864208
vt 0.990144 0.864940
vt 0.983315 0.857100
vt 0.954957 0.900408
vt 0.631947 0.969384
vt 0.636442 0.965010
vt 0.638496 0.959194
vt 0.647937 0.965110
vt 0.650714 0.968487
vt 0.649563 0.976526
vt 0.646250 0.982098
vt 0.957068 0.826289
vt 0.963627 0.826584
vt 0.963680 0.850580
vt 0.954717 0.730152
vt 0.948484 0.730177
vt 0.948484 0.694831
vt 0.954006 0.690978
vt 0.963063 0.865930
vt 0.919736 0.610031
vt 0.918849 0.627074
vt 0.905696 0.636060
vt 0.909189 0.612917
vt 0.559758 0.919054
vt 0.552375 0.890853
vt 0.559758 0.890357
vt 0.937429 0.102936
vt 0.953083 0.104777
vt 0.944162 0.113757
vt 0.344410 0.898317
vt 0.363436 0.893867
vt 0.369300 0.908029
vt 0.353784 0.911659
vt 0.947828 0.148974
vt 0.935278 0.146119
vt 0.934816 0.135443
vt 0.936602 0.131643
vt 0.956363 0.147127
vt 0.951557 0.150197
vt 0.942138 0.123132
vt 0.956363 0.105981
vt 0.345549 0.941806
vt 0.337143 0.940266
vt 0.341107 0.937072
vt 0.482831 0.974192
vt 0.479189 0.973835
vt 0.469005 0.954498
vt 0.482831 0.946038
vt 0.366026 0.939137
vt 0.350042 0.942875
vt 0.951059 0.093642
vt 0.951059 0.065143
vt 0.958545 0.063546
vt 0.962235 0.063642
vt 0.973120 0.074490
vt 0.973120 0.094215
vt 0.337143 0.896383
vt 0.896471 0.636246
vt 0.896471 0.610427
vt 0.468431 0.973762
vt 0.463902 0.954851
vt 0.884764 0.315919
vt 0.884755 0.293425
vt 0.895619 0.288098
vt 0.899534 0.287575
vt 0.907576 0.290641
vt 0.912130 0.291939
vt 0.912099 0.315919
vt 0.220258 0.964451
vt 0.220579 0.970974
vt 0.214588 0.971641
vt 0.550158 0.985016
vt 0.556639 0.984507
vt 0.554706 0.991117
vt 0.547526 0.991117
vt 0.206655 0.946772
vt 0.201842 0.953059
vt 0.202029 0.947916
vt 0.546951 0.977605
vt 0.557810 0.978816
vt 0.545568 0.814897
vt 0.541265 0.805070
vt 0.550100 0.798279
vt 0.549762 0.807555
vt 0.549764 0.808493
vt 0.997982 0.061213
vt 0.989992 0.061748
vt 0.989470 0.057617
vt 0.558635 0.806304
vt 0.559208 0.815842
vt 0.364861 0.990599
vt 0.351019 0.992087
vt 0.351019 0.981796
vt 0.362428 0.982261
vt 0.364512 0.987598
vt 0.997982 0.054475
vt 0.989541 0.055710
vt 0.988579 0.053005
vt 0.988703 0.046263
vt 0.997982 0.046693
vt 0.211027 0.955767
vt 0.206853 0.974262
vt 0.200144 0.970425
vt 0.200978 0.963314
vt 0.201694 0.957924
vt 0.212038 0.972773
vt 0.210420 0.973045
vt 0.220579 0.961086
vt 0.551967 0.823899
vt 0.545982 0.822904
vt 0.544431 0.817457
vt 0.550192 0.797639
vt 0.559208 0.797850
vt 0.549829 0.797506
vt 0.351615 0.972880
vt 0.351798 0.969741
vt 0.364352 0.970785
vt 0.364439 0.971193
vt 0.364107 0.977838
vt 0.546912 0.972682
vt 0.557741 0.972770
vt 0.558438 0.974534
vt 0.213161 0.946055
vt 0.201272 0.956165
vt 0.212385 0.945655
vt 0.190624 0.958138
vt 0.187061 0.961541
vt 0.185573 0.969358
vt 0.177859 0.971278
vt 0.176914 0.958518
vt 0.189593 0.948238
vt 0.181465 0.946986
vt 0.825302 0.295033
vt 0.831961 0.294740
vt 0.832364 0.300639
vt 0.817895 0.986175
vt 0.824102 0.985660
vt 0.821935 0.992253
vt 0.814964 0.992253
vt 0.368684 0.966662
vt 0.368684 0.974111
vt 0.365750 0.970344
vt 0.814451 0.978742
vt 0.825049 0.979957
vt 0.057608 0.959759
vt 0.056645 0.970486
vt 0.045270 0.971850
vt 0.050134 0.963968
vt 0.050592 0.963152
vt 0.165722 0.958366
vt 0.173161 0.952316
vt 0.178925 0.946219
vt 0.172061 0.970092
vt 0.165365 0.968722
vt 0.998464 0.612276
vt 0.990455 0.612686
vt 0.989967 0.608563
vt 0.166133 0.945828
vt 0.165365 0.946379
vt 0.351019 0.990996
vt 0.337143 0.992109
vt 0.337143 0.981628
vt 0.348557 0.982417
vt 0.350660 0.987923
vt 0.998464 0.605591
vt 0.990043 0.606669
vt 0.989110 0.603956
vt 0.989238 0.597268
vt 0.998464 0.597871
vt 0.816475 0.304231
vt 0.834721 0.308276
vt 0.830760 0.314948
vt 0.823627 0.314125
vt 0.818239 0.313424
vt 0.833443 0.303167
vt 0.833637 0.304758
vt 0.822000 0.294740
vt 0.046681 0.952232
vt 0.057353 0.948986
vt 0.061608 0.952719
vt 0.059992 0.958145
vt 0.174028 0.939820
vt 0.173474 0.940155
vt 0.044880 0.972361
vt 0.045139 0.972661
vt 0.338145 0.972846
vt 0.338453 0.969741
vt 0.350939 0.971100
vt 0.351010 0.971507
vt 0.350414 0.978082
vt 0.814450 0.973820
vt 0.824776 0.973897
vt 0.825501 0.975664
vt 0.061608 0.977362
vt 0.059951 0.978365
vt 0.056553 0.979008
vt 0.048355 0.977171
vt 0.964094 0.825845
vt 0.976372 0.826312
vt 0.970194 0.842370
vt 0.965680 0.860056
vt 0.963680 0.859975
vt 0.969712 0.102936
vt 0.974849 0.103932
vt 0.975533 0.137520
vt 0.970770 0.122675
vt 0.966258 0.122521
vt 0.491508 0.949380
vt 0.498254 0.947812
vt 0.500349 0.968738
vt 0.495168 0.974339
vt 0.492929 0.974859
vt 0.979155 0.825845
vt 0.980228 0.859968
vt 0.976990 0.860511
vt 0.652664 0.959360
vt 0.655242 0.959561
vt 0.655005 0.976323
vt 0.654834 0.989016
vt 0.650714 0.988562
vt 0.970910 0.966302
vt 0.973819 0.973438
vt 0.973696 0.977583
vt 0.970885 0.983446
vt 0.970240 0.987149
vt 0.968596 0.987326
vt 0.963466 0.985177
vt 0.959296 0.988331
vt 0.957748 0.983841
vt 0.957748 0.978843
vt 0.957748 0.972171
vt 0.959080 0.970464
vt 0.966981 0.966249
vt 0.482831 0.946038
vt 0.484686 0.946752
vt 0.487156 0.972636
vt 0.482831 0.970970
vt 0.964693 0.136491
vt 0.956363 0.137520
vt 0.959322 0.130943
vt 0.960679 0.103179
vt 0.969555 0.136360
vt 0.489427 0.946213
vt 0.660097 0.975230
vt 0.661022 0.987790
vt 0.660326 0.959338
vt 0.664775 0.959194
vt 0.664775 0.987817
vt 0.972706 0.859948
vt 0.674747 0.315053
vt 0.674757 0.306075
vt 0.680520 0.305118
vt 0.680520 0.313807
vt 0.881068 0.967210
vt 0.881068 0.990143
vt 0.876534 0.986712
vt 0.876534 0.967841
vt 0.947021 0.341693
vt 0.965105 0.339694
vt 0.965443 0.363011
vt 0.965638 0.376488
vt 0.960527 0.379469
vt 0.947021 0.383296
vt 0.947373 0.365944
vt 0.876574 0.993409
vt 0.871729 0.994422
vt 0.611087 0.962167
vt 0.614827 0.959194
vt 0.614827 0.976619
vt 0.607364 0.977619
vt -0.000000 0.972806
vt 0.009431 0.977375
vt 0.009431 0.985406
vt 0.000000 0.985279
vt 0.595933 0.963013
vt 0.605368 0.961823
vt 0.603388 0.971143
vt 0.599483 0.977793
vt 0.595691 0.971745
vt 0.004521 0.951938
vt 0.013952 0.952065
vt 0.013952 0.971997
vt 0.004521 0.963674
vt 0.868564 0.970198
vt 0.868564 0.989338
vt 0.080529 0.970477
vt 0.092871 0.971846
vt 0.092871 0.992222
vt 0.080529 0.992158
vt -0.000000 0.951228
vt 0.522699 0.988447
vt 0.524666 0.999435
vt 0.517534 0.999435
vt 0.518578 0.986440
vt 0.501997 0.992256
vt 0.509115 0.987686
vt 0.509115 0.993500
vt 0.509115 0.999313
vt 0.956641 0.387371
vt 0.948241 0.389265
vt 0.613505 0.982583
vt 0.607379 0.982537
vt 0.501997 0.931101
vt 0.498647 0.931901
vt 0.497561 0.923297
vt 0.601253 0.982491
vt 0.226524 0.966606
vt 0.240832 0.965430
vt 0.240373 0.982583
vt 0.238129 0.988836
vt 0.234328 0.989582
vt 0.225976 0.987099
vt 0.952755 0.988455
vt 0.948397 0.967437
vt 0.957605 0.964197
vt 0.957398 0.976211
vt 0.953490 0.987785
vt 0.440380 0.946038
vt 0.445914 0.946990
vt 0.445914 0.973807
vt 0.445913 0.973807
vt 0.440380 0.968091
vt 0.936459 0.964362
vt 0.948397 0.964197
vt 0.948397 0.988191
vt 0.937055 0.979090
vt 0.424864 0.946775
vt 0.427984 0.946514
vt 0.432661 0.972393
vt 0.427019 0.973260
vt 0.424864 0.966779
vt 0.266935 0.575058
vt 0.272521 0.573515
vt 0.272521 0.596989
vt 0.270519 0.597135
vt 0.268503 0.387855
vt 0.272202 0.361572
vt 0.272202 0.388494
vt 0.948397 0.988479
vt 0.942153 0.990465
vt 0.143365 0.976648
vt 0.140114 0.970627
vt 0.148870 0.972005
vt 0.934687 0.990558
vt 0.240832 0.989367
vt 0.154901 0.979691
vt 0.148543 0.989586
vt 0.148542 0.989586
vt 0.146617 0.989143
vt 0.145151 0.984914
vt 0.140869 0.984097
vt 0.140528 0.982671
vt 0.152762 0.971908
vt 0.154901 0.974020
vt 0.262706 0.984082
vt 0.262763 0.990364
vt 0.254656 0.987476
vt 0.250403 0.982329
vt 0.119370 0.960503
vt 0.119615 0.953357
vt 0.138594 0.958303
vt 0.937220 0.266188
vt 0.943084 0.266215
vt 0.939161 0.279141
vt 0.868132 0.991824
vt 0.863186 0.992942
vt 0.857566 0.971801
vt 0.868132 0.969082
vt 0.946442 0.267359
vt 0.953736 0.266498
vt 0.953736 0.283455
vt 0.856633 0.994422
vt 0.264927 0.968570
vt 0.265514 0.976490
vt 0.254117 0.976556
vt 0.250403 0.973471
vt 0.250791 0.970036
vt 0.967280 0.453400
vt 0.973111 0.453205
vt 0.972233 0.465385
vt 0.967667 0.476083
vt 0.251545 0.977606
vt 0.979802 0.455470
vt 0.979429 0.460627
vt 0.858377 0.629056
vt 0.849324 0.631399
vt 0.846386 0.627788
vt 0.856182 0.622689
vt 0.894532 0.936233
vt 0.894541 0.944733
vt 0.877720 0.944386
vt 0.888871 0.936233
vt 0.607494 0.982583
vt 0.614076 0.982583
vt 0.609079 0.998034
vt 0.894556 0.947944
vt 0.894557 0.954189
vt 0.873046 0.955492
vt 0.873267 0.947642
vt 0.120440 0.968839
vt 0.138134 0.971920
vt 0.894550 0.961053
vt 0.894549 0.967210
vt 0.879404 0.967210
vt 0.874452 0.967058
vt 0.117689 0.949321
vt 0.140114 0.949321
vt 0.268502 0.434846
vt 0.272562 0.452436
vt 0.268502 0.453260
vt 0.272469 0.435753
vt 0.861174 0.636443
vt 0.997564 0.513755
vt 0.987094 0.513057
vt 0.987094 0.496657
vt 0.997734 0.503932
vt 0.860381 0.608889
vt 0.860735 0.616487
vt 0.859825 0.619859
vt 0.868882 0.953206
vt 0.868564 0.949846
vt 0.844803 0.613856
vt 0.843338 0.604330
vt 0.850245 0.604504
vt 0.272183 0.618949
vt 0.272786 0.638219
vt 0.266936 0.638219
vt 0.269704 0.620332
vt 0.860911 0.624036
vt 0.847029 0.591011
vt 0.839738 0.598530
vt 0.832997 0.597681
vt 0.844092 0.589939
vt 0.869046 0.945563
vt 0.874539 0.937061
vt 0.971563 0.476062
vt 0.834152 0.601727
vt 0.861174 0.595571
vt 0.978217 0.473989
vt 0.941257 0.283189
vt 0.979229 0.484957
vt 0.979802 0.482811
vt 0.901562 0.378011
vt 0.907472 0.384890
vt 0.903181 0.392772
vt 0.894758 0.385122
vt 0.885886 0.378988
vt 0.887236 0.374821
vt 0.761553 0.987417
vt 0.751480 0.988033
vt 0.751480 0.959844
vt 0.757784 0.959193
vt 0.764794 0.962391
vt 0.863335 0.614873
vt 0.861174 0.607577
vt 0.880518 0.614836
vt 0.261389 0.932497
vt 0.267880 0.934432
vt 0.271353 0.968570
vt 0.250403 0.962324
vt 0.254208 0.939814
vt 0.957748 0.925770
vt 0.973959 0.934185
vt 0.971774 0.966249
vt 0.957748 0.960018
vt 0.297829 0.907440
vt 0.301322 0.917557
vt 0.274243 0.930180
vt 0.273065 0.919360
vt 0.793397 0.947272
vt 0.809806 0.944434
vt 0.813746 0.950757
vt 0.814450 0.970638
vt 0.789774 0.970638
vt 0.843513 0.974825
vt 0.836642 0.974825
vt 0.843120 0.944434
vt 0.864142 0.624343
vt 0.895416 0.614804
vt 0.894513 0.626115
vt 0.894044 0.359392
vt 0.890807 0.368632
vt 0.894203 0.352761
vt 0.907836 0.372084
vt 0.896597 0.339647
vt 0.912668 0.345877
vt 0.912843 0.354615
vt 0.892150 0.316511
vt 0.891237 0.324529
vt 0.885886 0.318315
vt 0.862191 0.601703
vt 0.861174 0.589980
vt 0.880029 0.589939
vt 0.886861 0.598155
vt 0.888326 0.606080
vt 0.891842 0.606669
vt 0.231512 0.962018
vt 0.225976 0.959791
vt 0.225976 0.930987
vt 0.234987 0.930734
vt 0.533907 0.962486
vt 0.536541 0.963222
vt 0.536541 0.992869
vt 0.525432 0.994821
vt 0.524702 0.968406
vt 0.298865 0.933259
vt 0.298293 0.944506
vt 0.274789 0.945425
vt 0.272842 0.939298
vt 0.903234 0.325120
vt 0.909976 0.330944
vt 0.250403 0.930734
vt 0.244982 0.933170
vt 0.250403 0.943745
vt 0.249750 0.965430
vt 0.239151 0.962393
vt 0.307064 0.927799
vt 0.905845 0.316212
vt 0.014820 0.951228
vt 0.024165 0.962842
vt 0.014820 0.983357
vt 0.295412 0.898309
vt 0.275187 0.901290
vt 0.893797 0.332287
vt 0.916095 0.383477
vt 0.912537 0.390490
vt 0.919553 0.350272
vt 0.912713 0.366179
vt 0.916090 0.323935
vt 0.307064 0.912791
vt 0.306732 0.904597
vt 0.306455 0.893867
vt 0.964184 0.480331
vt 0.962425 0.482131
vt 0.962425 0.478977
vt 0.961092 0.483205
vt 0.962971 0.484357
vt 0.964788 0.477565
vt 0.966249 0.479846
vt 0.964788 0.482668
vt 0.962550 0.819772
vt 0.962576 0.821545
vt 0.960590 0.820089
vt 0.947110 0.598233
vt 0.947523 0.601040
vt 0.945583 0.599512
vt 0.424578 0.903879
vt 0.424859 0.906056
vt 0.422920 0.905021
vt 0.970018 0.327450
vt 0.969569 0.324998
vt 0.971797 0.325811
vt 0.969587 0.332243
vt 0.969569 0.330167
vt 0.971544 0.331824
vt 0.947110 0.603669
vt 0.945267 0.605039
vt 0.945583 0.602707
vt 0.945267 0.596673
vt 0.422799 0.902658
vt 0.971797 0.329006
vt 0.962129 0.823703
vt 0.960343 0.824876
vt 0.960343 0.822400
vt 0.163430 0.964774
vt 0.162681 0.967147
vt 0.161593 0.964311
vt 0.163430 0.959915
vt 0.163252 0.962008
vt 0.161593 0.961455
vt 0.592531 0.993139
vt 0.590381 0.993352
vt 0.591551 0.991265
vt 0.594873 0.988242
vt 0.593984 0.990953
vt 0.592927 0.988386
vt 0.592531 0.984400
vt 0.593985 0.985817
vt 0.591551 0.986128
vt 0.590732 0.988772
vt 0.589324 0.990785
vt 0.684736 0.314046
vt 0.683553 0.312194
vt 0.685366 0.311837
vt 0.589324 0.987611
vt 0.590381 0.985041
vt 0.422910 0.922268
vt 0.424840 0.921146
vt 0.424561 0.923357
vt 0.422782 0.919795
vt 0.424343 0.919150
vt 0.422884 0.899414
vt 0.424859 0.897875
vt 0.424465 0.900676
vt 0.422884 0.896219
vt 0.424465 0.895240
vt 0.683399 0.316118
vt 0.685366 0.315790
vt 0.682333 0.314004
vt 0.165365 0.960565
vt 0.165365 0.963421
vt 0.165012 0.966597
vt 0.164441 0.968880
vt 0.162459 0.968658
vt 0.422630 0.902232
vt 0.422630 0.893867
vt 0.971544 0.323459
vt 0.424663 0.902232
vt 0.681478 0.311770
vt 0.422799 0.907411
vt 0.424372 0.907945
vt 0.422782 0.924588
vt 0.963957 0.823492
vt 0.962576 0.825551
vt 0.966796 0.482072
vt 0.968192 0.327690
vt 0.966796 0.476968
vt 0.965114 0.475436
vt 0.962971 0.476099
vt 0.961092 0.477839
vt 0.960607 0.480666
vt 0.995387 0.785037
vt 0.992612 0.787750
vt 0.992612 0.782864
vt 0.990580 0.789256
vt 0.993561 0.791093
vt 0.996387 0.780709
vt 0.998720 0.784262
vt 0.996387 0.788613
vt 0.968202 0.711545
vt 0.967978 0.708752
vt 0.970790 0.709246
vt 0.968411 0.719472
vt 0.967779 0.715684
vt 0.970790 0.718190
vt 0.765529 0.968748
vt 0.764902 0.965216
vt 0.767724 0.967420
vt 0.931850 0.071656
vt 0.931328 0.067607
vt 0.934438 0.069369
vt 0.269617 0.806584
vt 0.270356 0.810434
vt 0.267012 0.808645
vt 0.970667 0.713530
vt 0.765529 0.961385
vt 0.768248 0.959194
vt 0.767724 0.963092
vt 0.768248 0.970524
vt 0.934438 0.074006
vt 0.267012 0.804293
vt 0.906648 0.858727
vt 0.906065 0.862770
vt 0.904101 0.859156
vt 0.906706 0.836463
vt 0.907446 0.832726
vt 0.909514 0.836007
vt 0.998650 0.818431
vt 0.995676 0.820235
vt 0.996178 0.816410
vt 0.998650 0.809893
vt 0.999315 0.814316
vt 0.996178 0.811392
vt 0.992458 0.806150
vt 0.995676 0.807097
vt 0.992538 0.809192
vt 0.993313 0.813456
vt 0.992538 0.817311
vt 0.907446 0.839729
vt 0.990289 0.812850
vt 0.989787 0.816675
vt 0.906065 0.855228
vt 0.989787 0.808555
vt 0.164844 0.951470
vt 0.162021 0.953773
vt 0.162646 0.950276
vt 0.164844 0.955822
vt 0.162646 0.957680
vt 0.970800 0.720742
vt 0.967779 0.723230
vt 0.968327 0.719472
vt 0.970734 0.725379
vt 0.968216 0.727361
vt 0.970800 0.729673
vt 0.967884 0.730177
vt 0.904625 0.841852
vt 0.904101 0.838748
vt 0.904101 0.834420
vt 0.904625 0.830521
vt 0.909244 0.856414
vt 0.909244 0.861075
vt 0.909009 0.865354
vt 0.906248 0.866008
vt 0.165365 0.959915
vt 0.267533 0.812737
vt 0.931328 0.075110
vt 0.934313 0.065076
vt 0.931637 0.064354
vt 0.165365 0.948521
vt 0.267533 0.801344
vt 0.270356 0.803393
vt 0.272422 0.807188
vt 0.999669 0.787605
vt 0.929405 0.071155
vt 0.999669 0.779700
vt 0.997001 0.777277
vt 0.993561 0.778303
vt 0.990579 0.780945
vt 0.989787 0.785344
vt 0.987448 0.386757
vt 0.985835 0.389251
vt 0.985265 0.385598
vt 0.984503 0.390940
vt 0.986765 0.391874
vt 0.987574 0.383504
vt 0.989570 0.385864
vt 0.988495 0.389415
vt 0.272572 0.917173
vt 0.272817 0.919615
vt 0.271101 0.918492
vt 0.271023 0.761009
vt 0.270884 0.757904
vt 0.272589 0.759171
vt 0.272413 0.769667
vt 0.272841 0.771393
vt 0.270760 0.771010
vt 0.063373 0.967283
vt 0.063980 0.969376
vt 0.061865 0.969096
vt 0.063373 0.960970
vt 0.063564 0.964019
vt 0.061608 0.962075
vt 0.270930 0.915703
vt 0.272589 0.762871
vt 0.270760 0.768421
vt 0.061608 0.965785
vt 0.061865 0.959382
vt 0.969821 0.268145
vt 0.970422 0.266188
vt 0.971476 0.269257
vt 0.969821 0.274439
vt 0.970015 0.271359
vt 0.971476 0.272957
vt 0.996409 0.326350
vt 0.994071 0.327092
vt 0.995250 0.324230
vt 0.997937 0.320364
vt 0.997640 0.323505
vt 0.996149 0.320712
vt 0.994338 0.316782
vt 0.996423 0.317881
vt 0.994033 0.318606
vt 0.993872 0.321598
vt 0.992580 0.324299
vt 0.991865 0.326467
vt 0.991828 0.320824
vt 0.990648 0.323686
vt 0.992102 0.317993
vt 0.965823 0.864685
vt 0.965339 0.862223
vt 0.967147 0.862846
vt 0.963680 0.860907
vt 0.965823 0.860511
vt 0.272768 0.882732
vt 0.272511 0.885425
vt 0.270811 0.884498
vt 0.270947 0.887325
vt 0.272511 0.889135
vt 0.270811 0.890502
vt 0.272768 0.892446
vt 0.997937 0.325919
vt 0.271052 0.912933
vt 0.272828 0.911802
vt 0.272571 0.914243
vt 0.270930 0.910347
vt 0.968311 0.276078
vt 0.970422 0.275873
vt 0.968059 0.273288
vt 0.968059 0.269589
vt 0.964036 0.866259
vt 0.965945 0.866939
vt 0.963680 0.863486
vt 0.270930 0.915703
vt 0.271014 0.765660
vt 0.272841 0.767204
vt 0.272841 0.765660
vt 0.270884 0.763890
vt 0.968311 0.266392
vt 0.272841 0.755975
vt 0.271451 0.755571
vt 0.270930 0.921066
vt 0.063980 0.959662
vt 0.065031 0.962528
vt 0.990500 0.388487
vt 0.065031 0.966238
vt 0.989579 0.382576
vt 0.990859 0.385177
vt 0.987462 0.381163
vt 0.985273 0.382310
vt 0.983534 0.384724
vt 0.989030 0.391219
vt 0.983534 0.388056
vt 0.774472 0.984043
vt 0.771457 0.988174
vt 0.771457 0.981670
vt 0.769012 0.991053
vt 0.772186 0.993077
vt 0.775396 0.978432
vt 0.777829 0.982935
vt 0.775396 0.988956
vt 0.966073 0.684790
vt 0.966484 0.688529
vt 0.963546 0.686813
vt 0.501654 0.810505
vt 0.501997 0.816016
vt 0.498812 0.813697
vt 0.965222 0.326004
vt 0.964335 0.323459
vt 0.968191 0.324023
vt 0.994775 0.934161
vt 0.993880 0.930343
vt 0.997545 0.930949
vt 0.994775 0.945218
vt 0.994376 0.939918
vt 0.997851 0.943366
vt 0.963143 0.682449
vt 0.498812 0.807227
vt 0.968191 0.327924
vt 0.997851 0.936866
vt 0.997545 0.947965
vt 0.994763 0.974760
vt 0.993890 0.978364
vt 0.991921 0.972932
vt 0.994763 0.963753
vt 0.994357 0.969089
vt 0.991921 0.966462
vt 0.996569 0.529232
vt 0.993401 0.531229
vt 0.994011 0.525856
vt 0.996569 0.518611
vt 0.997298 0.523982
vt 0.994011 0.519613
vt 0.989937 0.513755
vt 0.993401 0.514884
vt 0.990113 0.516759
vt 0.990976 0.521800
vt 0.990113 0.526861
vt 0.989937 0.530941
vt 0.987704 0.521238
vt 0.987094 0.526611
vt 0.987094 0.516510
vt 0.953995 0.096047
vt 0.954225 0.099933
vt 0.951059 0.098283
vt 0.956763 0.102409
vt 0.952770 0.102215
vt 0.267006 0.771849
vt 0.267313 0.767250
vt 0.270482 0.768798
vt 0.270150 0.763911
vt 0.267313 0.760750
vt 0.270482 0.758281
vt 0.267006 0.754833
vt 0.269629 0.753844
vt 0.962297 0.098180
vt 0.965344 0.096451
vt 0.964911 0.100184
vt 0.961975 0.094293
vt 0.997542 0.960939
vt 0.993890 0.961426
vt 0.997831 0.965675
vt 0.997831 0.972145
vt 0.997542 0.977877
vt 0.957520 0.094215
vt 0.957520 0.098597
vt 0.961975 0.102497
vt 0.967515 0.332200
vt 0.964335 0.329771
vt 0.498523 0.802491
vt 0.501997 0.805547
vt 0.498523 0.819429
vt 0.501163 0.820257
vt 0.993880 0.947359
vt 0.991921 0.942385
vt 0.778558 0.987837
vt 0.991921 0.935886
vt 0.778558 0.977313
vt 0.775712 0.974478
vt 0.772186 0.976048
vt 0.769012 0.979988
vt 0.775712 0.992383
vt 0.768248 0.985791
vt 0.992828 0.903815
vt 0.994732 0.899906
vt 0.996027 0.905128
vt 0.996470 0.896905
vt 0.993226 0.895844
vt 0.993179 0.908356
vt 0.990125 0.905128
vt 0.991085 0.899906
vt 0.966427 0.102652
vt 0.965344 0.099725
vt 0.968453 0.101455
vt 0.271793 0.832024
vt 0.272422 0.836849
vt 0.269398 0.834428
vt 0.944211 0.154972
vt 0.941071 0.153816
vt 0.944275 0.151626
vt 0.269800 0.666531
vt 0.268680 0.662593
vt 0.272272 0.663506
vt 0.269800 0.675029
vt 0.269512 0.671288
vt 0.272786 0.673875
vt 0.271793 0.841172
vt 0.268942 0.843410
vt 0.269398 0.839805
vt 0.268942 0.829334
vt 0.947315 0.153744
vt 0.272786 0.668880
vt 0.965718 0.096379
vt 0.968453 0.094293
vt 0.968036 0.097768
vt 0.270036 0.683696
vt 0.269307 0.687632
vt 0.267156 0.682988
vt 0.992392 0.775793
vt 0.989786 0.772376
vt 0.992644 0.772157
vt 0.998508 0.774112
vt 0.995603 0.775796
vt 0.996238 0.771169
vt 0.998508 0.765575
vt 0.999198 0.769790
vt 0.996238 0.766151
vt 0.938048 0.154820
vt 0.938136 0.151475
vt 0.941071 0.153696
vt 0.992644 0.764037
vt 0.993472 0.767920
vt 0.995603 0.762659
vt 0.990422 0.767749
vt 0.269306 0.678933
vt 0.989786 0.764257
vt 0.939638 0.157289
vt 0.934889 0.153696
vt 0.934816 0.150197
vt 0.268942 0.857544
vt 0.271795 0.854861
vt 0.271661 0.858105
vt 0.269418 0.852571
vt 0.272431 0.850060
vt 0.269418 0.847173
vt 0.271795 0.845676
vt 0.998170 0.777277
vt 0.956363 0.150197
vt 0.956021 0.153886
vt 0.953219 0.151981
vt 0.953614 0.155326
vt 0.272331 0.675977
vt 0.269261 0.675029
vt 0.272786 0.681071
vt 0.272786 0.686448
vt 0.272331 0.690053
vt 0.935818 0.157289
vt 0.268942 0.843410
vt 0.271440 0.659806
vt 0.945989 0.157244
vt 0.956363 0.157376
vt 0.941071 0.150201
vt 0.271685 0.828606
vt 0.266975 0.672397
vt 0.266975 0.667402
vt 0.990713 0.909516
vt 0.942130 0.157289
vt 0.996614 0.909516
vt 0.998673 0.905789
vt 0.990265 0.896905
vt 0.998168 0.901066
vt 0.337143 0.969741
vt 0.337777 0.952923
vt 0.349281 0.951261
vt 0.349321 0.969333
vt 0.362398 0.949813
vt 0.356500 0.950617
vt 0.355009 0.943151
vt 0.362095 0.943071
vt 0.844385 0.943928
vt 0.851167 0.952714
vt 0.843709 0.957685
vt 0.462934 0.975291
vt 0.449664 0.976362
vt 0.446373 0.967433
vt 0.463371 0.962104
vt 0.273577 0.945425
vt 0.290643 0.949266
vt 0.295777 0.953449
vt 0.295958 0.960883
vt 0.272842 0.955319
vt 0.844566 0.965489
vt 0.859710 0.956719
vt 0.852101 0.969082
vt 0.273641 0.961821
vt 0.295167 0.963694
vt 0.283891 0.971338
vt 0.273679 0.971338
vt 0.980066 0.535239
vt 0.975176 0.526226
vt 0.984020 0.523200
vt 0.984020 0.535644
vt 0.350322 0.966973
vt 0.359494 0.966660
vt 0.337143 0.942875
vt 0.343730 0.943842
vt 0.337543 0.950122
vt 0.346500 0.943100
vt 0.863603 0.967144
vt 0.991623 0.653010
vt 0.991623 0.637567
vt 0.997844 0.642120
vt 0.997295 0.654795
vt 0.447673 0.950972
vt 0.463902 0.946038
vt 0.843513 0.941019
vt 0.845366 0.936233
vt 0.852442 0.937177
vt 0.860339 0.939488
vt 0.863444 0.939623
vt 0.868564 0.942889
vt 0.867314 0.945353
vt 0.445914 0.963956
vt 0.445914 0.953102
vt 0.868564 0.956388
vt 0.697350 0.964717
vt 0.700491 0.971631
vt 0.693550 0.971781
vt 0.642173 0.305563
vt 0.642173 0.314930
vt 0.633710 0.314911
vt 0.616151 0.976998
vt 0.615617 0.965084
vt 0.618731 0.972514
vt 0.996082 0.118577
vt 0.998756 0.127306
vt 0.990216 0.130756
vt 0.990216 0.117179
vt 0.891720 0.851540
vt 0.890025 0.839649
vt 0.903787 0.835417
vt 0.899988 0.845067
vt 0.899652 0.846055
vt 0.935337 0.848101
vt 0.939652 0.856139
vt 0.935337 0.859042
vt 0.870389 0.306170
vt 0.884150 0.304621
vt 0.884755 0.315749
vt 0.870365 0.307265
vt 0.614827 0.960925
vt 0.630814 0.959193
vt 0.631947 0.973189
vt 0.690603 0.982287
vt 0.690524 0.972726
vt 0.698756 0.982014
vt 0.688671 0.972781
vt 0.683542 0.982523
vt 0.875548 0.852865
vt 0.874716 0.844553
vt 0.878477 0.838276
vt 0.881608 0.833686
vt 0.685427 0.974272
vt 0.683542 0.959194
vt 0.696564 0.962319
vt 0.904101 0.859599
vt 0.891332 0.866008
vt 0.887295 0.861217
vt 0.888913 0.854091
vt 0.870471 0.294740
vt 0.882723 0.295186
vt 0.870365 0.295479
vt 0.904101 0.834793
vt 0.903713 0.834518
vt 0.629670 0.981838
vt 0.629013 0.985037
vt 0.614870 0.984190
vt 0.614827 0.983772
vt 0.268177 0.701575
vt 0.267156 0.690053
vt 0.272272 0.690350
vt 0.272272 0.706073
vt 0.271085 0.705741
vt 0.883396 0.832194
vt 0.887482 0.830644
vt 0.898339 0.830521
vt 0.267858 0.858532
vt 0.258454 0.855284
vt 0.259643 0.851417
vt 0.264294 0.844361
vt 0.268764 0.850657
vt 0.236719 0.865309
vt 0.229983 0.865739
vt 0.231264 0.855362
vt 0.257386 0.874902
vt 0.263417 0.878519
vt 0.261944 0.878802
vt 0.256347 0.876188
vt 0.543137 0.964265
vt 0.541038 0.969448
vt 0.541004 0.968117
vt 0.540886 0.965389
vt 0.539356 0.962486
vt 0.230490 0.844755
vt 0.235331 0.846314
vt 0.242155 0.848405
vt 0.968635 0.351481
vt 0.970642 0.354098
vt 0.969634 0.373280
vt 0.965638 0.371900
vt 0.966768 0.350401
vt 0.234732 0.825622
vt 0.235900 0.824554
vt 0.248465 0.825560
vt 0.265110 0.824724
vt 0.264912 0.826944
vt 0.246971 0.833071
vt 0.983835 0.979344
vt 0.978260 0.972150
vt 0.979665 0.947537
vt 0.984014 0.946249
vt 0.985113 0.978004
vt 0.252408 0.871573
vt 0.249997 0.813056
vt 0.246178 0.816955
vt 0.249072 0.813018
vt 0.229117 0.833262
vt 0.235624 0.834040
vt 0.228425 0.835983
vt 0.229775 0.831092
vt 0.232266 0.827416
vt 0.972098 0.333615
vt 0.975282 0.337814
vt 0.975246 0.339676
vt 0.974995 0.342049
vt 0.974022 0.345582
vt 0.968691 0.332244
vt 0.271210 0.793018
vt 0.271210 0.772509
vt 0.272698 0.771849
vt 0.272698 0.792358
vt 0.241624 0.878548
vt 0.970976 0.349788
vt 0.543568 0.980754
vt 0.546481 0.963058
vt 0.546912 0.979546
vt 0.538237 0.981210
vt 0.538361 0.984714
vt 0.973890 0.370830
vt 0.974305 0.376256
vt 0.226421 0.844791
vt 0.227396 0.840037
vt 0.225976 0.849468
vt 0.227102 0.869273
vt 0.915019 0.288351
vt 0.915019 0.312277
vt 0.913235 0.313559
vt 0.912130 0.312764
vt 0.912130 0.287575
vt 0.975409 0.948508
vt 0.975817 0.946504
vt 0.233368 0.875443
vt 0.228500 0.871922
vt 0.268764 0.824382
vt 0.545728 0.992447
vt 0.538361 0.985626
vt 0.546912 0.991252
vt 0.977366 0.930343
vt 0.983823 0.933134
vt 0.985113 0.931795
vt 0.237427 0.882732
vt 0.919436 0.294408
vt 0.919436 0.308776
vt 0.975282 0.381112
vt 0.969236 0.389265
vt 0.966211 0.387900
vt 0.971248 0.555872
vt 0.964284 0.571894
vt 0.963621 0.554102
vt 0.972020 0.576593
vt 0.964751 0.536952
vt 0.972564 0.535899
vt 0.590627 0.290266
vt 0.588965 0.269184
vt 0.596074 0.285118
vt 0.582348 0.271709
vt 0.608166 0.302796
vt 0.611133 0.295877
vt 0.955665 0.503396
vt 0.965608 0.486864
vt 0.964553 0.502214
vt 0.956893 0.485519
vt 0.956893 0.524954
vt 0.965608 0.520725
vt 0.924737 0.048174
vt 0.907415 0.061349
vt 0.914337 0.047457
vt 0.916675 0.064354
vt 0.923376 0.026616
vt 0.913169 0.028946
vt 0.913230 0.009767
vt 0.904457 0.014479
vt 0.140114 0.960390
vt 0.161378 0.951195
vt 0.160659 0.959019
vt 0.140114 0.946571
vt 0.956423 0.960255
vt 0.934687 0.964197
vt 0.937985 0.958506
vt 0.142657 0.970627
vt 0.611748 0.289870
vt 0.614786 0.268927
vt 0.621168 0.273486
vt 0.601680 0.281847
vt 0.569368 0.970597
vt 0.567514 0.977706
vt 0.559768 0.973206
vt 0.577672 0.971728
vt 0.577536 0.985444
vt 0.560544 0.980712
vt 0.957748 0.947243
vt 0.937985 0.950646
vt 0.577672 0.959193
vt 0.559768 0.965923
vt 0.951361 0.936559
vt 0.934687 0.944294
vt 0.117689 0.983346
vt 0.131843 0.979867
vt 0.131843 0.982885
vt 0.117990 0.977063
vt 0.625605 0.257550
vt 0.625634 0.255190
vt 0.626145 0.255611
vt 0.624999 0.257469
vt 0.616222 0.267992
vt 0.626277 0.259980
vt 0.613810 0.262586
vt 0.132007 0.984988
vt 0.118129 0.987831
vt 0.621474 0.266043
vt 0.623326 0.266455
vt 0.621331 0.271643
vt 0.953981 0.472059
vt 0.948750 0.484357
vt 0.951065 0.471986
vt 0.954784 0.484052
vt 0.990756 0.748281
vt 0.987413 0.760998
vt 0.987724 0.748153
vt 0.993706 0.760998
vt 0.132007 0.977346
vt 0.118891 0.971920
vt 0.956750 0.472255
vt 0.960607 0.484357
vt 0.993163 0.747198
vt 0.998791 0.758357
vt 0.742372 0.315991
vt 0.743949 0.313563
vt 0.743875 0.316070
vt 0.742447 0.313484
vt 0.630454 0.255438
vt 0.627885 0.254210
vt 0.630699 0.254987
vt 0.628060 0.254777
vt 0.631565 0.261441
vt 0.632497 0.259453
vt 0.633101 0.259706
vt 0.631191 0.260928
vt 0.626692 0.259686
vt 0.632759 0.257157
vt 0.632206 0.257285
vt 0.628898 0.261020
vt 0.628870 0.261549
vt 0.734471 0.316006
vt 0.735108 0.313415
vt 0.735649 0.315930
vt 0.733931 0.313490
vt 0.271210 0.793085
vt 0.272820 0.795104
vt 0.271313 0.795171
vt 0.272716 0.793018
vt 0.743875 0.311245
vt 0.742372 0.311166
vt 0.735649 0.311166
vt 0.734471 0.311241
vt 0.272820 0.797680
vt 0.271313 0.797747
vt 0.732768 0.311278
vt 0.733395 0.313577
vt 0.732233 0.313688
vt 0.733931 0.311166
vt 0.271210 0.799609
vt 0.272716 0.799542
vt 0.733931 0.316018
vt 0.732768 0.316130
vt 0.604834 0.271411
vt 0.611774 0.262174
vt 0.595581 0.270402
vt 0.179409 0.992889
vt 0.184442 0.983803
vt 0.190624 0.992889
vt 0.188349 0.982853
vt 0.181588 0.972025
vt 0.188066 0.971278
vt 0.272841 0.755571
vt 0.271371 0.747179
vt 0.272841 0.737470
vt 0.621661 0.284713
vt 0.043782 0.971380
vt 0.037798 0.985068
vt 0.038537 0.972336
vt 0.908151 0.044375
vt 0.904457 0.054938
vt 0.250403 0.991454
vt 0.240941 0.978775
vt 0.248086 0.978524
vt 0.250403 0.967774
vt 0.243876 0.965430
vt 0.267007 0.737470
vt 0.267007 0.721235
vt 0.271439 0.731657
vt 0.627097 0.296427
vt 0.593134 0.255531
vt 0.609704 0.255814
vt 0.598621 0.260445
vt 0.942695 0.925770
vt 0.954620 0.930185
vt 0.037798 0.954861
vt 0.627933 0.273719
vt 0.626748 0.271830
vt 0.615224 0.257953
vt 0.613540 0.256388
vt 0.626255 0.256826
vt 0.619803 0.256262
vt 0.619259 0.254276
vt 0.625404 0.258304
vt 0.631916 0.269517
vt 0.629937 0.268465
vt 0.629406 0.263123
vt 0.631253 0.262845
vt 0.950169 0.535899
vt 0.947743 0.511694
vt 0.948147 0.487427
vt 0.914321 0.000000
vt 0.929003 0.015382
vt 0.977845 0.546186
vt 0.977845 0.571974
vt 0.612947 0.313368
vt 0.590333 0.303107
vt 0.575572 0.282509
vt 0.575572 0.261214
vt 0.587203 0.255808
vt 0.934816 0.040379
vt 0.929040 0.063295
vt 0.949859 0.785102
vt 0.942440 0.803891
vt 0.940580 0.786317
vt 0.952025 0.805569
vt 0.335978 0.970648
vt 0.326648 0.949783
vt 0.333765 0.954955
vt 0.329225 0.968059
vt 0.326648 0.989477
vt 0.333765 0.989037
vt 0.888854 0.692055
vt 0.887887 0.671595
vt 0.893675 0.689136
vt 0.882113 0.671627
vt 0.892672 0.568635
vt 0.900089 0.548264
vt 0.900567 0.566320
vt 0.892115 0.547607
vt 0.891722 0.588137
vt 0.899752 0.583065
vt 0.940265 0.422724
vt 0.927896 0.441483
vt 0.930217 0.423652
vt 0.937562 0.443491
vt 0.937562 0.402825
vt 0.927896 0.406566
vt 0.940580 0.821301
vt 0.949859 0.825845
vt 0.308329 0.975146
vt 0.326648 0.961153
vt 0.326648 0.968258
vt 0.307064 0.962792
vt 0.417347 0.958192
vt 0.397174 0.966550
vt 0.398158 0.958993
vt 0.417494 0.971954
vt 0.898889 0.684443
vt 0.910278 0.671381
vt 0.912731 0.678815
vt 0.895171 0.672199
vt 0.497561 0.935152
vt 0.501887 0.931901
vt 0.501887 0.942639
vt 0.948242 0.458075
vt 0.948183 0.471590
vt 0.928684 0.470860
vt 0.937823 0.464405
vt 0.417494 0.946488
vt 0.397174 0.951752
vt 0.165365 0.985001
vt 0.170596 0.971278
vt 0.176627 0.974234
vt 0.759508 0.988033
vt 0.759508 0.997601
vt 0.751480 0.996348
vt 0.927896 0.478239
vt 0.948242 0.483589
vt 0.729401 0.996131
vt 0.726754 0.982031
vt 0.729401 0.982529
vt 0.723865 0.994823
vt 0.987421 0.993934
vt 0.985145 0.992428
vt 0.985760 0.992180
vt 0.987098 0.994489
vt 0.898840 0.987827
vt 0.909121 0.982952
vt 0.909239 0.985957
vt 0.898840 0.981542
vt 0.681390 0.983067
vt 0.677536 0.997022
vt 0.678437 0.983039
vt 0.683637 0.997022
vt 0.717321 0.987909
vt 0.719273 0.988314
vt 0.717812 0.993866
vt 0.897458 0.992259
vt 0.903841 0.989044
vt 0.601991 0.982583
vt 0.601632 0.996944
vt 0.599187 0.983004
vt 0.607494 0.995683
vt 0.684090 0.982523
vt 0.689284 0.995493
vt 0.723793 0.981820
vt 0.897458 0.976346
vt 0.908513 0.980413
vt 0.595691 0.996944
vt 0.596292 0.982757
vt 0.739061 0.313721
vt 0.740704 0.311312
vt 0.740565 0.313867
vt 0.739200 0.311166
vt 0.987353 0.987797
vt 0.985113 0.989578
vt 0.987017 0.987274
vt 0.985733 0.989757
vt 0.993637 0.990469
vt 0.992085 0.988291
vt 0.992581 0.987856
vt 0.992983 0.990514
vt 0.990058 0.994799
vt 0.989939 0.994197
vt 0.989966 0.986594
vt 0.989861 0.987218
vt 0.992136 0.992846
vt 0.992640 0.993211
vt 0.740704 0.313460
vt 0.742372 0.311166
vt 0.742143 0.313453
vt 0.740933 0.311173
vt 0.270811 0.894570
vt 0.272260 0.897060
vt 0.270811 0.897150
vt 0.272260 0.894479
vt 0.739061 0.311166
vt 0.737385 0.313482
vt 0.737643 0.311317
vt 0.738802 0.313331
vt 0.739200 0.315913
vt 0.740704 0.316058
vt 0.272797 0.898981
vt 0.271348 0.899071
vt 0.739061 0.315887
vt 0.737643 0.316038
vt 0.740933 0.315980
vt 0.742372 0.315974
vt 0.271348 0.892537
vt 0.272797 0.892446
vt 0.902773 0.666474
vt 0.912731 0.663991
vt 0.176053 0.982992
vt 0.176627 0.993360
vt 0.307341 0.949783
vt 0.316055 0.956964
vt 0.316059 0.960613
vt 0.326073 0.953520
vt 0.993637 0.999221
vt 0.721902 0.981995
vt 0.935878 0.662707
vt 0.930768 0.678062
vt 0.929668 0.665168
vt 0.935878 0.681320
vt 0.921734 0.689072
vt 0.924999 0.695483
vt 0.908850 0.691410
vt 0.908332 0.698570
vt 0.908332 0.644977
vt 0.923049 0.654792
vt 0.909579 0.652237
vt 0.924999 0.648354
vt 0.893675 0.654155
vt 0.898889 0.658931
vt 0.918942 0.682813
vt 0.914332 0.677351
vt 0.919305 0.680552
vt 0.919305 0.662368
vt 0.918942 0.660101
vt 0.914332 0.665482
vt 0.930616 0.667615
vt 0.924960 0.663514
vt 0.926005 0.661532
vt 0.928651 0.668384
vt 0.926005 0.681505
vt 0.924960 0.679505
vt 0.912368 0.671400
vt 0.928651 0.674699
vt 0.930616 0.675503
vt 0.927896 0.463413
vt 0.938092 0.459892
vt 0.272562 0.482285
vt 0.269422 0.492604
vt 0.269422 0.471707
vt 0.947861 0.438917
vt 0.941159 0.458075
vt 0.930717 0.455408
vt 0.885885 0.578588
vt 0.885885 0.552775
vt 0.960343 0.796103
vt 0.959631 0.821768
vt 0.956063 0.774664
vt 0.888036 0.702577
vt 0.874716 0.681211
vt 0.876933 0.655537
vt 0.888854 0.651316
vt 0.893648 0.637567
vt 0.905924 0.640626
vt 0.943409 0.392772
vt 0.948750 0.413127
vt 0.892971 0.631947
vt 0.891996 0.635092
vt 0.890174 0.631480
vt 0.890990 0.637304
vt 0.893778 0.637510
vt 0.891996 0.628516
vt 0.894943 0.630297
vt 0.894943 0.634362
vt 0.767133 0.975772
vt 0.767030 0.978292
vt 0.764902 0.977432
vt 0.972838 0.768729
vt 0.972936 0.771249
vt 0.970583 0.770688
vt 0.972568 0.762785
vt 0.973193 0.765485
vt 0.970583 0.763632
vt 0.222919 0.953035
vt 0.222682 0.949877
vt 0.225390 0.951462
vt 0.931821 0.114562
vt 0.932096 0.117894
vt 0.929405 0.115990
vt 0.765167 0.973941
vt 0.970742 0.767126
vt 0.222919 0.947080
vt 0.224960 0.945655
vt 0.225390 0.947962
vt 0.224960 0.954818
vt 0.929730 0.112528
vt 0.937732 0.840732
vt 0.937531 0.843902
vt 0.935337 0.841493
vt 0.937748 0.834313
vt 0.938027 0.831038
vt 0.940004 0.833389
vt 0.120398 0.997881
vt 0.117689 0.997215
vt 0.120261 0.995027
vt 0.125368 0.993175
vt 0.123182 0.995881
vt 0.123182 0.992261
vt 0.124064 0.987831
vt 0.125337 0.989974
vt 0.122416 0.989120
vt 0.120398 0.991722
vt 0.117689 0.993595
vt 0.938536 0.836674
vt 0.119021 0.989944
vt 0.940004 0.829823
vt 0.936688 0.838422
vt 0.935337 0.844994
vt 0.937732 0.846689
vt 0.968453 0.102151
vt 0.971060 0.100249
vt 0.970423 0.102888
vt 0.968620 0.098677
vt 0.970707 0.096978
vt 0.968453 0.094996
vt 0.970790 0.094293
vt 0.061608 0.977108
vt 0.061826 0.973732
vt 0.064190 0.975028
vt 0.063852 0.971916
vt 0.061608 0.970239
vt 0.063836 0.969376
vt 0.936160 0.838422
vt 0.935651 0.836353
vt 0.935337 0.832870
vt 0.935337 0.829303
vt 0.937748 0.828245
vt 0.940239 0.842321
vt 0.940239 0.845822
vt 0.929405 0.119675
vt 0.931821 0.120831
vt 0.939717 0.838934
vt 0.764902 0.970524
vt 0.767457 0.972643
vt 0.939718 0.848101
vt 0.930255 0.110610
vt 0.932621 0.112291
vt 0.934083 0.115607
vt 0.934083 0.119292
vt 0.220579 0.952254
vt 0.893778 0.626870
vt 0.220579 0.948754
vt 0.889010 0.628052
vt 0.890990 0.626115
vt 0.887891 0.631157
vt 0.889010 0.634628
vt 0.961104 0.275351
vt 0.956905 0.278277
vt 0.958067 0.272054
vt 0.953736 0.280000
vt 0.957060 0.282962
vt 0.963270 0.270159
vt 0.965324 0.275211
vt 0.961391 0.280229
vt 0.164836 0.917808
vt 0.165365 0.922221
vt 0.161733 0.920288
vt 0.268969 0.517813
vt 0.268638 0.512588
vt 0.272143 0.514615
vt 0.269519 0.861168
vt 0.268814 0.858165
vt 0.272821 0.858709
vt 0.269125 0.869831
vt 0.268814 0.865668
vt 0.272589 0.868439
vt 0.994150 0.286263
vt 0.994572 0.291567
vt 0.990648 0.288254
vt 0.161538 0.915162
vt 0.272143 0.520965
vt 0.272821 0.863347
vt 0.994150 0.297118
vt 0.991067 0.300159
vt 0.990648 0.294634
vt 0.991067 0.283455
vt 0.512352 0.987687
vt 0.511911 0.991868
vt 0.509115 0.989735
vt 0.994150 0.313886
vt 0.994572 0.308536
vt 0.997416 0.311475
vt 0.116278 0.986917
vt 0.112472 0.989232
vt 0.113283 0.983937
vt 0.116278 0.976188
vt 0.117177 0.981599
vt 0.113283 0.977630
vt 0.108274 0.971813
vt 0.112472 0.972721
vt 0.108579 0.975059
vt 0.109654 0.980166
vt 0.108579 0.985264
vt 0.108274 0.989175
vt 0.105671 0.979777
vt 0.104860 0.985072
vt 0.994150 0.303084
vt 0.997416 0.305126
vt 0.104860 0.974868
vt 0.512352 0.996413
vt 0.509115 0.994864
vt 0.515467 0.999067
vt 0.511313 0.999313
vt 0.272562 0.492604
vt 0.272143 0.497403
vt 0.268638 0.495672
vt 0.268969 0.500630
vt 0.272143 0.503783
vt 0.268638 0.505995
vt 0.272562 0.509308
vt 0.161525 0.935387
vt 0.164816 0.932750
vt 0.165187 0.936580
vt 0.161635 0.930290
vt 0.165365 0.928334
vt 0.161525 0.925654
vt 0.991068 0.316782
vt 0.995251 0.316572
vt 0.990648 0.311815
vt 0.990648 0.305466
vt 0.515837 0.989336
vt 0.515837 0.994466
vt 0.272562 0.525931
vt 0.268638 0.522861
vt 0.991068 0.300159
vt 0.272562 0.509308
vt 0.165050 0.913927
vt 0.161538 0.924900
vt 0.164505 0.925654
vt 0.997416 0.288816
vt 0.965479 0.279895
vt 0.997416 0.295196
vt 0.967358 0.269825
vt 0.968059 0.274783
vt 0.964564 0.266188
vt 0.960100 0.266668
vt 0.955712 0.269412
vt 0.961367 0.283320
vt 0.953736 0.274787
vt 0.993616 0.889155
vt 0.996132 0.886296
vt 0.996132 0.891012
vt 0.998140 0.884233
vt 0.995481 0.882598
vt 0.992822 0.893121
vt 0.990776 0.889709
vt 0.992822 0.885491
vt 0.997737 0.882135
vt 0.933426 0.726787
vt 0.932966 0.722659
vt 0.935291 0.724940
vt 0.972275 0.143384
vt 0.971728 0.140273
vt 0.974395 0.141782
vt 0.499906 0.839225
vt 0.499377 0.835545
vt 0.501997 0.836816
vt 0.499395 0.846015
vt 0.499377 0.843137
vt 0.501697 0.845499
vt 0.933426 0.718765
vt 0.935580 0.716739
vt 0.935291 0.720224
vt 0.935580 0.729084
vt 0.974367 0.145108
vt 0.501997 0.841508
vt 0.559392 0.948533
vt 0.557303 0.950396
vt 0.557551 0.946960
vt 0.499859 0.826164
vt 0.500382 0.822538
vt 0.501997 0.826509
vt 0.969813 0.535323
vt 0.966923 0.532748
vt 0.969783 0.532260
vt 0.975176 0.532930
vt 0.972836 0.534876
vt 0.972935 0.530854
vt 0.973793 0.525438
vt 0.975176 0.529067
vt 0.972123 0.526450
vt 0.959863 0.096611
vt 0.959221 0.099698
vt 0.957520 0.097244
vt 0.968468 0.525134
vt 0.969982 0.528479
vt 0.970708 0.523347
vt 0.967022 0.528725
vt 0.500382 0.830168
vt 0.965608 0.525622
vt 0.967576 0.523200
vt 0.961975 0.098263
vt 0.961473 0.101671
vt 0.959010 0.102409
vt 0.933267 0.737378
vt 0.935587 0.735048
vt 0.935123 0.739113
vt 0.933267 0.732685
vt 0.935123 0.731130
vt 0.975015 0.535575
vt 0.945267 0.634539
vt 0.945452 0.631217
vt 0.947675 0.632713
vt 0.947356 0.629610
vt 0.498057 0.832602
vt 0.500350 0.833215
vt 0.497768 0.828458
vt 0.497768 0.823742
vt 0.498057 0.820257
vt 0.961975 0.094923
vt 0.959221 0.094293
vt 0.932966 0.741369
vt 0.932966 0.729084
vt 0.501697 0.833215
vt 0.971683 0.145656
vt 0.974047 0.138335
vt 0.971683 0.137520
vt 0.557303 0.943629
vt 0.559695 0.945430
vt 0.990125 0.886011
vt 0.992508 0.882864
vt 0.497757 0.839452
vt 0.990125 0.893641
vt 0.992508 0.895844
vt 0.995481 0.894943
vt 0.998140 0.892255
vt 0.998791 0.888118
vt 0.848723 0.982238
vt 0.852556 0.976943
vt 0.852556 0.985159
vt 0.855659 0.972943
vt 0.851622 0.970383
vt 0.847545 0.989140
vt 0.844447 0.983385
vt 0.847545 0.975847
vt 0.855121 0.969082
vt 0.271991 0.642303
vt 0.272786 0.649570
vt 0.268602 0.645592
vt 0.908275 0.845002
vt 0.908584 0.849910
vt 0.904101 0.846742
vt 0.991187 0.712407
vt 0.990279 0.706082
vt 0.994916 0.708157
vt 0.990390 0.724519
vt 0.990279 0.719325
vt 0.994448 0.723461
vt 0.271991 0.656331
vt 0.268167 0.659806
vt 0.268602 0.653837
vt 0.268167 0.638219
vt 0.905023 0.841852
vt 0.994916 0.716342
vt 0.062108 0.951979
vt 0.065825 0.948986
vt 0.065231 0.954418
vt 0.135753 0.984462
vt 0.134863 0.990727
vt 0.132007 0.983712
vt 0.069406 0.988737
vt 0.066972 0.982611
vt 0.071273 0.983655
vt 0.078217 0.988737
vt 0.073854 0.990110
vt 0.076451 0.983655
vt 0.393849 0.967398
vt 0.394655 0.960247
vt 0.396763 0.964864
vt 0.995875 0.694689
vt 0.996103 0.689782
vt 1.000000 0.692622
vt 0.073694 0.971521
vt 0.077948 0.976156
vt 0.073825 0.977756
vt 0.077772 0.970477
vt 0.995875 0.685392
vt 1.000000 0.687158
vt 0.080529 0.982611
vt 0.069569 0.976156
vt 0.134863 0.977386
vt 0.069393 0.970477
vt 0.997928 0.697662
vt 0.991623 0.693068
vt 0.991623 0.687603
vt 0.390486 0.964297
vt 0.390486 0.956112
vt 0.393849 0.953473
vt 0.076327 0.993054
vt 0.933324 0.126181
vt 0.929405 0.123114
vt 0.933324 0.121133
vt 0.071148 0.993054
vt 0.139047 0.973119
vt 0.135012 0.971920
vt 0.139482 0.980491
vt 0.139482 0.988737
vt 0.139047 0.994706
vt 0.992751 0.697937
vt 0.390017 0.971416
vt 0.390017 0.949987
vt 0.994448 0.702032
vt 0.990390 0.701988
vt 0.967410 0.820061
vt 0.967410 0.825551
vt 0.963957 0.822270
vt 0.904101 0.852232
vt 0.908275 0.854342
vt 0.065825 0.959382
vt 0.061608 0.956729
vt 0.843513 0.976826
vt 0.847133 0.971078
vt 0.987413 0.712985
vt 0.843513 0.990119
vt 0.847133 0.993694
vt 0.851622 0.991893
vt 0.855659 0.986921
vt 0.856633 0.979695
vt 0.467790 0.983973
vt 0.471847 0.980235
vt 0.470958 0.986902
vt 0.475208 0.977214
vt 0.471847 0.974485
vt 0.466048 0.989246
vt 0.463902 0.984027
vt 0.467486 0.978458
vt 0.932871 0.083987
vt 0.932757 0.087713
vt 0.929405 0.086851
vt 0.993941 0.921362
vt 0.995338 0.925249
vt 0.990752 0.924269
vt 0.993941 0.911775
vt 0.994322 0.916221
vt 0.990125 0.913054
vt 0.995353 0.681188
vt 0.995049 0.675935
vt 0.999252 0.678393
vt 0.267159 0.780136
vt 0.267006 0.775031
vt 0.270429 0.777398
vt 0.929791 0.081210
vt 0.990125 0.918690
vt 0.990752 0.909516
vt 0.998423 0.684238
vt 0.270429 0.783029
vt 0.994889 0.380505
vt 0.994575 0.385840
vt 0.991176 0.381299
vt 0.636144 0.997256
vt 0.631947 0.993545
vt 0.636063 0.992535
vt 0.643497 0.993995
vt 0.640385 0.996585
vt 0.640385 0.990619
vt 0.322846 0.979001
vt 0.324431 0.975146
vt 0.326546 0.980089
vt 0.322845 0.988580
vt 0.323168 0.984124
vt 0.326546 0.985720
vt 0.633726 0.982599
vt 0.638941 0.984478
vt 0.636144 0.987106
vt 0.643263 0.988527
vt 0.631947 0.987579
vt 0.993279 0.376036
vt 0.991176 0.386953
vt 0.994889 0.390124
vt 0.318965 0.987306
vt 0.318965 0.981675
vt 0.319746 0.976126
vt 0.929405 0.100338
vt 0.929812 0.094448
vt 0.933367 0.096844
vt 0.932864 0.091573
vt 0.929405 0.088805
vt 0.932709 0.087713
vt 0.271210 0.786590
vt 0.270582 0.790129
vt 0.267012 0.789058
vt 0.267257 0.793048
vt 0.270582 0.795764
vt 0.267012 0.798176
vt 0.271210 0.801343
vt 0.997977 0.377324
vt 0.998778 0.383383
vt 0.998778 0.389037
vt 0.271210 0.771849
vt 0.993708 0.685392
vt 0.999252 0.672735
vt 0.995353 0.671563
vt 0.929405 0.075110
vt 0.933381 0.078587
vt 0.319746 0.990867
vt 0.271210 0.786590
vt 0.267007 0.784141
vt 0.463902 0.978278
vt 0.467790 0.974192
vt 0.991623 0.680261
vt 0.991623 0.674603
vt 0.997544 0.914640
vt 0.469519 0.991940
vt 0.997544 0.920276
vt 0.475318 0.982929
vt 0.473696 0.988556
vt 0.979564 0.071190
vt 0.974037 0.084704
vt 0.973120 0.071840
vt 0.980632 0.086172
vt 0.972817 0.788459
vt 0.969045 0.774664
vt 0.974867 0.777999
vt 0.966658 0.786846
vt 0.966658 0.802240
vt 0.972817 0.801677
vt 0.969045 0.813643
vt 0.974867 0.811469
vt 0.267007 0.721235
vt 0.272272 0.706622
vt 0.272272 0.719641
vt 0.267007 0.706073
vt 0.236233 0.917812
vt 0.233682 0.900960
vt 0.239235 0.912594
vt 0.229766 0.904262
vt 0.249933 0.924837
vt 0.250999 0.918626
vt 0.264456 0.922050
vt 0.263469 0.916233
vt 0.973120 0.096531
vt 0.979564 0.099946
vt 0.988444 0.535899
vt 0.992831 0.551446
vt 0.988444 0.549226
vt 0.996407 0.538950
vt 0.948409 0.750921
vt 0.947463 0.763408
vt 0.943345 0.759610
vt 0.871338 0.626115
vt 0.880725 0.629180
vt 0.871338 0.637447
vt 0.503492 0.987686
vt 0.516666 0.978442
vt 0.517534 0.982591
vt 0.502870 0.980930
vt 0.509892 0.967124
vt 0.512208 0.963537
vt 0.517534 0.968408
vt 0.923948 0.970759
vt 0.923569 0.980676
vt 0.909970 0.979790
vt 0.916327 0.975427
vt 0.991176 0.361332
vt 0.995996 0.376036
vt 0.991176 0.373905
vt 0.998570 0.366152
vt 0.501997 0.970905
vt 0.516666 0.972840
vt 0.503492 0.963277
vt 0.909581 0.984802
vt 0.923948 0.988767
vt 0.642173 0.305118
vt 0.643953 0.314938
vt 0.642173 0.314417
vt 0.645901 0.306383
vt 0.947725 0.153907
vt 0.948413 0.151981
vt 0.948659 0.152338
vt 0.947315 0.153824
vt 0.861448 0.634177
vt 0.871092 0.630721
vt 0.871338 0.632861
vt 0.861174 0.629700
vt 0.990199 0.234604
vt 0.994000 0.225599
vt 0.992250 0.234453
vt 0.989764 0.226023
vt 0.650737 0.311021
vt 0.649311 0.310750
vt 0.650261 0.307095
vt 0.862345 0.637450
vt 0.866131 0.635042
vt 0.654230 0.315139
vt 0.655065 0.305118
vt 0.656306 0.314965
vt 0.650737 0.305765
vt 0.988203 0.234236
vt 0.985565 0.225599
vt 0.646083 0.315113
vt 0.861651 0.626115
vt 0.871338 0.628966
vt 0.659089 0.305118
vt 0.658273 0.315151
vt 0.271617 0.544458
vt 0.272832 0.542778
vt 0.272663 0.544568
vt 0.271786 0.542668
vt 0.951729 0.152338
vt 0.950272 0.151253
vt 0.952021 0.151981
vt 0.950241 0.151719
vt 0.950779 0.157289
vt 0.952010 0.155690
vt 0.952352 0.155921
vt 0.950672 0.156854
vt 0.947491 0.155921
vt 0.947875 0.155690
vt 0.952843 0.153824
vt 0.952428 0.153906
vt 0.949039 0.156854
vt 0.948859 0.157289
vt 0.693000 0.313747
vt 0.693842 0.312111
vt 0.694043 0.313804
vt 0.692799 0.312054
vt 0.271775 0.546198
vt 0.272674 0.548019
vt 0.271617 0.548021
vt 0.272831 0.546196
vt 0.744982 0.311166
vt 0.744365 0.312643
vt 0.743949 0.311216
vt 0.745398 0.312594
vt 0.271786 0.546086
vt 0.272832 0.546196
vt 0.272831 0.549526
vt 0.271775 0.549528
vt 0.745398 0.314428
vt 0.744365 0.314478
vt 0.692799 0.315499
vt 0.693842 0.315556
vt 0.744982 0.315812
vt 0.743949 0.315861
vt 0.509254 0.976125
vt 0.998377 0.107540
vt 0.990950 0.110296
vt 0.990216 0.102936
vt 0.995751 0.545037
vt 0.998097 0.553093
vt 0.935494 0.711301
vt 0.932966 0.710117
vt 0.935494 0.702577
vt 0.990216 0.117179
vt 0.933947 0.716739
vt 0.424421 0.924588
vt 0.424421 0.930153
vt 0.422782 0.929990
vt 0.647568 0.314860
vt 0.252223 0.913340
vt 0.260532 0.911959
vt 0.242858 0.909305
vt 0.238534 0.900990
vt 0.241183 0.892219
vt 0.236939 0.889166
vt 0.248670 0.887308
vt 0.247481 0.882732
vt 0.269589 0.894068
vt 0.266179 0.905010
vt 0.264996 0.895794
vt 0.270811 0.906534
vt 0.260375 0.884668
vt 0.258276 0.888939
vt 0.948409 0.768789
vt 0.944732 0.771950
vt 0.946869 0.768391
vt 0.945740 0.773234
vt 0.934504 0.767379
vt 0.935660 0.772409
vt 0.932966 0.767525
vt 0.936662 0.771289
vt 0.937982 0.759171
vt 0.935238 0.763192
vt 0.933883 0.762297
vt 0.938520 0.760690
vt 0.946111 0.764082
vt 0.940705 0.774664
vt 0.940701 0.773094
vt 0.942814 0.761041
vt 0.909581 0.974338
vt 0.237506 0.926449
vt 0.225976 0.912399
vt 0.225976 0.895161
vt 0.233558 0.890527
vt 0.986354 0.079739
vt 0.986003 0.097677
vt 0.984243 0.063546
vt 0.965060 0.819772
vt 0.961456 0.809736
vt 0.960343 0.792179
vt 0.962241 0.775316
vt 0.270705 0.923251
vt 0.255171 0.930734
vt 0.830496 0.930456
vt 0.811530 0.926307
vt 0.831661 0.922398
vt 0.807051 0.935008
vt 0.908739 0.117663
vt 0.913731 0.138267
vt 0.904457 0.133122
vt 0.918718 0.120263
vt 0.918718 0.095369
vt 0.908739 0.096288
vt 0.913731 0.075232
vt 0.904457 0.078998
vt 0.943721 0.891959
vt 0.954957 0.868615
vt 0.953889 0.889429
vt 0.944965 0.867719
vt 0.944965 0.914333
vt 0.954957 0.908640
vt 0.774495 0.901427
vt 0.788832 0.878223
vt 0.783575 0.897473
vt 0.780617 0.879008
vt 0.784934 0.923543
vt 0.792539 0.916463
vt 0.069222 0.970477
vt 0.091848 0.955778
vt 0.092300 0.963919
vt 0.066972 0.956225
vt 0.971683 0.152535
vt 0.963282 0.138616
vt 0.971683 0.137520
vt 0.956363 0.156576
vt 0.932214 0.828245
vt 0.911396 0.844007
vt 0.909581 0.836680
vt 0.933936 0.840255
vt 0.921982 0.861712
vt 0.917846 0.866935
vt 0.909581 0.859616
vt 0.936792 0.288520
vt 0.920722 0.292158
vt 0.920722 0.275718
vt 0.927031 0.280055
vt 0.362398 0.966662
vt 0.362398 0.942875
vt 0.368684 0.948933
vt 0.798391 0.911100
vt 0.792383 0.897307
vt 0.806125 0.890115
vt 0.935337 0.856445
vt 0.911396 0.853065
vt 0.932214 0.867719
vt 0.811849 0.917889
vt 0.809924 0.898163
vt 0.817972 0.902334
vt 0.286730 0.988705
vt 0.283624 0.972208
vt 0.286730 0.972367
vt 0.280237 0.988023
vt 0.825303 0.885781
vt 0.824158 0.888633
vt 0.823726 0.888007
vt 0.826013 0.886017
vt 0.240685 0.703881
vt 0.225061 0.709707
vt 0.224569 0.706255
vt 0.241323 0.711106
vt 0.970195 0.576593
vt 0.963621 0.590513
vt 0.966938 0.576942
vt 0.970342 0.589600
vt 0.272842 0.978793
vt 0.275059 0.979478
vt 0.273324 0.986539
vt 0.238722 0.698165
vt 0.233021 0.702638
vt 0.968618 0.763044
vt 0.963331 0.774559
vt 0.965143 0.762785
vt 0.970583 0.774559
vt 0.973489 0.577295
vt 0.977271 0.590513
vt 0.280239 0.971802
vt 0.240337 0.716458
vt 0.224569 0.712340
vt 0.820962 0.889276
vt 0.811734 0.896511
vt 0.817920 0.887644
vt 0.818178 0.899851
vt 0.271026 0.924014
vt 0.272663 0.921139
vt 0.272759 0.924086
vt 0.270930 0.921066
vt 0.818419 0.887165
vt 0.821007 0.888554
vt 0.819940 0.879584
vt 0.817852 0.881784
vt 0.817253 0.881318
vt 0.820138 0.880309
vt 0.825658 0.882651
vt 0.825001 0.882918
vt 0.816455 0.884501
vt 0.817173 0.884492
vt 0.822961 0.880757
vt 0.823259 0.880111
vt 0.424437 0.916302
vt 0.423171 0.919117
vt 0.422782 0.916269
vt 0.424826 0.919150
vt 0.270880 0.904776
vt 0.272828 0.907439
vt 0.271197 0.907491
vt 0.272511 0.904723
vt 0.946105 0.620528
vt 0.946885 0.618286
vt 0.947723 0.620487
vt 0.945267 0.618327
vt 0.270930 0.926515
vt 0.272663 0.926588
vt 0.272511 0.910294
vt 0.270880 0.910347
vt 0.945267 0.615358
vt 0.946885 0.615317
vt 0.424826 0.913576
vt 0.423171 0.913543
vt 0.946105 0.613008
vt 0.947723 0.612967
vt 0.923621 0.848074
vt 0.069222 0.941287
vt 0.078506 0.950195
vt 0.078731 0.954378
vt 0.092300 0.946958
vt 0.220579 0.973407
vt 0.220579 0.964410
vt 0.223503 0.964666
vt 0.278161 0.971338
vt 0.795688 0.883211
vt 0.807957 0.875857
vt 0.805850 0.867719
vt 0.823281 0.877853
vt 0.826666 0.870877
vt 0.834173 0.888021
vt 0.841541 0.886219
vt 0.826923 0.915428
vt 0.843513 0.906566
vt 0.835567 0.903882
vt 0.815565 0.877506
vt 0.823314 0.881044
vt 0.816251 0.879973
vt 0.824386 0.878844
vt 0.825008 0.898525
vt 0.831526 0.893969
vt 0.826503 0.900678
vt 0.829030 0.893153
vt 0.808353 0.881957
vt 0.810476 0.883536
vt 0.830690 0.885346
vt 0.828360 0.886250
vt 0.808693 0.890068
vt 0.822705 0.911013
vt 0.937144 0.925770
vt 0.934687 0.903301
vt 0.935096 0.873595
vt 0.815378 0.944434
vt 0.786861 0.937442
vt 0.840456 0.932218
vt 0.919552 0.064354
vt 0.927080 0.083141
vt 0.929405 0.112324
vt 0.925440 0.138246
vt 0.768248 0.914512
vt 0.768248 0.886374
vt 0.997716 0.825673
vt 0.995030 0.826395
vt 0.996957 0.823018
vt 0.992008 0.826574
vt 0.992673 0.829078
vt 0.674490 0.310489
vt 0.674747 0.313016
vt 0.672069 0.312980
vt 0.672069 0.309479
vt 0.674747 0.307351
vt 0.989786 0.827888
vt 0.995285 0.820828
vt 0.993602 0.823548
vt 0.992287 0.821093
vt 0.935281 0.743229
vt 0.935635 0.746050
vt 0.932966 0.744174
vt 0.669405 0.308738
vt 0.669080 0.311951
vt 0.666921 0.310321
vt 0.499373 0.916345
vt 0.499096 0.913249
vt 0.501579 0.914658
vt 0.990361 0.824470
vt 0.935281 0.749169
vt 0.933079 0.750921
vt 0.932966 0.747665
vt 0.933079 0.741781
vt 0.668576 0.306842
vt 0.501579 0.918154
vt 0.661568 0.311747
vt 0.661238 0.308496
vt 0.664230 0.310982
vt 0.666147 0.315599
vt 0.663930 0.314248
vt 0.666921 0.313245
vt 0.387105 0.994708
vt 0.385025 0.996566
vt 0.384637 0.992949
vt 0.387105 0.988772
vt 0.387360 0.991469
vt 0.384637 0.989460
vt 0.661568 0.305814
vt 0.663930 0.305118
vt 0.664230 0.307494
vt 0.666921 0.307603
vt 0.666657 0.310042
vt 0.225127 0.961345
vt 0.223265 0.960162
vt 0.225127 0.957849
vt 0.222943 0.957024
vt 0.382472 0.991291
vt 0.382301 0.994558
vt 0.383132 0.997445
vt 0.220579 0.962056
vt 0.222943 0.962972
vt 0.220579 0.958560
vt 0.220782 0.955257
vt 0.223593 0.954818
vt 0.389431 0.990682
vt 0.389431 0.994171
vt 0.387988 0.997322
vt 0.385652 0.998931
vt 0.066827 0.970197
vt 0.064571 0.971962
vt 0.064285 0.969376
vt 0.066768 0.973687
vt 0.064190 0.975024
vt 0.066827 0.976944
vt 0.660753 0.313781
vt 0.659089 0.310226
vt 0.659089 0.306739
vt 0.501781 0.911355
vt 0.671758 0.306322
vt 0.666921 0.313822
vt 0.669405 0.314694
vt 0.220782 0.964410
vt 0.501781 0.920508
vt 0.499096 0.918906
vt 0.673961 0.305118
vt 0.671758 0.315488
vt 0.997716 0.820235
vt 0.497561 0.915875
vt 0.996028 0.828548
vt 0.617856 0.997682
vt 0.620036 0.993803
vt 0.622125 0.999068
vt 0.622457 0.989850
vt 0.618255 0.988443
vt 0.692941 0.995055
vt 0.689284 0.992583
vt 0.692540 0.990298
vt 0.696821 0.993562
vt 0.696210 0.997864
vt 0.621948 0.985793
vt 0.994910 0.663817
vt 0.995552 0.668617
vt 0.991623 0.666909
vt 0.995113 0.654795
vt 0.995552 0.658660
vt 0.991742 0.655453
vt 0.700223 0.991032
vt 0.696821 0.987933
vt 0.700491 0.986392
vt 0.646231 0.995903
vt 0.645571 0.990563
vt 0.649333 0.993491
vt 0.626011 0.989514
vt 0.991623 0.660756
vt 0.692941 0.985479
vt 0.691553 0.982523
vt 0.696210 0.983128
vt 0.646231 0.985395
vt 0.649586 0.982599
vt 0.649333 0.987314
vt 0.649586 0.998769
vt 0.995227 0.445114
vt 0.991761 0.448356
vt 0.991761 0.442662
vt 0.577700 0.992330
vt 0.577672 0.987789
vt 0.581077 0.989162
vt 0.585272 0.995908
vt 0.581077 0.994654
vt 0.585528 0.991265
vt 0.994475 0.352352
vt 0.995191 0.347503
vt 0.997672 0.352574
vt 0.987952 0.450881
vt 0.984403 0.449404
vt 0.987485 0.446051
vt 0.984403 0.443710
vt 0.987952 0.441193
vt 0.995191 0.357496
vt 0.589324 0.987803
vt 0.585272 0.986564
vt 0.589324 0.993294
vt 0.582123 0.984400
vt 0.991322 0.438226
vt 0.995599 0.440531
vt 0.991428 0.360745
vt 0.994904 0.361332
vt 0.991176 0.355467
vt 0.991176 0.349290
vt 0.991428 0.344575
vt 0.587219 0.997938
vt 0.582123 0.998778
vt 0.577672 0.996675
vt 0.272443 0.531234
vt 0.268633 0.534180
vt 0.269248 0.528838
vt 0.272443 0.537388
vt 0.269248 0.539307
vt 0.995599 0.449744
vt 0.991322 0.453133
vt 0.272562 0.525931
vt 0.272562 0.542041
vt 0.991742 0.671563
vt 0.624829 0.994464
vt 0.986775 0.453781
vt 0.617463 0.985037
vt 0.614827 0.988564
vt 0.643497 0.994032
vt 0.700491 0.995499
vt 0.689284 0.986955
vt 0.997980 0.663519
vt 0.615551 0.993047
vt 0.626011 0.998808
vt 0.968246 0.996616
vt 0.965518 0.997370
vt 0.966475 0.994124
vt 0.988250 0.057578
vt 0.985833 0.059661
vt 0.985833 0.055925
vt 0.970104 0.993696
vt 0.971390 0.996677
vt 0.983003 0.061304
vt 0.980315 0.060332
vt 0.982749 0.058115
vt 0.988389 0.054598
vt 0.270845 0.872799
vt 0.271271 0.877006
vt 0.268764 0.874882
vt 0.971732 0.990742
vt 0.968524 0.990672
vt 0.970883 0.988331
vt 0.499458 0.903387
vt 0.499209 0.899929
vt 0.501485 0.900925
vt 0.499792 0.910882
vt 0.499209 0.907535
vt 0.501680 0.910032
vt 0.271038 0.880781
vt 0.269062 0.882732
vt 0.268878 0.879574
vt 0.268764 0.870448
vt 0.973920 0.989908
vt 0.501485 0.905626
vt 0.983003 0.054947
vt 0.981894 0.053466
vt 0.985305 0.053052
vt 0.286730 0.990103
vt 0.286154 0.992774
vt 0.284125 0.989326
vt 0.761767 0.994512
vt 0.760149 0.991246
vt 0.763368 0.991762
vt 0.767278 0.995465
vt 0.764716 0.995535
vt 0.766607 0.992322
vt 0.499981 0.855925
vt 0.500274 0.851712
vt 0.501997 0.854755
vt 0.284442 0.995327
vt 0.281271 0.995460
vt 0.282780 0.992396
vt 0.279242 0.992012
vt 0.280990 0.989461
vt 0.278422 0.994674
vt 0.278400 0.988705
vt 0.501997 0.850054
vt 0.499981 0.847927
vt 0.764984 0.989046
vt 0.762040 0.988033
vt 0.759508 0.988168
vt 0.283712 0.997731
vt 0.280174 0.997348
vt 0.497998 0.858322
vt 0.500591 0.858841
vt 0.497802 0.853917
vt 0.497802 0.849216
vt 0.765570 0.997910
vt 0.762331 0.997350
vt 0.759508 0.994700
vt 0.559758 0.919054
vt 0.559651 0.923487
vt 0.557303 0.921563
vt 0.557604 0.925723
vt 0.559651 0.928180
vt 0.557303 0.929157
vt 0.559758 0.931342
vt 0.286730 0.996071
vt 0.497998 0.846015
vt 0.501680 0.897725
vt 0.973439 0.993224
vt 0.967254 0.988759
vt 0.271271 0.869831
vt 0.980315 0.056595
vt 0.497802 0.904014
vt 0.973920 0.995813
vt 0.965558 0.991471
vt 0.272821 0.873885
vt 0.985305 0.062834
vt 0.988389 0.060644
vt 0.925510 0.153304
vt 0.921134 0.155464
vt 0.922745 0.149372
vt 0.745953 0.986792
vt 0.744071 0.991961
vt 0.741656 0.986218
vt 0.928460 0.147645
vt 0.930381 0.152670
vt 0.741261 0.996563
vt 0.736930 0.996980
vt 0.738899 0.991961
vt 0.744150 0.981944
vt 0.421306 0.951701
vt 0.421886 0.959124
vt 0.417494 0.955290
vt 0.930938 0.142129
vt 0.925936 0.142803
vt 0.929487 0.138267
vt 0.991569 0.033068
vt 0.991107 0.026986
vt 0.995196 0.028754
vt 0.992120 0.046263
vt 0.991107 0.040365
vt 0.995520 0.044779
vt 0.421306 0.965756
vt 0.417688 0.969110
vt 0.417494 0.963552
vt 0.417688 0.947481
vt 0.934206 0.140305
vt 0.995196 0.037023
vt 0.737153 0.986792
vt 0.734564 0.985046
vt 0.738977 0.981944
vt 0.382301 0.977612
vt 0.381492 0.982292
vt 0.378323 0.975739
vt 0.310638 0.986138
vt 0.307064 0.981192
vt 0.312167 0.980868
vt 0.318965 0.986138
vt 0.315360 0.986914
vt 0.317062 0.980868
vt 0.990975 0.471306
vt 0.991507 0.463897
vt 0.994559 0.469271
vt 0.378838 0.986355
vt 0.373880 0.985767
vt 0.376288 0.980878
vt 0.370711 0.979214
vt 0.373447 0.975206
vt 0.369350 0.983524
vt 0.369300 0.973047
vt 0.994559 0.461003
vt 0.990975 0.457239
vt 0.313533 0.975852
vt 0.308765 0.975146
vt 0.520129 0.969239
vt 0.520666 0.976564
vt 0.517534 0.975410
vt 0.377597 0.990203
vt 0.987942 0.479790
vt 0.987418 0.475508
vt 0.992031 0.476447
vt 0.987094 0.467752
vt 0.987094 0.459484
vt 0.317124 0.990974
vt 0.312230 0.990974
vt 0.524521 0.964811
vt 0.520997 0.963277
vt 0.524327 0.972621
vt 0.524327 0.980882
vt 0.520129 0.982606
vt 0.524521 0.986440
vt 0.382301 0.988056
vt 0.987418 0.453861
vt 0.995520 0.023132
vt 0.933572 0.146101
vt 0.307103 0.987438
vt 0.923772 0.139995
vt 0.422201 0.946488
vt 0.734515 0.991237
vt 0.988579 0.034162
vt 0.934206 0.150678
vt 0.921215 0.145067
vt 0.424795 0.953684
vt 0.424795 0.961945
vt 0.453520 0.989813
vt 0.450079 0.993531
vt 0.449912 0.987902
vt 0.997250 0.093809
vt 0.995487 0.098405
vt 0.993913 0.093338
vt 0.454077 0.984087
vt 0.456819 0.987359
vt 0.992273 0.102429
vt 0.987927 0.102740
vt 0.990988 0.098405
vt 0.995586 0.089475
vt 0.994691 0.330547
vt 0.995336 0.335926
vt 0.991275 0.332556
vt 0.453520 0.978874
vt 0.449912 0.981472
vt 0.450079 0.976698
vt 0.459929 0.985860
vt 0.459334 0.980447
vt 0.463405 0.982729
vt 0.989597 0.093809
vt 0.986354 0.097673
vt 0.986415 0.092154
vt 0.994691 0.341530
vt 0.991176 0.344575
vt 0.991275 0.339012
vt 0.991176 0.327674
vt 0.454348 0.976362
vt 0.463405 0.989139
vt 0.991087 0.089475
vt 0.971664 0.162838
vt 0.970997 0.168247
vt 0.968426 0.163146
vt 0.981447 0.985429
vt 0.981785 0.991035
vt 0.977594 0.988459
vt 0.975570 0.981788
vt 0.978330 0.982557
vt 0.974139 0.986319
vt 0.056221 0.987111
vt 0.055805 0.981648
vt 0.059637 0.984520
vt 0.063321 0.993501
vt 0.059637 0.990916
vt 0.063810 0.988276
vt 0.063321 0.982620
vt 0.059979 0.979008
vt 0.994315 0.156911
vt 0.993714 0.151317
vt 0.996876 0.153250
vt 0.974316 0.991830
vt 0.977594 0.994797
vt 0.981447 0.996212
vt 0.066731 0.985086
vt 0.066731 0.991481
vt 0.059979 0.995753
vt 0.055805 0.991997
vt 0.990216 0.160211
vt 0.993714 0.162222
vt 0.990216 0.153801
vt 0.990244 0.148219
vt 0.994360 0.147878
vt 0.979523 0.979344
vt 0.982978 0.981484
vt 0.985113 0.986724
vt 0.985113 0.993062
vt 0.975157 0.159598
vt 0.970997 0.157801
vt 0.975157 0.166053
vt 0.975058 0.171617
vt 0.971496 0.172303
vt 0.990244 0.165000
vt 0.463433 0.993928
vt 0.459334 0.990818
vt 0.463433 0.977146
vt 0.459977 0.976362
vt 0.445914 0.980512
vt 0.446434 0.985364
vt 0.064363 0.996102
vt 0.456819 0.985446
vt 0.456819 0.980929
vt 0.445914 0.990915
vt 0.997748 0.339583
vt 0.924181 0.896967
vt 0.913472 0.917984
vt 0.913472 0.896557
vt 0.924181 0.921922
vt 0.909581 0.880223
vt 0.919649 0.877944
vt 0.920920 0.754383
vt 0.903295 0.770343
vt 0.911657 0.752928
vt 0.911181 0.774664
vt 0.920920 0.729549
vt 0.911657 0.731605
vt 0.911181 0.711783
vt 0.903295 0.716350
vt 0.859178 0.907332
vt 0.860360 0.882592
vt 0.866277 0.898244
vt 0.852287 0.889104
vt 0.878592 0.922372
vt 0.882947 0.911157
vt 0.901446 0.927186
vt 0.902570 0.915291
vt 0.909581 0.934480
vt 0.919649 0.941133
vt 0.872586 0.896503
vt 0.885637 0.872961
vt 0.888144 0.879594
vt 0.867607 0.885896
vt 0.886349 0.904742
vt 0.895209 0.885066
vt 0.930258 0.942190
vt 0.912805 0.961345
vt 0.909581 0.952903
vt 0.934641 0.956400
vt 0.933505 0.608586
vt 0.932521 0.615601
vt 0.921385 0.611874
vt 0.945267 0.608586
vt 0.943548 0.625061
vt 0.921385 0.620954
vt 0.899055 0.908935
vt 0.903525 0.886818
vt 0.942430 0.596673
vt 0.919737 0.604952
vt 0.919737 0.627944
vt 0.942430 0.636243
vt 0.887891 0.637367
vt 0.881320 0.626200
vt 0.884733 0.626115
vt 0.880725 0.637367
vt 0.732409 0.975451
vt 0.734515 0.976628
vt 0.733790 0.976861
vt 0.732891 0.974970
vt 0.727990 0.959194
vt 0.729769 0.974851
vt 0.734515 0.959817
vt 0.902135 0.869887
vt 0.890086 0.879099
vt 0.899405 0.867769
vt 0.895742 0.883481
vt 0.726829 0.966106
vt 0.725174 0.967423
vt 0.721199 0.961691
vt 0.852597 0.306363
vt 0.868871 0.309893
vt 0.852597 0.309853
vt 0.868437 0.302636
vt 0.905218 0.870682
vt 0.902400 0.884883
vt 0.717321 0.966140
vt 0.726609 0.976326
vt 0.724889 0.978705
vt 0.851834 0.303796
vt 0.866789 0.297183
vt 0.867887 0.315559
vt 0.851834 0.312632
vt 0.423385 0.913543
vt 0.424256 0.910500
vt 0.424859 0.913403
vt 0.422782 0.910640
vt 0.731041 0.980665
vt 0.733880 0.979049
vt 0.731283 0.981099
vt 0.733250 0.978920
vt 0.726049 0.980474
vt 0.725415 0.980875
vt 0.725602 0.978628
vt 0.729753 0.975350
vt 0.727940 0.981820
vt 0.728197 0.981278
vt 0.727065 0.976604
vt 0.727791 0.979953
vt 0.730634 0.979339
vt 0.271156 0.899144
vt 0.272483 0.901909
vt 0.270811 0.901981
vt 0.272828 0.899071
vt 0.424859 0.907945
vt 0.423385 0.908084
vt 0.732843 0.977595
vt 0.272828 0.904650
vt 0.271156 0.904723
vt 0.696752 0.315400
vt 0.695370 0.312376
vt 0.696752 0.312457
vt 0.695370 0.315319
vt 0.698063 0.312533
vt 0.696752 0.315329
vt 0.696752 0.312376
vt 0.698063 0.315486
vt 0.695371 0.315338
vt 0.694043 0.312593
vt 0.695371 0.312376
vt 0.694043 0.315556
vt 0.924787 0.964733
vt 0.912128 0.969503
vt 0.934641 0.970759
vt 0.566925 0.985444
vt 0.566925 0.998171
vt 0.558500 0.996299
vt 0.991280 0.735425
vt 0.994785 0.747198
vt 0.987413 0.747198
vt 0.268503 0.399989
vt 0.271836 0.401369
vt 0.268503 0.416068
vt 0.991622 0.724519
vt 0.917298 0.941133
vt 0.269919 0.388494
vt 0.267006 0.753844
vt 0.267006 0.737470
vt 0.271371 0.751383
vt 0.991921 0.960939
vt 0.999758 0.948162
vt 0.999887 0.958946
vt 0.991921 0.947965
vt 0.888759 0.967210
vt 0.886879 0.981654
vt 0.882281 0.971843
vt 0.894557 0.979321
vt 0.882281 0.993718
vt 0.905661 0.749939
vt 0.907096 0.156291
vt 0.904457 0.138267
vt 0.911007 0.148779
vt 0.934641 0.994959
vt 0.924165 0.985307
vt 0.932299 0.983574
vt 0.272748 0.416068
vt 0.272748 0.434846
vt 0.268503 0.431604
vt 0.920982 0.156291
vt 0.921134 0.148779
vt 0.934641 0.972032
vt 0.927491 0.970759
vt 0.890658 0.870034
vt 0.888078 0.873789
vt 0.888859 0.868271
vt 0.907249 0.877827
vt 0.904488 0.871563
vt 0.909581 0.878004
vt 0.903171 0.872670
vt 0.906945 0.882650
vt 0.909201 0.884029
vt 0.896304 0.867719
vt 0.896619 0.869592
vt 0.858045 0.921777
vt 0.843513 0.900271
vt 0.913725 0.702577
vt 0.928425 0.717815
vt 0.934687 0.913509
vt 0.931084 0.940419
vt 0.932574 0.884798
vt 0.932966 0.745844
vt 0.925223 0.773549
vt 0.925734 0.867719
vt 0.909581 0.936233
vt 0.884137 0.935979
vt 0.951124 0.996764
vt 0.948397 0.997518
vt 0.949353 0.994273
vt 0.993364 0.276684
vt 0.990948 0.278767
vt 0.990948 0.275030
vt 0.952982 0.993844
vt 0.954268 0.996825
vt 0.988118 0.280410
vt 0.985429 0.279438
vt 0.987864 0.277221
vt 0.993503 0.273704
vt 0.499882 0.874633
vt 0.500309 0.878841
vt 0.497802 0.876717
vt 0.954610 0.990890
vt 0.951402 0.990820
vt 0.953761 0.988479
vt 0.499458 0.890229
vt 0.499209 0.886771
vt 0.501485 0.887768
vt 0.499792 0.897724
vt 0.499209 0.894378
vt 0.501680 0.896874
vt 0.500076 0.882616
vt 0.498100 0.884567
vt 0.497916 0.881409
vt 0.497802 0.872283
vt 0.956799 0.990056
vt 0.501485 0.892469
vt 0.988118 0.274053
vt 0.987009 0.272572
vt 0.990419 0.272157
vt 0.917911 0.990164
vt 0.917335 0.992835
vt 0.915306 0.989387
vt 0.960007 0.994810
vt 0.958389 0.991544
vt 0.961607 0.992060
vt 0.965518 0.995763
vt 0.962956 0.995833
vt 0.964847 0.992620
vt 0.499981 0.868751
vt 0.500274 0.864538
vt 0.501997 0.867581
vt 0.915623 0.995388
vt 0.912452 0.995522
vt 0.913961 0.992458
vt 0.910423 0.992074
vt 0.912171 0.989523
vt 0.909603 0.994735
vt 0.909581 0.988766
vt 0.501997 0.862880
vt 0.499981 0.860753
vt 0.963224 0.989344
vt 0.960280 0.988331
vt 0.957748 0.988466
vt 0.914893 0.997793
vt 0.911355 0.997409
vt 0.497998 0.871148
vt 0.500591 0.871666
vt 0.497802 0.866742
vt 0.497802 0.862041
vt 0.963810 0.998208
vt 0.960571 0.997648
vt 0.957748 0.994997
vt 0.559758 0.931341
vt 0.559651 0.935775
vt 0.557303 0.933851
vt 0.557604 0.938011
vt 0.559651 0.940468
vt 0.557303 0.941445
vt 0.559758 0.943629
vt 0.917911 0.996133
vt 0.497998 0.858841
vt 0.501680 0.884567
vt 0.956317 0.993372
vt 0.950132 0.988908
vt 0.500309 0.871666
vt 0.985429 0.275701
vt 0.497802 0.890856
vt 0.956799 0.995961
vt 0.948436 0.991619
vt 0.501859 0.875719
vt 0.990419 0.281940
vt 0.993503 0.279750
vt 0.401550 0.986991
vt 0.397174 0.989151
vt 0.398785 0.983058
vt 0.711929 0.987203
vt 0.710047 0.992371
vt 0.707632 0.986628
vt 0.404500 0.981331
vt 0.406421 0.986356
vt 0.707237 0.996974
vt 0.702906 0.997391
vt 0.704874 0.992371
vt 0.710126 0.982355
vt 0.269326 0.973783
vt 0.269906 0.981207
vt 0.265514 0.977373
vt 0.406978 0.975815
vt 0.401976 0.976490
vt 0.405527 0.971954
vt 0.991569 0.009936
vt 0.991107 0.003855
vt 0.995196 0.005622
vt 0.992120 0.023132
vt 0.991107 0.017233
vt 0.995520 0.021647
vt 0.269326 0.987838
vt 0.265709 0.991192
vt 0.265514 0.985634
vt 0.265709 0.969563
vt 0.410246 0.973992
vt 0.995196 0.013891
vt 0.703129 0.987203
vt 0.700539 0.985457
vt 0.704953 0.982355
vt 0.423247 0.976519
vt 0.422438 0.981198
vt 0.419269 0.974645
vt 0.486406 0.985851
vt 0.482831 0.980905
vt 0.487935 0.980581
vt 0.494732 0.985851
vt 0.491128 0.986627
vt 0.492829 0.980581
vt 0.990235 0.080991
vt 0.990767 0.073583
vt 0.993818 0.078956
vt 0.419784 0.985261
vt 0.414826 0.984673
vt 0.417234 0.979784
vt 0.411657 0.978120
vt 0.414392 0.974112
vt 0.410296 0.982431
vt 0.410246 0.971954
vt 0.993818 0.070688
vt 0.990235 0.066924
vt 0.489300 0.975565
vt 0.484533 0.974859
vt 0.991039 0.559054
vt 0.991577 0.566379
vt 0.988445 0.565225
vt 0.418542 0.989110
vt 0.987202 0.089475
vt 0.986678 0.085193
vt 0.991291 0.086132
vt 0.986354 0.077437
vt 0.986354 0.069169
vt 0.492892 0.990688
vt 0.487998 0.990688
vt 0.995431 0.554627
vt 0.991907 0.553093
vt 0.995237 0.562436
vt 0.995237 0.570698
vt 0.991039 0.572422
vt 0.995431 0.576256
vt 0.423247 0.986962
vt 0.986678 0.063546
vt 0.995520 -0.000000
vt 0.409612 0.979787
vt 0.482870 0.987151
vt 0.399812 0.973681
vt 0.270221 0.968570
vt 0.700491 0.991648
vt 0.988579 0.011031
vt 0.410246 0.984364
vt 0.397255 0.978754
vt 0.272815 0.975766
vt 0.272815 0.984028
vt 0.786165 0.987929
vt 0.782723 0.991647
vt 0.782556 0.986018
vt 0.010897 0.989740
vt 0.009133 0.994336
vt 0.007559 0.989269
vt 0.786722 0.982203
vt 0.789463 0.985475
vt 0.005920 0.998360
vt 0.001573 0.998671
vt 0.004634 0.994336
vt 0.009232 0.985406
vt 0.898931 0.592811
vt 0.899576 0.598191
vt 0.895515 0.594821
vt 0.786165 0.976990
vt 0.782556 0.979588
vt 0.782724 0.974814
vt 0.497843 0.984357
vt 0.497248 0.978944
vt 0.501319 0.981226
vt 0.003243 0.989740
vt -0.000000 0.993604
vt 0.000061 0.988085
vt 0.898931 0.603794
vt 0.895416 0.606840
vt 0.895515 0.601277
vt 0.895416 0.589939
vt 0.786992 0.974478
vt 0.501319 0.987636
vt 0.004733 0.985406
vt 0.995925 0.178267
vt 0.995258 0.183676
vt 0.992687 0.178576
vt 0.994403 0.485875
vt 0.994741 0.491480
vt 0.990549 0.488905
vt 0.988525 0.482234
vt 0.991286 0.483003
vt 0.987094 0.486765
vt 0.045295 0.987111
vt 0.044880 0.981648
vt 0.048711 0.984520
vt 0.052395 0.993502
vt 0.048711 0.990916
vt 0.052885 0.988276
vt 0.052395 0.982620
vt 0.049053 0.979008
vt 0.994315 0.139789
vt 0.993714 0.134195
vt 0.996876 0.136128
vt 0.987271 0.492276
vt 0.990549 0.495243
vt 0.994403 0.496657
vt 0.055805 0.985086
vt 0.055805 0.991481
vt 0.049053 0.995753
vt 0.044880 0.991997
vt 0.990216 0.143089
vt 0.993714 0.145101
vt 0.990216 0.136679
vt 0.990244 0.131097
vt 0.994360 0.130756
vt 0.992478 0.479790
vt 0.995933 0.481930
vt 0.998068 0.487169
vt 0.998068 0.493507
vt 0.999418 0.175027
vt 0.995258 0.173230
vt 0.999418 0.181483
vt 0.999320 0.187046
vt 0.995757 0.187732
vt 0.990244 0.147878
vt 0.501347 0.992425
vt 0.497248 0.989315
vt 0.501347 0.975643
vt 0.497891 0.974859
vt 0.778558 0.978628
vt 0.779078 0.983480
vt 0.053437 0.996102
vt 0.494732 0.983943
vt 0.789463 0.979045
vt 0.778558 0.989031
vt 0.901988 0.601847
vt 0.955497 0.766114
vt 0.953089 0.768306
vt 0.953089 0.764097
vt 0.950636 0.770363
vt 0.953032 0.772342
vt 0.955889 0.763034
vt 0.037798 0.991897
vt 0.038894 0.987929
vt 0.040076 0.991442
vt 0.038894 0.995545
vt 0.950139 0.773125
vt 0.950636 0.763202
vt 0.950232 0.766594
vt 0.948409 0.765364
vt 0.937967 0.865484
vt 0.938089 0.862242
vt 0.940528 0.864545
vt 0.042808 0.991066
vt 0.041839 0.987440
vt 0.044692 0.988582
vt 0.040798 0.998047
vt 0.041839 0.995057
vt 0.043510 0.997393
vt 0.948409 0.769573
vt 0.691210 0.314589
vt 0.689734 0.316074
vt 0.689734 0.311770
vt 0.939284 0.867506
vt 0.044692 0.993289
vt 0.732233 0.314142
vt 0.730334 0.316137
vt 0.730334 0.312213
vt 0.997595 0.194803
vt 0.996654 0.198415
vt 0.994889 0.194412
vt 0.995690 0.187732
vt 0.996654 0.190786
vt 0.993769 0.190256
vt 0.958183 0.767422
vt 0.960488 0.765363
vt 0.960674 0.769395
vt 0.958183 0.774559
vt 0.957831 0.771196
vt 0.960674 0.773590
vt 0.931724 0.102087
vt 0.931594 0.105308
vt 0.929405 0.103855
vt 0.963331 0.774545
vt 0.963019 0.771495
vt 0.929405 0.107779
vt 0.931724 0.108762
vt 0.963331 0.767757
vt 0.962703 0.764636
vt 0.992687 0.193901
vt 0.993769 0.197885
vt 0.995690 0.200712
vt 0.934116 0.103134
vt 0.934116 0.107058
vt 0.955889 0.772472
vt 0.955889 0.768277
vt 0.957531 0.764672
vt 0.960188 0.763034
vt 0.998391 0.188391
vt 0.999510 0.192548
vt 0.999510 0.197263
vt 0.998391 0.200736
vt 0.933486 0.110610
vt 0.043510 0.985068
vt 0.040798 0.985089
vt 0.691211 0.315556
vt 0.691211 0.311770
vt 0.692799 0.313972
vt 0.940528 0.860759
vt 0.937967 0.859042
vt 0.735649 0.311166
vt 0.737385 0.313487
vt 0.735649 0.315881
vt 0.933486 0.100338
vt 0.952938 0.774664
vt 0.732226 0.311166
vt 0.935337 0.863779
vt 0.935337 0.859992
vt 0.955889 0.769844
vt 0.955399 0.772981
vt 0.433518 0.975549
vt 0.431202 0.980489
vt 0.428986 0.973807
vt 0.428633 0.985410
vt 0.433095 0.987147
vt 0.990167 0.791093
vt 0.994159 0.792327
vt 0.989787 0.796632
vt 0.789774 0.983027
vt 0.791589 0.975957
vt 0.793378 0.981864
vt 0.791589 0.989307
vt 0.429178 0.990374
vt 0.272072 0.817308
vt 0.272422 0.824724
vt 0.269671 0.820390
vt 0.990592 0.802301
vt 0.994408 0.798915
vt 0.994408 0.804797
vt 0.797936 0.980945
vt 0.796387 0.974733
vt 0.801254 0.976545
vt 0.794892 0.993607
vt 0.796387 0.988083
vt 0.799465 0.992239
vt 0.424864 0.985711
vt 0.268791 0.812737
vt 0.989787 0.806150
vt 0.801254 0.984796
vt 0.728046 0.311166
vt 0.727876 0.315821
vt 0.723528 0.311166
vt 0.809268 0.983423
vt 0.807761 0.989620
vt 0.804741 0.982494
vt 0.806393 0.970637
vt 0.807761 0.976250
vt 0.803051 0.974978
vt 0.096754 0.979154
vt 0.100307 0.975955
vt 0.100833 0.982848
vt 0.096754 0.991085
vt 0.096280 0.985463
vt 0.100833 0.989861
vt 0.972147 0.684958
vt 0.971980 0.690050
vt 0.967939 0.688311
vt 0.104860 0.991699
vt 0.104501 0.986636
vt 0.967939 0.694681
vt 0.972147 0.695795
vt 0.104860 0.980352
vt 0.103605 0.974908
vt 0.801254 0.981260
vt 0.803051 0.988349
vt 0.806393 0.993385
vt 0.976449 0.686255
vt 0.976449 0.692625
vt 0.975171 0.698848
vt 0.969911 0.700118
vt 0.967779 0.708752
vt 0.967779 0.700501
vt 0.970858 0.704656
vt 0.092939 0.980186
vt 0.095428 0.974309
vt 0.099455 0.971813
vt 0.810959 0.972003
vt 0.812649 0.979518
vt 0.812649 0.987782
vt 0.810959 0.993637
vt 0.799465 0.970638
vt 0.794892 0.970895
vt 0.967278 0.637159
vt 0.967278 0.631024
vt 0.969953 0.634710
vt 0.998781 0.800493
vt 0.998030 0.794977
vt 0.268791 0.828607
vt 0.426115 0.979602
vt 0.975171 0.682171
vt 0.433942 0.991236
vt 0.436739 0.986876
vt 0.435966 0.981351
vt 0.424864 0.974040
vt 0.017106 0.985795
vt 0.015116 0.989927
vt 0.013007 0.985406
vt 0.013516 0.994542
vt 0.017724 0.995067
vt 0.664775 0.985782
vt 0.667908 0.986621
vt 0.664869 0.991366
vt 0.200144 0.984389
vt 0.201872 0.978989
vt 0.203857 0.984287
vt 0.201872 0.989315
vt 0.015117 0.998863
vt 0.671846 0.988192
vt 0.671976 0.982813
vt 0.675608 0.986621
vt 0.666676 0.996264
vt 0.669025 0.992782
vt 0.670745 0.997527
vt 0.208142 0.983621
vt 0.206573 0.978537
vt 0.210967 0.979561
vt 0.932853 0.129228
vt 0.933346 0.134894
vt 0.929844 0.131644
vt 0.010897 0.996069
vt 0.673784 0.992782
vt 0.728046 0.313961
vt 0.730334 0.311166
vt 0.730334 0.315859
vt 0.210967 0.985942
vt 0.929405 0.126181
vt 0.386074 0.980403
vt 0.390769 0.977839
vt 0.388695 0.983841
vt 0.382301 0.988772
vt 0.383462 0.985216
vt 0.386478 0.988761
vt 0.569688 0.989782
vt 0.573931 0.989339
vt 0.571225 0.994368
vt 0.992920 0.622011
vt 0.991107 0.627186
vt 0.989110 0.621623
vt 0.992920 0.612686
vt 0.992671 0.616560
vt 0.989110 0.616143
vt 0.393785 0.981384
vt 0.394713 0.984785
vt 0.391205 0.986433
vt 0.568912 0.998610
vt 0.573069 0.998338
vt 0.566925 0.993581
vt 0.575918 0.994368
vt 0.577672 0.989782
vt 0.394733 0.976222
vt 0.996869 0.613513
vt 0.996869 0.618994
vt 0.995902 0.625560
vt 0.994339 0.630705
vt 0.566972 0.988066
vt 0.571302 0.985444
vt 0.575995 0.985444
vt 0.162706 0.942950
vt 0.165365 0.940214
vt 0.165026 0.945728
vt 0.161862 0.936580
vt 0.382301 0.980064
vt 0.386817 0.975505
vt 0.391907 0.973047
vt 0.929405 0.138267
vt 0.206573 0.988863
vt 0.208982 0.974263
vt 0.204764 0.974607
vt 0.161862 0.948521
vt 0.675520 0.981397
vt 0.010897 0.990547
vt 0.395627 0.973631
vt 0.019834 0.998861
vt 0.021543 0.994539
vt 0.204764 0.992175
vt 0.019834 0.989926
vt 0.667820 0.981397
vt 0.140114 0.897799
vt 0.156014 0.899608
vt 0.156026 0.932668
vt 0.147823 0.941630
vt 0.140114 0.941467
vt 0.318620 0.898373
vt 0.322712 0.896646
vt 0.327533 0.947417
vt 0.321358 0.949576
vt 0.400759 0.896438
vt 0.422630 0.893867
vt 0.421374 0.913309
vt 0.411130 0.944450
vt 0.406424 0.945102
vt 0.397174 0.941024
vt 0.398913 0.926856
vt 0.402344 0.925655
vt 0.398919 0.925263
vt 0.161454 0.946571
vt 0.307064 0.898118
vt 0.316273 0.949783
vt 0.307064 0.938044
vt 0.780933 0.947958
vt 0.768248 0.952159
vt 0.769439 0.944434
vt 0.783960 0.972992
vt 0.770661 0.974478
vt 0.768248 0.970790
vt 0.769861 0.960884
vt 0.785672 0.948523
vt 0.789524 0.958687
vt 0.789774 0.968550
vt 0.422630 0.946488
vt 0.980796 0.629558
vt 0.989110 0.580758
vt 0.989110 0.631023
vt 0.332878 0.895737
vt 0.337143 0.893867
vt 0.336661 0.923080
vt 0.335111 0.924708
vt 0.336552 0.924679
vt 0.337134 0.939103
vt 0.335776 0.946117
vt 0.967280 0.394943
vt 0.967280 0.431786
vt 0.952141 0.408871
vt 0.948750 0.392772
vt 0.165234 0.970627
vt 0.161869 0.990704
vt 0.158248 0.991830
vt 0.156559 0.991798
vt 0.154901 0.970627
vt 0.445282 0.973807
vt 0.445282 0.991063
vt 0.439095 0.983546
vt 0.437842 0.976879
vt 0.955736 0.762590
vt 0.955353 0.749838
vt 0.965535 0.750190
vt 0.966682 0.760601
vt 0.997846 0.581323
vt 0.997846 0.597268
vt 0.991423 0.597146
vt 0.989110 0.580758
vt 0.843513 0.974825
vt 0.843193 0.982754
vt 0.836376 0.995197
vt 0.835924 0.974825
vt 0.948485 0.734381
vt 0.949479 0.733196
vt 0.967767 0.739854
vt 0.950368 0.746276
vt 0.953014 0.741580
vt 0.717321 0.959194
vt 0.717321 0.976511
vt 0.700491 0.982354
vt 0.701045 0.962565
vt 0.949824 0.730177
vt 0.970897 0.730177
vt 0.973705 0.924295
vt 0.954957 0.925536
vt 0.955732 0.913152
vt 0.954957 0.901900
vt 0.974603 0.900408
vt 0.436739 0.993697
vt 0.842353 0.995989
vt 0.948750 0.431786
vt 0.959843 0.432400
vt 0.954615 0.471575
vt 0.949658 0.471391
vt 0.813963 0.300019
vt 0.804969 0.312208
vt 0.800483 0.311548
vt 0.800690 0.308067
vt 0.796849 0.306907
vt 0.796849 0.297074
vt 0.799081 0.295480
vt 0.810701 0.294740
vt 0.962752 0.471892
vt 0.960487 0.460744
vt 0.966680 0.431786
vt 0.965600 0.471056
vt 0.974075 0.318046
vt 0.975586 0.323459
vt 0.972819 0.322799
vt 0.965101 0.200468
vt 0.969524 0.200037
vt 0.969524 0.230594
vt 0.965008 0.233095
vt 0.965765 0.220811
vt 0.024165 0.954861
vt 0.037798 0.957594
vt 0.028566 0.966344
vt 0.027356 0.966217
vt 0.024494 0.963828
vt 0.960305 0.202062
vt 0.962013 0.235028
vt 0.965608 0.485519
vt 0.980302 0.485519
vt 0.977392 0.522051
vt 0.973379 0.523200
vt 0.966884 0.522708
vt 0.950531 0.197582
vt 0.958565 0.233746
vt 0.954436 0.231584
vt 0.957417 0.471986
vt 0.964335 0.322376
vt 0.964335 0.284369
vt 0.974593 0.296580
vt 0.268861 0.471707
vt 0.272520 0.453260
vt 0.272562 0.471707
vt 0.816475 0.303438
vt 0.814561 0.307301
vt 0.814402 0.310016
vt 0.811816 0.313942
vt 0.808579 0.315074
vt 0.971683 0.148773
vt 0.974464 0.145656
vt 0.973614 0.149114
vt 0.945952 0.608771
vt 0.945267 0.605039
vt 0.947612 0.608558
vt 0.945267 0.612968
vt 0.974464 0.153334
vt 0.037798 0.989585
vt 0.026882 0.985557
vt 0.025832 0.980422
vt 0.978342 0.298328
vt 0.976790 0.295215
vt 0.977837 0.283455
vt 0.118930 0.897799
vt 0.134783 0.899550
vt 0.134838 0.935461
vt 0.126642 0.945075
vt 0.118930 0.944804
vt 0.175516 0.888589
vt 0.181897 0.889243
vt 0.186442 0.939793
vt 0.177499 0.939072
vt 0.370114 0.893867
vt 0.395660 0.896302
vt 0.397174 0.909485
vt 0.389518 0.929185
vt 0.383803 0.928855
vt 0.372800 0.923936
vt 0.372210 0.914738
vt 0.376606 0.914293
vt 0.372193 0.913519
vt 0.140114 0.949321
vt 0.165365 0.889781
vt 0.172543 0.939407
vt 0.165365 0.929754
vt 0.369300 0.932470
vt 0.390876 0.948495
vt 0.375267 0.949987
vt 0.371885 0.947141
vt 0.372429 0.939301
vt 0.395498 0.937104
vt 0.397174 0.944857
vt 0.056991 0.948892
vt 0.044880 0.948986
vt 0.048869 0.919974
vt 0.066972 0.897799
vt 0.066972 0.947945
vt 0.192564 0.888865
vt 0.199323 0.889588
vt 0.199408 0.919423
vt 0.195919 0.919039
vt 0.199238 0.920961
vt 0.200144 0.935741
vt 0.195956 0.939821
vt 0.047995 0.900000
vt 0.835550 0.973820
vt 0.833403 0.993623
vt 0.830470 0.993744
vt 0.828792 0.993777
vt 0.825501 0.973820
vt 0.962814 0.235028
vt 0.967745 0.249119
vt 0.957835 0.243638
vt 0.955241 0.239095
vt 0.815802 0.944434
vt 0.836288 0.946293
vt 0.834072 0.953412
vt 0.814450 0.953749
vt 0.990125 0.881851
vt 0.990125 0.867930
vt 0.996542 0.867719
vt 0.998940 0.882135
vt 0.272834 0.599312
vt 0.272100 0.607486
vt 0.266935 0.617450
vt 0.266935 0.597135
vt 0.969111 0.249730
vt 0.962531 0.264775
vt 0.950531 0.265119
vt 0.950531 0.257058
vt 0.954422 0.252452
vt 0.959759 0.253899
vt 0.751480 0.959194
vt 0.751480 0.977690
vt 0.734515 0.981944
vt 0.735107 0.961348
vt 0.972767 0.249095
vt 0.973354 0.266087
vt 0.834733 0.963835
vt 0.836288 0.973820
vt 0.817029 0.973365
vt 0.272416 0.618949
vt 0.066972 0.899815
vt 0.076364 0.898109
vt 0.075503 0.940497
vt 0.071251 0.941287
vt 0.518907 0.961754
vt 0.504278 0.955464
vt 0.504924 0.951668
vt 0.509090 0.951434
vt 0.511776 0.946494
vt 0.522405 0.946625
vt 0.524274 0.948410
vt 0.524702 0.958900
vt 0.082290 0.939007
vt 0.078865 0.927182
vt 0.083702 0.897799
vt 0.085679 0.938686
vt 0.535272 0.956786
vt 0.537315 0.961995
vt 0.534422 0.961722
vt 0.501997 0.922715
vt 0.505710 0.920508
vt 0.504712 0.937195
vt 0.534931 0.923218
vt 0.546912 0.920846
vt 0.538946 0.936117
vt 0.537705 0.936640
vt 0.535148 0.934813
vt 0.271617 0.571612
vt 0.266935 0.573515
vt 0.266935 0.555176
vt 0.271271 0.542668
vt 0.894557 0.936233
vt 0.909239 0.936233
vt 0.906543 0.975121
vt 0.902540 0.976346
vt 0.896080 0.976017
vt 0.092939 0.899368
vt 0.090951 0.941287
vt 0.087696 0.941090
vt 0.077487 0.939887
vt 0.519244 0.929640
vt 0.522344 0.944065
vt 0.515743 0.963277
vt 0.511153 0.962041
vt 0.507985 0.962133
vt 0.503351 0.960287
vt 0.501997 0.957618
vt 0.372963 0.915244
vt 0.972579 0.327148
vt 0.971797 0.323459
vt 0.974328 0.326901
vt 0.971797 0.331381
vt 0.370088 0.917539
vt 0.546912 0.962485
vt 0.689734 0.315612
vt 0.687539 0.312250
vt 0.689734 0.311770
vt 0.533588 0.935600
vt 0.524702 0.920508
vt 0.512904 0.744490
vt 0.501997 0.685732
vt 0.514971 0.688712
vt 0.523846 0.738780
vt 0.241513 0.718762
vt 0.257835 0.660767
vt 0.266935 0.659013
vt 0.256408 0.706317
vt 0.224569 0.736633
vt 0.206218 0.779075
vt 0.081478 0.108327
vt 0.838351 0.141859
vt 0.459403 0.941420
vt 0.000000 0.170287
vt 0.039293 0.134347
vt 0.254864 0.603309
vt 0.241513 0.564095
vt 0.244380 0.542668
vt 0.263883 0.600037
vt 0.529526 0.773129
vt 0.541265 0.770036
vt 0.985429 0.248570
vt 0.985420 0.275970
vt 0.973354 0.275456
vt 0.973354 0.235028
vt 0.201317 0.021974
vt 0.160935 0.042023
vt 0.988579 -0.000000
vt 0.988579 0.048178
vt 0.980820 0.053052
vt 0.980315 0.006749
vt 0.801401 0.316212
vt 0.845672 0.319514
vt 0.990642 0.284496
vt 0.990648 0.307760
vt 0.978342 0.319475
vt 0.978342 0.283455
vt 0.615139 0.890945
vt 0.962020 0.038816
vt 0.962020 0.000000
vt 0.971906 0.002395
vt 0.971814 0.060496
vt 0.951059 0.063546
vt 0.951059 0.000000
vt 0.962020 0.002583
vt 0.961102 0.061700
vt 0.323265 0.024630
vt 0.636520 0.931777
vt 0.688102 0.946911
vt 0.687730 0.957511
vt 0.893905 0.231316
vt 0.905579 0.279246
vt 0.899780 0.287575
vt 0.884755 0.230255
vt 0.377286 0.631659
vt 0.386072 0.640203
vt 0.272842 0.321790
vt 0.871767 0.373800
vt 0.873490 0.494405
vt 0.874918 0.440272
vt 0.885886 0.437875
vt 0.884159 0.494181
vt 0.219022 0.393829
vt 0.277072 0.055214
vt 0.274762 0.044194
vt 0.450550 0.802491
vt 0.497517 0.826633
vt 0.853177 0.543094
vt 0.862639 0.545763
vt 0.059259 0.408499
vt 0.061135 0.395086
vt 0.501997 0.824216
vt 0.514173 0.823878
vt 0.011961 0.444519
vt 0.011222 0.431034
vt 0.822508 0.036653
vt 0.905579 0.157801
vt 0.889978 0.171894
vt 0.222130 0.830596
vt 0.213256 0.884424
vt 0.224569 0.881685
vt 0.768248 0.944647
vt 0.751256 0.959194
vt 0.526029 0.644663
vt 0.536161 0.651272
vt 0.633588 0.339347
vt 0.801401 0.589939
vt 0.823882 0.586494
vt 0.005158 0.233887
vt 0.762067 0.312737
vt 0.762067 0.254210
vt 0.776308 0.266248
vt 0.773286 0.310407
vt 0.975789 0.399293
vt 0.976296 0.433269
vt 0.967280 0.453205
vt 0.967280 0.392772
vt 0.187751 0.694215
vt 0.168130 0.698165
vt 0.124924 0.667592
vt 0.776943 0.274087
vt 0.829168 0.243122
vt 0.786038 0.281762
vt 0.837169 0.198333
s 0
usemtl VENUS_TEXT
f 1/1/1 15/2/1 14/3/1
f 2163/4/2 2258/5/2 23/6/2
f 1/1/3 2181/7/3 2252/8/3
f 1/1/4 2252/8/4 2177/9/4
f 2/10/5 2162/11/5 43/12/5
f 3/13/6 20/14/6 2233/15/6
f 2167/16/7 2166/17/7 2170/18/7
f 5/19/8 2239/20/8 2237/21/8
f 6/22/9 2236/23/9 2218/24/9
f 2/10/10 43/12/10 2184/25/10
f 3/13/11 2233/15/11 2232/26/11
f 4/27/12 54/28/12 2226/29/12
f 5/19/13 2237/21/13 66/30/13
f 6/22/14 2218/24/14 2217/31/14
f 7/32/15 71/33/15 2194/34/15
f 2172/35/16 2202/36/16 94/37/16
f 10/38/17 2197/39/17 2196/40/17
f 96/41/18 97/42/18 95/43/18
f 95/43/19 97/42/19 2195/44/19
f 97/42/20 2171/45/20 2195/44/20
f 92/46/21 76/47/21 198/48/21 167/49/21
f 65/50/22 40/51/22 180/52/22 193/53/22
f 12/54/23 2255/55/23 237/56/23 168/57/23
f 97/42/24 79/58/24 2171/45/24
f 79/58/25 9/59/25 2171/45/25
f 77/60/26 78/61/26 200/62/26 199/63/26
f 125/64/27 2235/65/27 227/66/27 225/67/27
f 94/37/28 2200/68/28 93/69/28
f 2187/70/29 2170/71/29 189/72/29 188/73/29
f 98/74/30 2201/75/30 90/76/30
f 2195/77/31 99/78/31 98/74/31
f 99/78/32 2198/79/32 98/74/32
f 98/74/33 2198/79/33 2201/75/33
f 100/80/34 2199/81/34 91/82/34
f 94/37/35 2202/36/35 2200/68/35
f 78/83/36 77/84/36 99/85/36
f 99/78/37 77/86/37 2198/79/37
f 77/87/38 76/88/38 2198/89/38
f 2198/79/39 76/90/39 92/91/39
f 76/92/40 77/60/40 199/63/40 198/93/40
f 90/76/41 2206/94/41 11/95/41
f 2201/75/42 101/96/42 90/76/42
f 2199/81/43 102/97/43 91/82/43
f 90/76/44 101/96/44 2206/94/44
f 2203/98/45 2207/99/45 87/100/45
f 91/82/46 102/97/46 2203/98/46
f 102/97/47 103/101/47 2203/98/47
f 2203/98/48 103/101/48 2207/99/48
f 2205/102/49 89/103/49 88/104/49
f 105/105/50 89/103/50 166/106/50 214/107/50
f 2235/108/51 124/109/51 226/110/51 227/111/51
f 2204/112/52 75/113/52 2205/102/52
f 75/113/53 2191/114/53 2205/102/53
f 2205/102/54 2191/114/54 89/103/54
f 2191/114/55 2185/115/55 89/103/55
f 2206/94/56 2192/116/56 11/95/56
f 2207/99/57 2208/117/57 87/100/57
f 89/103/58 105/105/58 88/104/58
f 87/100/59 2208/117/59 81/118/59
f 2208/117/60 82/119/60 81/118/60
f 88/104/61 105/105/61 104/120/61
f 105/105/62 106/121/62 104/120/62
f 2208/117/63 2209/122/63 82/119/63
f 2209/122/64 83/123/64 82/119/64
f 2186/124/65 2187/70/65 188/73/65 187/125/65
f 97/126/66 96/127/66 210/128/66 211/129/66
f 105/105/67 73/130/67 106/121/67
f 2210/131/68 72/132/68 2209/122/68
f 2209/122/69 72/132/69 83/123/69
f 2211/133/70 7/32/70 2194/34/70
f 2192/116/71 86/134/71 11/95/71
f 2193/135/72 2213/136/72 2192/116/72
f 2194/137/73 2214/138/73 2193/135/73
f 2192/116/74 2213/136/74 86/134/74
f 71/139/75 7/140/75 156/141/75 161/142/75
f 2193/135/76 2214/138/76 2213/136/76
f 108/143/77 109/144/77 107/145/77
f 2213/146/78 2212/147/78 85/148/78
f 2212/149/79 84/150/79 85/151/79
f 2194/34/80 71/33/80 2214/152/80
f 71/33/81 2190/153/81 2214/152/81
f 108/143/82 70/154/82 109/144/82
f 70/154/83 69/155/83 109/144/83
f 109/144/84 69/155/84 2196/156/84
f 69/155/85 10/157/85 2196/156/85
f 46/158/86 2197/39/86 10/38/86
f 45/159/87 110/160/87 46/158/87
f 44/161/88 111/162/88 2215/163/88
f 46/158/89 110/160/89 2197/39/89
f 124/164/90 64/165/90 192/166/90 226/167/90
f 2215/163/91 111/162/91 2216/168/91
f 111/162/92 112/169/92 2216/168/92
f 2185/170/93 2186/124/93 187/125/93 158/171/93
f 47/172/94 2243/173/94 233/174/94 184/175/94
f 44/161/95 65/176/95 111/162/95
f 65/176/96 64/177/96 111/162/96
f 111/162/97 64/177/97 112/169/97
f 64/177/98 2188/178/98 112/169/98
f 112/169/99 2188/178/99 79/58/99
f 2188/178/100 9/59/100 79/58/100
f 2219/179/101 2202/36/101 2172/35/101
f 67/180/102 2220/181/102 2219/179/102
f 66/30/103 2222/182/103 2221/183/103
f 68/184/104 113/185/104 78/83/104
f 51/186/105 2184/187/105 185/188/105 186/189/105
f 67/190/106 114/191/106 2220/192/106
f 114/191/107 2223/193/107 2220/192/107
f 2177/194/108 2178/195/108 175/196/108 174/197/108
f 20/14/109 12/54/109 168/57/109 173/198/109
f 66/30/110 2237/21/110 2222/182/110
f 2237/21/111 2224/199/111 2222/182/111
f 114/191/112 59/200/112 2223/193/112
f 2224/199/113 58/201/113 115/202/113
f 95/43/114 2195/44/114 208/203/114 209/204/114
f 86/134/115 2213/136/115 215/205/115 164/206/115
f 66/207/116 125/208/116 225/209/116 194/210/116
f 128/211/117 62/212/117 191/213/117 229/214/117
f 61/215/118 2227/216/118 62/217/118
f 2243/218/119 51/219/119 186/220/119 233/221/119
f 98/222/120 90/223/120 206/224/120 212/225/120
f 62/217/121 2227/216/121 116/226/121
f 2227/216/122 2225/227/122 116/226/122
f 116/226/123 2225/227/123 75/228/123
f 2225/229/124 2191/114/124 75/113/124
f 2226/29/125 54/28/125 117/230/125
f 54/231/126 53/232/126 117/233/126
f 117/234/127 53/235/127 118/236/127
f 53/237/128 52/238/128 118/239/128
f 118/239/129 52/238/129 74/240/129
f 52/238/130 8/241/130 74/240/130
f 7/140/131 47/242/131 184/243/131 156/141/131
f 56/244/132 2228/245/132 57/246/132
f 55/247/133 2231/248/133 2229/249/133
f 126/250/134 128/251/134 229/252/134 228/253/134
f 16/254/135 149/255/135 239/256/135 170/257/135
f 2229/249/136 2231/248/136 119/258/136
f 2231/248/137 121/259/137 119/258/137
f 119/258/138 121/259/138 2210/260/138
f 121/259/139 72/261/139 2210/260/139
f 55/247/140 49/262/140 2231/248/140
f 49/262/141 48/263/141 2231/248/141
f 120/264/142 2234/265/142 2230/266/142
f 2234/265/143 47/267/143 2230/266/143
f 2230/266/144 47/267/144 2211/268/144
f 47/269/145 7/32/145 2211/133/145
f 2190/270/146 71/139/146 161/142/146 195/271/146
f 140/272/147 33/273/147 177/274/147 235/275/147
f 75/113/148 2204/112/148 213/276/148 197/277/148
f 62/212/149 116/278/149 220/279/149 191/213/149
f 2174/280/150 20/281/150 173/282/150 172/283/150
f 2255/284/151 145/285/151 236/286/151 237/287/151
f 2257/288/152 17/289/152 171/290/152 240/291/152
f 116/278/153 75/292/153 197/293/153 220/279/153
f 122/294/154 2189/295/154 2190/153/154
f 2247/296/155 41/297/155 181/298/155 234/299/155
f 145/285/156 2181/300/156 154/301/156 236/286/156
f 2216/168/157 112/169/157 217/302/157 216/303/157
f 41/304/158 122/305/158 224/306/158 181/307/158
f 122/294/159 41/308/159 2189/295/159
f 41/308/160 2169/309/160 2189/295/160
f 63/310/161 2219/179/161 2172/35/161
f 64/177/162 2235/108/162 2188/178/162
f 2213/311/163 85/151/163 205/312/163 215/313/163
f 63/310/164 123/314/164 2219/179/164
f 123/314/165 67/180/165 2219/179/165
f 64/177/166 124/109/166 2235/108/166
f 43/315/167 42/316/167 182/317/167 183/318/167
f 2235/108/168 125/319/168 2221/320/168
f 125/319/169 66/321/169 2221/320/169
f 58/322/170 126/250/170 228/253/170 190/323/170
f 90/76/171 11/95/171 165/324/171 206/325/171
f 2195/326/172 98/222/172 212/225/172 208/327/172
f 5/19/173 66/30/173 194/328/173 176/329/173
f 115/330/174 58/331/174 190/332/174 219/333/174
f 57/334/175 2228/335/175 221/336/175 157/337/175
f 39/338/176 140/339/176 235/340/176 179/341/176
f 2224/199/177 126/342/177 58/201/177
f 2237/21/178 2238/343/178 2224/199/178
f 147/344/179 2257/288/179 240/291/179 238/345/179
f 64/346/180 65/50/180 193/53/180 192/347/180
f 2224/199/181 2238/343/181 126/342/181
f 2238/343/182 128/348/182 126/342/182
f 80/349/183 2216/350/183 216/351/183 203/352/183
f 128/348/184 61/215/184 62/217/184
f 60/353/185 38/354/185 127/355/185
f 38/354/186 37/356/186 127/355/186
f 2238/343/187 2240/357/187 128/348/187
f 2240/357/188 36/358/188 128/348/188
f 128/348/189 36/358/189 61/215/189
f 2241/359/190 4/27/190 2226/29/190
f 42/360/191 2247/361/191 234/362/191 182/363/191
f 40/364/192 39/365/192 179/366/192 180/367/192
f 17/289/193 151/368/193 243/369/193 171/290/193
f 14/370/194 13/371/194 169/372/194 152/373/194
f 129/374/195 56/244/195 57/246/195
f 2184/375/196 43/376/196 183/377/196 185/378/196
f 2242/379/197 129/380/197 230/381/197 232/382/197
f 129/374/198 2242/383/198 56/244/198
f 131/384/199 55/247/199 2229/249/199
f 2170/18/200 2166/17/200 130/385/200
f 2166/17/201 2183/386/201 130/385/201
f 130/385/202 2183/386/202 2242/383/202
f 2183/386/203 2182/387/203 2242/383/203
f 2242/383/204 2182/387/204 2232/26/204
f 2182/387/205 3/13/205 2232/26/205
f 2181/300/206 1/388/206 153/389/206 154/301/206
f 2234/390/207 2243/391/207 47/392/207
f 49/262/208 133/393/208 48/263/208
f 79/394/209 97/395/209 211/396/209 201/397/209
f 122/398/210 2190/399/210 195/400/210 224/401/210
f 48/402/211 133/403/211 132/404/211
f 133/403/212 134/405/212 132/404/212
f 2243/406/213 2244/407/213 51/408/213
f 2244/407/214 2184/409/214 51/408/214
f 2233/15/215 20/14/215 2245/410/215
f 20/14/216 2174/411/216 2245/410/216
f 133/403/217 19/412/217 134/405/217
f 19/412/218 2173/413/218 134/405/218
f 134/405/219 2173/413/219 50/414/219
f 2173/413/220 2163/415/220 50/414/220
f 41/308/221 2168/416/221 2169/309/221
f 73/417/222 105/418/222 214/419/222 196/420/222
f 43/12/223 2248/421/223 42/422/223
f 41/308/224 2247/423/224 2168/416/224
f 135/424/225 45/159/225 46/158/225
f 42/422/226 2248/421/226 2247/425/226
f 136/426/227 137/427/227 135/428/227
f 135/424/228 137/429/228 45/159/228
f 2246/430/229 44/161/229 2215/163/229
f 43/12/230 2162/11/230 2248/421/230
f 23/431/231 22/432/231 136/426/231
f 136/426/232 22/432/232 137/427/232
f 22/433/233 21/434/233 137/435/233
f 137/435/234 21/434/234 2217/31/234
f 21/434/235 6/22/235 2217/31/235
f 26/436/236 2236/23/236 6/22/236
f 25/437/237 138/438/237 26/439/237
f 24/440/238 139/441/238 25/437/238
f 26/439/239 138/438/239 2236/442/239
f 2250/443/240 39/444/240 40/445/240
f 25/437/241 139/441/241 138/438/241
f 2249/446/242 140/272/242 2250/447/242
f 2250/447/243 140/272/243 39/448/243
f 150/449/244 16/254/244 170/257/244 242/450/244
f 2177/9/245 2252/8/245 2249/446/245
f 2252/8/246 34/451/246 2249/446/246
f 2249/446/247 34/451/247 140/272/247
f 34/451/248 33/273/248 140/272/248
f 85/151/249 84/150/249 204/452/249 205/312/249
f 112/453/250 79/394/250 201/397/250 217/454/250
f 33/455/251 2239/20/251 5/19/251
f 34/456/252 141/457/252 33/455/252
f 2252/8/253 2253/458/253 34/451/253
f 33/455/254 141/457/254 2239/20/254
f 2254/459/255 37/356/255 38/354/255
f 34/451/256 2253/458/256 141/460/256
f 142/461/257 143/462/257 2254/459/257
f 2254/459/258 143/462/258 37/356/258
f 2251/463/259 36/358/259 2240/357/259
f 35/464/260 29/465/260 142/466/260
f 29/465/261 28/467/261 142/466/261
f 142/461/262 28/468/262 143/462/262
f 28/468/263 2179/469/263 143/462/263
f 143/462/264 2179/469/264 2241/359/264
f 2179/469/265 4/27/265 2241/359/265
f 2179/469/266 32/470/266 4/27/266
f 2180/471/267 144/472/267 27/473/267
f 2181/7/268 145/474/268 2180/471/268
f 2179/469/269 2256/475/269 32/470/269
f 2256/476/270 31/477/270 32/478/270
f 2180/471/271 145/474/271 144/472/271
f 145/474/272 2255/479/272 144/472/272
f 2256/476/273 146/480/273 31/477/273
f 146/480/274 30/481/274 31/477/274
f 2228/482/275 73/417/275 196/420/275 221/483/275
f 2204/112/276 92/91/276 167/484/276 213/276/276
f 129/380/277 57/485/277 157/486/277 230/381/277
f 113/487/278 115/330/278 219/333/278 218/488/278
f 2255/55/279 12/54/279 2182/387/279
f 12/54/280 3/13/280 2182/387/280
f 2175/489/281 2164/490/281 2165/491/281
f 2176/492/282 147/493/282 2175/494/282
f 23/495/283 148/496/283 22/497/283
f 2175/494/284 147/493/284 2164/498/284
f 147/493/285 2178/499/285 2164/498/285
f 2176/492/286 2257/500/286 147/493/286
f 149/501/287 2177/502/287 174/503/287 239/504/287
f 151/368/288 2174/280/288 172/283/288 243/369/288
f 84/150/289 80/349/289 203/352/289 204/452/289
f 23/495/290 2258/505/290 148/496/290
f 89/506/291 2185/170/291 158/171/291 166/507/291
f 130/508/292 2242/509/292 232/510/292 231/511/292
f 16/512/293 15/2/293 149/513/293
f 149/513/294 15/2/294 2177/9/294
f 15/2/295 1/1/295 2177/9/295
f 12/54/296 20/14/296 3/13/296
f 1/514/297 14/370/297 152/373/297 153/515/297
f 14/3/298 150/516/298 13/517/298
f 11/518/299 86/519/299 164/520/299 165/521/299
f 2178/522/300 147/523/300 238/524/300 175/525/300
f 2170/526/301 130/508/301 231/511/301 189/527/301
f 78/83/302 113/185/302 218/528/302 200/529/302
f 33/455/303 5/19/303 176/329/303 177/530/303
f 151/531/304 18/532/304 2174/533/304
f 14/3/305 15/2/305 150/516/305
f 15/2/306 16/512/306 150/516/306
f 13/534/307 150/449/307 242/450/307 169/535/307
f 96/536/308 95/537/308 209/538/308 210/539/308
f 151/531/309 17/540/309 18/532/309
f 2258/541/310 2163/542/310 2173/543/310
f 153/544/311 152/545/311 154/546/311
f 158/547/312 162/548/312 166/106/312
f 160/549/313 163/550/313 167/551/313
f 164/206/314 207/552/314 165/324/314
f 205/553/315 209/554/315 164/206/315
f 204/555/316 210/556/316 205/557/316
f 164/206/317 209/554/317 207/552/317
f 209/554/318 208/558/318 207/552/318
f 205/557/319 210/556/319 209/204/319
f 204/555/320 203/559/320 210/556/320
f 203/559/321 202/560/321 210/556/321
f 210/556/322 202/560/322 211/561/322
f 202/560/323 201/562/323 211/561/323
f 207/552/324 206/325/324 165/324/324
f 208/558/325 212/563/325 207/552/325
f 207/552/326 212/563/326 206/325/326
f 198/564/327 160/549/327 167/551/327
f 167/484/328 163/565/328 213/276/328
f 163/565/329 197/277/329 213/276/329
f 166/106/330 162/548/330 214/107/330
f 162/548/331 196/566/331 214/107/331
f 215/205/332 205/553/332 164/206/332
f 216/303/333 202/560/333 203/559/333
f 216/303/334 217/302/334 202/560/334
f 217/302/335 201/562/335 202/560/335
f 218/528/336 199/567/336 200/529/336
f 218/568/337 219/569/337 199/570/337
f 219/569/338 198/564/338 199/570/338
f 219/569/339 190/571/339 198/564/339
f 190/571/340 160/549/340 198/564/340
f 159/572/341 163/550/341 160/549/341
f 191/573/342 220/574/342 159/572/342
f 159/572/343 220/574/343 163/550/343
f 220/574/344 197/575/344 163/550/344
f 157/576/345 162/577/345 158/578/345
f 157/576/346 221/579/346 162/577/346
f 221/579/347 196/580/347 162/577/347
f 155/581/348 161/582/348 156/583/348
f 186/584/349 222/585/349 155/581/349
f 185/586/350 223/587/350 186/584/350
f 155/581/351 222/585/351 161/582/351
f 222/585/352 195/588/352 161/582/352
f 186/584/353 223/587/353 222/585/353
f 223/587/354 224/589/354 222/585/354
f 222/585/355 224/589/355 195/588/355
f 185/586/356 183/590/356 223/587/356
f 183/590/357 182/591/357 223/587/357
f 223/587/358 182/591/358 224/589/358
f 182/591/359 181/592/359 224/589/359
f 193/593/360 226/110/360 192/594/360
f 226/110/361 225/595/361 227/111/361
f 193/593/362 180/596/362 226/110/362
f 180/596/363 179/597/363 226/110/363
f 226/110/364 179/597/364 225/595/364
f 179/597/365 178/598/365 225/595/365
f 225/595/366 178/598/366 194/599/366
f 178/600/367 176/329/367 194/328/367
f 190/571/368 159/572/368 160/549/368
f 190/571/369 228/601/369 159/572/369
f 228/601/370 191/573/370 159/572/370
f 228/601/371 229/602/371 191/573/371
f 187/603/372 157/576/372 158/578/372
f 188/604/373 230/605/373 187/603/373
f 189/606/374 231/607/374 188/604/374
f 187/603/375 230/605/375 157/576/375
f 188/604/376 231/607/376 230/605/376
f 231/607/377 232/608/377 230/605/377
f 184/609/378 155/581/378 156/583/378
f 184/609/379 233/610/379 155/581/379
f 233/610/380 186/584/380 155/581/380
f 182/591/381 234/611/381 181/592/381
f 235/612/382 178/598/382 179/597/382
f 235/613/383 177/530/383 178/600/383
f 177/530/384 176/329/384 178/600/384
f 154/546/385 152/545/385 236/614/385
f 152/545/386 169/615/386 236/614/386
f 236/614/387 169/615/387 237/616/387
f 169/615/388 168/617/388 237/616/388
f 240/618/389 239/619/389 238/620/389
f 238/620/390 239/619/390 175/621/390
f 239/619/391 174/622/391 175/621/391
f 171/623/392 170/624/392 240/618/392
f 240/618/393 170/624/393 239/619/393
f 169/615/394 241/625/394 168/617/394
f 168/57/395 241/626/395 173/198/395
f 241/625/396 172/627/396 173/628/396
f 169/615/397 242/629/397 241/625/397
f 242/629/398 243/630/398 241/625/398
f 241/625/399 243/630/399 172/627/399
f 242/629/400 170/624/400 243/630/400
f 170/624/401 171/623/401 243/630/401
s 1
f 245/631/402 244/632/402 251/633/402 252/634/402 253/635/402
f 250/636/403 249/637/403 254/638/403 255/639/403
f 247/640/404 246/641/404 256/642/404 257/643/404 258/644/404 259/645/404 260/646/404 261/647/404 262/648/404
f 251/633/405 263/649/405 252/634/405
f 244/650/406 250/651/406 255/652/406 263/653/406 251/654/406
f 258/655/407 264/656/407 259/657/407
f 252/658/408 263/659/408 255/660/408 254/661/408 264/656/408 258/655/408 257/662/408 265/663/408 253/664/408
f 265/665/409 257/643/409 256/642/409
f 265/666/410 245/667/410 253/668/410
f 254/669/411 248/670/411 247/671/411 262/672/411 266/673/411 260/674/411 259/675/411 264/676/411
f 248/677/412 254/678/412 249/679/412
f 245/680/413 265/681/413 256/682/413 246/683/413
f 267/684/414 274/685/414 275/686/414 276/687/414 268/688/414
f 268/689/415 276/690/415 277/691/415 269/692/415
f 271/693/416 278/694/416 279/695/416 272/696/416
f 270/697/417 280/698/417 278/694/417 271/693/417
f 269/699/418 277/700/418 280/701/418 270/702/418
f 276/703/419 275/704/419 281/705/419 279/706/419 278/707/419 280/708/419 282/709/419
f 273/710/420 283/711/420 274/712/420 267/713/420
f 281/705/421 275/704/421 274/714/421 283/715/421
f 272/716/422 279/717/422 281/718/422 283/719/422 273/720/422
f 277/691/423 276/690/423 282/721/423
f 280/701/424 277/700/424 282/722/424
f 284/723/425 291/724/425 292/725/425 293/726/425
f 294/727/426 295/728/426 296/729/426 297/730/426 298/731/426 299/732/426 300/733/426 301/734/426
f 302/735/427 303/736/427 291/724/427 290/737/427 304/738/427
f 305/739/428 300/740/428 299/741/428
f 288/742/429 287/743/429 298/744/429 297/745/429 306/746/429
f 286/747/430 285/748/430 307/749/430 308/750/430 309/751/430
f 289/752/431 288/742/431 306/746/431 296/753/431
f 285/748/432 284/754/432 293/755/432 294/756/432 301/757/432
f 290/758/433 289/752/433 296/753/433 295/759/433 304/760/433
f 292/725/434 291/724/434 303/736/434 310/761/434
f 298/762/435 287/763/435 311/764/435 305/739/435 299/741/435
f 296/765/436 306/766/436 297/767/436
f 302/735/437 310/761/437 303/736/437
f 293/768/438 292/769/438 310/770/438 302/771/438 304/772/438 295/728/438 294/727/438
f 262/773/439 261/774/439 312/775/439
f 312/776/440 261/777/440 260/778/440
f 260/778/441 266/779/441 312/776/441
f 312/775/442 266/780/442 262/773/442
f 308/750/443 307/749/443 285/748/443 301/757/443 300/781/443 305/782/443
f 308/783/444 311/784/444 309/785/444
f 309/786/445 311/764/445 287/763/445 286/787/445
f 305/739/446 311/764/446 308/788/446
f 314/789/447 313/790/447 320/791/447 321/792/447 322/793/447
f 319/794/448 318/795/448 323/796/448 324/797/448
f 316/798/449 315/799/449 325/800/449 326/801/449 327/802/449 328/803/449
f 320/804/450 329/805/450 321/806/450
f 313/807/451 319/808/451 324/809/451 329/810/451 320/811/451
f 327/802/452 330/812/452 328/803/452
f 321/806/453 329/805/453 324/813/453 323/814/453 330/815/453 327/816/453 326/817/453 331/818/453 322/819/453
f 331/820/454 326/821/454 325/822/454
f 331/820/455 314/789/455 322/793/455
f 323/796/456 317/823/456 316/824/456 328/825/456 330/826/456
f 317/823/457 323/796/457 318/795/457
f 314/789/458 331/820/458 325/822/458 315/827/458
f 332/828/459 333/829/459 334/830/459 335/831/459
f 336/832/460 337/833/460 338/834/460
f 333/835/461 344/836/461 334/837/461
f 345/838/462 340/839/462 339/840/462 346/841/462
f 347/842/463 348/843/463 349/844/463 338/845/463
f 350/846/464 351/847/464 347/842/464 338/845/464 337/848/464 334/837/464 344/836/464 352/849/464
f 353/850/465 351/851/465 350/852/465
f 338/853/466 349/854/466 341/855/466 336/856/466
f 343/857/467 354/858/467 346/841/467 339/840/467
f 340/859/468 345/860/468 352/861/468 344/862/468 333/863/468 332/864/468
f 352/865/469 345/838/469 346/841/469 354/858/469 353/850/469 350/852/469
f 335/831/470 334/830/470 337/866/470 336/867/470
f 348/868/471 342/869/471 341/855/471 349/854/471
f 342/870/472 348/871/472 347/872/472 351/873/472 353/874/472 354/875/472 343/876/472
f 361/877/473 362/878/473 363/879/473
f 357/880/474 364/881/474 365/882/474 358/883/474
f 366/884/475 367/885/475 368/886/475
f 364/881/476 357/880/476 356/887/476 369/888/476
f 370/889/477 371/890/477 372/891/477 373/892/477 374/893/477
f 358/894/478 365/895/478 380/896/478
f 373/892/479 376/897/479 375/898/479 374/893/479
f 381/899/480 355/900/480 359/901/480 368/902/480 367/903/480
f 378/904/481 382/905/481 363/906/481 362/907/481 379/908/481
f 380/896/482 382/905/482 378/904/482 358/894/482
f 371/909/483 365/910/483 364/911/483 369/912/483 383/913/483
f 363/879/484 382/914/484 380/915/484 365/910/484 371/909/484 370/916/484 361/877/484
f 375/898/485 379/917/485 362/918/485 361/919/485 370/889/485 374/893/485
f 384/920/486 377/921/486 376/897/486 373/892/486 372/891/486
f 384/920/487 372/891/487 385/922/487
f 359/901/488 360/923/488 377/924/488 384/925/488 385/926/488 366/927/488 368/902/488
f 369/888/489 356/887/489 355/928/489 381/929/489 383/930/489
f 372/931/490 371/909/490 383/913/490 381/932/490 367/885/490 366/884/490 385/933/490
f 386/934/491 387/935/491 388/936/491 389/937/491 390/938/491
f 391/939/491 386/934/491 390/938/491 392/940/491
f 393/941/492 394/942/492 395/943/492
f 388/944/493 396/945/493 397/946/493 389/947/493
f 398/948/494 399/949/494 400/950/494
f 396/945/495 388/944/495 387/951/495 401/952/495
f 402/953/496 403/954/496 404/955/496 405/956/496 406/957/496
f 392/940/491 390/938/491 407/958/491 408/959/491 409/960/491
f 390/938/491 389/937/491 410/961/491 411/962/491 407/958/491
f 389/963/497 397/964/497 412/965/497
f 405/966/498 408/959/498 407/958/498 406/967/498
f 413/968/499 386/969/499 391/970/499 400/971/499 399/972/499
f 410/973/500 414/974/500 395/975/500 394/976/500 411/977/500
f 412/965/501 414/974/501 410/973/501 389/963/501
f 403/978/502 397/979/502 396/980/502 401/981/502 415/982/502
f 395/943/503 414/983/503 412/984/503 397/979/503 403/978/503 402/985/503 393/941/503
f 407/986/504 411/987/504 394/988/504 393/989/504 402/953/504 406/957/504
f 416/990/505 409/960/505 408/959/505 405/966/505 404/991/505
f 416/992/506 404/955/506 417/993/506
f 391/970/507 392/994/507 409/995/507 416/996/507 417/997/507 398/998/507 400/971/507
f 401/952/508 387/951/508 386/999/508 413/1000/508 415/1001/508
f 404/955/509 403/954/509 415/1002/509 413/1003/509 399/1004/509 398/1005/509 417/993/509
f 418/1006/510 419/1007/510 420/1008/510 421/1009/510 422/1010/510
f 423/1011/511 424/1012/511 425/1013/511 426/1014/511 427/1015/511
f 428/1016/512 429/1017/512 430/1018/512 431/1019/512 432/1020/512
f 419/1007/513 435/1021/513 438/1022/513 439/1023/513
f 424/1024/514 437/1025/514 440/1026/514 441/1027/514 425/1028/514
f 442/1029/515 425/1030/515 441/1031/515 443/1032/515 422/1033/515 421/1034/515 444/1035/515 439/1036/515 438/1037/515 445/1038/515 432/1039/515 431/1040/515 446/1041/515
f 435/1042/516 434/1043/516 445/1044/516 438/1045/516
f 446/1046/517 431/1047/517 430/1048/517
f 429/1049/518 423/1011/518 427/1015/518 442/1050/518 446/1046/518 430/1048/518
f 445/1044/519 433/1051/519 428/1016/519 432/1020/519
f 433/1051/520 445/1044/520 434/1043/520
f 441/1027/521 447/1052/521 443/1053/521
f 443/1053/522 447/1052/522 436/1054/522 418/1055/522 422/1056/522
f 447/1052/523 440/1026/523 437/1025/523 436/1054/523
f 447/1052/524 441/1027/524 440/1026/524
f 421/1009/525 420/1008/525 444/1057/525
f 420/1008/526 419/1007/526 439/1023/526 444/1057/526
f 427/1015/527 426/1014/527 425/1013/527 442/1050/527
f 448/1058/528 449/1059/528 450/1060/528 451/1061/528
f 455/1062/529 456/1063/529 457/1064/529 458/1065/529
f 455/1066/530 454/1067/530 459/1068/530 448/1069/530 451/1070/530 460/1071/530 456/1072/530
f 456/1063/531 461/1073/531 462/1074/531 457/1064/531
f 461/1075/532 456/1076/532 460/1077/532 463/1078/532
f 459/1079/533 464/1080/533 449/1081/533 448/1082/533
f 464/1083/534 462/1084/534 465/1085/534 450/1086/534 449/1087/534
f 466/1088/533 453/1089/533 467/1090/533 468/1091/533
f 452/1092/535 458/1065/535 457/1064/535 469/1093/535
f 453/1094/536 452/1095/536 469/1096/536 467/1097/536
f 464/1080/537 459/1079/537 468/1091/537 467/1090/537
f 459/1079/538 454/1098/538 466/1088/538 468/1091/538
f 462/1099/539 464/1100/539 467/1101/539 469/1102/539
f 457/1064/540 462/1074/540 469/1093/540
f 470/1103/541 471/1104/541 472/1105/541 473/1106/541
f 460/1071/542 451/1070/542 470/1107/542 473/1108/542
f 463/1078/543 460/1077/543 473/1109/543 472/1110/543
f 451/409/544 450/1111/544 471/1112/544 470/1113/544
f 450/1086/545 463/1078/545 472/1110/545 471/1114/545
f 462/1084/546 461/1075/546 463/1078/546 465/1085/546
f 465/1085/547 463/1078/547 450/1086/547
f 474/1115/548 475/1116/548 476/1117/548 477/1118/548 478/1119/548 479/1120/548
f 480/1121/549 481/1122/549 482/1123/549 483/1124/549 484/1125/549
f 485/1126/550 487/1127/550 488/1128/550 489/1129/550 490/1130/550
f 482/1131/551 474/1132/551 479/1133/551 483/1134/551
f 475/1135/552 486/1136/552 491/1137/552 492/1138/552 476/1139/552
f 487/1140/553 481/1141/553 493/1142/553 488/1143/553
f 493/1144/554 481/1145/554 494/1146/554
f 494/1147/555 481/1122/555 480/1121/555
f 490/1130/556 489/1129/556 491/1137/556
f 486/1136/557 485/1126/557 490/1130/557 491/1137/557
f 483/1134/558 479/1133/558 495/1148/558
f 495/1149/559 479/1150/559 478/1151/559
f 495/1148/560 484/1152/560 483/1134/560
f 477/1118/561 476/1117/561 492/1153/561
f 491/1154/562 489/1155/562 488/1156/562 493/1157/562 494/1158/562 480/1159/562 484/1160/562 495/1149/562 478/1151/562 477/1161/562 492/1162/562
f 496/1163/563 497/1164/563 498/1165/563 499/1166/563
f 500/1167/564 501/1168/564 502/1169/564
f 508/1170/565 507/1171/565 521/1172/565
f 517/1173/566 516/1174/566 522/1175/566 523/1176/566
f 506/1177/567 505/1178/567 524/1179/567
f 516/1174/568 515/1180/568 522/1175/568
f 504/1181/569 503/1182/569 525/1183/569 526/1184/569 527/1185/569
f 515/1186/570 514/1187/570 528/1188/570 522/1189/570
f 503/1182/571 496/1163/571 499/1166/571 529/1190/571 525/1183/571
f 514/1187/572 513/1191/572 530/1192/572 528/1188/572
f 499/1193/573 531/1194/573 532/1195/573 529/1196/573
f 513/1197/574 512/1198/574 533/1199/574 530/1200/574
f 520/1201/575 519/1202/575 531/1203/575
f 511/1204/576 510/1205/576 534/1206/576 535/1207/576
f 518/1208/577 500/1167/577 502/1169/577 532/1209/577
f 509/1210/578 508/1211/578 521/1212/578 536/1213/578 534/1206/578
f 502/1169/579 501/1168/579 517/1214/579 523/1215/579
f 532/1216/580 519/1217/580 518/1218/580
f 531/1219/581 519/1217/581 532/1216/581
f 531/1194/582 499/1193/582 498/1220/582
f 497/1221/583 520/1222/583 531/1223/583 498/1224/583
f 529/1196/584 532/1195/584 524/1225/584 527/1226/584 526/1227/584
f 534/1206/585 536/1213/585 537/1228/585 538/1229/585
f 524/1225/586 502/1230/586 523/1231/586 539/1232/586
f 524/1225/587 532/1195/587 502/1230/587
f 524/1233/588 505/1234/588 504/1235/588 527/1236/588
f 526/1227/589 525/1237/589 529/1196/589
f 537/1238/590 540/1239/590 541/1240/590 538/1241/590
f 530/1200/591 533/1199/591 535/1207/591 542/1242/591 543/1243/591
f 522/1189/592 528/1188/592 541/1244/592
f 523/1231/593 522/1245/593 541/1240/593 540/1239/593
f 536/1246/594 539/1232/594 540/1239/594 537/1238/594
f 535/1207/595 534/1206/595 538/1229/595 542/1242/595
f 528/1188/596 530/1192/596 543/1247/596 541/1244/596
f 533/1199/597 512/1198/597 511/1204/597 535/1207/597
f 521/1172/598 507/1171/598 506/1177/598 524/1179/598 536/1248/598
f 534/1206/599 510/1205/599 509/1210/599
f 540/1239/600 539/1232/600 523/1231/600
f 539/1232/601 536/1246/601 524/1225/601
f 538/1249/602 541/1244/602 543/1247/602 542/1250/602
f 555/1251/603 556/1252/603 557/1253/603 558/1254/603 559/1255/603 560/1256/603
f 550/1257/604 549/1258/604 561/1259/604 562/1260/604 563/1261/604
f 547/1262/605 564/1263/605 565/1264/605
f 566/1265/606 567/1266/606 544/1267/607 553/1268/606 568/1269/606
f 567/1270/608 569/1271/608 545/1272/608 544/1273/608
f 570/1274/609 571/1275/609 572/1276/609 546/1277/609
f 577/1278/610 578/1279/610 579/1280/610 575/1281/610 574/1282/610
f 549/1283/611 548/1284/611 561/1285/611
f 548/1286/612 547/1262/612 565/1264/612 580/1287/612 561/1288/612
f 562/1289/613 555/1251/613 563/1290/613
f 562/1289/614 561/1291/614 581/1292/614 556/1252/614 555/1251/614
f 555/1251/615 560/1256/615 563/1290/615
f 561/1291/616 580/1293/616 582/1294/616 583/1295/616
f 578/1296/617 584/1297/617 579/1298/617
f 576/1299/618 575/1300/618 579/1301/618 584/1302/618 585/1303/618
f 584/1302/619 586/1304/619 585/1303/619
f 564/1263/620 576/1299/620 585/1303/620 586/1304/620 580/1287/620 565/1264/620
f 561/1291/621 583/1295/621 581/1292/621
f 551/1305/622 554/1306/622 559/1307/622 558/1308/622
f 560/1309/623 559/1310/623 554/1311/623 550/1312/623 563/1313/623
f 587/1314/624 577/1315/624 574/1316/624 573/1317/624
f 580/1293/625 588/1318/625 589/1319/625
f 568/1269/626 557/1320/626 566/1265/626
f 558/1308/627 557/1321/627 568/1322/627 553/1323/627 552/1324/627
f 552/1324/628 551/1305/628 558/1308/628
f 587/1314/629 571/1275/629 589/1325/629
f 577/1326/630 588/1318/630 578/1296/630
f 569/1327/631 590/1328/631 545/1329/631
f 590/1330/632 570/1274/632 546/1277/632 545/1331/632
f 588/1318/633 580/1293/633 586/1332/633 584/1297/633 578/1296/633
f 556/1252/634 567/1333/634 566/1334/634 557/1253/634
f 581/1292/635 567/1333/635 556/1252/635
f 583/1295/636 570/1335/636 569/1336/636 567/1333/636 581/1292/636
f 588/1318/637 577/1326/637 587/1337/637 589/1319/637
f 582/1294/638 580/1293/638 589/1319/638
f 582/1338/639 570/1274/639 583/1339/639
f 571/1275/640 587/1314/640 573/1317/640 572/1276/640
f 571/1275/641 570/1274/641 582/1338/641 589/1325/641
f 570/1274/642 590/1330/642 569/1340/642
s 0
f 591/1341/643 592/1342/643 593/1343/643
f 594/1344/644 592/1342/644 595/1345/644
f 591/1341/645 593/1343/645 596/1346/645
f 591/1341/646 596/1346/646 597/1347/646
f 591/1341/647 597/1347/647 598/1348/647
f 594/1349/648 595/1350/648 599/1351/648
f 600/1352/649 601/1353/649 602/1354/649
f 603/1355/650 604/1356/650 605/1357/650
f 606/1358/651 607/1359/651 608/1360/651
f 609/1361/652 610/1362/652 611/1363/652
f 594/1364/653 599/1365/653 612/1366/653
f 600/1352/654 602/1354/654 613/1367/654
f 603/1355/655 605/1357/655 614/1368/655
f 606/1358/656 608/1360/656 615/1369/656
f 609/1370/657 611/1371/657 616/1372/657
f 617/1373/658 618/1374/658 619/1375/658
f 620/1376/659 621/1377/659 622/1378/659
f 623/1379/660 624/1380/660 625/1381/660
f 626/1382/661 627/1383/661 628/1384/661
s 1
f 629/1385/662 630/1386/663 631/1387/664
s 0
f 631/1387/665 628/1384/665 632/1388/665
f 631/1387/666 630/1386/666 628/1384/666
f 630/1386/667 626/1382/667 628/1384/667
f 628/1384/668 625/1381/668 632/1388/668
f 628/1384/669 627/1383/669 625/1381/669
f 627/1383/670 623/1379/670 625/1381/670
s 1
f 625/1381/671 622/1389/671 632/1388/671
s 0
f 625/1381/672 624/1380/672 622/1389/672
f 624/1390/673 620/1391/673 622/1392/673
f 622/1389/674 619/1393/674 632/1388/674
f 622/1378/675 621/1377/675 619/1375/675
s 1
f 621/1377/676 617/1373/676 619/1375/676
s 0
f 619/1393/677 631/1387/677 632/1388/677
f 619/1393/678 618/1394/678 631/1387/678
s 1
f 618/1394/679 629/1385/662 631/1387/664
s 0
f 616/1395/680 630/1396/680 629/1397/680
f 616/1395/681 611/1398/681 630/1396/681
f 611/1398/682 626/1399/682 630/1396/682
f 615/1400/683 627/1401/683 626/1402/683
f 615/1400/684 608/1403/684 627/1401/684
f 608/1403/685 623/1404/685 627/1401/685
f 614/1405/686 624/1390/686 623/1406/686
f 614/1405/687 605/1407/687 624/1390/687
f 605/1407/688 620/1391/688 624/1390/688
f 613/1408/689 621/1377/689 620/1376/689
f 613/1408/690 602/1409/690 621/1377/690
f 602/1409/691 617/1373/691 621/1377/691
f 612/1410/692 618/1374/692 617/1373/692
f 612/1410/693 599/1411/693 618/1374/693
f 599/1411/694 629/1412/694 618/1374/694
f 611/1413/695 615/1400/695 626/1402/695
f 611/1363/696 610/1362/696 615/1369/696
f 610/1362/697 606/1358/697 615/1369/697
f 608/1403/698 614/1414/698 623/1404/698
f 608/1360/699 607/1359/699 614/1415/699
f 607/1416/700 603/1355/700 614/1368/700
f 605/1407/701 613/1417/701 620/1391/701
f 605/1357/702 604/1356/702 613/1418/702
f 604/1356/703 600/1419/703 613/1418/703
f 602/1409/704 612/1410/704 617/1373/704
f 602/1354/705 601/1353/705 612/1366/705
f 601/1353/706 594/1364/706 612/1366/706
f 599/1420/707 616/1395/707 629/1397/707
f 599/1351/708 595/1350/708 616/1372/708
f 595/1350/709 609/1370/709 616/1372/709
f 598/1421/710 610/1422/710 609/1370/710
f 598/1348/711 597/1347/711 610/1423/711
f 597/1424/712 606/1358/712 610/1362/712
f 597/1424/713 607/1359/713 606/1358/713
f 597/1347/714 596/1346/714 607/1425/714
s 1
f 596/1346/715 603/1426/716 607/1425/717
f 596/1346/715 604/1427/718 603/1426/716
s 0
f 596/1346/719 593/1343/719 604/1427/719
f 593/1343/720 600/1428/720 604/1427/720
f 595/1350/721 598/1421/721 609/1370/721
f 595/1345/722 592/1342/722 598/1348/722
s 1
f 592/1342/723 591/1341/723 598/1348/723
s 0
f 593/1343/724 601/1429/724 600/1428/724
f 593/1343/725 592/1342/725 601/1429/725
f 592/1342/726 594/1344/726 601/1429/726
f 633/1430/727 634/1431/727 635/1432/727
f 636/1433/728 634/1431/728 637/1434/728
f 633/1430/729 635/1432/729 638/1435/729
f 633/1430/730 638/1435/730 639/1436/730
f 633/1430/731 639/1436/731 640/1437/731
f 636/1438/732 637/1439/732 641/1440/732
f 642/1441/733 643/1442/733 644/1443/733
f 645/1444/734 646/1445/734 647/1446/734
f 648/1447/735 649/1448/735 650/1449/735
f 651/1450/736 652/1451/736 653/1452/736
f 636/1438/737 641/1440/737 654/1453/737
f 642/1454/738 644/1455/738 655/1456/738
f 645/1444/739 647/1446/739 656/1457/739
f 648/1447/740 650/1449/740 657/1458/740
f 651/1450/741 653/1452/741 658/1459/741
f 659/1460/742 660/1461/742 661/1462/742
f 662/1463/743 663/1464/743 664/1465/743
f 665/1466/744 666/1467/744 667/1468/744
f 668/1469/745 669/1470/745 670/1471/745
s 1
f 671/1472/746 672/1473/747 673/1474/748
s 0
f 673/1474/749 670/1471/749 674/1475/749
f 673/1474/750 672/1473/750 670/1471/750
f 672/1473/751 668/1469/751 670/1471/751
f 670/1471/752 667/1468/752 674/1475/752
f 670/1471/753 669/1470/753 667/1468/753
f 669/1470/754 665/1466/754 667/1468/754
s 1
f 667/1468/755 664/1476/755 674/1475/755
s 0
f 667/1468/756 666/1467/756 664/1476/756
f 666/1477/757 662/1463/757 664/1465/757
f 664/1476/758 661/1478/758 674/1475/758
f 664/1476/759 663/1479/759 661/1478/759
s 1
f 663/1480/760 659/1460/760 661/1462/760
s 0
f 661/1478/761 673/1474/761 674/1475/761
f 661/1478/762 660/1481/762 673/1474/762
s 1
f 660/1481/763 671/1472/746 673/1474/748
s 0
f 658/1482/764 672/1483/764 671/1484/764
f 658/1482/765 653/1485/765 672/1483/765
f 653/1485/766 668/1486/766 672/1483/766
f 657/1487/767 669/1488/767 668/1489/767
f 657/1487/768 650/1490/768 669/1488/768
f 650/1490/769 665/1491/769 669/1488/769
f 656/1492/770 666/1493/770 665/1491/770
f 656/1494/771 647/1495/771 666/1477/771
f 647/1495/772 662/1463/772 666/1477/772
f 655/1496/773 663/1464/773 662/1463/773
f 655/1496/774 644/1497/774 663/1464/774
f 644/1498/775 659/1460/775 663/1480/775
f 654/1499/776 660/1461/776 659/1460/776
f 654/1499/777 641/1500/777 660/1461/777
f 641/1500/778 671/1501/778 660/1461/778
f 653/1485/779 657/1502/779 668/1486/779
f 653/1452/780 652/1451/780 657/1503/780
f 652/1504/781 648/1447/781 657/1458/781
f 650/1490/782 656/1492/782 665/1491/782
f 650/1449/783 649/1448/783 656/1505/783
f 649/1448/784 645/1506/784 656/1505/784
f 647/1495/785 655/1496/785 662/1463/785
f 647/1446/786 646/1445/786 655/1456/786
f 646/1445/787 642/1454/787 655/1456/787
f 644/1498/788 654/1499/788 659/1460/788
f 644/1443/789 643/1442/789 654/1453/789
f 643/1442/790 636/1438/790 654/1453/790
f 641/1507/791 658/1482/791 671/1484/791
f 641/1508/792 637/1509/792 658/1459/792
f 637/1509/793 651/1450/793 658/1459/793
f 640/1510/794 652/1451/794 651/1450/794
f 640/1437/795 639/1436/795 652/1511/795
f 639/1512/796 648/1447/796 652/1504/796
f 639/1512/797 649/1448/797 648/1447/797
f 639/1436/798 638/1435/798 649/1513/798
s 1
f 638/1435/799 645/1514/800 649/1513/801
f 638/1435/799 646/1515/802 645/1514/800
s 0
f 638/1435/803 635/1432/803 646/1515/803
f 635/1432/804 642/1516/804 646/1515/804
f 637/1509/805 640/1510/805 651/1450/805
f 637/1434/806 634/1431/806 640/1437/806
s 1
f 634/1431/807 633/1430/807 640/1437/807
s 0
f 635/1432/808 643/1517/808 642/1516/808
f 635/1432/809 634/1431/809 643/1517/809
f 634/1431/810 636/1433/810 643/1517/810
f 675/1518/811 676/1519/811 677/1520/811
f 678/1521/812 676/1519/812 679/1522/812
f 675/1518/813 677/1520/813 680/1523/813
f 675/1518/814 680/1523/814 681/1524/814
f 675/1518/815 681/1524/815 682/1525/815
f 678/1526/816 679/1527/816 683/1528/816
f 684/1529/817 685/1530/817 686/1531/817
f 687/1532/818 688/1533/818 689/1534/818
f 690/1535/819 691/1536/819 692/1537/819
f 693/1538/820 694/1539/820 695/1540/820
f 678/1526/821 683/1528/821 696/1541/821
f 684/1529/822 686/1531/822 697/1542/822
f 687/1532/823 689/1534/823 698/1543/823
f 690/1535/824 692/1537/824 699/1544/824
f 693/1538/825 695/1540/825 700/1545/825
f 701/1546/826 702/1547/826 703/1548/826
f 704/1549/827 705/1550/827 706/1551/827
f 707/1552/828 708/1553/828 709/1554/828
f 710/1555/829 711/1556/829 712/1557/829
s 1
f 713/1558/830 714/1559/831 715/1560/832
s 0
f 715/1560/833 712/1557/833 716/1561/833
f 715/1560/834 714/1559/834 712/1557/834
f 714/1559/835 710/1555/835 712/1557/835
f 712/1557/836 709/1554/836 716/1561/836
f 712/1557/837 711/1556/837 709/1554/837
f 711/1556/838 707/1552/838 709/1554/838
s 1
f 709/1554/839 706/1562/839 716/1561/839
s 0
f 709/1554/840 708/1553/840 706/1562/840
f 708/1553/841 704/1563/841 706/1562/841
f 706/1562/842 703/1564/842 716/1561/842
f 706/1562/843 705/1565/843 703/1564/843
s 1
f 705/1550/844 701/1546/844 703/1548/844
s 0
f 703/1564/845 715/1560/845 716/1561/845
f 703/1564/846 702/1566/846 715/1560/846
s 1
f 702/1567/847 713/1568/830 715/1569/832
s 0
f 700/1570/848 714/1571/848 713/1568/848
f 700/1572/849 695/1573/849 714/1574/849
f 695/1573/850 710/1575/850 714/1574/850
f 699/1576/851 711/1577/851 710/1575/851
f 699/1576/852 692/1578/852 711/1577/852
f 692/1579/853 707/1552/853 711/1556/853
f 698/1580/854 708/1581/854 707/1582/854
f 698/1580/855 689/1583/855 708/1581/855
f 689/1584/856 704/1549/856 708/1585/856
f 697/1586/857 705/1550/857 704/1549/857
f 697/1586/858 686/1587/858 705/1550/858
f 686/1587/859 701/1546/859 705/1550/859
f 696/1588/860 702/1567/860 701/1589/860
f 696/1588/861 683/1590/861 702/1567/861
f 683/1590/862 713/1568/862 702/1567/862
f 695/1573/863 699/1576/863 710/1575/863
f 695/1540/864 694/1539/864 699/1544/864
f 694/1539/865 690/1535/865 699/1544/865
f 692/1591/866 698/1580/866 707/1582/866
f 692/1592/867 691/1593/867 698/1543/867
f 691/1593/868 687/1532/868 698/1543/868
f 689/1584/869 697/1586/869 704/1549/869
f 689/1594/870 688/1595/870 697/1542/870
f 688/1595/871 684/1529/871 697/1542/871
f 686/1587/872 696/1596/872 701/1546/872
f 686/1531/873 685/1530/873 696/1597/873
f 685/1530/874 678/1598/874 696/1597/874
f 683/1590/875 700/1570/875 713/1568/875
f 683/1528/876 679/1527/876 700/1599/876
f 679/1600/877 693/1538/877 700/1545/877
f 682/1601/878 694/1539/878 693/1538/878
f 682/1525/879 681/1524/879 694/1602/879
f 681/1603/880 690/1535/880 694/1539/880
f 681/1524/881 691/1604/881 690/1605/881
f 681/1524/882 680/1523/882 691/1604/882
s 1
f 680/1523/883 687/1606/884 691/1604/885
f 680/1523/883 688/1607/886 687/1606/884
s 0
f 680/1523/887 677/1520/887 688/1607/887
f 677/1520/888 684/1608/888 688/1607/888
f 679/1522/889 682/1525/889 693/1609/889
f 679/1522/890 676/1519/890 682/1525/890
s 1
f 676/1519/891 675/1518/891 682/1525/891
s 0
f 677/1520/892 685/1610/892 684/1608/892
f 677/1520/893 676/1519/893 685/1610/893
f 676/1519/894 678/1521/894 685/1610/894
f 717/1611/895 718/1612/895 719/1613/895
f 720/1614/896 718/1612/896 721/1615/896
f 717/1611/897 719/1613/897 722/1616/897
f 717/1611/898 722/1616/898 723/1617/898
f 717/1611/899 723/1617/899 724/1618/899
f 720/1619/900 721/1620/900 725/1621/900
f 726/1622/901 727/1623/901 728/1624/901
f 729/1625/902 730/1626/902 731/1627/902
f 732/1628/903 733/1629/903 734/1630/903
f 735/1631/904 736/1632/904 737/1633/904
f 720/1619/905 725/1621/905 738/1634/905
f 726/1622/906 728/1624/906 739/1635/906
f 729/1625/907 731/1627/907 740/1636/907
f 732/1628/908 734/1630/908 741/1637/908
f 735/1631/909 737/1633/909 742/1638/909
f 743/1639/910 744/1640/910 745/1641/910
f 746/1642/911 747/1643/911 748/1644/911
f 749/1645/912 750/1646/912 751/1647/912
f 752/1648/913 753/1649/913 754/1650/913
s 1
f 755/1651/914 756/1652/915 757/1653/916
s 0
f 757/1653/917 754/1650/917 758/1654/917
f 757/1653/918 756/1652/918 754/1650/918
f 756/1652/919 752/1648/919 754/1650/919
f 754/1650/920 751/1647/920 758/1654/920
f 754/1650/921 753/1649/921 751/1647/921
f 753/1649/922 749/1645/922 751/1647/922
s 1
f 751/1647/923 748/1655/923 758/1654/923
s 0
f 751/1647/924 750/1646/924 748/1655/924
f 750/1646/925 746/1656/925 748/1655/925
f 748/1655/926 745/1657/926 758/1654/926
f 748/1655/927 747/1658/927 745/1657/927
s 1
f 747/1643/928 743/1639/928 745/1641/928
s 0
f 745/1657/929 757/1653/929 758/1654/929
f 745/1657/930 744/1659/930 757/1653/930
s 1
f 744/1660/931 755/1661/914 757/1662/916
s 0
f 742/1663/932 756/1664/932 755/1661/932
f 742/1665/933 737/1666/933 756/1667/933
f 737/1666/934 752/1668/934 756/1667/934
f 741/1669/935 753/1670/935 752/1668/935
f 741/1669/936 734/1671/936 753/1670/936
f 734/1671/937 749/1672/937 753/1670/937
f 740/1673/938 750/1674/938 749/1675/938
f 740/1673/939 731/1676/939 750/1674/939
f 731/1677/940 746/1642/940 750/1678/940
f 739/1679/941 747/1643/941 746/1642/941
f 739/1679/942 728/1680/942 747/1643/942
f 728/1680/943 743/1639/943 747/1643/943
f 738/1681/944 744/1640/944 743/1639/944
f 738/1682/945 725/1683/945 744/1660/945
f 725/1683/946 755/1661/946 744/1660/946
f 737/1666/947 741/1669/947 752/1668/947
f 737/1633/948 736/1632/948 741/1637/948
f 736/1632/949 732/1628/949 741/1637/949
f 734/1684/950 740/1673/950 749/1675/950
f 734/1685/951 733/1686/951 740/1636/951
f 733/1686/952 729/1625/952 740/1636/952
f 731/1677/953 739/1679/953 746/1642/953
f 731/1687/954 730/1688/954 739/1635/954
f 730/1688/955 726/1622/955 739/1635/955
f 728/1680/956 738/1681/956 743/1639/956
f 728/1624/957 727/1623/957 738/1689/957
f 727/1623/958 720/1690/958 738/1689/958
f 725/1683/959 742/1663/959 755/1661/959
f 725/1621/960 721/1620/960 742/681/960
f 721/1691/961 735/1631/961 742/1638/961
f 724/1692/962 736/1632/962 735/1631/962
f 724/1618/963 723/1617/963 736/1693/963
f 723/1694/964 732/1628/964 736/1632/964
f 723/1694/965 733/1629/965 732/1628/965
f 723/1617/966 722/1616/966 733/1695/966
s 1
f 722/1616/967 729/1696/968 733/1695/969
f 722/1616/967 730/1697/970 729/1696/968
s 0
f 722/1616/971 719/1613/971 730/1697/971
f 719/1613/972 726/1698/972 730/1697/972
f 721/1615/973 724/1618/973 735/1699/973
f 721/1615/974 718/1612/974 724/1618/974
s 1
f 718/1612/975 717/1611/975 724/1618/975
s 0
f 719/1613/976 727/1700/976 726/1698/976
f 719/1613/977 718/1612/977 727/1700/977
f 718/1612/978 720/1614/978 727/1700/978
f 759/1701/979 760/1702/979 761/1703/979
f 762/1704/980 760/1702/980 763/1705/980
f 759/1701/981 761/1703/981 764/1706/981
f 759/1701/982 764/1706/982 765/1707/982
f 759/1701/983 765/1707/983 766/1708/983
f 762/1709/984 763/1710/984 767/1711/984
f 768/1712/985 769/1713/985 770/1714/985
f 771/1715/986 772/1716/986 773/1717/986
f 774/1718/987 775/1719/987 776/1720/987
f 777/1721/988 778/1722/988 779/1723/988
f 762/1724/989 767/1725/989 780/1726/989
f 768/1712/990 770/1714/990 781/1727/990
f 771/1715/991 773/1717/991 782/1728/991
f 774/1718/992 776/1720/992 783/1729/992
f 777/1730/993 779/1731/993 784/1732/993
f 785/1733/994 786/1734/994 787/1735/994
f 788/1736/995 789/1737/995 790/1738/995
f 791/1739/996 792/1740/996 793/1741/996
f 794/1742/997 795/1743/997 796/1744/997
s 1
f 797/1745/998 798/1746/999 799/1747/1000
s 0
f 799/1748/1001 796/1744/1001 800/1749/1001
f 799/1748/1002 798/1750/1002 796/1744/1002
f 798/1750/1003 794/1742/1003 796/1744/1003
f 796/1744/1004 793/1741/1004 800/1749/1004
f 796/1744/1005 795/1743/1005 793/1741/1005
f 795/1743/1006 791/1739/1006 793/1741/1006
s 1
f 793/1741/1007 790/1738/1007 800/1749/1007
s 0
f 793/1741/1008 792/1740/1008 790/1738/1008
f 792/1740/1009 788/1736/1009 790/1738/1009
f 790/1738/1010 787/1751/1010 800/1749/1010
f 790/1738/1011 789/1737/1011 787/1751/1011
s 1
f 789/1752/1012 785/1733/1012 787/1735/1012
s 0
f 787/1751/1013 799/1748/1013 800/1749/1013
f 787/1751/1014 786/1753/1014 799/1748/1014
s 1
f 786/1754/1015 797/1745/998 799/1747/1000
s 0
f 784/1755/1016 798/1746/1016 797/1745/1016
f 784/1755/1017 779/1756/1017 798/1746/1017
f 779/1757/1018 794/1758/1018 798/1759/1018
f 783/1760/1019 795/1761/1019 794/1758/1019
f 783/1760/1020 776/1762/1020 795/1761/1020
f 776/1762/1021 791/1763/1021 795/1761/1021
f 782/1764/1022 792/1740/1022 791/1739/1022
f 782/1765/1023 773/1766/1023 792/1767/1023
f 773/1766/1024 788/1768/1024 792/1767/1024
f 781/1769/1025 789/1752/1025 788/1770/1025
f 781/1769/1026 770/1771/1026 789/1752/1026
f 770/1771/1027 785/1733/1027 789/1752/1027
f 780/1772/1028 786/1734/1028 785/1733/1028
f 780/1772/1029 767/1773/1029 786/1734/1029
f 767/1774/1030 797/1745/1030 786/1754/1030
f 779/1757/1031 783/1760/1031 794/1758/1031
f 779/1723/1032 778/1722/1032 783/1729/1032
f 778/1722/1033 774/1718/1033 783/1729/1033
f 776/1762/1034 782/1775/1034 791/1763/1034
f 776/1720/1035 775/1719/1035 782/1776/1035
f 775/1777/1036 771/1715/1036 782/1728/1036
f 773/1766/1037 781/1778/1037 788/1768/1037
f 773/1717/1038 772/1716/1038 781/1779/1038
f 772/1780/1039 768/1712/1039 781/1727/1039
f 770/1771/1040 780/1772/1040 785/1733/1040
f 770/1714/1041 769/1713/1041 780/1726/1041
f 769/1713/1042 762/1724/1042 780/1726/1042
f 767/1774/1043 784/1755/1043 797/1745/1043
f 767/1711/1044 763/1710/1044 784/1732/1044
f 763/1710/1045 777/1730/1045 784/1732/1045
f 766/1781/1046 778/1722/1046 777/1721/1046
f 766/1781/1047 765/1782/1047 778/1722/1047
f 765/1782/1048 774/1718/1048 778/1722/1048
f 765/1782/1049 775/1719/1049 774/1718/1049
f 765/1707/1050 764/1706/1050 775/1783/1050
s 1
f 764/1784/1051 771/1715/1052 775/1777/1053
f 764/1784/1051 772/1716/1054 771/1715/1052
s 0
f 764/1706/1055 761/1703/1055 772/1785/1055
f 761/1703/1056 768/1786/1056 772/1785/1056
f 763/1705/1057 766/1708/1057 777/1787/1057
f 763/1705/1058 760/1702/1058 766/1708/1058
s 1
f 760/1702/1059 759/1701/1059 766/1708/1059
s 0
f 761/1703/1060 769/1788/1060 768/1786/1060
f 761/1703/1061 760/1702/1061 769/1788/1061
f 760/1702/1062 762/1704/1062 769/1788/1062
s 1
f 801/1789/1063 812/1790/1063 813/1791/1063 802/1792/1063
f 814/1793/1064 815/1794/1064 816/1795/1064 817/1796/1064
f 818/1797/1065 819/1798/1065 820/1799/1065
f 810/1800/1066 821/1801/1066 822/1802/1066 811/1803/1066
f 804/1804/1067 814/1805/1067 817/1806/1067 823/1807/1067 805/1808/1067
f 807/1809/1068 820/1799/1068 819/1798/1068 824/1810/1068 808/1811/1068
f 805/1808/1069 823/1807/1069 806/1812/1069
f 806/1812/1070 823/1807/1070 818/1813/1070 820/1814/1070 807/1815/1070
f 802/1816/1071 813/1817/1071 815/1818/1071 803/1819/1071
f 803/1820/1072 815/1794/1072 814/1793/1072 804/1821/1072
f 816/1795/1073 815/1794/1073 813/1791/1073
f 825/1822/1074 826/1823/1074 827/1824/1074
f 828/1825/1075 816/1795/1075 813/1791/1075
f 808/1811/1076 824/1810/1076 809/1826/1076
f 809/1827/1077 824/1828/1077 821/1829/1077 810/1830/1077
f 812/1831/1078 801/1832/1078 811/1803/1078
f 823/1833/1079 817/1834/1079 816/1835/1079 828/1836/1079 826/1837/1079 825/1838/1079 822/1839/1079
f 813/1791/1080 812/1790/1080 827/1824/1080 826/1823/1080 828/1825/1080
f 811/1803/1081 822/1802/1081 825/1840/1081 827/1841/1081 812/1831/1081
f 823/1833/1082 822/1839/1082 821/1842/1082 824/1810/1082 819/1798/1082 818/1797/1082
f 835/1843/1083 836/1844/1083 837/1845/1083
f 831/391/1084 838/1846/1084 839/1847/1084 832/1848/1084
f 840/1849/1085 841/1850/1085 842/1851/1085
f 838/1852/1086 831/1853/1086 830/1854/1086 843/1855/1086
f 844/1856/1087 845/1857/1087 846/1858/1087 847/1859/1087 848/1860/1087
f 832/1861/1088 839/1862/1088 854/1863/1088
f 847/1864/1089 850/1865/1089 849/1866/1089 848/1867/1089
f 855/1868/1090 829/1869/1090 833/1870/1090 842/1851/1090 841/1850/1090
f 852/1871/1091 856/1872/1091 837/1845/1091 836/1844/1091 853/1873/1091
f 854/1874/1092 856/1872/1092 852/1871/1092 832/1875/1092
f 845/1857/1093 839/1876/1093 838/1877/1093 843/1878/1093 857/1879/1093
f 837/1845/1094 856/1872/1094 854/1874/1094 839/1880/1094 845/1881/1094 844/1882/1094 835/1843/1094
f 849/1883/1095 853/1884/1095 836/1885/1095 835/1886/1095 844/1856/1095 848/1860/1095
f 858/1887/1096 851/1888/1096 850/1865/1096 847/1864/1096 846/1889/1096
f 858/1890/1097 846/1858/1097 859/1891/1097
f 833/1870/1098 834/1892/1098 851/1893/1098 858/1894/1098 859/1895/1098 840/1849/1098 842/1851/1098
f 843/1896/1099 830/1897/1099 829/1898/1099 855/1899/1099 857/1900/1099
f 846/1858/1100 845/1857/1100 857/1879/1100 855/1901/1100 841/1902/1100 840/1903/1100 859/1891/1100
f 860/1904/1101 861/1905/1101 862/1906/1101 863/1907/1101 864/1908/1101
f 865/1909/1102 866/1910/1102 867/1911/1102
f 877/1912/1103 878/1913/1103 879/1914/1103 880/1915/1103
f 881/1916/1104 882/1917/1104 883/1918/1104 884/1919/1104 885/1920/1104
f 886/1921/1105 887/1922/1106 888/1923/1105 862/1906/1105 861/1905/1105 867/1911/1105
f 889/1924/1107 890/1925/1107 891/1926/1107 872/1927/1107 871/1928/1107
f 883/1929/1108 882/1930/1108 892/1931/1108 893/1932/1108 894/1933/1108 895/1934/1108
f 860/1935/1109 864/1936/1109 896/1937/1109 876/1938/1109 875/1939/1109
f 867/1911/1110 861/1905/1110 877/1912/1110 897/1940/1110 865/1909/1110
f 898/1941/1111 893/1932/1111 892/1931/1111 899/1942/1111 900/1943/1111
f 901/1944/1112 902/1945/1113 887/1922/1114 886/1921/1112 903/1946/1112
f 885/1947/1115 884/1948/1115 902/1945/1115 901/1944/1115
f 888/1923/1116 895/1934/1116 894/1933/1116 863/1907/1116 862/1906/1116
f 881/1949/1117 885/1950/1117 901/1951/1117 903/1952/1117 904/1953/1117 870/1954/1117
f 878/1955/1118 860/1956/1118 875/1957/1118 874/1958/1118
f 877/1912/1119 880/1915/1119 905/1959/1119 897/1940/1119
f 870/1954/1120 904/1953/1120 906/1960/1120 889/1924/1120 871/1928/1120
f 907/1961/1121 881/1916/1121 870/1962/1121 869/1963/1121
f 906/1960/1122 890/1925/1122 889/1924/1122
f 899/1964/1123 907/1961/1123 900/1965/1123
f 899/1964/1124 882/1917/1124 881/1916/1124 907/1961/1124
f 899/1942/1125 892/1931/1125 882/1930/1125
f 891/1926/1126 866/1966/1126 908/1967/1126
f 886/1921/1127 906/1968/1127 904/1969/1127 903/1946/1127
f 886/1921/1128 867/1911/1128 890/1970/1128 906/1968/1128
f 891/1971/1129 890/1970/1129 867/1911/1129 866/1910/1129
f 909/1972/1130 879/1973/1130 878/1974/1130 874/1975/1130 873/1976/1130
f 902/1945/1113 895/1934/1131 888/1923/1131 887/1922/1114
f 883/1929/1132 895/1934/1132 902/1945/1132 884/1948/1132
f 896/1937/1133 894/1977/1133 893/1978/1133
f 877/1912/1134 861/1905/1134 860/1904/1134 878/1913/1134
f 897/1940/1135 905/1959/1135 910/1979/1135 908/1980/1135 866/1910/1135 865/1909/1135
f 896/1981/1136 864/1908/1136 863/1907/1136 894/1933/1136
f 911/1982/1137 898/1983/1137 900/1965/1137 907/1961/1137 869/1963/1137 868/1984/1137
f 893/1978/1138 898/1985/1138 911/1986/1138 896/1937/1138
f 896/1937/1139 911/1986/1139 868/1987/1139 876/1938/1139
f 905/1959/1140 909/1988/1140 910/1979/1140
f 879/1973/1141 909/1972/1141 905/1989/1141 880/1990/1141
f 891/1926/1142 908/1967/1142 910/1991/1142 909/1992/1142 873/1993/1142 872/1927/1142
s 0
f 912/1994/1143 914/1995/1143 913/1996/1143
f 912/1994/1143 915/1997/1143 914/1995/1143
f 916/1998/1144 912/1994/1144 913/1996/1144
f 917/1999/1144 912/1994/1144 916/1998/1144
f 918/2000/1145 916/2001/1145 919/2002/1145
f 918/2000/1145 917/2003/1145 916/2001/1145
f 920/2004/1146 919/2002/1146 921/2005/1146
f 920/2004/1146 918/2000/1146 919/2002/1146
f 922/2006/1147 921/2007/1147 923/2008/1147
f 922/2006/1147 920/2009/1147 921/2007/1147
f 924/2010/1148 923/2008/1148 925/2011/1148
f 924/2010/1148 922/2006/1148 923/2008/1148
f 926/2012/1149 925/2013/1149 927/2014/1149
f 926/2012/1149 924/2015/1149 925/2013/1149
f 928/2016/1150 927/2014/1150 929/2017/1150
f 928/2016/1150 926/2012/1150 927/2014/1150
f 915/2018/1151 929/2017/1151 914/2019/1151
f 915/2018/1151 928/2016/1151 929/2017/1151
f 930/2020/1152 932/2021/1152 931/2022/1152
f 930/2020/1153 933/2023/1153 932/2021/1153
f 935/2024/1154 931/2025/1154 936/2026/1154
f 935/2027/1155 930/2020/1155 931/2022/1155
f 937/2028/1156 939/2029/1156 938/2030/1156
f 937/2028/1157 940/2031/1157 939/2029/1157
f 990/2032/1158 989/2033/1158 942/2034/1158
f 941/2035/1159 944/2036/1159 943/2037/1159 989/2033/1159
f 945/2038/1160 936/2026/1160 946/2039/1160
f 945/2038/1161 935/2024/1161 936/2026/1161
f 948/2040/1162 942/2034/1162 949/2041/1162
f 941/2035/1163 990/2032/1163 948/2040/1163
f 944/2042/1164 946/2039/1164 943/2043/1164
f 944/2042/1165 945/2038/1165 946/2039/1165
f 950/2044/1166 952/2045/1166 951/2046/1166
f 950/2044/1167 953/2047/1167 952/2045/1167
f 954/2048/1168 956/2049/1168 955/2050/1168
f 957/2051/1169 956/2049/1169 954/2048/1169
f 958/2052/1170 957/2051/1170 959/2053/1170
f 958/2052/1171 960/2054/1171 957/2051/1171
f 961/2055/1172 950/2044/1172 951/2046/1172
f 962/2056/1173 950/2044/1173 961/2055/1173
f 964/2057/1174 963/2058/1174 971/2059/1174
f 971/2059/1175 958/2052/1175 964/2057/1175
f 956/2060/1176 966/2061/1176 965/2062/1176
f 967/2063/1177 966/2061/1177 956/2060/1177
f 968/2064/1178 962/2065/1178 961/2066/1178
f 969/2067/1179 962/2065/1179 968/2064/1179
f 953/2047/1180 970/2068/1180 952/2045/1180
f 953/2047/1181 971/2069/1181 970/2068/1181
f 957/2070/1182 967/2063/1182 956/2060/1182
f 960/2071/1183 967/2063/1183 957/2070/1183
f 965/2072/1184 969/2067/1184 968/2064/1184
f 966/2073/1185 969/2067/1185 965/2072/1185
f 972/2074/1186 955/2075/1186 973/2076/1186
f 972/2074/1186 974/2077/1186 955/2075/1186
f 975/2078/1187 965/2079/1187 968/2080/1187
f 973/2081/1187 965/2079/1187 975/2078/1187
f 952/2082/1188 976/2083/1188 951/2084/1188
f 952/2082/1189 977/2085/1189 976/2083/1189
f 959/2053/1190 954/2048/1190 978/2086/1190
f 957/2051/1191 954/2048/1191 959/2053/1191
f 976/2083/1192 961/2087/1192 951/2084/1192
f 976/2083/1193 979/2088/1193 961/2087/1193
f 959/2053/1194 980/2089/1194 970/2090/1194
f 959/2053/1194 978/2086/1194 980/2089/1194
f 955/2050/1195 965/2079/1195 973/2081/1195
f 955/2050/1196 956/2049/1196 965/2079/1196
f 979/2088/1197 968/2080/1197 961/2087/1197
f 975/2078/1198 968/2080/1198 979/2088/1198
f 970/2090/1199 977/2085/1199 952/2082/1199
f 970/2090/1199 980/2089/1199 977/2085/1199
f 981/2091/1200 975/2092/1200 979/2093/1200
f 981/2091/1200 982/2094/1200 975/2092/1200
f 980/2095/1201 983/2096/1201 977/2097/1201
f 984/2098/1201 983/2096/1201 980/2095/1201
f 974/2077/1202 954/2099/1202 955/2075/1202
f 974/2077/1203 985/2100/1203 954/2099/1203
f 982/2094/1204 973/2101/1204 975/2092/1204
f 982/2094/1204 972/2102/1204 973/2101/1204
f 977/2097/1205 986/2103/1205 976/2104/1205
f 983/2096/1206 986/2103/1206 977/2097/1206
f 954/2105/1207 987/2106/1207 978/2107/1207
f 985/2108/1207 987/2106/1207 954/2105/1207
f 986/2103/1208 979/2109/1208 976/2104/1208
f 986/2103/1209 981/2110/1209 979/2109/1209
f 978/2107/1210 984/2111/1210 980/2112/1210
f 987/2106/1210 984/2111/1210 978/2107/1210
f 934/2113/1211 949/2114/1211 939/2029/1211
f 940/2031/1212 934/2113/1212 939/2029/1212
f 949/2114/1213 934/2113/1213 948/2115/1213
f 940/2031/1214 948/2115/1214 934/2113/1214
f 937/2116/1215 988/2117/1215 933/2118/1215
f 947/2119/1216 938/2120/1216 932/2121/1216
f 947/2119/1217 988/2117/1217 938/2120/1217
f 933/2122/1218 947/2123/1218 932/2124/1218
f 988/2125/1219 937/2028/1219 938/2030/1219
f 947/2119/1220 933/2118/1220 988/2117/1220
f 963/2058/1221 959/2053/1221 970/2090/1221
f 963/2058/1222 964/2057/1222 959/2053/1222
f 964/2057/1223 958/2052/1223 959/2053/1223
f 971/2059/1224 963/2058/1224 970/2090/1224
f 929/2126/1225 935/2127/1225 945/2128/1225
f 929/2017/1226 927/2014/1226 935/2129/1226
f 927/2014/1227 930/2130/1227 935/2129/1227
f 927/2131/1228 925/2132/1228 930/2133/1228
f 925/2132/1229 933/2134/1229 930/2133/1229
f 925/2132/1230 923/2135/1230 933/2134/1230
f 923/2136/1231 937/2137/1231 933/2138/1231
f 923/2139/1232 921/2005/1232 937/2028/1232
f 921/2005/1233 940/2031/1233 937/2028/1233
f 921/2005/1234 919/2002/1234 940/2031/1234
f 913/2140/1235 944/2141/1235 941/2142/1235
f 913/2143/1236 914/2144/1236 944/2042/1236
f 940/2031/1237 916/2001/1237 948/2115/1237
f 919/2002/1238 916/2001/1238 940/2031/1238
f 916/2001/1239 941/2142/1239 948/2115/1239
f 916/2001/1239 913/2140/1239 941/2142/1239
f 914/2144/1240 945/2038/1240 944/2042/1240
f 914/2145/1241 929/2126/1241 945/2128/1241
f 932/2146/1242 971/2059/1242 953/2147/1242
f 932/2146/1242 938/2030/1242 971/2059/1242
f 967/2148/1242 949/2114/1242 942/2149/1242
f 960/2054/1242 949/2114/1242 967/2148/1242
f 946/2150/1242 966/2151/1242 943/2152/1242
f 946/2150/1242 969/2153/1242 966/2151/1242
f 931/2154/1242 953/2147/1242 950/2155/1242
f 932/2146/1242 953/2147/1242 931/2154/1242
f 960/2054/1242 939/2029/1242 949/2114/1242
f 958/2052/1242 939/2029/1242 960/2054/1242
f 931/2154/1242 962/2156/1242 936/2157/1242
f 931/2154/1242 950/2155/1242 962/2156/1242
f 971/2059/1242 939/2029/1242 958/2052/1242
f 971/2059/1242 938/2030/1242 939/2029/1242
f 966/2151/1242 942/2149/1242 943/2152/1242
f 967/2148/1242 942/2149/1242 966/2151/1242
f 936/2157/1242 969/2153/1242 946/2150/1242
f 936/2157/1242 962/2156/1242 969/2153/1242
f 941/2035/1243 944/2036/1243 989/2033/1243
f 989/2033/1244 943/2037/1244 942/2034/1244
f 989/2033/1245 990/2032/1245 941/2035/1245
f 990/2032/1246 942/2034/1246 948/2040/1246
f 924/2010/1247 997/2158/1247 996/2159/1247 922/2006/1247
f 922/2006/1248 996/2159/1248 995/2160/1248 920/2009/1248
f 915/2018/1249 992/2161/1249 999/2162/1249 928/2016/1249
f 912/1994/1250 991/2163/1250 992/2164/1250 915/1997/1250
f 920/2004/1251 995/2165/1251 994/2166/1251 918/2000/1251
f 918/2000/1252 994/2166/1252 993/2167/1252 917/2003/1252
f 917/2003/1253 993/2167/1253 991/2168/1253 912/2169/1253
f 928/2016/1254 999/2162/1254 998/2170/1254 926/2012/1254
f 926/2012/1255 998/2170/1255 997/2171/1255 924/2015/1255
f 1000/2172/1256 1002/2173/1256 1001/2174/1256
f 1000/2172/1256 1003/2175/1256 1002/2173/1256
f 1004/2176/1257 1000/2177/1257 1001/2178/1257
f 1005/2179/1257 1000/2177/1257 1004/2176/1257
f 1006/2180/1258 1004/2176/1258 1007/2181/1258
f 1006/2180/1258 1005/2179/1258 1004/2176/1258
f 1008/2182/1259 1007/2183/1259 1009/2184/1259
f 1008/2182/1259 1006/2185/1259 1007/2183/1259
f 1010/2186/1260 1009/2187/1260 1011/2188/1260
f 1010/2186/1260 1008/2189/1260 1009/2187/1260
f 1012/2190/1261 1011/2188/1261 1013/2191/1261
f 1012/2190/1261 1010/2186/1261 1011/2188/1261
f 1014/2192/1262 1013/2193/1262 1015/2194/1262
f 1014/2192/1262 1012/2195/1262 1013/2193/1262
f 1016/2196/1263 1015/2194/1263 1017/2197/1263
f 1016/2196/1263 1014/2192/1263 1015/2194/1263
f 1003/2175/1264 1017/2198/1264 1002/2173/1264
f 1003/2175/1264 1016/2199/1264 1017/2198/1264
f 1018/2200/1265 1020/2201/1265 1019/2202/1265
f 1018/2200/1266 1021/2203/1266 1020/2201/1266
f 1023/2204/1267 1019/2205/1267 1024/2206/1267
f 1023/2204/1268 1018/2207/1268 1019/2205/1268
f 1025/2208/1269 1027/2209/1269 1026/2210/1269
f 1025/2208/1270 1028/2211/1270 1027/2209/1270
f 1078/2212/1271 1077/2213/1271 1030/2214/1271
f 1029/2215/1272 1032/2216/1272 1031/2217/1272 1077/2218/1272
f 1033/2219/1273 1024/2206/1273 1034/2220/1273
f 1033/2219/1274 1023/2204/1274 1024/2206/1274
f 1036/2221/1275 1030/2222/1275 1037/2223/1275
f 1029/2224/1276 1078/2225/1276 1036/2226/1276
f 1032/2216/1277 1034/2227/1277 1031/2217/1277
f 1032/2216/1278 1033/2228/1278 1034/2227/1278
f 1038/2229/1279 1040/2230/1279 1039/2231/1279
f 1038/2229/1280 1041/2232/1280 1040/2230/1280
f 1042/2233/1281 1044/2234/1281 1043/2235/1281
f 1045/2236/1281 1044/2234/1281 1042/2233/1281
f 1046/2237/1282 1045/2238/1282 1047/2239/1282
f 1046/2237/1283 1048/2240/1283 1045/2238/1283
f 1049/2241/1284 1038/2242/1284 1039/2243/1284
f 1050/2244/1285 1038/2242/1285 1049/2241/1285
f 1052/2245/1286 1051/2246/1286 1059/2247/1286
f 1059/2248/1287 1046/2237/1287 1052/2249/1287
f 1044/2250/1288 1054/2251/1288 1053/2252/1288
f 1055/2253/1289 1054/2251/1289 1044/2250/1289
f 1056/2254/1290 1050/2244/1290 1049/2241/1290
f 1057/2255/1291 1050/2244/1291 1056/2254/1291
f 1041/2232/1292 1058/2256/1292 1040/2230/1292
f 1041/2232/1293 1059/2247/1293 1058/2256/1293
f 1045/2238/1294 1055/2257/1294 1044/2258/1294
f 1048/2240/1295 1055/2257/1295 1045/2238/1295
f 1053/2252/1296 1057/2259/1296 1056/2260/1296
f 1054/2251/1297 1057/2259/1297 1053/2252/1297
f 1060/2261/1298 1043/2262/1298 1061/2263/1298
f 1060/2261/1298 1062/2264/1298 1043/2262/1298
f 1063/2265/1299 1053/2266/1299 1056/2267/1299
f 1061/2268/1300 1053/2266/1300 1063/2265/1300
f 1040/2269/1301 1064/2270/1301 1039/2271/1301
f 1040/2269/1302 1065/2272/1302 1064/2270/1302
f 1047/2273/1303 1042/2233/1303 1066/2274/1303
f 1045/2236/1304 1042/2233/1304 1047/2273/1304
f 1064/2270/1305 1049/2275/1305 1039/2271/1305
f 1064/2270/1305 1067/2276/1305 1049/2275/1305
f 1047/2273/1306 1068/2277/1306 1058/2278/1306
f 1047/2273/1307 1066/2274/1307 1068/2277/1307
f 1043/2235/1308 1053/2266/1308 1061/2268/1308
f 1043/2235/1309 1044/2234/1309 1053/2266/1309
f 1067/2276/1310 1056/2267/1310 1049/2275/1310
f 1063/2265/1310 1056/2267/1310 1067/2276/1310
f 1058/2278/1311 1065/2272/1311 1040/2269/1311
f 1058/2278/1312 1068/2277/1312 1065/2272/1312
f 1069/2279/1313 1063/2280/1313 1067/2281/1313
f 1069/2279/1314 1070/2282/1314 1063/2280/1314
f 1068/2283/1315 1071/2284/1315 1065/2285/1315
f 1072/2286/1316 1071/2284/1316 1068/2283/1316
f 1062/2287/1317 1042/2288/1317 1043/2289/1317
f 1062/2287/1318 1073/2290/1318 1042/2288/1318
f 1070/2291/1319 1061/2263/1319 1063/2292/1319
f 1070/2291/1320 1060/2261/1320 1061/2263/1320
f 1065/2285/1321 1074/2293/1321 1064/2294/1321
f 1071/2284/1321 1074/2293/1321 1065/2285/1321
f 1042/2288/1322 1075/2295/1322 1066/2296/1322
f 1073/2290/1322 1075/2295/1322 1042/2288/1322
f 1074/2297/1323 1067/2281/1323 1064/2298/1323
f 1074/2297/1323 1069/2279/1323 1067/2281/1323
f 1066/2299/1324 1072/2286/1324 1068/2283/1324
f 1075/2300/1324 1072/2286/1324 1066/2299/1324
f 1022/2301/1325 1037/2302/1325 1027/2209/1325
f 1028/2211/1326 1022/2301/1326 1027/2209/1326
f 1037/2223/1327 1022/2303/1327 1036/2221/1327
f 1028/2304/1328 1036/2221/1328 1022/2303/1328
f 1025/2305/1329 1076/2306/1329 1021/2203/1329
f 1035/2307/1330 1026/2308/1330 1020/2201/1330
f 1035/2307/1331 1076/2306/1331 1026/2308/1331
f 1021/2203/1332 1035/2307/1332 1020/2201/1332
f 1076/2306/1333 1025/2305/1333 1026/2308/1333
f 1035/2307/1334 1021/2203/1334 1076/2306/1334
f 1051/2309/1335 1047/2273/1335 1058/2278/1335
f 1051/2246/1336 1052/2245/1336 1047/2310/1336
f 1052/2249/1337 1046/2237/1337 1047/2239/1337
f 1059/2247/1338 1051/2246/1338 1058/2256/1338
f 1017/2311/1339 1023/2312/1339 1033/2313/1339
f 1017/2311/1340 1015/2314/1340 1023/2312/1340
f 1015/2314/1341 1018/2315/1341 1023/2312/1341
f 1015/2314/1342 1013/2316/1342 1018/2315/1342
f 1013/2316/1343 1021/2317/1343 1018/2315/1343
f 1013/2316/1344 1011/2318/1344 1021/2317/1344
f 1011/2318/1345 1025/2208/1345 1021/2317/1345
f 1011/2318/1346 1009/2184/1346 1025/2208/1346
f 1009/2184/1347 1028/2211/1347 1025/2208/1347
f 1009/2184/1348 1007/2183/1348 1028/2211/1348
f 1001/2319/1349 1032/2320/1349 1029/2321/1349
f 1001/2319/1350 1002/2322/1350 1032/2320/1350
f 1028/2211/1351 1004/2323/1351 1036/2324/1351
f 1007/2183/1352 1004/2323/1352 1028/2211/1352
f 1004/2323/1353 1029/2321/1353 1036/2324/1353
f 1004/2323/1353 1001/2319/1353 1029/2321/1353
f 1002/2322/1354 1033/2313/1354 1032/2320/1354
f 1002/2322/1355 1017/2311/1355 1033/2313/1355
f 1020/2325/1356 1059/2326/1356 1041/2327/1356
f 1020/2325/1356 1026/2210/1356 1059/2326/1356
f 1055/2328/1356 1037/2302/1356 1030/2329/1356
f 1048/2330/1356 1037/2302/1356 1055/2328/1356
f 1034/2331/1356 1054/2332/1356 1031/2333/1356
f 1034/2331/1356 1057/2334/1356 1054/2332/1356
f 1019/2335/1356 1041/2327/1356 1038/2336/1356
f 1020/2325/1356 1041/2327/1356 1019/2335/1356
f 1048/2330/1356 1027/2209/1356 1037/2302/1356
f 1046/2337/1356 1027/2209/1356 1048/2330/1356
f 1019/2335/1356 1050/2338/1356 1024/2339/1356
f 1019/2335/1356 1038/2336/1356 1050/2338/1356
f 1059/2326/1356 1027/2209/1356 1046/2337/1356
f 1059/2326/1356 1026/2210/1356 1027/2209/1356
f 1054/2332/1356 1030/2329/1356 1031/2333/1356
f 1055/2328/1356 1030/2329/1356 1054/2332/1356
f 1024/2339/1356 1057/2334/1356 1034/2331/1356
f 1024/2339/1356 1050/2338/1356 1057/2334/1356
f 1029/2215/1357 1032/2216/1357 1077/2218/1357
f 1077/2218/1358 1031/2217/1358 1030/2340/1358
f 1077/2218/1359 1078/2341/1359 1029/2215/1359
f 1078/2342/1360 1030/2343/1360 1036/2344/1360
f 1012/2195/1361 1085/2345/1361 1084/2346/1361 1010/2347/1361
f 1010/2186/1362 1084/2348/1362 1083/2349/1362 1008/2189/1362
f 1003/2175/1363 1080/2350/1363 1087/2351/1363 1016/2199/1363
f 1000/2172/1364 1079/2352/1364 1080/2350/1364 1003/2175/1364
f 1008/2182/1365 1083/2353/1365 1082/2354/1365 1006/2185/1365
f 1006/2185/1366 1082/2354/1366 1081/2355/1366 1005/2356/1366
f 1005/2356/1367 1081/2355/1367 1079/2357/1367 1000/2358/1367
f 1016/2196/1368 1087/2359/1368 1086/2360/1368 1014/2192/1368
f 1014/2192/1369 1086/2360/1369 1085/2345/1369 1012/2195/1369
f 1088/2361/1370 1089/2362/1370 1090/2363/1370
f 1091/2364/1371 1089/2362/1371 1092/2365/1371
f 1088/2361/1372 1090/2363/1372 1093/2366/1372
f 1088/2361/1373 1093/2366/1373 1094/2367/1373
f 1088/2361/1374 1094/2367/1374 1095/2368/1374
f 1091/2369/1375 1092/2370/1375 1096/2371/1375
f 1097/2372/1376 1098/2373/1376 1099/2374/1376
f 1100/2375/1377 1101/2376/1377 1102/2377/1377
f 1103/2378/1378 1104/2379/1378 1105/2380/1378
f 1106/2381/1379 1107/2382/1379 1108/2383/1379
f 1091/2369/1380 1096/2371/1380 1109/2384/1380
f 1097/2372/1381 1099/2374/1381 1110/2385/1381
f 1100/2386/1382 1102/2387/1382 1111/2388/1382
f 1103/2378/1383 1105/2380/1383 1112/2389/1383
f 1106/2381/1384 1108/2383/1384 1113/2390/1384
f 1114/2391/1385 1115/2392/1385 1116/2393/1385
f 1117/2394/1386 1118/2395/1386 1119/2396/1386
f 1120/2397/1387 1121/2398/1387 1122/2399/1387
f 1123/2400/1388 1124/2401/1388 1125/2402/1388
s 1
f 1126/2403/1389 1127/2404/1390 1128/2405/1391
s 0
f 1128/2405/1392 1125/2402/1392 1129/2406/1392
f 1128/2405/1393 1127/2404/1393 1125/2402/1393
f 1127/2404/1394 1123/2400/1394 1125/2402/1394
f 1125/2402/1395 1122/2399/1395 1129/2406/1395
f 1125/2402/1396 1124/2401/1396 1122/2399/1396
f 1124/2401/1397 1120/2397/1397 1122/2399/1397
s 1
f 1122/2399/1398 1119/2407/1398 1129/2406/1398
s 0
f 1122/2399/1399 1121/2398/1399 1119/2407/1399
f 1121/2408/1400 1117/2394/1400 1119/2396/1400
f 1119/2407/1401 1116/2409/1401 1129/2406/1401
f 1119/2396/1402 1118/2395/1402 1116/2410/1402
s 1
f 1118/2411/1403 1114/2391/1403 1116/2393/1403
s 0
f 1116/2409/1404 1128/2405/1404 1129/2406/1404
f 1116/2393/1405 1115/2392/1405 1128/2412/1405
s 1
f 1115/2392/1406 1126/2413/1389 1128/2412/1391
s 0
f 1113/2414/1407 1127/2415/1407 1126/2416/1407
f 1113/2414/1408 1108/2417/1408 1127/2415/1408
f 1108/2417/1409 1123/2418/1409 1127/2415/1409
f 1112/2419/1410 1124/2420/1410 1123/2418/1410
f 1112/2421/1411 1105/2422/1411 1124/2423/1411
f 1105/2422/1412 1120/2424/1412 1124/2423/1412
f 1111/2425/1413 1121/2426/1413 1120/2424/1413
f 1111/2427/1414 1102/2428/1414 1121/2408/1414
f 1102/2428/1415 1117/2394/1415 1121/2408/1415
f 1110/2429/1416 1118/2395/1416 1117/2394/1416
f 1110/2429/1417 1099/2430/1417 1118/2395/1417
f 1099/2430/1418 1114/2431/1418 1118/2395/1418
f 1109/2432/1419 1115/2392/1419 1114/2391/1419
f 1109/2432/1420 1096/2433/1420 1115/2392/1420
f 1096/2433/1421 1126/2413/1421 1115/2392/1421
f 1108/2417/1422 1112/2419/1422 1123/2418/1422
f 1108/2383/1423 1107/2382/1423 1112/2434/1423
f 1107/2382/1424 1103/2435/1424 1112/2434/1424
f 1105/2422/1425 1111/2425/1425 1120/2424/1425
f 1105/2380/1426 1104/2379/1426 1111/2388/1426
f 1104/2379/1427 1100/2386/1427 1111/2388/1427
f 1102/2428/1428 1110/2429/1428 1117/2394/1428
f 1102/2377/1429 1101/2376/1429 1110/2385/1429
f 1101/2376/1430 1097/2372/1430 1110/2385/1430
f 1099/2436/1431 1109/2432/1431 1114/2391/1431
f 1099/2437/1432 1098/2438/1432 1109/2384/1432
f 1098/2438/1433 1091/2369/1433 1109/2384/1433
f 1096/2433/1434 1113/2439/1434 1126/2413/1434
f 1096/2440/1435 1092/2441/1435 1113/2390/1435
f 1092/2441/1436 1106/2381/1436 1113/2390/1436
f 1095/2442/1437 1107/2382/1437 1106/2381/1437
f 1095/2442/1438 1094/2443/1438 1107/2382/1438
f 1094/2443/1439 1103/2435/1439 1107/2382/1439
f 1094/2444/1440 1104/2379/1440 1103/2378/1440
f 1094/2367/1441 1093/2366/1441 1104/2445/1441
s 1
f 1093/2446/1442 1100/2386/1443 1104/2379/1444
f 1093/2366/1442 1101/2447/1445 1100/2448/1443
s 0
f 1093/2366/1446 1090/2363/1446 1101/2447/1446
f 1090/2363/1447 1097/2449/1447 1101/2447/1447
f 1092/2441/1448 1095/2442/1448 1106/2381/1448
f 1092/2365/1449 1089/2362/1449 1095/2368/1449
s 1
f 1089/2362/1450 1088/2361/1450 1095/2368/1450
s 0
f 1090/2363/1451 1098/2450/1451 1097/2449/1451
f 1090/2363/1452 1089/2362/1452 1098/2450/1452
f 1089/2362/1453 1091/2364/1453 1098/2450/1453
f 1130/2451/1454 1131/2452/1454 1132/2453/1454
f 1133/2454/1455 1131/2452/1455 1134/2455/1455
f 1130/2451/1456 1132/2453/1456 1135/2456/1456
f 1130/2451/1457 1135/2456/1457 1136/2457/1457
f 1130/2451/1458 1136/2457/1458 1137/2458/1458
f 1133/2459/1459 1134/2460/1459 1138/2461/1459
f 1139/2462/1460 1140/2463/1460 1141/2464/1460
f 1142/2465/1461 1143/2466/1461 1144/2467/1461
f 1145/2468/1462 1146/2469/1462 1147/2470/1462
f 1148/2471/1463 1149/2472/1463 1150/2473/1463
f 1133/2459/1464 1138/2461/1464 1151/2474/1464
f 1139/2462/1465 1141/2464/1465 1152/2475/1465
f 1142/2465/1466 1144/2467/1466 1153/2476/1466
f 1145/2477/1467 1147/2478/1467 1154/2479/1467
f 1148/2471/1468 1150/2473/1468 1155/2480/1468
f 1156/2481/1469 1157/2482/1469 1158/2483/1469
f 1159/2484/1470 1160/2485/1470 1161/2486/1470
f 1162/2487/1471 1163/2488/1471 1164/2489/1471
f 1165/2490/1472 1166/2491/1472 1167/2492/1472
s 1
f 1168/2493/1473 1169/2494/1474 1170/2495/1475
s 0
f 1170/2495/1476 1167/2492/1476 1171/2496/1476
f 1170/2495/1477 1169/2494/1477 1167/2492/1477
f 1169/2494/1478 1165/2490/1478 1167/2492/1478
f 1167/2492/1479 1164/2489/1479 1171/2496/1479
f 1167/2492/1480 1166/2491/1480 1164/2489/1480
f 1166/2491/1481 1162/2487/1481 1164/2489/1481
s 1
f 1164/2489/1482 1161/2497/1482 1171/2496/1482
s 0
f 1164/2489/1483 1163/2488/1483 1161/2497/1483
f 1163/2488/1484 1159/2498/1484 1161/2497/1484
f 1161/2497/1485 1158/2499/1485 1171/2496/1485
f 1161/2497/1486 1160/2500/1486 1158/2499/1486
s 1
f 1160/2485/1487 1156/2501/1487 1158/2502/1487
s 0
f 1158/2499/1488 1170/2495/1488 1171/2496/1488
f 1158/2499/1489 1157/2503/1489 1170/2495/1489
s 1
f 1157/2482/1490 1168/2504/1473 1170/2505/1475
s 0
f 1155/2506/1491 1169/2507/1491 1168/2504/1491
f 1155/2508/1492 1150/2509/1492 1169/2510/1492
f 1150/2509/1493 1165/2511/1493 1169/2510/1493
f 1154/2512/1494 1166/2513/1494 1165/2511/1494
f 1154/2512/1495 1147/2514/1495 1166/2513/1495
f 1147/2515/1496 1162/2516/1496 1166/2517/1496
f 1153/2518/1497 1163/2519/1497 1162/2516/1497
f 1153/2518/1498 1144/2520/1498 1163/2519/1498
f 1144/2521/1499 1159/2484/1499 1163/2522/1499
f 1152/2523/1500 1160/2485/1500 1159/2484/1500
f 1152/2523/1501 1141/2524/1501 1160/2485/1501
f 1141/2524/1502 1156/2501/1502 1160/2485/1502
f 1151/2525/1503 1157/2482/1503 1156/2481/1503
f 1151/2525/1504 1138/2526/1504 1157/2482/1504
f 1138/2526/1505 1168/2504/1505 1157/2482/1505
f 1150/2509/1506 1154/2512/1506 1165/2511/1506
f 1150/2473/1507 1149/2472/1507 1154/2479/1507
f 1149/2472/1508 1145/2477/1508 1154/2479/1508
f 1147/2515/1509 1153/2518/1509 1162/2516/1509
f 1147/2470/1510 1146/2469/1510 1153/2476/1510
f 1146/2469/1511 1142/2465/1511 1153/2476/1511
f 1144/2521/1512 1152/2523/1512 1159/2484/1512
f 1144/2527/1513 1143/2528/1513 1152/2475/1513
f 1143/2528/1514 1139/2462/1514 1152/2475/1514
f 1141/2524/1515 1151/2529/1515 1156/2501/1515
f 1141/2464/1516 1140/2463/1516 1151/2530/1516
f 1140/2531/1517 1133/2459/1517 1151/2474/1517
f 1138/2526/1518 1155/2506/1518 1168/2504/1518
f 1138/2461/1519 1134/2460/1519 1155/2532/1519
f 1134/2460/1520 1148/2533/1520 1155/2532/1520
f 1137/2534/1521 1149/2472/1521 1148/2471/1521
f 1137/2458/1522 1136/2457/1522 1149/2535/1522
f 1136/2536/1523 1145/2477/1523 1149/2472/1523
f 1136/2457/1524 1146/2537/1524 1145/2538/1524
f 1136/2457/1525 1135/2456/1525 1146/2537/1525
s 1
f 1135/2456/1526 1142/2539/1527 1146/2537/1528
f 1135/2456/1526 1143/2540/1529 1142/2539/1527
s 0
f 1135/2456/1530 1132/2453/1530 1143/2540/1530
f 1132/2453/1531 1139/2541/1531 1143/2540/1531
f 1134/2455/1532 1137/2458/1532 1148/2542/1532
f 1134/2455/1533 1131/2452/1533 1137/2458/1533
s 1
f 1131/2452/1534 1130/2451/1534 1137/2458/1534
s 0
f 1132/2453/1535 1140/2543/1535 1139/2541/1535
f 1132/2453/1536 1131/2452/1536 1140/2543/1536
f 1131/2452/1537 1133/2454/1537 1140/2543/1537
f 1172/2544/1538 1173/2545/1538 1174/2546/1538
f 1175/2547/1539 1173/2545/1539 1176/2548/1539
f 1172/2544/1540 1174/2546/1540 1177/2549/1540
f 1172/2544/1541 1177/2549/1541 1178/2550/1541
f 1172/2544/1542 1178/2550/1542 1179/2551/1542
f 1175/2547/1543 1176/2548/1543 1180/2552/1543
f 1181/2553/1544 1182/2554/1544 1183/2555/1544
f 1184/2556/1545 1185/2557/1545 1186/2558/1545
f 1187/2559/1546 1188/2560/1546 1189/2561/1546
f 1190/2562/1547 1191/2563/1547 1192/2564/1547
f 1175/2565/1548 1180/2566/1548 1193/2567/1548
f 1181/2553/1549 1183/2555/1549 1194/2568/1549
f 1184/2556/1550 1186/2558/1550 1195/2569/1550
f 1187/2559/1551 1189/2561/1551 1196/2570/1551
f 1190/2571/1552 1192/2572/1552 1197/2573/1552
f 1198/2574/1553 1199/2575/1553 1200/2576/1553
f 1201/2577/1554 1202/2578/1554 1203/2579/1554
f 1204/2580/1555 1205/2581/1555 1206/2582/1555
f 1207/2583/1556 1208/2584/1556 1209/2585/1556
s 1
f 1210/2586/1557 1211/2587/1558 1212/2588/1559
s 0
f 1212/2589/1560 1209/2585/1560 1213/2590/1560
f 1212/2589/1561 1211/2591/1561 1209/2585/1561
f 1211/2591/1562 1207/2583/1562 1209/2585/1562
f 1209/2585/1563 1206/2582/1563 1213/2590/1563
f 1209/2585/1564 1208/2584/1564 1206/2582/1564
f 1208/2584/1565 1204/2580/1565 1206/2582/1565
s 1
f 1206/2582/1566 1203/2579/1566 1213/2590/1566
s 0
f 1206/2582/1567 1205/2581/1567 1203/2579/1567
f 1205/2581/1568 1201/2577/1568 1203/2579/1568
f 1203/2579/1569 1200/2592/1569 1213/2590/1569
f 1203/2579/1570 1202/2578/1570 1200/2592/1570
s 1
f 1202/2593/1571 1198/2574/1571 1200/2576/1571
s 0
f 1200/2592/1572 1212/2589/1572 1213/2590/1572
f 1200/2592/1573 1199/2594/1573 1212/2589/1573
s 1
f 1199/2594/1574 1210/2595/1557 1212/2589/1559
s 0
f 1197/2596/1575 1211/2587/1575 1210/2586/1575
f 1197/2596/1576 1192/2597/1576 1211/2587/1576
f 1192/2597/1577 1207/2598/1577 1211/2587/1577
f 1196/2599/1578 1208/2600/1578 1207/2601/1578
f 1196/2599/1579 1189/2602/1579 1208/2600/1579
f 1189/2602/1580 1204/2603/1580 1208/2600/1580
f 1195/2604/1581 1205/2581/1581 1204/2580/1581
f 1195/2605/1582 1186/2606/1582 1205/2607/1582
f 1186/2606/1583 1201/2608/1583 1205/2607/1583
f 1194/2609/1584 1202/2593/1584 1201/2610/1584
f 1194/2609/1585 1183/2611/1585 1202/2593/1585
f 1183/2611/1586 1198/2574/1586 1202/2593/1586
f 1193/2612/1587 1199/2575/1587 1198/2574/1587
f 1193/2612/1588 1180/2613/1588 1199/2575/1588
f 1180/2614/1589 1210/2586/1589 1199/2615/1589
f 1192/2616/1590 1196/2599/1590 1207/2601/1590
f 1192/2564/1591 1191/2563/1591 1196/2570/1591
f 1191/2563/1592 1187/2559/1592 1196/2570/1592
f 1189/2602/1593 1195/2617/1593 1204/2603/1593
f 1189/2561/1594 1188/2560/1594 1195/2618/1594
f 1188/2619/1595 1184/2556/1595 1195/2569/1595
f 1186/2606/1596 1194/779/1596 1201/2608/1596
f 1186/2558/1597 1185/2557/1597 1194/2620/1597
f 1185/2557/1598 1181/2621/1598 1194/2620/1598
f 1183/2611/1599 1193/2612/1599 1198/2574/1599
f 1183/2555/1600 1182/2554/1600 1193/2567/1600
f 1182/2554/1601 1175/2565/1601 1193/2567/1601
f 1180/2614/1602 1197/2596/1602 1210/2586/1602
f 1180/2622/1603 1176/2623/1603 1197/2573/1603
f 1176/2623/1604 1190/2571/1604 1197/2573/1604
f 1179/2551/1605 1191/2624/1605 1190/2625/1605
f 1179/2551/1606 1178/2550/1606 1191/2624/1606
f 1178/2626/1607 1187/2559/1607 1191/2563/1607
f 1178/2626/1608 1188/2560/1608 1187/2559/1608
f 1178/2550/1609 1177/2549/1609 1188/2627/1609
s 1
f 1177/2549/1610 1184/2628/1611 1188/2627/1612
f 1177/2549/1610 1185/2629/1613 1184/2628/1611
s 0
f 1177/2549/1614 1174/2546/1614 1185/2629/1614
f 1174/2546/1615 1181/2630/1615 1185/2629/1615
f 1176/2548/1616 1179/2551/1616 1190/2625/1616
f 1176/2548/1617 1173/2545/1617 1179/2551/1617
s 1
f 1173/2545/1618 1172/2544/1618 1179/2551/1618
s 0
f 1174/2546/1619 1182/2631/1619 1181/2630/1619
f 1174/2546/1620 1173/2545/1620 1182/2631/1620
f 1173/2545/1621 1175/2547/1621 1182/2631/1621
f 1214/2632/1622 1215/2633/1622 1216/2634/1622
f 1217/2635/1623 1215/2633/1623 1218/2636/1623
f 1214/2632/1624 1216/2634/1624 1219/2637/1624
f 1214/2632/1625 1219/2637/1625 1220/2638/1625
f 1214/2632/1626 1220/2638/1626 1221/2639/1626
f 1217/2635/1627 1218/2636/1627 1222/2640/1627
f 1223/2641/1628 1224/2642/1628 1225/2643/1628
f 1226/2644/1629 1227/2645/1629 1228/2646/1629
f 1229/2647/1630 1230/2648/1630 1231/2649/1630
f 1232/2650/1631 1233/2651/1631 1234/2652/1631
f 1217/2653/1632 1222/2654/1632 1235/2655/1632
f 1223/2641/1633 1225/2643/1633 1236/2656/1633
f 1226/2644/1634 1228/2646/1634 1237/2657/1634
f 1229/2647/1635 1231/2649/1635 1238/2658/1635
f 1232/2659/1636 1234/2660/1636 1239/2661/1636
f 1240/2662/1637 1241/2663/1637 1242/2664/1637
f 1243/2665/1638 1244/2666/1638 1245/2667/1638
f 1246/2668/1639 1247/2669/1639 1248/2670/1639
f 1249/2671/1640 1250/2672/1640 1251/2673/1640
s 1
f 1252/2674/1641 1253/2675/1642 1254/2676/1643
s 0
f 1254/2677/1644 1251/2678/1644 1255/2679/1644
f 1254/2677/1645 1253/2680/1645 1251/2678/1645
f 1253/2675/1646 1249/2681/1646 1251/2682/1646
f 1251/2678/1647 1248/2670/1647 1255/2679/1647
f 1251/2678/1648 1250/2683/1648 1248/2670/1648
f 1250/2683/1649 1246/2668/1649 1248/2670/1649
s 1
f 1248/2670/1650 1245/2667/1650 1255/2679/1650
s 0
f 1248/2670/1651 1247/2669/1651 1245/2667/1651
f 1247/2669/1652 1243/2665/1652 1245/2667/1652
f 1245/2667/1653 1242/2684/1653 1255/2679/1653
f 1245/2667/1654 1244/2666/1654 1242/2684/1654
s 1
f 1244/2685/1655 1240/2662/1655 1242/2664/1655
s 0
f 1242/2684/1656 1254/2677/1656 1255/2679/1656
f 1242/2684/1657 1241/2686/1657 1254/2677/1657
s 1
f 1241/2687/1658 1252/2674/1641 1254/2676/1643
s 0
f 1239/2688/1659 1253/2675/1659 1252/2674/1659
f 1239/2688/1660 1234/2689/1660 1253/2675/1660
f 1234/2689/1661 1249/2681/1661 1253/2675/1661
f 1238/2690/1662 1250/2672/1662 1249/2671/1662
f 1238/2690/1663 1231/2691/1663 1250/2672/1663
f 1231/2691/1664 1246/2692/1664 1250/2672/1664
f 1237/2693/1665 1247/2669/1665 1246/2668/1665
f 1237/2694/1666 1228/2695/1666 1247/2696/1666
f 1228/2697/1667 1243/2665/1667 1247/2669/1667
f 1236/2698/1668 1244/2685/1668 1243/2699/1668
f 1236/2698/1669 1225/2700/1669 1244/2685/1669
f 1225/2700/1670 1240/2662/1670 1244/2685/1670
f 1235/2701/1671 1241/2663/1671 1240/2662/1671
f 1235/2701/1672 1222/2702/1672 1241/2663/1672
f 1222/2703/1673 1252/2674/1673 1241/2687/1673
f 1234/2704/1674 1238/2690/1674 1249/2671/1674
f 1234/2652/1675 1233/2651/1675 1238/2658/1675
f 1233/2651/1676 1229/2647/1676 1238/2658/1676
f 1231/2691/1677 1237/2705/1677 1246/2692/1677
f 1231/2649/1678 1230/2648/1678 1237/2706/1678
f 1230/2648/1679 1226/2707/1679 1237/2706/1679
f 1228/2708/1680 1236/2709/1680 1243/2710/1680
f 1228/2646/1681 1227/2645/1681 1236/2711/1681
f 1227/2645/1682 1223/2712/1682 1236/2711/1682
f 1225/2700/1683 1235/2701/1683 1240/2662/1683
f 1225/2643/1684 1224/2642/1684 1235/2655/1684
f 1224/2642/1685 1217/2653/1685 1235/2655/1685
f 1222/2703/1686 1239/2688/1686 1252/2674/1686
f 1222/2713/1687 1218/2714/1687 1239/2661/1687
f 1218/2714/1688 1232/2659/1688 1239/2661/1688
f 1221/2639/1689 1233/2715/1689 1232/2716/1689
f 1221/2639/1690 1220/2638/1690 1233/2715/1690
f 1220/2717/1691 1229/2647/1691 1233/2651/1691
f 1220/2717/1692 1230/2648/1692 1229/2647/1692
f 1220/2638/1693 1219/2637/1693 1230/2718/1693
s 1
f 1219/2637/1694 1226/2719/1695 1230/2718/1696
f 1219/2637/1694 1227/2720/1697 1226/2719/1695
s 0
f 1219/2637/1698 1216/2634/1698 1227/2720/1698
f 1216/2634/1699 1223/2721/1699 1227/2720/1699
f 1218/2636/1700 1221/2639/1700 1232/2716/1700
f 1218/2636/1701 1215/2633/1701 1221/2639/1701
s 1
f 1215/2633/1702 1214/2632/1702 1221/2639/1702
s 0
f 1216/2634/1703 1224/2722/1703 1223/2721/1703
f 1216/2634/1704 1215/2633/1704 1224/2722/1704
f 1215/2633/1705 1217/2635/1705 1224/2722/1705
f 1256/2723/1706 1257/2724/1706 1258/2725/1706
f 1259/2726/1707 1257/2724/1707 1260/2727/1707
f 1256/2723/1708 1258/2725/1708 1261/2728/1708
f 1256/2723/1709 1261/2728/1709 1262/2729/1709
f 1256/2723/1710 1262/2729/1710 1263/2730/1710
f 1259/2731/1711 1260/2732/1711 1264/2733/1711
f 1265/2734/1712 1266/2735/1712 1267/2736/1712
f 1268/2737/1713 1269/2738/1713 1270/2739/1713
f 1271/2740/1714 1272/2741/1714 1273/2742/1714
f 1274/2743/1715 1275/2744/1715 1276/2745/1715
f 1259/2731/1716 1264/2733/1716 1277/2746/1716
f 1265/2734/1717 1267/2736/1717 1278/2747/1717
f 1268/2737/1718 1270/2739/1718 1279/2748/1718
f 1271/2740/1719 1273/2742/1719 1280/2749/1719
f 1274/2743/1720 1276/2745/1720 1281/2750/1720
f 1282/2751/1721 1283/2752/1721 1284/2753/1721
f 1285/2754/1722 1286/2755/1722 1287/2756/1722
f 1288/2757/1723 1289/2758/1723 1290/2759/1723
f 1291/2760/1724 1292/2761/1724 1293/2762/1724
s 1
f 1294/2763/1725 1295/2764/1726 1296/2765/1727
s 0
f 1296/2766/1728 1293/2767/1728 1297/2768/1728
f 1296/2765/1729 1295/2764/1729 1293/2762/1729
f 1295/2764/1730 1291/2760/1730 1293/2762/1730
f 1293/2767/1731 1290/2759/1731 1297/2768/1731
f 1293/2767/1732 1292/2769/1732 1290/2759/1732
f 1292/2769/1733 1288/2757/1733 1290/2759/1733
s 1
f 1290/2759/1734 1287/2756/1734 1297/2768/1734
s 0
f 1290/2759/1735 1289/2758/1735 1287/2756/1735
f 1289/2758/1736 1285/2754/1736 1287/2756/1736
f 1287/2756/1737 1284/2770/1737 1297/2768/1737
f 1287/2756/1738 1286/2755/1738 1284/2770/1738
s 1
f 1286/2771/1739 1282/2751/1739 1284/2753/1739
s 0
f 1284/2770/1740 1296/2766/1740 1297/2768/1740
f 1284/2753/1741 1283/2752/1741 1296/2772/1741
s 1
f 1283/2752/1742 1294/2773/1725 1296/2772/1727
s 0
f 1281/2774/1743 1295/2764/1743 1294/2763/1743
f 1281/2774/1744 1276/2775/1744 1295/2764/1744
f 1276/2775/1745 1291/2760/1745 1295/2764/1745
f 1280/2776/1746 1292/2761/1746 1291/2760/1746
f 1280/2777/1747 1273/2778/1747 1292/2779/1747
f 1273/2778/1748 1288/2780/1748 1292/2779/1748
f 1279/2781/1749 1289/2782/1749 1288/2780/1749
f 1279/2783/1750 1270/2784/1750 1289/2785/1750
f 1270/2784/1751 1285/2786/1751 1289/2785/1751
f 1278/2787/1752 1286/2788/1752 1285/2786/1752
f 1278/2787/1753 1267/2789/1753 1286/2788/1753
f 1267/2790/1754 1282/2751/1754 1286/2771/1754
f 1277/2791/1755 1283/2752/1755 1282/2751/1755
f 1277/2791/1756 1264/2792/1756 1283/2752/1756
f 1264/2792/1757 1294/2773/1757 1283/2752/1757
f 1276/2775/1758 1280/2776/1758 1291/2760/1758
f 1276/2745/1759 1275/2744/1759 1280/2793/1759
f 1275/2794/1760 1271/2740/1760 1280/2749/1760
f 1273/2778/1761 1279/2781/1761 1288/2780/1761
f 1273/2742/1762 1272/2741/1762 1279/2795/1762
f 1272/2741/1763 1268/2796/1763 1279/2795/1763
f 1270/2784/1764 1278/2787/1764 1285/2786/1764
f 1270/2739/1765 1269/2738/1765 1278/2747/1765
f 1269/2738/1766 1265/2734/1766 1278/2747/1766
f 1267/2790/1767 1277/2791/1767 1282/2751/1767
f 1267/2797/1768 1266/2798/1768 1277/2746/1768
f 1266/2798/1769 1259/2731/1769 1277/2746/1769
f 1264/2799/1770 1281/2774/1770 1294/2763/1770
f 1264/2800/1771 1260/2801/1771 1281/2750/1771
f 1260/2801/1772 1274/2743/1772 1281/2750/1772
f 1263/2730/1773 1275/2802/1773 1274/2803/1773
f 1263/2730/1774 1262/2729/1774 1275/2802/1774
f 1262/2804/1775 1271/2740/1775 1275/2794/1775
f 1262/2804/1776 1272/2741/1776 1271/2740/1776
f 1262/2804/1777 1261/2805/1777 1272/2741/1777
s 1
f 1261/2805/1778 1268/2796/1779 1272/2741/1780
f 1261/2806/1778 1269/2738/1781 1268/2737/1779
s 0
f 1261/2728/1782 1258/2725/1782 1269/2807/1782
f 1258/2808/1783 1265/2734/1783 1269/2738/1783
f 1260/2727/1784 1263/2730/1784 1274/2803/1784
f 1260/2727/1785 1257/2724/1785 1263/2730/1785
s 1
f 1257/2724/1786 1256/2723/1786 1263/2730/1786
s 0
f 1258/2725/1787 1266/2809/1787 1265/2810/1787
f 1258/2725/1788 1257/2724/1788 1266/2809/1788
f 1257/2724/1789 1259/2726/1789 1266/2809/1789
f 1298/2811/1790 1300/2812/1790 1299/2813/1790
f 1298/2811/1791 1301/2814/1791 1300/2812/1791
f 1302/2815/1792 1298/2816/1792 1299/2817/1792
f 1303/2818/1792 1298/2816/1792 1302/2815/1792
f 1304/2819/1793 1302/2815/1793 1305/2820/1793
f 1304/2819/1793 1303/2818/1793 1302/2815/1793
f 1306/2821/1794 1305/2820/1794 1307/2822/1794
f 1306/2821/1794 1304/2819/1794 1305/2820/1794
f 1308/2823/1795 1307/2824/1795 1309/2825/1795
f 1308/2823/1795 1306/2826/1795 1307/2824/1795
f 1310/2827/1796 1309/2828/1796 1311/2829/1796
f 1310/2827/1796 1308/2830/1796 1309/2828/1796
f 1312/2831/1797 1311/2829/1797 1313/2832/1797
f 1312/2831/1797 1310/2827/1797 1311/2829/1797
f 1314/2833/1798 1313/2832/1798 1315/2834/1798
f 1314/2833/1798 1312/2831/1798 1313/2832/1798
f 1301/2814/1799 1315/2835/1799 1300/2812/1799
f 1301/2814/1799 1314/2836/1799 1315/2835/1799
f 1316/2837/1800 1318/2838/1800 1317/2839/1800
f 1316/2837/1801 1319/2840/1801 1318/2838/1801
f 1321/2841/1802 1317/2842/1802 1322/2843/1802
f 1321/2844/1803 1316/2845/1803 1317/2846/1803
f 1323/2847/1804 1325/2848/1804 1324/2849/1804
f 1323/2847/1805 1326/2850/1805 1325/2848/1805
f 1376/2851/1806 1375/2852/1806 1328/2853/1806
f 1327/2854/1807 1330/2855/1807 1329/2856/1807 1375/2857/1807
f 1331/2858/1808 1322/2859/1808 1332/2860/1808
f 1331/2858/1809 1321/2861/1809 1322/2859/1809
f 1334/2862/1810 1328/2853/1810 1335/2863/1810
f 1327/2864/1811 1376/2851/1811 1334/2862/1811
f 1330/2855/1812 1332/2865/1812 1329/2856/1812
f 1330/2855/1813 1331/2866/1813 1332/2865/1813
f 1336/2867/1814 1338/2868/1814 1337/2869/1814
f 1336/2867/1815 1339/2870/1815 1338/2868/1815
f 1340/2871/1816 1342/2872/1816 1341/2873/1816
f 1343/2874/1817 1342/2872/1817 1340/2871/1817
f 1344/2875/1818 1343/2876/1818 1345/2877/1818
f 1344/2875/1819 1346/2878/1819 1343/2876/1819
f 1347/2879/1820 1336/2880/1820 1337/2881/1820
f 1348/2882/1821 1336/2880/1821 1347/2879/1821
f 1350/2883/1822 1349/2884/1822 1357/2885/1822
f 1357/2886/1823 1344/2875/1823 1350/2887/1823
f 1342/2888/1824 1352/2889/1824 1351/2890/1824
f 1353/2891/1825 1352/2889/1825 1342/2888/1825
f 1354/2892/1826 1348/2882/1826 1347/2879/1826
f 1355/2893/1827 1348/2882/1827 1354/2892/1827
f 1339/2870/1828 1356/2894/1828 1338/2868/1828
f 1339/2870/1829 1357/2885/1829 1356/2894/1829
f 1343/2876/1830 1353/2895/1830 1342/2896/1830
f 1346/2878/1831 1353/2895/1831 1343/2876/1831
f 1351/2890/1832 1355/2897/1832 1354/2898/1832
f 1352/2889/1833 1355/2897/1833 1351/2890/1833
f 1358/2899/1834 1341/2900/1834 1359/2901/1834
f 1358/2899/1834 1360/2902/1834 1341/2900/1834
f 1361/2903/1835 1351/2904/1835 1354/2905/1835
f 1359/2906/1835 1351/2904/1835 1361/2903/1835
f 1338/2907/1836 1362/2908/1836 1337/2909/1836
f 1338/2907/1837 1363/2910/1837 1362/2908/1837
f 1345/2911/1838 1340/2871/1838 1364/2912/1838
f 1343/2874/1838 1340/2871/1838 1345/2911/1838
f 1362/2908/1839 1347/2913/1839 1337/2909/1839
f 1362/2908/1840 1365/2914/1840 1347/2913/1840
f 1345/2911/1841 1366/2915/1841 1356/2916/1841
f 1345/2911/1841 1364/2912/1841 1366/2915/1841
f 1341/2873/1842 1351/2904/1842 1359/2906/1842
f 1341/2873/1843 1342/2872/1843 1351/2904/1843
f 1365/2914/1844 1354/2905/1844 1347/2913/1844
f 1361/2903/1844 1354/2905/1844 1365/2914/1844
f 1356/2916/1845 1363/2910/1845 1338/2907/1845
f 1356/2916/1845 1366/2915/1845 1363/2910/1845
f 1367/2917/1846 1361/2918/1846 1365/2919/1846
f 1367/2917/1846 1368/2920/1846 1361/2918/1846
f 1366/2921/1847 1369/2922/1847 1363/2923/1847
f 1370/2924/1847 1369/2922/1847 1366/2921/1847
f 1360/2925/1848 1340/2926/1848 1341/2927/1848
f 1360/2925/1848 1371/2928/1848 1340/2926/1848
f 1368/2929/1849 1359/2901/1849 1361/2930/1849
f 1368/2929/1850 1358/2899/1850 1359/2901/1850
f 1363/2923/1851 1372/2931/1851 1362/2932/1851
f 1369/2922/1851 1372/2931/1851 1363/2923/1851
f 1340/2926/1852 1373/2933/1852 1364/2934/1852
f 1371/2928/1852 1373/2933/1852 1340/2926/1852
f 1372/2935/1853 1365/2919/1853 1362/2936/1853
f 1372/2935/1853 1367/2917/1853 1365/2919/1853
f 1364/2934/1854 1370/2937/1854 1366/2938/1854
f 1373/2933/1854 1370/2937/1854 1364/2934/1854
f 1320/2939/1855 1335/2863/1855 1325/2848/1855
f 1326/2850/1856 1320/2939/1856 1325/2848/1856
f 1335/2863/1857 1320/2939/1857 1334/2862/1857
f 1326/2850/1858 1334/2862/1858 1320/2939/1858
f 1323/2940/1859 1374/2941/1859 1319/2942/1859
f 1333/2943/1860 1324/2944/1860 1318/2838/1860
f 1333/2945/1861 1374/2946/1861 1324/2947/1861
f 1319/2840/1862 1333/2943/1862 1318/2838/1862
f 1374/2941/1863 1323/2940/1863 1324/2948/1863
f 1333/2945/1864 1319/2949/1864 1374/2946/1864
f 1349/2950/1865 1345/2951/1865 1356/2952/1865
f 1349/2884/1866 1350/2883/1866 1345/2953/1866
f 1350/2887/1867 1344/2875/1867 1345/2877/1867
f 1357/2885/1868 1349/2884/1868 1356/2894/1868
f 1315/2834/1869 1321/2954/1869 1331/2955/1869
f 1315/2834/1870 1313/2832/1870 1321/2954/1870
f 1313/2832/1871 1316/2956/1871 1321/2954/1871
f 1313/2832/1872 1311/2829/1872 1316/2956/1872
f 1311/2829/1873 1319/2957/1873 1316/2956/1873
f 1311/2829/1874 1309/2828/1874 1319/2957/1874
f 1309/2828/1875 1323/2958/1875 1319/2957/1875
f 1309/2828/1876 1307/2959/1876 1323/2958/1876
f 1307/2959/1877 1326/2960/1877 1323/2958/1877
f 1307/2959/1878 1305/2961/1878 1326/2960/1878
f 1299/2962/1879 1330/2963/1879 1327/2964/1879
f 1299/2962/1880 1300/2965/1880 1330/2963/1880
f 1326/2960/1881 1302/2966/1881 1334/2967/1881
f 1305/2961/1882 1302/2966/1882 1326/2960/1882
f 1302/2966/1883 1327/2964/1883 1334/2967/1883
f 1302/2966/1883 1299/2962/1883 1327/2964/1883
f 1300/2965/1884 1331/2955/1884 1330/2963/1884
f 1300/2965/1885 1315/2834/1885 1331/2955/1885
f 1318/2968/1886 1357/2969/1886 1339/2970/1886
f 1318/2968/1886 1324/2971/1886 1357/2969/1886
f 1353/2972/1886 1335/2973/1886 1328/2974/1886
f 1346/2975/1886 1335/2973/1886 1353/2972/1886
f 1332/2976/1886 1352/2977/1886 1329/2978/1886
f 1332/2976/1887 1355/2979/1887 1352/2977/1887
f 1317/2842/1886 1339/2970/1886 1336/2980/1886
f 1318/2968/1886 1339/2970/1886 1317/2842/1886
f 1346/2975/1886 1325/2981/1886 1335/2973/1886
f 1344/2982/1886 1325/2981/1886 1346/2975/1886
f 1317/2842/1886 1348/2983/1886 1322/2843/1886
f 1317/2842/1886 1336/2980/1886 1348/2983/1886
f 1357/2969/1886 1325/2981/1886 1344/2982/1886
f 1357/2969/1886 1324/2971/1886 1325/2981/1886
f 1352/2977/1886 1328/2974/1886 1329/2978/1886
f 1353/2972/1887 1328/2974/1887 1352/2977/1887
f 1322/2843/1887 1355/2979/1887 1332/2976/1887
f 1322/2843/1886 1348/2983/1886 1355/2979/1886
f 1327/2854/1888 1330/2855/1888 1375/2857/1888
f 1375/2857/1889 1329/2856/1889 1328/2984/1889
f 1375/2852/1890 1376/2851/1890 1327/2864/1890
f 1376/2851/1891 1328/2853/1891 1334/2862/1891
f 1310/2827/1892 1383/2985/1892 1382/2986/1892 1308/2830/1892
f 1308/2830/1893 1382/2986/1893 1381/2987/1893 1306/2988/1893
f 1301/2814/1894 1378/2989/1894 1385/2990/1894 1314/2836/1894
f 1298/2811/1895 1377/2991/1895 1378/2989/1895 1301/2814/1895
f 1306/2821/1896 1381/2992/1896 1380/2993/1896 1304/2819/1896
f 1304/2819/1897 1380/2993/1897 1379/2994/1897 1303/2818/1897
f 1303/2818/1898 1379/2994/1898 1377/2995/1898 1298/2816/1898
f 1314/2833/1899 1385/2996/1899 1384/2997/1899 1312/2831/1899
f 1312/2831/1900 1384/2997/1900 1383/2985/1900 1310/2827/1900
f 1386/2998/1901 1388/2999/1901 1387/3000/1901
f 1386/2998/1901 1389/3001/1901 1388/2999/1901
f 1390/3002/1902 1386/3003/1902 1387/3004/1902
f 1391/3005/1902 1386/3003/1902 1390/3002/1902
f 1392/3006/1903 1390/3002/1903 1393/3007/1903
f 1392/3006/1903 1391/3005/1903 1390/3002/1903
f 1394/3008/1904 1393/3007/1904 1395/3009/1904
f 1394/3008/1904 1392/3006/1904 1393/3007/1904
f 1396/3010/1905 1395/3011/1905 1397/3012/1905
f 1396/3010/1905 1394/3013/1905 1395/3011/1905
f 1398/3014/1906 1397/3012/1906 1399/3015/1906
f 1398/3014/1906 1396/3010/1906 1397/3012/1906
f 1400/3016/1907 1399/3017/1907 1401/3018/1907
f 1400/3016/1907 1398/3019/1907 1399/3017/1907
f 1402/3020/1908 1401/3018/1908 1403/3021/1908
f 1402/3020/1908 1400/3016/1908 1401/3018/1908
f 1389/3001/1909 1403/3021/1909 1388/2999/1909
f 1389/3001/1909 1402/3020/1909 1403/3021/1909
f 1404/3022/1910 1406/3023/1910 1405/3024/1910
f 1404/3022/1911 1407/3025/1911 1406/3023/1911
f 1409/3026/1912 1405/3027/1912 1410/3028/1912
f 1409/3026/1913 1404/3029/1913 1405/3027/1913
f 1411/3030/1914 1413/3031/1914 1412/3032/1914
f 1411/3030/1915 1414/3033/1915 1413/3031/1915
f 1464/3034/1916 1463/3035/1916 1416/3036/1916
f 1415/3037/1917 1418/3038/1917 1417/3039/1917 1463/3040/1917
f 1419/3041/1918 1410/3042/1918 1420/3043/1918
f 1419/3044/1919 1409/3045/1919 1410/3046/1919
f 1422/3047/1920 1416/3036/1920 1423/3048/1920
f 1415/3049/1921 1464/3034/1921 1422/3047/1921
f 1418/3050/1922 1420/3051/1922 1417/3052/1922
f 1418/3050/1923 1419/3044/1923 1420/3051/1923
f 1424/3053/1924 1426/3054/1924 1425/3055/1924
f 1424/3053/1925 1427/3056/1925 1426/3054/1925
f 1428/3057/1926 1430/3058/1926 1429/3059/1926
f 1431/3060/1926 1430/3058/1926 1428/3057/1926
f 1432/3061/1927 1431/3062/1927 1433/3063/1927
f 1432/3061/1928 1434/3064/1928 1431/3062/1928
f 1435/3065/1929 1424/3066/1929 1425/3067/1929
f 1436/3068/1930 1424/3066/1930 1435/3065/1930
f 1438/3069/1931 1437/3070/1931 1445/3071/1931
f 1445/3072/1932 1432/3061/1932 1438/3073/1932
f 1430/3074/1933 1440/3075/1933 1439/3076/1933
f 1441/3077/1934 1440/3075/1934 1430/3074/1934
f 1442/3078/1935 1436/3068/1935 1435/3065/1935
f 1443/3079/1936 1436/3068/1936 1442/3078/1936
f 1427/3056/1937 1444/3080/1937 1426/3054/1937
f 1427/3056/1938 1445/3071/1938 1444/3080/1938
f 1431/3062/1939 1441/3081/1939 1430/3082/1939
f 1434/3064/1940 1441/3081/1940 1431/3062/1940
f 1439/3083/1941 1443/3084/1941 1442/3085/1941
f 1440/3086/1942 1443/3084/1942 1439/3083/1942
f 1446/3087/1943 1429/3088/1943 1447/3089/1943
f 1446/3087/1943 1448/3090/1943 1429/3088/1943
f 1449/3091/1944 1439/3083/1944 1442/3085/1944
f 1447/3092/1944 1439/3083/1944 1449/3091/1944
f 1426/3093/1945 1450/3094/1945 1425/3095/1945
f 1426/3093/1945 1451/3096/1945 1450/3094/1945
f 1433/3097/1946 1428/3057/1946 1452/3098/1946
f 1431/3060/1946 1428/3057/1946 1433/3097/1946
f 1450/3094/1947 1435/3099/1947 1425/3095/1947
f 1450/3094/1947 1453/3100/1947 1435/3099/1947
f 1433/3097/1948 1454/3101/1948 1444/3102/1948
f 1433/3097/1948 1452/3098/1948 1454/3101/1948
f 1429/3059/1949 1439/3083/1949 1447/3092/1949
f 1429/3059/1949 1430/3058/1949 1439/3083/1949
f 1453/3100/1950 1442/3085/1950 1435/3099/1950
f 1449/3091/1950 1442/3085/1950 1453/3100/1950
f 1444/3102/1951 1451/3096/1951 1426/3093/1951
f 1444/3102/1952 1454/3101/1952 1451/3096/1952
f 1455/3103/1953 1449/3104/1953 1453/3105/1953
f 1455/3103/1953 1456/3106/1953 1449/3104/1953
f 1454/3107/1954 1457/3108/1954 1451/3109/1954
f 1458/3110/1954 1457/3108/1954 1454/3107/1954
f 1448/3111/1955 1428/3112/1955 1429/3113/1955
f 1448/3111/1955 1459/3114/1955 1428/3112/1955
f 1456/3115/1956 1447/3089/1956 1449/3116/1956
f 1456/3115/1957 1446/3087/1957 1447/3089/1957
f 1451/3109/1958 1460/3117/1958 1450/3118/1958
f 1457/3108/1958 1460/3117/1958 1451/3109/1958
f 1428/3112/1959 1461/3119/1959 1452/3120/1959
f 1459/3114/1960 1461/3119/1960 1428/3112/1960
f 1460/3121/1961 1453/3105/1961 1450/3122/1961
f 1460/3121/1962 1455/3103/1962 1453/3105/1962
f 1452/3120/1963 1458/3123/1963 1454/3124/1963
f 1461/3119/1963 1458/3123/1963 1452/3120/1963
f 1408/3125/1964 1423/3048/1964 1413/3031/1964
f 1414/3033/1965 1408/3125/1965 1413/3031/1965
f 1423/3048/1966 1408/3125/1966 1422/3047/1966
f 1414/3033/1967 1422/3047/1967 1408/3125/1967
f 1411/3126/1968 1462/3127/1968 1407/3025/1968
f 1421/3128/1969 1412/3129/1969 1406/3023/1969
f 1421/3128/1970 1462/3127/1970 1412/3129/1970
f 1407/3025/1971 1421/3128/1971 1406/3023/1971
f 1462/3127/1972 1411/3126/1972 1412/3129/1972
f 1421/3128/1973 1407/3025/1973 1462/3127/1973
f 1437/3130/1974 1433/3131/1974 1444/3132/1974
f 1437/3070/1975 1438/3069/1975 1433/3133/1975
f 1438/3073/1976 1432/3061/1976 1433/3063/1976
f 1445/3071/1977 1437/3070/1977 1444/3080/1977
f 1403/3021/1978 1409/3045/1978 1419/3044/1978
f 1403/3021/1979 1401/3018/1979 1409/3045/1979
f 1401/3018/1980 1404/3134/1980 1409/3045/1980
f 1401/3018/1981 1399/3017/1981 1404/3134/1981
f 1399/3017/1982 1407/3135/1982 1404/3134/1982
f 1399/3017/1983 1397/3136/1983 1407/3135/1983
f 1397/3136/1984 1411/3137/1984 1407/3135/1984
f 1397/3136/1985 1395/3138/1985 1411/3137/1985
f 1395/3138/1986 1414/3139/1986 1411/3137/1986
f 1395/3138/1987 1393/3140/1987 1414/3139/1987
f 1387/3000/1988 1418/3050/1988 1415/3141/1988
f 1387/3000/1989 1388/2999/1989 1418/3050/1989
f 1414/3139/1990 1390/3142/1990 1422/3143/1990
f 1393/3140/1991 1390/3142/1991 1414/3139/1991
f 1390/3142/1992 1415/3141/1992 1422/3143/1992
f 1390/3142/1992 1387/3000/1992 1415/3141/1992
f 1388/2999/1993 1419/3044/1993 1418/3050/1993
f 1388/2999/1994 1403/3021/1994 1419/3044/1994
f 1406/3144/1995 1445/3145/1995 1427/3146/1995
f 1406/3144/1995 1412/3147/1995 1445/3145/1995
f 1441/3148/1995 1423/3149/1995 1416/3150/1995
f 1434/3151/1995 1423/3149/1995 1441/3148/1995
f 1420/3051/1995 1440/3086/1995 1417/3052/1995
f 1420/3051/1995 1443/3084/1995 1440/3086/1995
f 1405/3152/1995 1427/3146/1995 1424/3153/1995
f 1406/3144/1995 1427/3146/1995 1405/3152/1995
f 1434/3151/1995 1413/3154/1995 1423/3149/1995
f 1432/3155/1995 1413/3154/1995 1434/3151/1995
f 1405/3152/1995 1436/3156/1995 1410/3046/1995
f 1405/3152/1995 1424/3153/1995 1436/3156/1995
f 1445/3145/1995 1413/3154/1995 1432/3155/1995
f 1445/3145/1995 1412/3147/1995 1413/3154/1995
f 1440/3086/1995 1416/3150/1995 1417/3052/1995
f 1441/3148/1995 1416/3150/1995 1440/3086/1995
f 1410/3046/1995 1443/3084/1995 1420/3051/1995
f 1410/3046/1995 1436/3156/1995 1443/3084/1995
f 1415/3037/1996 1418/3038/1996 1463/3040/1996
f 1463/3157/1997 1417/3052/1997 1416/3150/1997
f 1463/3035/1998 1464/3034/1998 1415/3049/1998
f 1464/3034/1999 1416/3036/1999 1422/3047/1999
f 1398/3014/2000 1471/3158/2000 1470/3159/2000 1396/3010/2000
f 1396/3010/2001 1470/3159/2001 1469/3160/2001 1394/3013/2001
f 1389/3001/2002 1466/3161/2002 1473/3162/2002 1402/3020/2002
f 1386/2998/2003 1465/3163/2003 1466/3161/2003 1389/3001/2003
f 1394/3008/2004 1469/3164/2004 1468/3165/2004 1392/3006/2004
f 1392/3006/2005 1468/3165/2005 1467/3166/2005 1391/3005/2005
f 1391/3005/2006 1467/3166/2006 1465/3167/2006 1386/3003/2006
f 1402/3020/2007 1473/3162/2007 1472/3168/2007 1400/3016/2007
f 1400/3016/2008 1472/3168/2008 1471/3169/2008 1398/3019/2008
f 1474/3170/2009 1475/3171/2009 1476/3172/2009
f 1477/3173/2010 1475/3171/2010 1478/3174/2010
f 1474/3175/2011 1476/3176/2011 1479/3177/2011
f 1474/3175/2012 1479/3177/2012 1480/3178/2012
f 1474/3175/2013 1480/3178/2013 1481/3179/2013
f 1477/3173/2014 1478/3174/2014 1482/3180/2014
f 1483/3181/2015 1484/3182/2015 1485/3183/2015
f 1486/3184/2016 1487/3185/2016 1488/3186/2016
f 1489/3187/2017 1490/3188/2017 1491/3189/2017
f 1492/3190/2018 1493/3191/2018 1494/3192/2018
f 1477/3173/2019 1482/3180/2019 1495/3193/2019
f 1483/3194/2020 1485/3195/2020 1496/3196/2020
f 1486/3184/2021 1488/3186/2021 1497/3197/2021
f 1489/3187/2022 1491/3189/2022 1498/3198/2022
f 1492/3190/2023 1494/3192/2023 1499/3199/2023
f 1500/3200/2024 1501/3201/2024 1502/3202/2024
f 1503/3203/2025 1504/3204/2025 1505/3205/2025
f 1506/3206/2026 1507/3207/2026 1508/3208/2026
f 1509/3209/2027 1510/3210/2027 1511/3211/2027
s 1
f 1512/3212/2028 1513/3213/2029 1514/3214/2030
s 0
f 1514/3214/2031 1511/3215/2031 1515/3216/2031
f 1514/3217/2032 1513/3218/2032 1511/3219/2032
f 1513/3218/2033 1509/3220/2033 1511/3219/2033
f 1511/3211/2034 1508/3208/2034 1515/3221/2034
f 1511/3211/2035 1510/3210/2035 1508/3208/2035
f 1510/3210/2036 1506/3206/2036 1508/3208/2036
s 1
f 1508/3208/2037 1505/3222/2037 1515/3221/2037
s 0
f 1508/3208/2038 1507/3207/2038 1505/3222/2038
f 1507/3207/2039 1503/3223/2039 1505/3222/2039
f 1505/3205/2040 1502/3202/2040 1515/3216/2040
f 1505/3205/2041 1504/3204/2041 1502/3202/2041
s 1
f 1504/3204/2042 1500/3200/2042 1502/3202/2042
s 0
f 1502/3202/2043 1514/3214/2043 1515/3216/2043
f 1502/3202/2044 1501/3201/2044 1514/3214/2044
s 1
f 1501/3201/2045 1512/3212/2028 1514/3214/2030
s 0
f 1499/3224/2046 1513/3218/2046 1512/3225/2046
f 1499/3224/2047 1494/3226/2047 1513/3218/2047
f 1494/3226/2048 1509/3220/2048 1513/3218/2048
f 1498/3227/2049 1510/3228/2049 1509/3220/2049
f 1498/3229/2050 1491/3230/2050 1510/3210/2050
f 1491/3230/2051 1506/3206/2051 1510/3210/2051
f 1497/3231/2052 1507/3207/2052 1506/3206/2052
f 1497/3231/2053 1488/3232/2053 1507/3207/2053
f 1488/3233/2054 1503/3234/2054 1507/3235/2054
f 1496/3236/2055 1504/3237/2055 1503/3234/2055
f 1496/3236/2056 1485/3238/2056 1504/3237/2056
f 1485/3239/2057 1500/3200/2057 1504/3204/2057
f 1495/3240/2058 1501/3201/2058 1500/3200/2058
f 1495/3240/2059 1482/3241/2059 1501/3201/2059
f 1482/3241/2060 1512/3212/2060 1501/3201/2060
f 1494/3226/2061 1498/3227/2061 1509/3220/2061
f 1494/3192/2062 1493/3191/2062 1498/3242/2062
f 1493/3243/2063 1489/3187/2063 1498/3198/2063
f 1491/3230/2064 1497/3231/2064 1506/3206/2064
f 1491/3189/2065 1490/3188/2065 1497/3244/2065
f 1490/3188/2066 1486/3245/2066 1497/3244/2066
f 1488/3233/2067 1496/3236/2067 1503/3234/2067
f 1488/3186/2068 1487/3185/2068 1496/3196/2068
f 1487/3185/2069 1483/3194/2069 1496/3196/2069
f 1485/3239/2070 1495/3240/2070 1500/3200/2070
f 1485/3183/2071 1484/3182/2071 1495/3193/2071
f 1484/3182/2072 1477/3173/2072 1495/3193/2072
f 1482/3246/2073 1499/3224/2073 1512/3225/2073
f 1482/3247/2074 1478/3248/2074 1499/3199/2074
f 1478/3248/2075 1492/3190/2075 1499/3199/2075
f 1481/3179/2076 1493/3243/2076 1492/3249/2076
f 1481/3179/2077 1480/3178/2077 1493/3243/2077
f 1480/3178/2078 1489/3187/2078 1493/3243/2078
f 1480/3178/2079 1490/3188/2079 1489/3187/2079
f 1480/3178/2080 1479/3177/2080 1490/3188/2080
s 1
f 1479/3177/2081 1486/3245/2082 1490/3188/2083
f 1479/3177/2081 1487/3250/2084 1486/3245/2082
s 0
f 1479/3177/2085 1476/3176/2085 1487/3250/2085
f 1476/3172/2086 1483/3181/2086 1487/3251/2086
f 1478/3248/2087 1481/3252/2087 1492/3190/2087
f 1478/3174/2088 1475/3171/2088 1481/3253/2088
s 1
f 1475/3171/2089 1474/3170/2089 1481/3253/2089
s 0
f 1476/3172/2090 1484/3182/2090 1483/3181/2090
f 1476/3172/2091 1475/3171/2091 1484/3182/2091
f 1475/3171/2092 1477/3173/2092 1484/3182/2092
f 1516/3254/2093 1517/3255/2093 1518/3256/2093
f 1519/3257/2094 1517/3255/2094 1520/3258/2094
f 1516/3259/2095 1518/3260/2095 1521/3261/2095
f 1516/3259/2096 1521/3261/2096 1522/3262/2096
f 1516/3259/2097 1522/3262/2097 1523/3263/2097
f 1519/3257/2098 1520/3258/2098 1524/3264/2098
f 1525/3265/2099 1526/3266/2099 1527/3267/2099
f 1528/3268/2100 1529/3269/2100 1530/3270/2100
f 1531/3271/2101 1532/3272/2101 1533/3273/2101
f 1534/3274/2102 1535/3275/2102 1536/3276/2102
f 1519/3257/2103 1524/3264/2103 1537/3277/2103
f 1525/3265/2104 1527/3267/2104 1538/3278/2104
f 1528/3279/2105 1530/3280/2105 1539/3281/2105
f 1531/3282/2106 1533/3283/2106 1540/3284/2106
f 1534/3274/2107 1536/3276/2107 1541/3285/2107
f 1542/3286/2108 1543/3287/2108 1544/3288/2108
f 1545/3289/2109 1546/3290/2109 1547/3291/2109
f 1548/3292/2110 1549/3293/2110 1550/3294/2110
f 1551/3295/2111 1552/3296/2111 1553/3297/2111
s 1
f 1554/3298/2112 1555/3299/2113 1556/3300/2114
s 0
f 1556/3300/2115 1553/3301/2115 1557/3302/2115
f 1556/3300/2116 1555/3299/2116 1553/3301/2116
f 1555/3303/2117 1551/3295/2117 1553/3297/2117
f 1553/3304/2118 1550/3294/2118 1557/3305/2118
f 1553/3304/2119 1552/3306/2119 1550/3294/2119
f 1552/3306/2120 1548/3292/2120 1550/3294/2120
s 1
f 1550/3294/2121 1547/3291/2121 1557/3305/2121
s 0
f 1550/3294/2122 1549/3293/2122 1547/3291/2122
f 1549/3293/2123 1545/3289/2123 1547/3291/2123
f 1547/3291/2124 1544/3307/2124 1557/3305/2124
f 1547/3308/2125 1546/3309/2125 1544/3288/2125
s 1
f 1546/3309/2126 1542/3286/2126 1544/3288/2126
s 0
f 1544/3288/2127 1556/3300/2127 1557/3302/2127
f 1544/3288/2128 1543/3287/2128 1556/3300/2128
s 1
f 1543/3287/2129 1554/3298/2112 1556/3300/2114
s 0
f 1541/3310/2130 1555/3303/2130 1554/3311/2130
f 1541/3310/2131 1536/3312/2131 1555/3303/2131
f 1536/3312/2132 1551/3295/2132 1555/3303/2132
f 1540/3313/2133 1552/3296/2133 1551/3295/2133
f 1540/3313/2134 1533/3314/2134 1552/3296/2134
f 1533/3315/2135 1548/3292/2135 1552/3306/2135
f 1539/3316/2136 1549/3293/2136 1548/3292/2136
f 1539/3316/2137 1530/3317/2137 1549/3293/2137
f 1530/3317/2138 1545/3289/2138 1549/3293/2138
f 1538/3318/2139 1546/3319/2139 1545/3320/2139
f 1538/3318/2140 1527/3321/2140 1546/3319/2140
f 1527/3321/2141 1542/3322/2141 1546/3319/2141
f 1537/3323/2142 1543/3287/2142 1542/3286/2142
f 1537/3323/2143 1524/3324/2143 1543/3287/2143
f 1524/3324/2144 1554/3298/2144 1543/3287/2144
f 1536/3312/2145 1540/3313/2145 1551/3295/2145
f 1536/3276/2146 1535/3275/2146 1540/3284/2146
f 1535/3275/2147 1531/3282/2147 1540/3284/2147
f 1533/3315/2148 1539/3316/2148 1548/3292/2148
f 1533/3273/2149 1532/3272/2149 1539/3281/2149
f 1532/3272/2150 1528/3279/2150 1539/3281/2150
f 1530/3325/2151 1538/3318/2151 1545/3320/2151
f 1530/3270/2152 1529/3269/2152 1538/3278/2152
f 1529/3269/2153 1525/3265/2153 1538/3278/2153
f 1527/3321/2154 1537/3326/2154 1542/3322/2154
f 1527/3267/2155 1526/3266/2155 1537/3327/2155
f 1526/3328/2156 1519/3257/2156 1537/3277/2156
f 1524/3324/2157 1541/3329/2157 1554/3298/2157
f 1524/3264/2158 1520/3258/2158 1541/3330/2158
f 1520/3258/2159 1534/3331/2159 1541/3330/2159
f 1523/3332/2160 1535/3275/2160 1534/3274/2160
f 1523/3263/2161 1522/3262/2161 1535/3333/2161
f 1522/3262/2162 1531/3271/2162 1535/3333/2162
f 1522/3262/2163 1532/3272/2163 1531/3271/2163
f 1522/3262/2164 1521/3261/2164 1532/3272/2164
s 1
f 1521/3261/2165 1528/3279/2166 1532/3272/2167
f 1521/3261/2165 1529/3334/2168 1528/3279/2166
s 0
f 1521/3261/2169 1518/3260/2169 1529/3334/2169
f 1518/3335/2170 1525/3265/2170 1529/3269/2170
f 1520/3258/2171 1523/3336/2171 1534/3331/2171
f 1520/3258/2172 1517/3255/2172 1523/3336/2172
s 1
f 1517/3255/2173 1516/3254/2173 1523/3336/2173
s 0
f 1518/3256/2174 1526/3328/2174 1525/3337/2174
f 1518/3256/2175 1517/3255/2175 1526/3328/2175
f 1517/3255/2176 1519/3257/2176 1526/3328/2176
f 1558/3338/2177 1559/3339/2177 1560/3340/2177
f 1561/3341/2178 1559/3342/2178 1562/3343/2178
f 1558/3338/2179 1560/3340/2179 1563/3344/2179
f 1558/3338/2180 1563/3344/2180 1564/3345/2180
f 1558/3346/2181 1564/3347/2181 1565/3348/2181
f 1561/3341/2182 1562/3343/2182 1566/3349/2182
f 1567/3350/2183 1568/3351/2183 1569/3352/2183
f 1570/3353/2184 1571/3354/2184 1572/3355/2184
f 1573/3356/2185 1574/3357/2185 1575/3358/2185
f 1576/3359/2186 1577/3360/2186 1578/3361/2186
f 1561/3362/2187 1566/3363/2187 1579/3364/2187
f 1567/3350/2188 1569/3352/2188 1580/3365/2188
f 1570/3353/2189 1572/3355/2189 1581/3366/2189
f 1573/3356/2190 1575/3358/2190 1582/3367/2190
f 1576/3368/2191 1578/3369/2191 1583/3370/2191
f 1584/3371/2192 1585/3372/2192 1586/3373/2192
f 1587/3374/2193 1588/3375/2193 1589/3376/2193
f 1590/3377/2194 1591/3378/2194 1592/3379/2194
f 1593/3380/2195 1594/3381/2195 1595/3382/2195
s 1
f 1596/3383/2196 1597/3384/2197 1598/3385/2198
s 0
f 1598/3385/2199 1595/3386/2199 1599/3387/2199
f 1598/3385/2200 1597/3384/2200 1595/3386/2200
f 1597/3384/2201 1593/3388/2201 1595/3386/2201
f 1595/3386/2202 1592/3389/2202 1599/3387/2202
f 1595/3382/2203 1594/3381/2203 1592/3390/2203
f 1594/3381/2204 1590/3391/2204 1592/3390/2204
s 1
f 1592/3379/2205 1589/3376/2205 1599/3392/2205
s 0
f 1592/3379/2206 1591/3378/2206 1589/3376/2206
f 1591/3378/2207 1587/3374/2207 1589/3376/2207
f 1589/3376/2208 1586/3393/2208 1599/3392/2208
f 1589/3376/2209 1588/3375/2209 1586/3393/2209
s 1
f 1588/3375/2210 1584/3394/2210 1586/3393/2210
s 0
f 1586/3373/2211 1598/3385/2211 1599/3387/2211
f 1586/3373/2212 1585/3372/2212 1598/3385/2212
s 1
f 1585/3372/2213 1596/3383/2196 1598/3385/2198
s 0
f 1583/3395/2214 1597/3384/2214 1596/3383/2214
f 1583/3395/2215 1578/3396/2215 1597/3384/2215
f 1578/3397/2216 1593/3380/2216 1597/3398/2216
f 1582/3399/2217 1594/3381/2217 1593/3380/2217
f 1582/3399/2218 1575/3400/2218 1594/3381/2218
f 1575/3400/2219 1590/3391/2219 1594/3381/2219
f 1581/3401/2220 1591/3378/2220 1590/3377/2220
f 1581/3401/2221 1572/3402/2221 1591/3378/2221
f 1572/3402/2222 1587/3374/2222 1591/3378/2222
f 1580/3403/2223 1588/3375/2223 1587/3374/2223
f 1580/3404/2224 1569/3405/2224 1588/3406/2224
f 1569/3405/2225 1584/3407/2225 1588/3406/2225
f 1579/3408/2226 1585/3409/2226 1584/3407/2226
f 1579/3408/2227 1566/3410/2227 1585/3409/2227
f 1566/3411/2228 1596/3383/2228 1585/3372/2228
f 1578/3397/2229 1582/3399/2229 1593/3380/2229
f 1578/3361/2230 1577/3360/2230 1582/3367/2230
f 1577/3360/2231 1573/3356/2231 1582/3367/2231
f 1575/3400/2232 1581/3412/2232 1590/3391/2232
f 1575/3358/2233 1574/3357/2233 1581/3413/2233
f 1574/3414/2234 1570/3353/2234 1581/3366/2234
f 1572/3402/2235 1580/3403/2235 1587/3374/2235
f 1572/3355/2236 1571/3354/2236 1580/3415/2236
f 1571/3416/2237 1567/3350/2237 1580/3365/2237
f 1569/3405/2238 1579/3408/2238 1584/3407/2238
f 1569/3352/2239 1568/3351/2239 1579/3364/2239
f 1568/3351/2240 1561/3362/2240 1579/3364/2240
f 1566/3411/2241 1583/3395/2241 1596/3383/2241
f 1566/3349/2242 1562/3343/2242 1583/3370/2242
f 1562/3343/2243 1576/3368/2243 1583/3370/2243
f 1565/3348/2244 1577/3417/2244 1576/3368/2244
f 1565/3348/2245 1564/3347/2245 1577/3417/2245
f 1564/3418/2246 1573/3356/2246 1577/3360/2246
f 1564/3345/2247 1574/3414/2247 1573/3419/2247
f 1564/3345/2248 1563/3344/2248 1574/3414/2248
s 1
f 1563/3344/2249 1570/3353/2250 1574/3414/2251
f 1563/3344/2249 1571/3354/2252 1570/3353/2250
s 0
f 1563/3344/2253 1560/3340/2253 1571/3354/2253
f 1560/3340/2254 1567/3420/2254 1571/3354/2254
f 1562/3343/2255 1565/3348/2255 1576/3368/2255
f 1562/3343/2256 1559/3342/2256 1565/3348/2256
s 1
f 1559/3342/2257 1558/3346/2257 1565/3348/2257
s 0
f 1560/3421/2258 1568/3351/2258 1567/3350/2258
f 1560/3422/2259 1559/3342/2259 1568/3423/2259
f 1559/3342/2260 1561/3341/2260 1568/3423/2260
f 1600/3424/2261 1601/3425/2261 1602/3426/2261
f 1603/3427/2262 1601/3428/2262 1604/3429/2262
f 1600/3424/2263 1602/3426/2263 1605/3430/2263
f 1600/3424/2264 1605/3430/2264 1606/3431/2264
f 1600/3432/2265 1606/3433/2265 1607/3434/2265
f 1603/3427/2266 1604/3429/2266 1608/3435/2266
f 1609/3436/2267 1610/3437/2267 1611/3438/2267
f 1612/3439/2268 1613/3440/2268 1614/3441/2268
f 1615/3442/2269 1616/3443/2269 1617/3444/2269
f 1618/3445/2270 1619/3446/2270 1620/3447/2270
f 1603/3448/2271 1608/3449/2271 1621/3450/2271
f 1609/3436/2272 1611/3438/2272 1622/3451/2272
f 1612/3439/2273 1614/3441/2273 1623/3452/2273
f 1615/3442/2274 1617/3444/2274 1624/3453/2274
f 1618/3454/2275 1620/3455/2275 1625/3456/2275
f 1626/3457/2276 1627/3458/2276 1628/3459/2276
f 1629/3460/2277 1630/3461/2277 1631/3462/2277
f 1632/3463/2278 1633/3464/2278 1634/3465/2278
f 1635/3466/2279 1636/3467/2279 1637/3468/2279
s 1
f 1638/3469/2280 1639/3470/2281 1640/3471/2282
s 0
f 1640/3471/2283 1637/3472/2283 1641/3473/2283
f 1640/3471/2284 1639/3470/2284 1637/3472/2284
f 1639/3470/2285 1635/3474/2285 1637/3472/2285
f 1637/3472/2286 1634/3475/2286 1641/3473/2286
f 1637/3468/2287 1636/3467/2287 1634/3476/2287
f 1636/3467/2288 1632/3477/2288 1634/3476/2288
s 1
f 1634/3465/2289 1631/3462/2289 1641/3478/2289
s 0
f 1634/3465/2290 1633/3464/2290 1631/3462/2290
f 1633/3464/2291 1629/3460/2291 1631/3462/2291
f 1631/3462/2292 1628/3479/2292 1641/3478/2292
f 1631/3462/2293 1630/3461/2293 1628/3479/2293
s 1
f 1630/3480/2294 1626/3481/2294 1628/3482/2294
s 0
f 1628/3459/2295 1640/3471/2295 1641/3473/2295
f 1628/3459/2296 1627/3458/2296 1640/3471/2296
s 1
f 1627/3458/2297 1638/3469/2280 1640/3471/2282
s 0
f 1625/3483/2298 1639/3470/2298 1638/3469/2298
f 1625/3484/2299 1620/3485/2299 1639/3486/2299
f 1620/3485/2300 1635/3466/2300 1639/3486/2300
f 1624/3487/2301 1636/3467/2301 1635/3466/2301
f 1624/3487/2302 1617/3488/2302 1636/3467/2302
f 1617/3488/2303 1632/3477/2303 1636/3467/2303
f 1623/3489/2304 1633/3464/2304 1632/3463/2304
f 1623/3489/2305 1614/3490/2305 1633/3464/2305
f 1614/3490/2306 1629/3460/2306 1633/3464/2306
f 1622/3491/2307 1630/3480/2307 1629/3492/2307
f 1622/3491/2308 1611/3493/2308 1630/3480/2308
f 1611/3493/2309 1626/3481/2309 1630/3480/2309
f 1621/3494/2310 1627/3495/2310 1626/3481/2310
f 1621/3494/2311 1608/3496/2311 1627/3495/2311
f 1608/3497/2312 1638/3469/2312 1627/3458/2312
f 1620/3485/2313 1624/3487/2313 1635/3466/2313
f 1620/3447/2314 1619/3446/2314 1624/3453/2314
f 1619/3446/2315 1615/3442/2315 1624/3453/2315
f 1617/3488/2316 1623/3498/2316 1632/3477/2316
f 1617/3444/2317 1616/3443/2317 1623/3499/2317
f 1616/3500/2318 1612/3439/2318 1623/3452/2318
f 1614/3490/2319 1622/3501/2319 1629/3460/2319
f 1614/3441/2320 1613/3440/2320 1622/3502/2320
f 1613/3503/2321 1609/3436/2321 1622/3451/2321
f 1611/3493/2322 1621/3494/2322 1626/3481/2322
f 1611/3438/2323 1610/3437/2323 1621/3450/2323
f 1610/3437/2324 1603/3448/2324 1621/3450/2324
f 1608/3497/2325 1625/3483/2325 1638/3469/2325
f 1608/3435/2326 1604/3429/2326 1625/3456/2326
f 1604/3429/2327 1618/3454/2327 1625/3456/2327
f 1607/3434/2328 1619/3504/2328 1618/3454/2328
f 1607/3434/2329 1606/3433/2329 1619/3504/2329
f 1606/3505/2330 1615/3442/2330 1619/3446/2330
f 1606/3431/2331 1616/3500/2331 1615/3506/2331
f 1606/3431/2332 1605/3430/2332 1616/3500/2332
s 1
f 1605/3430/2333 1612/3439/2334 1616/3500/2335
f 1605/3430/2333 1613/3440/2336 1612/3439/2334
s 0
f 1605/3430/2337 1602/3426/2337 1613/3440/2337
f 1602/3426/2338 1609/3507/2338 1613/3440/2338
f 1604/3429/2339 1607/3434/2339 1618/3454/2339
f 1604/3429/2340 1601/3428/2340 1607/3434/2340
s 1
f 1601/3428/2341 1600/3432/2341 1607/3434/2341
s 0
f 1602/3508/2342 1610/3437/2342 1609/3436/2342
f 1602/3508/2343 1601/3509/2343 1610/3437/2343
f 1601/3509/2344 1603/3448/2344 1610/3437/2344
f 1642/3510/2345 1643/3511/2345 1644/3512/2345
f 1645/3513/2346 1643/3514/2346 1646/3515/2346
f 1642/3510/2347 1644/3512/2347 1647/3516/2347
f 1642/3510/2348 1647/3516/2348 1648/3517/2348
f 1642/3518/2349 1648/3519/2349 1649/3520/2349
f 1645/3513/2350 1646/3515/2350 1650/3521/2350
f 1651/3522/2351 1652/3523/2351 1653/3524/2351
f 1654/3525/2352 1655/3526/2352 1656/3527/2352
f 1657/3528/2353 1658/3529/2353 1659/3530/2353
f 1660/3531/2354 1661/3532/2354 1662/3533/2354
f 1645/3534/2355 1650/3535/2355 1663/3536/2355
f 1651/3522/2356 1653/3524/2356 1664/3537/2356
f 1654/3525/2357 1656/3527/2357 1665/3538/2357
f 1657/3528/2358 1659/3530/2358 1666/3539/2358
f 1660/3531/2359 1662/3533/2359 1667/3540/2359
f 1668/3541/2360 1669/3542/2360 1670/3543/2360
f 1671/3544/2361 1672/3545/2361 1673/3546/2361
f 1674/3547/2362 1675/3548/2362 1676/3549/2362
f 1677/3550/2363 1678/3551/2363 1679/3552/2363
s 1
f 1680/3553/2364 1681/3554/2365 1682/3555/2366
s 0
f 1682/3555/2367 1679/3552/2367 1683/3556/2367
f 1682/3555/2368 1681/3554/2368 1679/3552/2368
f 1681/3554/2369 1677/3550/2369 1679/3552/2369
f 1679/3552/2370 1676/3557/2370 1683/3556/2370
f 1679/3552/2371 1678/3551/2371 1676/3557/2371
f 1678/3558/2372 1674/3559/2372 1676/3560/2372
s 1
f 1676/3549/2373 1673/3546/2373 1683/3561/2373
s 0
f 1676/3549/2374 1675/3548/2374 1673/3546/2374
f 1675/3548/2375 1671/3544/2375 1673/3546/2375
f 1673/3546/2376 1670/3562/2376 1683/3561/2376
f 1673/3546/2377 1672/3545/2377 1670/3562/2377
s 1
f 1672/3545/2378 1668/3563/2378 1670/3562/2378
s 0
f 1670/3564/2379 1682/3555/2379 1683/3556/2379
f 1670/3564/2380 1669/3565/2380 1682/3555/2380
s 1
f 1669/3565/2381 1680/3553/2364 1682/3555/2366
s 0
f 1667/3566/2382 1681/3554/2382 1680/3553/2382
f 1667/3566/2383 1662/3567/2383 1681/3554/2383
f 1662/3567/2384 1677/3550/2384 1681/3554/2384
f 1666/3568/2385 1678/3558/2385 1677/3569/2385
f 1666/3568/2386 1659/3570/2386 1678/3558/2386
f 1659/3570/2387 1674/3559/2387 1678/3558/2387
f 1665/3571/2388 1675/3572/2388 1674/3559/2388
f 1665/3573/2389 1656/3574/2389 1675/3548/2389
f 1656/3574/2390 1671/3544/2390 1675/3548/2390
f 1664/3575/2391 1672/3545/2391 1671/3544/2391
f 1664/3575/2392 1653/3576/2392 1672/3545/2392
f 1653/3577/2393 1668/3541/2393 1672/3578/2393
f 1663/3579/2394 1669/3542/2394 1668/3541/2394
f 1663/3579/2395 1650/3580/2395 1669/3542/2395
f 1650/3580/2396 1680/3581/2396 1669/3542/2396
f 1662/3582/2397 1666/3568/2397 1677/3569/2397
f 1662/3583/2398 1661/3584/2398 1666/3539/2398
f 1661/3584/2399 1657/3528/2399 1666/3539/2399
f 1659/3570/2400 1665/3571/2400 1674/3559/2400
f 1659/3530/2401 1658/3529/2401 1665/3585/2401
f 1658/3529/2402 1654/3586/2402 1665/3585/2402
f 1656/3574/2403 1664/3575/2403 1671/3544/2403
f 1656/3527/2404 1655/3526/2404 1664/3587/2404
f 1655/3526/2405 1651/3588/2405 1664/3587/2405
f 1653/3577/2406 1663/3579/2406 1668/3541/2406
f 1653/3524/2407 1652/3523/2407 1663/3536/2407
f 1652/3523/2408 1645/3534/2408 1663/3536/2408
f 1650/3589/2409 1667/3566/2409 1680/3553/2409
f 1650/3521/2410 1646/3515/2410 1667/3540/2410
f 1646/3515/2411 1660/3531/2411 1667/3540/2411
f 1649/3520/2412 1661/3532/2412 1660/3531/2412
f 1649/3520/2413 1648/3519/2413 1661/3532/2413
f 1648/3590/2414 1657/3528/2414 1661/3584/2414
f 1648/3590/2415 1658/3529/2415 1657/3528/2415
f 1648/3517/2416 1647/3516/2416 1658/3591/2416
s 1
f 1647/3516/2417 1654/3525/2418 1658/3591/2419
f 1647/3516/2417 1655/3526/2420 1654/3525/2418
s 0
f 1647/3516/2421 1644/3512/2421 1655/3526/2421
f 1644/3512/2422 1651/3588/2422 1655/3526/2422
f 1646/3515/2423 1649/3520/2423 1660/3531/2423
f 1646/3515/2424 1643/3514/2424 1649/3520/2424
s 1
f 1643/3514/2425 1642/3518/2425 1649/3520/2425
s 0
f 1644/3512/2426 1652/3592/2426 1651/3588/2426
f 1644/3512/2427 1643/3511/2427 1652/3592/2427
f 1643/3593/2428 1645/3534/2428 1652/3523/2428
f 1684/3594/2429 1686/3595/2429 1685/3596/2429
f 1684/3594/2429 1687/3597/2429 1686/3595/2429
f 1688/3598/2430 1684/3594/2430 1685/3596/2430
f 1689/3599/2431 1684/3594/2431 1688/3598/2431
f 1690/3600/2432 1688/3601/2432 1691/3602/2432
f 1690/3600/2432 1689/3603/2432 1688/3601/2432
f 1692/3604/2433 1691/3602/2433 1693/3605/2433
f 1692/3604/2433 1690/3600/2433 1691/3602/2433
f 1694/3606/2434 1693/3605/2434 1695/3607/2434
f 1694/3606/2434 1692/3604/2434 1693/3605/2434
f 1696/3608/2435 1695/3609/2435 1697/3610/2435
f 1696/3608/2435 1694/3611/2435 1695/3609/2435
f 1698/3612/2436 1697/3610/2436 1699/3613/2436
f 1698/3612/2436 1696/3608/2436 1697/3610/2436
f 1700/3614/2437 1699/3613/2437 1701/3615/2437
f 1700/3614/2437 1698/3612/2437 1699/3613/2437
f 1687/3597/2438 1701/3616/2438 1686/3595/2438
f 1687/3597/2438 1700/3617/2438 1701/3616/2438
f 1702/3618/2439 1704/3619/2439 1703/3620/2439
f 1702/3618/2440 1705/3621/2440 1704/3619/2440
f 1707/3622/2441 1703/3620/2441 1708/3623/2441
f 1707/3622/2442 1702/3618/2442 1703/3620/2442
f 1709/3624/2443 1711/3625/2443 1710/3626/2443
f 1709/3624/2444 1712/3627/2444 1711/3625/2444
f 1762/3628/2445 1761/3629/2445 1714/3630/2445
f 1713/3631/2446 1716/3632/2446 1715/3633/2446 1761/3629/2446
f 1717/3634/2447 1708/3623/2447 1718/3635/2447
f 1717/3634/2448 1707/3622/2448 1708/3623/2448
f 1720/3636/2449 1714/3630/2449 1721/3637/2449
f 1713/3631/2450 1762/3628/2450 1720/3636/2450
f 1716/3632/2451 1718/3638/2451 1715/3633/2451
f 1716/3632/2452 1717/3639/2452 1718/3638/2452
f 1722/3640/2453 1724/3641/2453 1723/3642/2453
f 1722/3640/2454 1725/3643/2454 1724/3641/2454
f 1726/3644/2455 1728/3645/2455 1727/3646/2455
f 1729/3647/2455 1728/3645/2455 1726/3644/2455
f 1730/3648/2456 1729/3647/2456 1731/3649/2456
f 1730/3648/2457 1732/3650/2457 1729/3647/2457
f 1733/3651/2458 1722/3652/2458 1723/3653/2458
f 1734/3654/2459 1722/3652/2459 1733/3651/2459
f 1736/3655/2460 1735/3656/2460 1743/3657/2460
f 1743/3657/2461 1730/3648/2461 1736/3655/2461
f 1728/3658/2462 1738/3659/2462 1737/3660/2462
f 1739/3661/2463 1738/3659/2463 1728/3658/2463
f 1740/3662/2464 1734/3654/2464 1733/3651/2464
f 1741/3663/2465 1734/3654/2465 1740/3662/2465
f 1725/3664/2466 1742/3665/2466 1724/3666/2466
f 1725/3664/2467 1743/3657/2467 1742/3665/2467
f 1729/3667/2468 1739/3661/2468 1728/3658/2468
f 1732/3668/2469 1739/3661/2469 1729/3667/2469
f 1737/3660/2470 1741/3669/2470 1740/3670/2470
f 1738/3659/2471 1741/3669/2471 1737/3660/2471
f 1744/3671/2472 1727/3672/2472 1745/3673/2472
f 1744/3671/2472 1746/3674/2472 1727/3672/2472
f 1747/3675/2473 1737/3676/2473 1740/3677/2473
f 1745/3678/2473 1737/3676/2473 1747/3675/2473
f 1724/3666/2474 1748/3679/2474 1723/3680/2474
f 1724/3666/2475 1749/3681/2475 1748/3679/2475
f 1731/3649/2476 1726/3644/2476 1750/3682/2476
f 1729/3647/2476 1726/3644/2476 1731/3649/2476
f 1748/3679/2477 1733/3683/2477 1723/3680/2477
f 1748/3679/2478 1751/3684/2478 1733/3683/2478
f 1731/3649/2479 1752/3685/2479 1742/3665/2479
f 1731/3649/2479 1750/3682/2479 1752/3685/2479
f 1727/3646/2480 1737/3676/2480 1745/3678/2480
f 1727/3646/2481 1728/3645/2481 1737/3676/2481
f 1751/3684/2482 1740/3677/2482 1733/3683/2482
f 1747/3675/2482 1740/3677/2482 1751/3684/2482
f 1742/3665/2483 1749/3681/2483 1724/3666/2483
f 1742/3665/2484 1752/3685/2484 1749/3681/2484
f 1753/3686/2485 1747/3675/2485 1751/3684/2485
f 1753/3686/2485 1754/3687/2485 1747/3675/2485
f 1752/3688/2486 1755/3689/2486 1749/3690/2486
f 1756/3691/2486 1755/3689/2486 1752/3688/2486
f 1746/3674/2487 1726/3692/2487 1727/3672/2487
f 1746/3674/2487 1757/3693/2487 1726/3692/2487
f 1754/3687/2488 1745/3678/2488 1747/3675/2488
f 1754/3687/2488 1744/3694/2488 1745/3678/2488
f 1749/3690/2489 1758/3695/2489 1748/3696/2489
f 1755/3689/2489 1758/3695/2489 1749/3690/2489
f 1726/3697/2490 1759/3698/2490 1750/3699/2490
f 1757/3700/2490 1759/3698/2490 1726/3697/2490
f 1758/3701/2491 1751/3702/2491 1748/3703/2491
f 1758/3701/2491 1753/3704/2491 1751/3702/2491
f 1750/3705/2492 1756/3706/2492 1752/3707/2492
f 1759/3708/2493 1756/3706/2493 1750/3705/2493
f 1706/3709/2494 1721/3710/2494 1711/3625/2494
f 1712/3627/2495 1706/3709/2495 1711/3625/2495
f 1721/3710/2496 1706/3709/2496 1720/3711/2496
f 1712/3627/2497 1720/3711/2497 1706/3709/2497
f 1709/3712/2498 1760/3713/2498 1705/3714/2498
f 1719/3715/2499 1710/3716/2499 1704/3717/2499
f 1719/3718/2500 1760/3719/2500 1710/3720/2500
f 1705/3721/2501 1719/3715/2501 1704/3717/2501
f 1760/3722/2502 1709/3624/2502 1710/3626/2502
f 1719/3718/2503 1705/3723/2503 1760/3719/2503
f 1735/3656/2504 1731/3649/2504 1742/3665/2504
f 1735/3656/2505 1736/3655/2505 1731/3649/2505
f 1736/3655/2506 1730/3648/2506 1731/3649/2506
f 1743/3657/2507 1735/3656/2507 1742/3665/2507
f 1701/3724/2508 1707/3725/2508 1717/3726/2508
f 1701/3615/2509 1699/3613/2509 1707/3622/2509
f 1699/3613/2510 1702/3618/2510 1707/3622/2510
f 1699/3613/2511 1697/3610/2511 1702/3618/2511
f 1697/3727/2512 1705/3728/2512 1702/3729/2512
f 1697/3727/2513 1695/3730/2513 1705/3728/2513
f 1695/3731/2514 1709/3732/2514 1705/3733/2514
f 1695/3731/2515 1693/3734/2515 1709/3732/2515
f 1693/3734/2516 1712/3735/2516 1709/3732/2516
f 1693/3605/2517 1691/3602/2517 1712/3736/2517
f 1685/3737/2518 1716/3738/2518 1713/3739/2518
f 1685/3740/2519 1686/3741/2519 1716/3742/2519
f 1712/3743/2520 1688/3744/2520 1720/3745/2520
f 1691/3602/2521 1688/3601/2521 1712/3736/2521
f 1688/3746/2522 1713/3739/2522 1720/3747/2522
f 1688/3746/2522 1685/3737/2522 1713/3739/2522
f 1686/3741/2523 1717/3748/2523 1716/3742/2523
f 1686/3741/2524 1701/3749/2524 1717/3748/2524
f 1704/3619/2525 1743/3750/2525 1725/3751/2525
f 1704/3619/2525 1710/3752/2525 1743/3750/2525
f 1739/3753/2525 1721/3754/2525 1714/3755/2525
f 1732/3756/2525 1721/3754/2525 1739/3753/2525
f 1718/3635/2525 1738/3757/2525 1715/3758/2525
f 1718/3635/2525 1741/3663/2525 1738/3757/2525
f 1703/3620/2525 1725/3751/2525 1722/3652/2525
f 1704/3619/2525 1725/3751/2525 1703/3620/2525
f 1732/3756/2525 1711/3759/2525 1721/3754/2525
f 1730/3760/2525 1711/3759/2525 1732/3756/2525
f 1703/3620/2525 1734/3654/2525 1708/3623/2525
f 1703/3620/2525 1722/3652/2525 1734/3654/2525
f 1743/3750/2525 1711/3759/2525 1730/3760/2525
f 1743/3750/2525 1710/3752/2525 1711/3759/2525
f 1738/3757/2525 1714/3755/2525 1715/3758/2525
f 1739/3753/2525 1714/3755/2525 1738/3757/2525
f 1708/3623/2525 1741/3663/2525 1718/3635/2525
f 1708/3623/2525 1734/3654/2525 1741/3663/2525
f 1713/3631/2526 1716/3632/2526 1761/3629/2526
f 1761/3629/2527 1715/3633/2527 1714/3630/2527
f 1761/3629/2528 1762/3628/2528 1713/3631/2528
f 1762/3628/2529 1714/3630/2529 1720/3636/2529
f 1696/3608/2530 1769/3761/2530 1768/3762/2530 1694/3611/2530
f 1694/3606/2531 1768/3763/2531 1767/3764/2531 1692/3604/2531
f 1687/3597/2532 1764/3765/2532 1771/3766/2532 1700/3617/2532
f 1684/3594/2533 1763/3767/2533 1764/3765/2533 1687/3597/2533
f 1692/3604/2534 1767/3764/2534 1766/3768/2534 1690/3600/2534
f 1690/3600/2535 1766/3768/2535 1765/3769/2535 1689/3603/2535
f 1689/3599/2536 1765/3770/2536 1763/3767/2536 1684/3594/2536
f 1700/3614/2537 1771/3771/2537 1770/3772/2537 1698/3612/2537
f 1698/3612/2538 1770/3772/2538 1769/3761/2538 1696/3608/2538
f 1772/3773/2177 1773/3774/2177 1774/3775/2177
f 1775/3776/2178 1773/3777/2178 1776/3778/2178
f 1772/3773/2179 1774/3775/2179 1777/3779/2179
f 1772/3773/2180 1777/3779/2180 1778/3780/2180
f 1772/3781/2539 1778/3782/2539 1779/3783/2539
f 1775/3776/2182 1776/3778/2182 1780/3784/2182
f 1781/3785/2183 1782/3786/2183 1783/3787/2183
f 1784/3788/2184 1785/3789/2184 1786/3790/2184
f 1787/3791/2185 1788/3792/2185 1789/3793/2185
f 1790/3794/2186 1791/3795/2186 1792/3796/2186
f 1775/3797/2187 1780/3798/2187 1793/3799/2187
f 1781/3785/2188 1783/3787/2188 1794/3800/2188
f 1784/3788/2189 1786/3790/2189 1795/3801/2189
f 1787/3791/2540 1789/3793/2540 1796/3802/2540
f 1790/3803/2191 1792/3804/2191 1797/3805/2191
f 1798/3806/2192 1799/3807/2192 1800/3808/2192
f 1801/3809/2193 1802/3810/2193 1803/3811/2193
f 1804/3812/2194 1805/3813/2194 1806/3814/2194
f 1807/3815/2195 1808/3816/2195 1809/3817/2195
s 1
f 1810/3818/2196 1811/3819/2197 1812/3820/2198
s 0
f 1812/3820/2199 1809/3821/2199 1813/3822/2199
f 1812/3820/2200 1811/3819/2200 1809/3821/2200
f 1811/3819/2541 1807/3823/2541 1809/3821/2541
f 1809/3821/2202 1806/3824/2202 1813/3822/2202
f 1809/3817/2203 1808/3816/2203 1806/3825/2203
f 1808/3816/2204 1804/3826/2204 1806/3825/2204
s 1
f 1806/3814/2205 1803/3811/2205 1813/3827/2205
s 0
f 1806/3814/2206 1805/3813/2206 1803/3811/2206
f 1805/3813/2542 1801/3809/2542 1803/3811/2542
f 1803/3811/2208 1800/3828/2208 1813/3827/2208
f 1803/3811/2209 1802/3810/2209 1800/3828/2209
s 1
f 1802/3810/2210 1798/3829/2210 1800/3828/2210
s 0
f 1800/3808/2211 1812/3820/2211 1813/3822/2211
f 1800/3808/2543 1799/3807/2543 1812/3820/2543
s 1
f 1799/3807/2544 1810/3818/2196 1812/3820/2198
s 0
f 1797/3830/2214 1811/3819/2214 1810/3818/2214
f 1797/3830/2215 1792/3831/2215 1811/3819/2215
f 1792/3832/2216 1807/3815/2216 1811/3833/2216
f 1796/3834/2217 1808/3816/2217 1807/3815/2217
f 1796/3834/2218 1789/3835/2218 1808/3816/2218
f 1789/3835/2219 1804/3826/2219 1808/3816/2219
f 1795/3836/2220 1805/3813/2220 1804/3812/2220
f 1795/3836/2221 1786/3837/2221 1805/3813/2221
f 1786/3837/2222 1801/3809/2222 1805/3813/2222
f 1794/3838/2223 1802/3810/2223 1801/3809/2223
f 1794/3839/2224 1783/3840/2224 1802/3841/2224
f 1783/3840/2225 1798/3842/2225 1802/3841/2225
f 1793/3843/2226 1799/3844/2226 1798/3842/2226
f 1793/3843/2227 1780/3845/2227 1799/3844/2227
f 1780/3846/2228 1810/3818/2228 1799/3807/2228
f 1792/3832/2229 1796/3834/2229 1807/3815/2229
f 1792/3796/2545 1791/3795/2545 1796/3802/2545
f 1791/3795/2231 1787/3791/2231 1796/3802/2231
f 1789/3835/2232 1795/3847/2232 1804/3826/2232
f 1789/3793/2233 1788/3792/2233 1795/3848/2233
f 1788/3849/2234 1784/3788/2234 1795/3801/2234
f 1786/3837/2235 1794/3838/2235 1801/3809/2235
f 1786/3790/2546 1785/3789/2546 1794/3850/2546
f 1785/3851/2237 1781/3785/2237 1794/3800/2237
f 1783/3840/2238 1793/3843/2238 1798/3842/2238
f 1783/3787/2239 1782/3786/2239 1793/3799/2239
f 1782/3786/2240 1775/3797/2240 1793/3799/2240
f 1780/3846/2241 1797/3830/2241 1810/3818/2241
f 1780/3784/2242 1776/3778/2242 1797/3805/2242
f 1776/3778/2243 1790/3803/2243 1797/3805/2243
f 1779/3783/2547 1791/3852/2547 1790/3803/2547
f 1779/3783/2245 1778/3782/2245 1791/3852/2245
f 1778/3853/2246 1787/3791/2246 1791/3795/2246
f 1778/3780/2247 1788/3849/2247 1787/3854/2247
f 1778/3780/2248 1777/3779/2248 1788/3849/2248
s 1
f 1777/3779/2249 1784/3788/2250 1788/3849/2251
f 1777/3779/2249 1785/3789/2252 1784/3788/2250
s 0
f 1777/3779/2253 1774/3775/2253 1785/3789/2253
f 1774/3775/2254 1781/3855/2254 1785/3789/2254
f 1776/3778/2548 1779/3783/2548 1790/3803/2548
f 1776/3778/2256 1773/3777/2256 1779/3783/2256
s 1
f 1773/3777/2257 1772/3781/2257 1779/3783/2257
s 0
f 1774/3856/2258 1782/3786/2258 1781/3785/2258
f 1774/3857/2259 1773/3777/2259 1782/3858/2259
f 1773/3777/2260 1775/3776/2260 1782/3858/2260
f 1814/3859/2261 1815/3860/2261 1816/3861/2261
f 1817/3862/2262 1815/3863/2262 1818/3864/2262
f 1814/3859/2549 1816/3861/2549 1819/3865/2549
f 1814/3859/2264 1819/3865/2264 1820/3866/2264
f 1814/3867/2265 1820/3868/2265 1821/3869/2265
f 1817/3862/2550 1818/3864/2550 1822/3870/2550
f 1823/3871/2267 1824/3872/2267 1825/3873/2267
f 1826/3874/2268 1827/3875/2268 1828/3876/2268
f 1829/3877/2269 1830/3878/2269 1831/3879/2269
f 1832/3880/2270 1833/3881/2270 1834/3882/2270
f 1817/3883/2551 1822/3884/2551 1835/3885/2551
f 1823/3871/2272 1825/3873/2272 1836/3886/2272
f 1826/3874/2273 1828/3876/2273 1837/3887/2273
f 1829/3877/2274 1831/3879/2274 1838/3888/2274
f 1832/3889/2275 1834/3890/2275 1839/3891/2275
f 1840/3892/2276 1841/3893/2276 1842/3894/2276
f 1843/3895/2277 1844/3896/2277 1845/3897/2277
f 1846/3898/2278 1847/3899/2278 1848/3900/2278
f 1849/3901/2552 1850/3902/2552 1851/3903/2552
s 1
f 1852/3904/2280 1853/3905/2281 1854/3906/2282
s 0
f 1854/3906/2283 1851/3907/2283 1855/3908/2283
f 1854/3906/2284 1853/3905/2284 1851/3907/2284
f 1853/3905/2285 1849/3909/2285 1851/3907/2285
f 1851/3907/2286 1848/3910/2286 1855/3908/2286
f 1851/3903/2287 1850/3902/2287 1848/3911/2287
f 1850/3902/2288 1846/3912/2288 1848/3911/2288
s 1
f 1848/3900/2553 1845/3897/2553 1855/3913/2553
s 0
f 1848/3900/2290 1847/3899/2290 1845/3897/2290
f 1847/3899/2291 1843/3895/2291 1845/3897/2291
f 1845/3897/2292 1842/3914/2292 1855/3913/2292
f 1845/3897/2293 1844/3896/2293 1842/3914/2293
s 1
f 1844/3915/2294 1840/3916/2294 1842/3917/2294
s 0
f 1842/3894/2295 1854/3906/2295 1855/3908/2295
f 1842/3894/2296 1841/3893/2296 1854/3906/2296
s 1
f 1841/3893/2297 1852/3904/2280 1854/3906/2282
s 0
f 1839/3918/2554 1853/3905/2554 1852/3904/2554
f 1839/3919/2299 1834/3920/2299 1853/3921/2299
f 1834/3920/2555 1849/3901/2555 1853/3921/2555
f 1838/3922/2301 1850/3902/2301 1849/3901/2301
f 1838/3922/2302 1831/3923/2302 1850/3902/2302
f 1831/3923/2303 1846/3912/2303 1850/3902/2303
f 1837/3924/2556 1847/3899/2556 1846/3898/2556
f 1837/3924/2305 1828/3925/2305 1847/3899/2305
f 1828/3925/2306 1843/3895/2306 1847/3899/2306
f 1836/3926/2307 1844/3915/2307 1843/3927/2307
f 1836/3926/2308 1825/3928/2308 1844/3915/2308
f 1825/3928/2309 1840/3916/2309 1844/3915/2309
f 1835/3929/2310 1841/3930/2310 1840/3916/2310
f 1835/3929/2557 1822/3931/2557 1841/3930/2557
f 1822/3932/2312 1852/3904/2312 1841/3893/2312
f 1834/3920/2313 1838/3922/2313 1849/3901/2313
f 1834/3882/2314 1833/3881/2314 1838/3888/2314
f 1833/3881/2315 1829/3877/2315 1838/3888/2315
f 1831/3923/2558 1837/3933/2558 1846/3912/2558
f 1831/3879/2317 1830/3878/2317 1837/3934/2317
f 1830/3935/2318 1826/3874/2318 1837/3887/2318
f 1828/3925/2559 1836/3936/2559 1843/3895/2559
f 1828/3876/2320 1827/3875/2320 1836/3937/2320
f 1827/3938/2321 1823/3871/2321 1836/3886/2321
f 1825/3928/2322 1835/3929/2322 1840/3916/2322
f 1825/3873/2323 1824/3872/2323 1835/3885/2323
f 1824/3872/2324 1817/3883/2324 1835/3885/2324
f 1822/3932/2325 1839/3918/2325 1852/3904/2325
f 1822/3870/2326 1818/3864/2326 1839/3891/2326
f 1818/3864/2327 1832/3889/2327 1839/3891/2327
f 1821/3869/2328 1833/3939/2328 1832/3889/2328
f 1821/3869/2329 1820/3868/2329 1833/3939/2329
f 1820/3940/2330 1829/3877/2330 1833/3881/2330
f 1820/3866/2331 1830/3935/2331 1829/3941/2331
f 1820/3866/2332 1819/3865/2332 1830/3935/2332
s 1
f 1819/3865/2333 1826/3874/2334 1830/3935/2560
f 1819/3865/2333 1827/3875/2336 1826/3874/2334
s 0
f 1819/3865/2337 1816/3861/2337 1827/3875/2337
f 1816/3861/2338 1823/3942/2338 1827/3875/2338
f 1818/3864/2561 1821/3869/2561 1832/3889/2561
f 1818/3864/2340 1815/3863/2340 1821/3869/2340
s 1
f 1815/3863/2341 1814/3867/2341 1821/3869/2341
s 0
f 1816/3943/2342 1824/3872/2342 1823/3871/2342
f 1816/3943/2343 1815/3944/2343 1824/3872/2343
f 1815/3944/2344 1817/3883/2344 1824/3872/2344
f 1856/3945/2345 1857/3946/2345 1858/3947/2345
f 1859/3948/2346 1857/3949/2346 1860/3950/2346
f 1856/3945/2347 1858/3947/2347 1861/3951/2347
f 1856/3945/2348 1861/3951/2348 1862/3952/2348
f 1856/3953/2349 1862/3954/2349 1863/3955/2349
f 1859/3948/2350 1860/3950/2350 1864/3956/2350
f 1865/3957/2351 1866/3958/2351 1867/3959/2351
f 1868/3960/2352 1869/3961/2352 1870/3962/2352
f 1871/3963/2353 1872/3964/2353 1873/3965/2353
f 1874/3966/2354 1875/3967/2354 1876/3968/2354
f 1859/3969/2355 1864/3970/2355 1877/3971/2355
f 1865/3957/2356 1867/3959/2356 1878/3972/2356
f 1868/3960/2562 1870/3962/2562 1879/3973/2562
f 1871/3963/2358 1873/3965/2358 1880/3974/2358
f 1874/3966/2359 1876/3968/2359 1881/3975/2359
f 1882/3976/2360 1883/3977/2360 1884/3978/2360
f 1885/3979/2361 1886/3980/2361 1887/3981/2361
f 1888/3982/2362 1889/3983/2362 1890/3984/2362
f 1891/3985/2363 1892/3986/2363 1893/3987/2363
s 1
f 1894/3988/2364 1895/3989/2365 1896/3990/2366
s 0
f 1896/3990/2367 1893/3987/2367 1897/3991/2367
f 1896/3990/2368 1895/3989/2368 1893/3987/2368
f 1895/3989/2369 1891/3985/2369 1893/3987/2369
f 1893/3987/2370 1890/3992/2370 1897/3991/2370
f 1893/3987/2371 1892/3986/2371 1890/3992/2371
f 1892/3993/2372 1888/3994/2372 1890/3995/2372
s 1
f 1890/3984/2373 1887/3981/2373 1897/3996/2373
s 0
f 1890/3984/2374 1889/3983/2374 1887/3981/2374
f 1889/3983/2375 1885/3979/2375 1887/3981/2375
f 1887/3981/2376 1884/3997/2376 1897/3996/2376
f 1887/3981/2377 1886/3980/2377 1884/3997/2377
s 1
f 1886/3980/2378 1882/3998/2378 1884/3997/2378
s 0
f 1884/3999/2379 1896/3990/2379 1897/3991/2379
f 1884/3999/2380 1883/4000/2380 1896/3990/2380
s 1
f 1883/4000/2381 1894/3988/2364 1896/3990/2366
s 0
f 1881/4001/2382 1895/3989/2382 1894/3988/2382
f 1881/4001/2563 1876/4002/2563 1895/3989/2563
f 1876/4002/2384 1891/3985/2384 1895/3989/2384
f 1880/4003/2385 1892/3993/2385 1891/4004/2385
f 1880/4003/2386 1873/4005/2386 1892/3993/2386
f 1873/4005/2387 1888/3994/2387 1892/3993/2387
f 1879/4006/2388 1889/4007/2388 1888/3994/2388
f 1879/4008/2564 1870/4009/2564 1889/3983/2564
f 1870/4009/2390 1885/3979/2390 1889/3983/2390
f 1878/4010/2391 1886/3980/2391 1885/3979/2391
f 1878/4010/2392 1867/4011/2392 1886/3980/2392
f 1867/4012/2393 1882/3976/2393 1886/4013/2393
f 1877/4014/2394 1883/3977/2394 1882/3976/2394
f 1877/4014/2395 1864/4015/2395 1883/3977/2395
f 1864/4015/2396 1894/4016/2396 1883/3977/2396
f 1876/4017/2397 1880/4003/2397 1891/4004/2397
f 1876/4018/2398 1875/4019/2398 1880/3974/2398
f 1875/4019/2399 1871/3963/2399 1880/3974/2399
f 1873/4005/2400 1879/4006/2400 1888/3994/2400
f 1873/3965/2401 1872/3964/2401 1879/4020/2401
f 1872/3964/2565 1868/4021/2565 1879/4020/2565
f 1870/4009/2403 1878/4010/2403 1885/3979/2403
f 1870/3962/2404 1869/3961/2404 1878/4022/2404
f 1869/3961/2405 1865/4023/2405 1878/4022/2405
f 1867/4012/2406 1877/4014/2406 1882/3976/2406
f 1867/3959/2407 1866/3958/2407 1877/3971/2407
f 1866/3958/2408 1859/3969/2408 1877/3971/2408
f 1864/4024/2409 1881/4001/2409 1894/3988/2409
f 1864/3956/2410 1860/3950/2410 1881/3975/2410
f 1860/3950/2411 1874/3966/2411 1881/3975/2411
f 1863/3955/2566 1875/3967/2566 1874/3966/2566
f 1863/3955/2413 1862/3954/2413 1875/3967/2413
f 1862/4025/2414 1871/3963/2414 1875/4019/2414
f 1862/4025/2415 1872/3964/2415 1871/3963/2415
f 1862/3952/2416 1861/3951/2416 1872/4026/2416
s 1
f 1861/3951/2417 1868/3960/2418 1872/4026/2419
f 1861/3951/2417 1869/3961/2420 1868/3960/2418
s 0
f 1861/3951/2421 1858/3947/2421 1869/3961/2421
f 1858/3947/2422 1865/4023/2422 1869/3961/2422
f 1860/3950/2423 1863/3955/2423 1874/3966/2423
f 1860/3950/2424 1857/3949/2424 1863/3955/2424
s 1
f 1857/3949/2425 1856/3953/2425 1863/3955/2425
s 0
f 1858/3947/2426 1866/4027/2426 1865/4023/2426
f 1858/3947/2427 1857/3946/2427 1866/4027/2427
f 1857/4028/2428 1859/3969/2428 1866/3958/2428
f 1898/4029/2567 1899/4030/2567 1900/4031/2567
f 1901/4032/2568 1899/4030/2568 1902/4033/2568
f 1898/4029/2569 1900/4031/2569 1903/4034/2569
f 1898/4035/2570 1903/4036/2570 1904/4037/2570
f 1898/4035/2571 1904/4037/2571 1905/4038/2571
f 1901/4032/2572 1902/4033/2572 1906/4039/2572
f 1907/4040/2573 1908/4041/2573 1909/4042/2573
f 1910/4043/2574 1911/4044/2574 1912/4045/2574
f 1913/4046/2575 1914/4047/2575 1915/4048/2575
f 1916/4049/2576 1917/4050/2576 1918/4051/2576
f 1901/4032/2577 1906/4039/2577 1919/4052/2577
f 1907/4053/2578 1909/4054/2578 1920/4055/2578
f 1910/4043/2579 1912/4045/2579 1921/4056/2579
f 1913/4046/2580 1915/4048/2580 1922/4057/2580
f 1916/4058/2581 1918/4059/2581 1923/4060/2581
f 1924/4061/2582 1925/4062/2582 1926/4063/2582
f 1927/4064/2583 1928/4065/2583 1929/4066/2583
f 1930/4067/2584 1931/4068/2584 1932/4069/2584
f 1933/4070/2585 1934/4071/2585 1935/4072/2585
s 1
f 1936/4073/2586 1937/4074/2587 1938/4075/2588
s 0
f 1938/4076/2589 1935/4072/2589 1939/4077/2589
f 1938/4075/2590 1937/4074/2590 1935/4078/2590
f 1937/4074/2591 1933/4079/2591 1935/4078/2591
f 1935/4072/2592 1932/4069/2592 1939/4077/2592
f 1935/4072/2593 1934/4071/2593 1932/4069/2593
f 1934/4071/2594 1930/4067/2594 1932/4069/2594
s 1
f 1932/4069/2595 1929/4080/2595 1939/4077/2595
s 0
f 1932/4069/2596 1931/4068/2596 1929/4080/2596
f 1931/4068/2597 1927/4081/2597 1929/4080/2597
f 1929/4066/2598 1926/4063/2598 1939/4082/2598
f 1929/4066/2599 1928/4065/2599 1926/4063/2599
s 1
f 1928/4065/2600 1924/4061/2600 1926/4063/2600
s 0
f 1926/4063/2601 1938/4083/2601 1939/4082/2601
f 1926/4063/2602 1925/4062/2602 1938/4083/2602
s 1
f 1925/4062/2603 1936/4084/2586 1938/4083/2588
s 0
f 1923/4085/2604 1937/4074/2604 1936/4073/2604
f 1923/4085/2605 1918/4086/2605 1937/4074/2605
f 1918/4086/2606 1933/4079/2606 1937/4074/2606
f 1922/4087/2607 1934/4071/2607 1933/4070/2607
f 1922/4087/2608 1915/4088/2608 1934/4071/2608
f 1915/4088/2609 1930/4067/2609 1934/4071/2609
f 1921/4089/2610 1931/4068/2610 1930/4067/2610
f 1921/4089/2611 1912/4090/2611 1931/4068/2611
f 1912/4090/2612 1927/4081/2612 1931/4068/2612
f 1920/4091/2613 1928/4065/2613 1927/4064/2613
f 1920/4091/2614 1909/4092/2614 1928/4065/2614
f 1909/4092/2615 1924/4061/2615 1928/4065/2615
f 1919/4093/2616 1925/4062/2616 1924/4061/2616
f 1919/4093/2617 1906/4094/2617 1925/4062/2617
f 1906/4094/2618 1936/4084/2618 1925/4062/2618
f 1918/4086/2619 1922/4095/2619 1933/4079/2619
f 1918/4051/2620 1917/4050/2620 1922/4057/2620
f 1917/4050/2621 1913/4046/2621 1922/4057/2621
f 1915/4088/2622 1921/4089/2622 1930/4067/2622
f 1915/4048/2623 1914/4047/2623 1921/4096/2623
f 1914/4047/2624 1910/4097/2624 1921/4096/2624
f 1912/4098/2625 1920/4099/2625 1927/4100/2625
f 1912/4045/2626 1911/4044/2626 1920/4101/2626
f 1911/4044/2627 1907/4102/2627 1920/4101/2627
f 1909/4092/2628 1919/4093/2628 1924/4061/2628
f 1909/4103/2629 1908/4104/2629 1919/4105/2629
f 1908/4041/2630 1901/4032/2630 1919/4052/2630
f 1906/4106/2631 1923/4085/2631 1936/4073/2631
f 1906/4039/2632 1902/4033/2632 1923/4107/2632
f 1902/4108/2633 1916/4058/2633 1923/4060/2633
f 1905/4038/2634 1917/4050/2634 1916/4049/2634
f 1905/4038/2635 1904/4037/2635 1917/4050/2635
f 1904/4037/2636 1913/4046/2636 1917/4050/2636
f 1904/4037/2637 1914/4047/2637 1913/4046/2637
f 1904/4037/2638 1903/4036/2638 1914/4047/2638
s 1
f 1903/4036/2639 1910/4097/2640 1914/4047/2641
f 1903/4109/2639 1911/4044/2642 1910/4043/2640
s 0
f 1903/4109/2643 1900/4110/2643 1911/4044/2643
f 1900/4110/2644 1907/4102/2644 1911/4044/2644
f 1902/4033/2645 1905/4111/2645 1916/4112/2645
f 1902/4033/2646 1899/4030/2646 1905/4111/2646
s 1
f 1899/4030/2647 1898/4029/2647 1905/4111/2647
s 0
f 1900/4031/2648 1908/4041/2648 1907/4040/2648
f 1900/4031/2649 1899/4030/2649 1908/4041/2649
f 1899/4030/2650 1901/4032/2650 1908/4041/2650
f 1940/4113/2651 1941/4114/2651 1942/4115/2651
f 1943/4116/2652 1941/4114/2652 1944/4117/2652
f 1940/4118/2653 1942/4119/2653 1945/4120/2653
f 1940/4121/2654 1945/4122/2654 1946/4123/2654
f 1940/4121/2655 1946/4123/2655 1947/4124/2655
f 1943/4116/2656 1944/4117/2656 1948/4125/2656
f 1949/4126/2657 1950/4127/2657 1951/4128/2657
f 1952/4129/2658 1953/4130/2658 1954/4131/2658
f 1955/4132/2659 1956/4133/2659 1957/4134/2659
f 1958/4135/2660 1959/4136/2660 1960/4137/2660
f 1943/4116/2661 1948/4125/2661 1961/4138/2661
f 1949/4126/2662 1951/4128/2662 1962/4139/2662
f 1952/4129/2663 1954/4131/2663 1963/4140/2663
f 1955/4132/2664 1957/4134/2664 1964/4141/2664
f 1958/4142/2665 1960/4143/2665 1965/4144/2665
f 1966/4145/2666 1967/4146/2666 1968/4147/2666
f 1969/4148/2667 1970/4149/2667 1971/4150/2667
f 1972/4151/2668 1973/4152/2668 1974/4153/2668
f 1975/4154/2669 1976/4155/2669 1977/4156/2669
s 1
f 1978/4157/2670 1979/4158/2671 1980/4159/2672
s 0
f 1980/4160/2673 1977/4156/2673 1981/4161/2673
f 1980/4159/2674 1979/4158/2674 1977/4162/2674
f 1979/4158/2675 1975/4163/2675 1977/4162/2675
f 1977/4156/2676 1974/4153/2676 1981/4161/2676
f 1977/4156/2677 1976/4155/2677 1974/4153/2677
f 1976/4155/2678 1972/4151/2678 1974/4153/2678
s 1
f 1974/4153/2679 1971/4164/2679 1981/4161/2679
s 0
f 1974/4153/2680 1973/4152/2680 1971/4164/2680
f 1973/4152/2681 1969/4165/2681 1971/4164/2681
f 1971/4150/2682 1968/4147/2682 1981/4166/2682
f 1971/4150/2683 1970/4149/2683 1968/4147/2683
s 1
f 1970/4149/2684 1966/4145/2684 1968/4147/2684
s 0
f 1968/4147/2685 1980/4167/2685 1981/4166/2685
f 1968/4147/2686 1967/4146/2686 1980/4167/2686
s 1
f 1967/4146/2687 1978/4168/2670 1980/4167/2672
s 0
f 1965/4169/2688 1979/4158/2688 1978/4157/2688
f 1965/4169/2689 1960/4170/2689 1979/4158/2689
f 1960/4170/2690 1975/4163/2690 1979/4158/2690
f 1964/4171/2691 1976/4172/2691 1975/4163/2691
f 1964/4173/2692 1957/4174/2692 1976/4175/2692
f 1957/4176/2693 1972/4151/2693 1976/4155/2693
f 1963/4177/2694 1973/4152/2694 1972/4151/2694
f 1963/4177/2695 1954/4178/2695 1973/4152/2695
f 1954/4178/2696 1969/4165/2696 1973/4152/2696
f 1962/4179/2697 1970/4149/2697 1969/4148/2697
f 1962/4179/2698 1951/4180/2698 1970/4149/2698
f 1951/4180/2699 1966/4145/2699 1970/4149/2699
f 1961/4181/2700 1967/4146/2700 1966/4145/2700
f 1961/4181/2701 1948/4182/2701 1967/4146/2701
f 1948/4182/2702 1978/4168/2702 1967/4146/2702
f 1960/4170/2703 1964/4171/2703 1975/4163/2703
f 1960/4137/2704 1959/4136/2704 1964/4141/2704
f 1959/4136/2705 1955/4132/2705 1964/4141/2705
f 1957/4176/2706 1963/4177/2706 1972/4151/2706
f 1957/4134/2707 1956/4133/2707 1963/4183/2707
f 1956/4133/2708 1952/4184/2708 1963/4183/2708
f 1954/4185/2709 1962/4186/2709 1969/4187/2709
f 1954/4131/2710 1953/4130/2710 1962/4188/2710
f 1953/4130/2711 1949/4189/2711 1962/4188/2711
f 1951/4180/2712 1961/4181/2712 1966/4145/2712
f 1951/4128/2713 1950/4127/2713 1961/4190/2713
f 1950/4191/2714 1943/4116/2714 1961/4138/2714
f 1948/4192/2715 1965/4169/2715 1978/4157/2715
f 1948/4125/2716 1944/4117/2716 1965/4193/2716
f 1944/4117/2717 1958/4194/2717 1965/4193/2717
f 1947/4124/2718 1959/4136/2718 1958/4135/2718
f 1947/4124/2719 1946/4123/2719 1959/4136/2719
f 1946/4123/2720 1955/4132/2720 1959/4136/2720
f 1946/4123/2721 1956/4133/2721 1955/4132/2721
f 1946/4123/2722 1945/4122/2722 1956/4133/2722
s 1
f 1945/4122/2723 1952/4184/2724 1956/4133/2725
f 1945/4120/2723 1953/4130/2726 1952/4129/2724
s 0
f 1945/4120/2727 1942/4119/2727 1953/4130/2727
f 1942/4119/2728 1949/4189/2728 1953/4130/2728
f 1944/4117/2729 1947/4195/2729 1958/4194/2729
f 1944/4117/2730 1941/4114/2730 1947/4195/2730
s 1
f 1941/4114/2731 1940/4113/2731 1947/4195/2731
s 0
f 1942/4115/2732 1950/4191/2732 1949/4196/2732
f 1942/4115/2733 1941/4114/2733 1950/4191/2733
f 1941/4114/2734 1943/4116/2734 1950/4191/2734
f 1982/4197/2735 1983/4198/2735 1984/4199/2735
f 1985/4200/2736 1983/4198/2736 1986/4201/2736
f 1982/4202/2737 1984/4203/2737 1987/4204/2737
f 1982/4205/2738 1987/4206/2738 1988/4207/2738
f 1982/4205/2739 1988/4207/2739 1989/4208/2739
f 1985/4200/2740 1986/4201/2740 1990/4209/2740
f 1991/4210/2741 1992/4211/2741 1993/4212/2741
f 1994/4213/2742 1995/4214/2742 1996/4215/2742
f 1997/4216/2743 1998/4217/2743 1999/4218/2743
f 2000/4219/2744 2001/4220/2744 2002/4221/2744
f 1985/4200/2745 1990/4209/2745 2003/4222/2745
f 1991/4210/2746 1993/4212/2746 2004/4223/2746
f 1994/4224/2747 1996/4225/2747 2005/4226/2747
f 1997/4216/2748 1999/4218/2748 2006/4227/2748
f 2000/4219/2749 2002/4221/2749 2007/4228/2749
f 2008/4229/2750 2009/4230/2750 2010/4231/2750
f 2011/4232/2751 2012/4233/2751 2013/4234/2751
f 2014/4235/2752 2015/4236/2752 2016/4237/2752
f 2017/4238/2753 2018/4239/2753 2019/4240/2753
s 1
f 2020/4241/2754 2021/4242/2755 2022/4243/2756
s 0
f 2022/4244/2757 2019/4245/2757 2023/4246/2757
f 2022/4243/2758 2021/4242/2758 2019/4240/2758
f 2021/4242/2759 2017/4238/2759 2019/4240/2759
f 2019/4247/2760 2016/4237/2760 2023/4248/2760
f 2019/4247/2761 2018/4249/2761 2016/4237/2761
f 2018/4249/2762 2014/4235/2762 2016/4237/2762
s 1
f 2016/4237/2763 2013/4250/2763 2023/4248/2763
s 0
f 2016/4237/2764 2015/4236/2764 2013/4250/2764
f 2015/4236/2765 2011/4251/2765 2013/4250/2765
f 2013/4234/2766 2010/4231/2766 2023/4246/2766
f 2013/4234/2767 2012/4233/2767 2010/4231/2767
s 1
f 2012/4233/2768 2008/4229/2768 2010/4231/2768
s 0
f 2010/4231/2769 2022/4244/2769 2023/4246/2769
f 2010/4231/2770 2009/4230/2770 2022/4244/2770
s 1
f 2009/4230/2771 2020/4252/2754 2022/4244/2756
s 0
f 2007/4253/2772 2021/4242/2772 2020/4241/2772
f 2007/4253/2773 2002/4254/2773 2021/4242/2773
f 2002/4254/2774 2017/4238/2774 2021/4242/2774
f 2006/4255/2775 2018/4239/2775 2017/4238/2775
f 2006/4255/2776 1999/4256/2776 2018/4239/2776
f 1999/4257/2777 2014/4235/2777 2018/4249/2777
f 2005/4258/2778 2015/4236/2778 2014/4235/2778
f 2005/4258/2779 1996/4259/2779 2015/4236/2779
f 1996/4259/2780 2011/4251/2780 2015/4236/2780
f 2004/4260/2781 2012/4261/2781 2011/4262/2781
f 2004/4260/2782 1993/4263/2782 2012/4261/2782
f 1993/4264/2783 2008/4229/2783 2012/4233/2783
f 2003/4265/2784 2009/4230/2784 2008/4229/2784
f 2003/4265/2785 1990/4266/2785 2009/4230/2785
f 1990/4266/2786 2020/4252/2786 2009/4230/2786
f 2002/4254/2787 2006/4255/2787 2017/4238/2787
f 2002/4221/2788 2001/4220/2788 2006/4267/2788
f 2001/4268/2789 1997/4216/2789 2006/4227/2789
f 1999/4257/2790 2005/4258/2790 2014/4235/2790
f 1999/4218/2791 1998/4217/2791 2005/4269/2791
f 1998/4217/2792 1994/4270/2792 2005/4269/2792
f 1996/4271/2793 2004/4260/2793 2011/4262/2793
f 1996/4215/2794 1995/4214/2794 2004/4223/2794
f 1995/4214/2795 1991/4210/2795 2004/4223/2795
f 1993/4264/2796 2003/4265/2796 2008/4229/2796
f 1993/4212/2797 1992/4211/2797 2003/4272/2797
f 1992/4273/2798 1985/4200/2798 2003/4222/2798
f 1990/4266/2799 2007/4274/2799 2020/4252/2799
f 1990/4209/2800 1986/4201/2800 2007/4275/2800
f 1986/4201/2801 2000/4276/2801 2007/4275/2801
f 1989/4208/2802 2001/4268/2802 2000/4277/2802
f 1989/4208/2803 1988/4207/2803 2001/4268/2803
f 1988/4207/2804 1997/4216/2804 2001/4268/2804
f 1988/4207/2805 1998/4217/2805 1997/4216/2805
f 1988/4207/2806 1987/4206/2806 1998/4217/2806
s 1
f 1987/4206/2807 1994/4270/2808 1998/4217/2809
f 1987/4204/2807 1995/4214/2810 1994/4213/2808
s 0
f 1987/4204/2811 1984/4203/2811 1995/4214/2811
f 1984/4203/2812 1991/4210/2812 1995/4214/2812
f 1986/4201/2813 1989/4278/2813 2000/4276/2813
f 1986/4201/2814 1983/4198/2814 1989/4278/2814
s 1
f 1983/4198/2815 1982/4197/2815 1989/4278/2815
s 0
f 1984/4203/2816 1992/4211/2816 1991/4210/2816
f 1984/4203/2817 1983/4279/2817 1992/4211/2817
f 1983/4198/2818 1985/4200/2818 1992/4273/2818
s 1
f 2025/4280/2819 2024/4281/2819 2031/4282/2819 2032/4283/2819 2033/4284/2819
f 2030/4285/2820 2029/4286/2820 2034/4287/2820 2035/4288/2820
f 2027/4289/2821 2026/4290/2821 2036/4291/2821 2037/4292/2821 2038/4293/2821 2039/4294/2821 2040/4295/2821 2041/4296/2821 2042/4297/2821
f 2031/4282/2822 2043/4298/2822 2032/4283/2822
f 2024/4299/2823 2030/4285/2823 2035/4288/2823 2043/4300/2823 2031/4301/2823
f 2038/4302/2824 2044/4303/2824 2039/4304/2824
f 2032/4305/2825 2043/4306/2825 2035/4307/2825 2034/4308/2825 2044/4303/2825 2038/4302/2825 2037/4309/2825 2045/4310/2825 2033/4311/2825
f 2045/4312/2826 2037/4292/2826 2036/4291/2826
f 2045/4313/2827 2025/4314/2827 2033/4315/2827
f 2034/4287/2828 2028/4316/2828 2027/4317/2828 2042/4318/2828 2046/4319/2828 2040/4320/2828 2039/4321/2828 2044/4322/2828
f 2028/4316/2829 2034/4287/2829 2029/4286/2829
f 2025/4323/2830 2045/4324/2830 2036/4325/2830 2026/4326/2830
f 2047/4327/2831 2054/4328/2831 2055/4329/2831 2056/4330/2831 2048/4331/2831
f 2048/4332/2832 2056/4333/2832 2057/4334/2832 2049/4335/2832
f 2051/4336/2833 2058/4337/2833 2059/4338/2833 2052/4339/2833
f 2050/4340/2834 2060/4341/2834 2058/4342/2834 2051/4343/2834
f 2049/4344/2835 2057/4345/2835 2060/4346/2835 2050/4347/2835
f 2056/4348/2836 2055/4349/2836 2061/4350/2836 2059/4338/2836 2058/4337/2836 2060/4351/2836 2062/4352/2836
f 2053/4353/2837 2063/4354/2837 2054/4355/2837 2047/4356/2837
f 2061/4350/2838 2055/4349/2838 2054/4357/2838 2063/4358/2838
f 2052/4359/2839 2059/4360/2839 2061/4361/2839 2063/4362/2839 2053/4363/2839
f 2057/4334/2840 2056/4333/2840 2062/4364/2840
f 2060/4346/2841 2057/4345/2841 2062/4365/2841
f 2064/4366/2842 2071/4367/2842 2072/4368/2842 2073/4369/2842
f 2074/4370/2843 2075/4371/2843 2076/4372/2843 2077/4373/2843 2078/4374/2843 2079/4375/2843 2080/4376/2843 2081/4377/2843
f 2082/4378/2844 2083/4379/2844 2071/4367/2844 2070/4380/2844 2084/4381/2844
f 2085/4382/2845 2080/4383/2845 2079/4384/2845
f 2068/4385/2846 2067/4386/2846 2078/4387/2846 2077/4388/2846 2086/4389/2846
f 2066/4390/2847 2065/4391/2847 2087/4392/2847 2088/4393/2847 2089/4394/2847
f 2069/4395/2848 2068/4385/2848 2086/4389/2848 2076/4396/2848
f 2065/4397/2849 2064/4398/2849 2073/4399/2849 2074/4400/2849 2081/4401/2849
f 2070/4402/2850 2069/4395/2850 2076/4396/2850 2075/4403/2850 2084/4404/2850
f 2072/4368/2851 2071/4367/2851 2083/4379/2851 2090/4405/2851
f 2078/4406/2852 2067/4407/2852 2091/4408/2852 2085/4382/2852 2079/4384/2852
f 2076/4409/2853 2086/4410/2853 2077/4411/2853
f 2082/4378/2854 2090/4405/2854 2083/4379/2854
f 2073/4412/2855 2072/4413/2855 2090/4414/2855 2082/4415/2855 2084/4416/2855 2075/4371/2855 2074/4370/2855
f 2042/4417/2856 2041/4418/2856 2092/4419/2856
f 2092/4420/2857 2041/4421/2857 2040/4422/2857
f 2040/4422/2858 2046/4423/2858 2092/4420/2858
f 2092/4419/2859 2046/4424/2859 2042/4417/2859
f 2088/4393/2860 2087/4392/2860 2065/4391/2860 2081/4425/2860 2080/4426/2860 2085/4427/2860
f 2088/4428/2861 2091/4408/2861 2089/4429/2861
f 2089/4429/2862 2091/4408/2862 2067/4407/2862 2066/4430/2862
f 2085/4382/2863 2091/4408/2863 2088/4428/2863
f 2094/4431/2864 2093/4432/2864 2100/4433/2864 2101/4434/2864 2102/4435/2864
f 2099/4436/2865 2098/4437/2865 2103/4438/2865 2104/4439/2865
f 2096/4440/2866 2095/4441/2866 2105/4442/2866 2106/4443/2866 2107/4444/2866 2108/4445/2866 2109/4446/2866 2110/4447/2866 2111/4448/2866
f 2100/4433/2867 2112/4449/2867 2101/4434/2867
f 2093/4450/2868 2099/4436/2868 2104/4439/2868 2112/4451/2868 2100/4452/2868
f 2107/4444/2869 2113/4453/2869 2108/4445/2869
f 2101/4454/2870 2112/4455/2870 2104/4456/2870 2103/4457/2870 2113/4453/2870 2107/4444/2870 2106/4443/2870 2114/4458/2870 2102/4459/2870
f 2114/4460/2871 2106/4461/2871 2105/4462/2871
f 2114/4460/2872 2094/4463/2872 2102/4464/2872
f 2103/4438/2873 2097/4465/2873 2096/4466/2873 2111/4467/2873 2115/4468/2873 2109/4469/2873 2108/4470/2873 2113/4471/2873
f 2097/4465/2874 2103/4438/2874 2098/4437/2874
f 2094/4463/2875 2114/4460/2875 2105/4462/2875 2095/4472/2875
f 2116/4473/2876 2123/4474/2876 2124/4475/2876 2125/4476/2876 2117/4477/2876
f 2117/4478/2877 2125/4479/2877 2126/4480/2877 2118/4481/2877
f 2120/4482/2878 2127/4483/2878 2128/4484/2878 2121/4485/2878
f 2119/4486/2879 2129/4487/2879 2127/4488/2879 2120/4489/2879
f 2118/4490/2880 2126/4491/2880 2129/4492/2880 2119/4493/2880
f 2125/4479/2881 2124/4494/2881 2130/4495/2881 2128/4496/2881 2127/4497/2881 2129/4498/2881 2131/4499/2881
f 2122/4500/2882 2132/4501/2882 2123/4502/2882 2116/4503/2882
f 2130/4495/2883 2124/4494/2883 2123/4504/2883 2132/4505/2883
f 2121/4485/2884 2128/4484/2884 2130/4506/2884 2132/4507/2884 2122/4508/2884
f 2126/4480/2885 2125/4479/2885 2131/4499/2885
f 2129/4492/2886 2126/4491/2886 2131/4509/2886
f 2133/4510/2887 2140/4511/2887 2141/4512/2887 2142/4513/2887
f 2143/4514/2888 2144/4515/2888 2145/4516/2888 2146/4517/2888 2147/4518/2888 2148/4519/2888 2149/4520/2888 2150/4521/2888
f 2151/4522/2889 2152/4523/2889 2140/4511/2889 2139/4524/2889 2153/4525/2889
f 2154/4526/2890 2149/4527/2890 2148/4528/2890
f 2137/4529/2891 2136/4530/2891 2147/4518/2891 2146/4517/2891 2155/4531/2891
f 2135/4532/2892 2134/4533/2892 2156/4534/2892 2157/4535/2892 2158/4536/2892
f 2138/4537/2893 2137/4538/2893 2155/4539/2893 2145/4540/2893
f 2134/4541/2894 2133/4542/2894 2142/4543/2894 2143/4544/2894 2150/4545/2894
f 2139/4524/2895 2138/4546/2895 2145/4547/2895 2144/4548/2895 2153/4525/2895
f 2141/4512/2896 2140/4511/2896 2152/4523/2896 2159/4549/2896
f 2147/4518/2897 2136/4530/2897 2160/4550/2897 2154/4551/2897 2148/4519/2897
f 2145/4516/2898 2155/4531/2898 2146/4517/2898
f 2151/4522/2899 2159/4549/2899 2152/4523/2899
f 2142/4552/2900 2141/4553/2900 2159/4554/2900 2151/4555/2900 2153/4556/2900 2144/4515/2900 2143/4514/2900
f 2111/4448/2901 2110/4447/2901 2161/4557/2901
f 2161/4558/2902 2110/4559/2902 2109/4560/2902
f 2109/4560/2903 2115/4561/2903 2161/4558/2903
f 2161/4557/2904 2115/4562/2904 2111/4448/2904
f 2157/4535/2905 2156/4534/2905 2134/4533/2905 2150/4563/2905 2149/4527/2905 2154/4526/2905
f 2157/4564/2906 2160/4565/2906 2158/4566/2906
f 2158/4536/2907 2160/4567/2907 2136/4568/2907 2135/4532/2907
f 2154/4526/2908 2160/4567/2908 2157/4535/2908
s 0
f 2163/4569/2909 23/4570/2909 2162/4571/2909 2/4572/2909
f 26/436/2910 6/22/2910 2165/491/2910 2164/490/2910
f 4/4573/2911 32/4574/2911 2166/4575/2911 2167/4576/2911
f 46/158/2912 10/38/2912 2169/4577/2912 2168/4578/2912
f 54/28/2913 4/27/2913 2167/4579/2913 2170/71/2913
f 2172/35/2914 94/37/2914 2171/45/2914 9/59/2914
f 2173/413/2915 19/412/2915 2174/280/2915 18/4580/2915
f 6/22/2916 21/434/2916 2175/489/2916 2165/491/2916
f 21/434/2917 22/433/2917 2176/4581/2917 2175/489/2917
f 24/440/2918 25/437/2918 2178/499/2918 2177/9/2918
f 25/437/2919 26/439/2919 2164/498/2919 2178/499/2919
f 2179/469/2920 28/468/2920 2180/4582/2920 27/4583/2920
f 28/467/2921 29/465/2921 2181/7/2921 2180/471/2921
f 31/4584/2922 30/4585/2922 2182/4586/2922 2183/4587/2922
f 32/4574/2923 31/4584/2923 2183/4587/2923 2166/4575/2923
f 50/4588/2924 2163/4569/2924 2/4572/2924 2184/4589/2924
f 8/4590/2925 52/4591/2925 2186/4592/2925 2185/4593/2925
f 52/4594/2926 53/4595/2926 2187/70/2926 2186/124/2926
f 53/4595/2927 54/28/2927 2170/71/2927 2187/70/2927
f 63/310/2928 2172/35/2928 9/59/2928 2188/178/2928
f 10/4596/2929 69/4597/2929 2189/4598/2929 2169/4599/2929
f 69/155/2930 70/154/2930 2190/153/2930 2189/295/2930
f 74/240/2931 8/241/2931 2185/4600/2931 2191/4601/2931
f 81/118/2932 82/119/2932 2193/135/2932 2192/116/2932
f 82/119/2933 83/123/2933 2194/137/2933 2193/135/2933
f 94/4602/2934 93/4603/2934 2195/4604/2934 2171/4605/2934
f 2196/156/2935 2197/4606/2935 80/349/2935 84/150/2935
f 2199/81/2936 100/80/2936 2198/79/2936 92/91/2936
f 93/69/2937 2200/68/2937 99/85/2937 2195/44/2937
f 100/4607/2938 91/4608/2938 2201/4609/2938 2198/4610/2938
f 2200/68/2939 2202/36/2939 78/83/2939 99/85/2939
f 91/82/2940 2203/98/2940 101/96/2940 2201/75/2940
f 102/97/2941 2199/81/2941 92/91/2941 2204/112/2941
f 103/101/2942 102/97/2942 2204/112/2942 2205/102/2942
f 2203/98/2943 87/100/2943 2206/94/2943 101/96/2943
f 2207/99/2944 103/101/2944 2205/102/2944 88/104/2944
f 87/100/2945 81/118/2945 2192/116/2945 2206/94/2945
f 2208/117/2946 2207/99/2946 88/104/2946 104/120/2946
f 2209/122/2947 2208/117/2947 104/120/2947 106/121/2947
f 2210/4611/2948 2209/4612/2948 106/4613/2948 73/4614/2948
f 83/123/2949 72/132/2949 2211/4615/2949 2194/137/2949
f 109/144/2950 2196/156/2950 84/150/2950 2212/149/2950
f 108/143/2951 107/145/2951 2213/311/2951 2214/152/2951
f 107/145/2952 109/144/2952 2212/149/2952 2213/311/2952
f 70/154/2953 108/143/2953 2214/152/2953 2190/153/2953
f 110/4616/2954 45/4617/2954 2215/4618/2954 2216/350/2954
f 2197/4606/2955 110/4616/2955 2216/350/2955 80/349/2955
f 2217/4619/2956 2218/4620/2956 65/4621/2956 44/4622/2956
f 2202/36/2957 2219/179/2957 68/184/2957 78/83/2957
f 2219/179/2958 2220/181/2958 113/185/2958 68/184/2958
f 114/4623/2959 67/180/2959 2221/320/2959 2222/4624/2959
f 2220/192/2960 2223/193/2960 115/202/2960 113/4625/2960
f 59/200/2961 114/191/2961 2222/182/2961 2224/199/2961
f 2223/193/2962 59/200/2962 2224/199/2962 115/202/2962
f 118/239/2963 74/240/2963 2191/4601/2963 2225/4626/2963
f 2226/4627/2964 117/4628/2964 2227/4629/2964 61/4630/2964
f 117/4628/2965 118/239/2965 2225/4626/2965 2227/4629/2965
f 119/258/2966 2210/260/2966 73/4631/2966 2228/245/2966
f 2229/249/2967 119/258/2967 2228/245/2967 56/244/2967
f 72/132/2968 121/4632/2968 2230/4633/2968 2211/4615/2968
f 121/259/2969 2231/248/2969 120/264/2969 2230/266/2969
f 49/262/2970 55/247/2970 2232/26/2970 2233/15/2970
f 2231/248/2971 48/263/2971 2234/265/2971 120/264/2971
f 67/180/2972 123/314/2972 2235/108/2972 2221/320/2972
f 123/314/2973 63/310/2973 2188/178/2973 2235/108/2973
f 2218/24/2974 2236/23/2974 40/4634/2974 65/4635/2974
f 60/353/2975 127/355/2975 2238/343/2975 2237/21/2975
f 38/354/2976 60/353/2976 2237/21/2976 2239/20/2976
f 127/355/2977 37/356/2977 2240/357/2977 2238/343/2977
f 2241/4636/2978 2226/4627/2978 61/4630/2978 36/4637/2978
f 55/247/2979 131/384/2979 2242/383/2979 2232/26/2979
f 131/384/2980 2229/249/2980 56/244/2980 2242/383/2980
f 48/263/2981 132/4638/2981 2243/4639/2981 2234/265/2981
f 134/4640/2982 50/4588/2982 2184/4589/2982 2244/4641/2982
f 133/393/2983 49/262/2983 2233/15/2983 2245/410/2983
f 132/4638/2984 134/4642/2984 2244/4643/2984 2243/4639/2984
f 19/412/2985 133/403/2985 2245/4644/2985 2174/280/2985
f 137/4645/2986 2217/4619/2986 44/4622/2986 2246/4646/2986
f 135/424/2987 46/158/2987 2168/4578/2987 2247/4647/2987
f 136/4648/2988 135/424/2988 2247/4647/2988 2248/4649/2988
f 45/4617/2989 137/4650/2989 2246/4651/2989 2215/4618/2989
f 23/4570/2990 136/4652/2990 2248/4653/2990 2162/4571/2990
f 139/441/2991 24/440/2991 2177/9/2991 2249/446/2991
f 2236/442/2992 138/438/2992 2250/447/2992 40/4654/2992
f 138/438/2993 139/441/2993 2249/446/2993 2250/447/2993
f 143/4655/2994 2241/4636/2994 36/4637/2994 2251/4656/2994
f 35/464/2995 142/466/2995 2253/458/2995 2252/8/2995
f 2254/459/2996 38/354/2996 2239/20/2996 141/457/2996
f 142/461/2997 2254/459/2997 141/457/2997 2253/4657/2997
f 37/4658/2998 143/4659/2998 2251/4660/2998 2240/4661/2998
f 29/4662/2999 35/4663/2999 2252/4664/2999 2181/4665/2999
f 30/481/3000 146/480/3000 2255/55/3000 2182/387/3000
f 2256/476/3001 2179/4666/3001 27/4667/3001 144/4668/3001
f 146/480/3002 2256/476/3002 144/4668/3002 2255/55/3002
f 22/4669/3003 148/4670/3003 2257/288/3003 2176/4671/3003
f 148/4670/3004 2258/4672/3004 17/289/3004 2257/288/3004
f 2258/4672/3005 2173/413/3005 18/4580/3005 17/289/3005
