# Blender 5.1.1
# www.blender.org
mtllib mercurio.mtl
o Sphere
v -0.000000 0.997639 0.000000
v -0.000000 0.917962 -0.377942
v -0.000000 -0.702578 -0.698346
v -0.000000 -0.917962 -0.377942
v -0.000000 -0.997639 0.000000
v 0.037819 0.973792 -0.196222
v 0.071526 0.917962 -0.371112
v 0.103840 0.826144 -0.538771
v 0.132163 0.702578 -0.685726
v 0.155407 0.552012 -0.806328
v 0.172679 0.380232 -0.895944
v 0.183315 0.193841 -0.951129
v 0.186906 0.000000 -0.969763
v 0.183315 -0.193841 -0.951129
v 0.172679 -0.380232 -0.895944
v 0.155407 -0.552012 -0.806328
v 0.132163 -0.702578 -0.685726
v 0.103840 -0.826144 -0.538771
v 0.071526 -0.917962 -0.371112
v 0.037819 -0.973792 -0.196222
v 0.074271 0.973792 -0.185519
v 0.140467 0.917962 -0.350869
v 0.203926 0.826144 -0.509383
v 0.259549 0.702578 -0.648322
v 0.305197 0.552012 -0.762346
v 0.339117 0.380232 -0.847073
v 0.360005 0.193841 -0.899248
v 0.367058 0.000000 -0.916865
v 0.360005 -0.193841 -0.899248
v 0.339117 -0.380232 -0.847073
v 0.305197 -0.552012 -0.762346
v 0.259549 -0.702578 -0.648322
v 0.203926 -0.826144 -0.509383
v 0.140467 -0.917962 -0.350869
v 0.074271 -0.973792 -0.185519
v 0.108038 0.973792 -0.168111
v 0.204331 0.917962 -0.317945
v 0.296642 0.826144 -0.461585
v 0.377554 0.702578 -0.587486
v 0.443957 0.552012 -0.690810
v 0.493298 0.380232 -0.767587
v 0.523683 0.193841 -0.814866
v 0.533942 0.000000 -0.830830
v 0.523683 -0.193841 -0.814866
v 0.493298 -0.380232 -0.767587
v 0.443957 -0.552012 -0.690810
v 0.377554 -0.702578 -0.587486
v 0.296642 -0.826144 -0.461585
v 0.204331 -0.917962 -0.317945
v 0.108038 -0.973792 -0.168111
v 0.137901 0.973792 -0.144626
v 0.260810 0.917962 -0.273529
v 0.378637 0.826144 -0.397103
v 0.481914 0.702578 -0.505417
v 0.566671 0.552012 -0.594307
v 0.629651 0.380232 -0.660359
v 0.668434 0.193841 -0.701033
v 0.681529 0.000000 -0.714767
v 0.668434 -0.193841 -0.701033
v 0.629651 -0.380232 -0.660359
v 0.566671 -0.552012 -0.594307
v 0.481914 -0.702578 -0.505417
v 0.378637 -0.826144 -0.397103
v 0.260810 -0.917962 -0.273529
v 0.137901 -0.973792 -0.144626
v 0.162780 0.973792 -0.115915
v 0.307862 0.917962 -0.219228
v 0.446947 0.826144 -0.318270
v 0.568856 0.702578 -0.405080
v 0.668903 0.552012 -0.476324
v 0.743246 0.380232 -0.529263
v 0.789025 0.193841 -0.561863
v 0.804483 0.000000 -0.572870
v 0.789025 -0.193841 -0.561862
v 0.743246 -0.380232 -0.529263
v 0.668903 -0.552012 -0.476324
v 0.568856 -0.702578 -0.405080
v 0.446947 -0.826144 -0.318270
v 0.307862 -0.917962 -0.219228
v 0.162780 -0.973792 -0.115915
v 0.181775 0.973792 -0.083014
v 0.343788 0.917962 -0.157003
v 0.499103 0.826144 -0.227933
v 0.635238 0.702578 -0.290103
v 0.746960 0.552012 -0.341125
v 0.829978 0.380232 -0.379038
v 0.881100 0.193841 -0.402385
v 0.898362 0.000000 -0.410268
v 0.881100 -0.193841 -0.402385
v 0.829978 -0.380232 -0.379038
v 0.746960 -0.552012 -0.341125
v 0.635238 -0.702578 -0.290103
v 0.499103 -0.826144 -0.227933
v 0.343788 -0.917962 -0.157003
v 0.181775 -0.973792 -0.083014
v 0.194200 0.973792 -0.047113
v 0.367288 0.917962 -0.089103
v 0.533220 0.826144 -0.129358
v 0.678660 0.702578 -0.164641
v 0.798020 0.552012 -0.193598
v 0.886713 0.380232 -0.215114
v 0.941329 0.193841 -0.228364
v 0.959771 0.000000 -0.232838
v 0.941329 -0.193841 -0.228364
v 0.886713 -0.380232 -0.215114
v 0.798020 -0.552012 -0.193598
v 0.678660 -0.702578 -0.164641
v 0.533220 -0.826144 -0.129358
v 0.367288 -0.917962 -0.089103
v 0.194200 -0.973792 -0.047113
v 0.199607 0.973792 -0.009508
v 0.377514 0.917962 -0.017983
v 0.548065 0.826144 -0.026108
v 0.697555 0.702578 -0.033229
v 0.820238 0.552012 -0.039073
v 0.911399 0.380232 -0.043415
v 0.967536 0.193841 -0.046089
v 0.986492 0.000000 -0.046992
v 0.967536 -0.193841 -0.046089
v 0.911399 -0.380232 -0.043415
v 0.820238 -0.552012 -0.039073
v 0.697555 -0.702578 -0.033229
v 0.548065 -0.826144 -0.026108
v 0.377514 -0.917962 -0.017983
v 0.199607 -0.973792 -0.009508
v 0.197799 0.973792 0.028439
v 0.374095 0.917962 0.053787
v 0.543102 0.826144 0.078086
v 0.691238 0.702578 0.099385
v 0.812809 0.552012 0.116864
v 0.903145 0.380232 0.129853
v 0.958774 0.193841 0.137851
v 0.977558 0.000000 0.140552
v 0.958774 -0.193841 0.137851
v 0.903145 -0.380232 0.129853
v 0.812809 -0.552012 0.116864
v 0.691238 -0.702578 0.099385
v 0.543102 -0.826144 0.078086
v 0.374095 -0.917962 0.053787
v 0.197799 -0.973792 0.028439
v 0.188843 0.973792 0.065359
v 0.357156 0.917962 0.123613
v 0.518509 0.826144 0.179458
v 0.659937 0.702578 0.228407
v 0.776004 0.552012 0.268578
v 0.862250 0.380232 0.298427
v 0.915359 0.193841 0.316809
v 0.933292 0.000000 0.323016
v 0.915359 -0.193841 0.316809
v 0.862250 -0.380232 0.298427
v 0.776004 -0.552012 0.268578
v 0.659937 -0.702578 0.228407
v 0.518509 -0.826144 0.179458
v 0.357156 -0.917962 0.123613
v 0.188843 -0.973792 0.065359
v 0.173061 0.973792 0.099917
v 0.327307 0.917962 0.188971
v 0.475177 0.826144 0.274343
v 0.604785 0.702578 0.349173
v 0.711152 0.552012 0.410584
v 0.790190 0.380232 0.456216
v 0.838861 0.193841 0.484317
v 0.855295 0.000000 0.493805
v 0.838861 -0.193841 0.484317
v 0.790190 -0.380232 0.456216
v 0.711152 -0.552012 0.410584
v 0.604785 -0.702578 0.349173
v 0.475177 -0.826144 0.274343
v 0.327307 -0.917962 0.188971
v 0.173061 -0.973792 0.099917
v 0.151024 0.973792 0.130863
v 0.285630 0.917962 0.247499
v 0.414670 0.826144 0.359313
v 0.527774 0.702578 0.457319
v 0.620597 0.552012 0.537751
v 0.689571 0.380232 0.597516
v 0.732044 0.193841 0.634320
v 0.746386 0.000000 0.646747
v 0.732044 -0.193841 0.634320
v 0.689571 -0.380232 0.597516
v 0.620597 -0.552012 0.537750
v 0.527774 -0.702578 0.457319
v 0.414670 -0.826144 0.359313
v 0.285630 -0.917962 0.247499
v 0.151024 -0.973792 0.130863
v 0.123529 0.973792 0.157080
v 0.233628 0.917962 0.297082
v 0.339176 0.826144 0.431297
v 0.431689 0.702578 0.548937
v 0.507612 0.552012 0.645481
v 0.564029 0.380232 0.717221
v 0.598769 0.193841 0.761397
v 0.610500 0.000000 0.776314
v 0.598769 -0.193841 0.761397
v 0.564029 -0.380232 0.717221
v 0.507612 -0.552012 0.645481
v 0.431689 -0.702578 0.548937
v 0.339176 -0.826144 0.431297
v 0.233628 -0.917962 0.297082
v 0.123529 -0.973792 0.157080
v 0.091569 0.973792 0.177619
v 0.173183 0.917962 0.335928
v 0.251423 0.826144 0.487692
v 0.320000 0.702578 0.620714
v 0.376281 0.552012 0.729883
v 0.418101 0.380232 0.811003
v 0.443854 0.193841 0.860956
v 0.452549 0.000000 0.877823
v 0.443854 -0.193841 0.860956
v 0.418101 -0.380232 0.811003
v 0.376281 -0.552012 0.729883
v 0.320000 -0.702578 0.620714
v 0.251423 -0.826144 0.487692
v 0.173183 -0.917962 0.335928
v 0.091569 -0.973792 0.177619
v 0.056300 0.973792 0.191739
v 0.106479 0.917962 0.362633
v 0.154583 0.826144 0.526461
v 0.196747 0.702578 0.670058
v 0.231350 0.552012 0.787905
v 0.257062 0.380232 0.875473
v 0.272896 0.193841 0.929397
v 0.278242 0.000000 0.947605
v 0.272896 -0.193841 0.929397
v 0.257062 -0.380232 0.875473
v 0.231350 -0.552012 0.787905
v 0.196747 -0.702578 0.670058
v 0.154583 -0.826144 0.526461
v 0.106479 -0.917962 0.362633
v 0.056300 -0.973792 0.191739
v 0.018995 0.973792 0.198929
v 0.035926 0.917962 0.376231
v 0.052156 0.826144 0.546202
v 0.066382 0.702578 0.695184
v 0.078057 0.552012 0.817449
v 0.086732 0.380232 0.908301
v 0.092075 0.193841 0.964247
v 0.093878 0.000000 0.983138
v 0.092075 -0.193841 0.964248
v 0.086732 -0.380232 0.908301
v 0.078057 -0.552012 0.817449
v 0.066382 -0.702578 0.695184
v 0.052156 -0.826144 0.546202
v 0.035926 -0.917962 0.376231
v 0.018995 -0.973792 0.198929
v -0.018995 0.973792 0.198929
v -0.035926 0.917962 0.376231
v -0.052156 0.826144 0.546202
v -0.066382 0.702578 0.695184
v -0.078057 0.552012 0.817450
v -0.086732 0.380232 0.908301
v -0.092074 0.193841 0.964247
v -0.093878 0.000000 0.983138
v -0.092074 -0.193841 0.964248
v -0.086732 -0.380232 0.908301
v -0.078057 -0.552012 0.817449
v -0.066382 -0.702578 0.695184
v -0.052156 -0.826144 0.546202
v -0.035926 -0.917962 0.376231
v -0.018995 -0.973792 0.198929
v -0.056300 0.973792 0.191739
v -0.106479 0.917962 0.362633
v -0.154583 0.826144 0.526461
v -0.196747 0.702578 0.670058
v -0.231350 0.552012 0.787905
v -0.257062 0.380232 0.875473
v -0.272896 0.193841 0.929397
v -0.278242 0.000000 0.947605
v -0.272896 -0.193841 0.929397
v -0.257062 -0.380232 0.875473
v -0.231350 -0.552012 0.787905
v -0.196747 -0.702578 0.670058
v -0.154583 -0.826144 0.526461
v -0.106479 -0.917962 0.362633
v -0.056300 -0.973792 0.191739
v -0.091569 0.973792 0.177619
v -0.173183 0.917962 0.335928
v -0.251423 0.826144 0.487692
v -0.320001 0.702578 0.620714
v -0.376281 0.552012 0.729883
v -0.418101 0.380232 0.811003
v -0.443854 0.193841 0.860956
v -0.452549 0.000000 0.877823
v -0.443854 -0.193841 0.860956
v -0.418101 -0.380232 0.811003
v -0.376281 -0.552012 0.729883
v -0.320001 -0.702578 0.620714
v -0.251423 -0.826144 0.487692
v -0.173183 -0.917962 0.335928
v -0.091569 -0.973792 0.177619
v -0.123529 0.973792 0.157080
v -0.233628 0.917962 0.297083
v -0.339176 0.826144 0.431297
v -0.431689 0.702578 0.548937
v -0.507612 0.552012 0.645481
v -0.564028 0.380232 0.717221
v -0.598770 0.193841 0.761397
v -0.610500 0.000000 0.776314
v -0.598770 -0.193841 0.761397
v -0.564028 -0.380232 0.717221
v -0.507612 -0.552012 0.645481
v -0.431689 -0.702578 0.548937
v -0.339176 -0.826144 0.431297
v -0.233628 -0.917962 0.297083
v -0.123529 -0.973792 0.157080
v -0.151024 0.973792 0.130863
v -0.285630 0.917962 0.247499
v -0.414670 0.826144 0.359314
v -0.527775 0.702578 0.457319
v -0.620597 0.552012 0.537751
v -0.689571 0.380232 0.597517
v -0.732044 0.193841 0.634320
v -0.746386 0.000000 0.646747
v -0.732044 -0.193841 0.634320
v -0.689571 -0.380232 0.597517
v -0.620597 -0.552012 0.537751
v -0.527775 -0.702578 0.457319
v -0.414670 -0.826144 0.359314
v -0.285630 -0.917962 0.247499
v -0.151024 -0.973792 0.130863
v -0.173061 0.973792 0.099917
v -0.327307 0.917962 0.188971
v -0.475177 0.826144 0.274343
v -0.604785 0.702578 0.349173
v -0.711152 0.552012 0.410584
v -0.790190 0.380232 0.456217
v -0.838861 0.193841 0.484317
v -0.855295 0.000000 0.493805
v -0.838861 -0.193841 0.484317
v -0.790190 -0.380232 0.456217
v -0.711152 -0.552012 0.410584
v -0.604785 -0.702578 0.349173
v -0.475177 -0.826144 0.274343
v -0.327307 -0.917962 0.188971
v -0.173061 -0.973792 0.099917
v -0.188843 0.973792 0.065359
v -0.357156 0.917962 0.123613
v -0.518510 0.826144 0.179458
v -0.659937 0.702578 0.228406
v -0.776004 0.552012 0.268578
v -0.862250 0.380232 0.298428
v -0.915359 0.193841 0.316809
v -0.933292 0.000000 0.323016
v -0.915359 -0.193841 0.316809
v -0.862250 -0.380232 0.298428
v -0.776004 -0.552012 0.268578
v -0.659937 -0.702578 0.228406
v -0.518510 -0.826144 0.179458
v -0.357156 -0.917962 0.123613
v -0.188843 -0.973792 0.065359
v -0.197799 0.973792 0.028439
v -0.374095 0.917962 0.053787
v -0.543102 0.826144 0.078086
v -0.691238 0.702578 0.099385
v -0.812809 0.552012 0.116864
v -0.903146 0.380232 0.129853
v -0.958774 0.193841 0.137851
v -0.977558 0.000000 0.140552
v -0.958774 -0.193841 0.137851
v -0.903146 -0.380232 0.129853
v -0.812810 -0.552012 0.116864
v -0.691238 -0.702578 0.099385
v -0.543102 -0.826144 0.078086
v -0.374095 -0.917962 0.053787
v -0.197799 -0.973792 0.028439
v -0.199607 0.973792 -0.009508
v -0.377514 0.917962 -0.017983
v -0.548065 0.826144 -0.026108
v -0.697555 0.702578 -0.033229
v -0.820238 0.552012 -0.039073
v -0.911399 0.380232 -0.043415
v -0.967537 0.193841 -0.046089
v -0.986492 0.000000 -0.046992
v -0.967537 -0.193841 -0.046089
v -0.911399 -0.380232 -0.043415
v -0.820238 -0.552012 -0.039073
v -0.697555 -0.702578 -0.033229
v -0.548065 -0.826144 -0.026108
v -0.377514 -0.917962 -0.017983
v -0.199607 -0.973792 -0.009508
v -0.194201 0.973792 -0.047113
v -0.367288 0.917962 -0.089103
v -0.533220 0.826144 -0.129358
v -0.678660 0.702578 -0.164641
v -0.798020 0.552012 -0.193598
v -0.886713 0.380232 -0.215114
v -0.941329 0.193841 -0.228364
v -0.959771 0.000000 -0.232838
v -0.941329 -0.193841 -0.228364
v -0.886713 -0.380232 -0.215114
v -0.798020 -0.552012 -0.193598
v -0.678660 -0.702578 -0.164641
v -0.533220 -0.826144 -0.129358
v -0.367288 -0.917962 -0.089103
v -0.194201 -0.973792 -0.047113
v -0.181775 0.973792 -0.083014
v -0.343788 0.917962 -0.157003
v -0.499103 0.826144 -0.227933
v -0.635238 0.702578 -0.290103
v -0.746961 0.552012 -0.341125
v -0.829978 0.380232 -0.379038
v -0.881100 0.193841 -0.402385
v -0.898362 0.000000 -0.410268
v -0.881100 -0.193841 -0.402385
v -0.829978 -0.380232 -0.379038
v -0.746961 -0.552012 -0.341125
v -0.635238 -0.702578 -0.290103
v -0.499103 -0.826144 -0.227933
v -0.343788 -0.917962 -0.157003
v -0.181775 -0.973792 -0.083014
v -0.162780 0.973792 -0.115915
v -0.307862 0.917962 -0.219228
v -0.446947 0.826144 -0.318270
v -0.568856 0.702578 -0.405080
v -0.668904 0.552012 -0.476324
v -0.743246 0.380232 -0.529263
v -0.789026 0.193841 -0.561863
v -0.804484 0.000000 -0.572870
v -0.789026 -0.193841 -0.561863
v -0.743246 -0.380232 -0.529263
v -0.668904 -0.552012 -0.476324
v -0.568856 -0.702578 -0.405080
v -0.446947 -0.826144 -0.318270
v -0.307862 -0.917962 -0.219228
v -0.162780 -0.973792 -0.115915
v -0.137901 0.973792 -0.144626
v -0.260810 0.917962 -0.273530
v -0.378637 0.826144 -0.397103
v -0.481914 0.702578 -0.505417
v -0.566671 0.552012 -0.594307
v -0.629651 0.380232 -0.660359
v -0.668434 0.193841 -0.701033
v -0.681529 0.000000 -0.714767
v -0.668434 -0.193841 -0.701033
v -0.629651 -0.380232 -0.660359
v -0.566671 -0.552012 -0.594307
v -0.481914 -0.702578 -0.505417
v -0.378637 -0.826144 -0.397103
v -0.260810 -0.917962 -0.273530
v -0.137901 -0.973792 -0.144626
v -0.108038 0.973792 -0.168111
v -0.204331 0.917962 -0.317945
v -0.296643 0.826144 -0.461585
v -0.377554 0.702578 -0.587486
v -0.443957 0.552012 -0.690810
v -0.493299 0.380232 -0.767587
v -0.523683 0.193841 -0.814866
v -0.533943 0.000000 -0.830831
v -0.523683 -0.193841 -0.814866
v -0.493299 -0.380232 -0.767587
v -0.443957 -0.552012 -0.690810
v -0.377554 -0.702578 -0.587486
v -0.296643 -0.826144 -0.461585
v -0.204331 -0.917962 -0.317945
v -0.108038 -0.973792 -0.168111
v -0.074271 0.973792 -0.185519
v -0.140467 0.917962 -0.350869
v -0.203926 0.826144 -0.509383
v -0.259549 0.702578 -0.648322
v -0.305197 0.552012 -0.762346
v -0.339117 0.380232 -0.847073
v -0.360005 0.193841 -0.899248
v -0.367058 0.000000 -0.916866
v -0.360005 -0.193841 -0.899248
v -0.339117 -0.380232 -0.847073
v -0.305197 -0.552012 -0.762346
v -0.259549 -0.702578 -0.648322
v -0.203926 -0.826144 -0.509383
v -0.140467 -0.917962 -0.350869
v -0.074271 -0.973792 -0.185519
v -0.037819 0.973792 -0.196222
v -0.071526 0.917962 -0.371112
v -0.103840 0.826144 -0.538771
v -0.132163 0.702578 -0.685726
v -0.155407 0.552012 -0.806328
v -0.172679 0.380232 -0.895944
v -0.183315 0.193841 -0.951129
v -0.186907 0.000000 -0.969763
v -0.183315 -0.193841 -0.951129
v -0.172679 -0.380232 -0.895944
v -0.155407 -0.552012 -0.806328
v -0.132163 -0.702578 -0.685726
v -0.103840 -0.826144 -0.538772
v -0.071526 -0.917962 -0.371112
v -0.037819 -0.973792 -0.196222
v -0.000000 0.973792 -0.199833
v -0.000000 0.826144 -0.548687
v 0.000000 0.702578 -0.698346
v -0.000000 0.552012 -0.821168
v -0.000000 0.380232 -0.912433
v -0.000000 0.193841 -0.968634
v -0.000000 0.000000 -0.987610
v -0.000000 -0.193841 -0.968634
v -0.000000 -0.380232 -0.912433
v -0.000000 -0.552012 -0.821168
v -0.000000 -0.826144 -0.548687
v -0.000000 -0.973792 -0.199833
v 0.054425 0.950719 -0.282385
v 0.088107 0.876269 -0.457141
v 0.118572 0.768056 -0.615209
v 0.144480 0.630328 -0.749634
v 0.164836 0.468376 -0.855251
v 0.178858 0.288424 -0.928001
v 0.186006 0.097389 -0.965089
v 0.186006 -0.097389 -0.965089
v 0.178858 -0.288424 -0.928001
v 0.164836 -0.468376 -0.855251
v 0.144480 -0.630328 -0.749634
v 0.118572 -0.768056 -0.615209
v 0.088107 -0.876269 -0.457141
v 0.054425 -0.950719 -0.282385
v 0.035926 -0.917962 -0.376229
v 0.035926 0.917962 -0.376229
v 0.066382 -0.702578 -0.695181
v 0.106883 0.950719 -0.266982
v 0.173029 0.876269 -0.432206
v 0.232858 0.768056 -0.581651
v 0.283738 0.630328 -0.708744
v 0.323715 0.468376 -0.808600
v 0.351251 0.288424 -0.877382
v 0.365289 0.097389 -0.912447
v 0.365289 -0.097389 -0.912447
v 0.351251 -0.288424 -0.877382
v 0.323715 -0.468376 -0.808600
v 0.283738 -0.630328 -0.708744
v 0.232858 -0.768056 -0.581651
v 0.173029 -0.876269 -0.432206
v 0.106883 -0.950719 -0.266982
v 0.231349 0.552012 -0.787902
v 0.196746 0.702578 -0.670056
v 0.154582 -0.826144 -0.526459
v 0.196746 -0.702578 -0.670056
v 0.257061 0.380232 -0.875470
v 0.106478 -0.917962 -0.362631
v 0.272895 0.193841 -0.929394
v 0.056811 -0.973614 -0.193479
v 0.278241 0.000000 -0.947602
v 0.056811 0.973614 -0.193479
v 0.272895 -0.193841 -0.929394
v 0.106478 0.917962 -0.362631
v 0.257061 -0.380232 -0.875470
v 0.154582 0.826144 -0.526459
v 0.231349 -0.552012 -0.787902
v 0.155479 0.950719 -0.241929
v 0.251698 0.876269 -0.391649
v 0.338728 0.768056 -0.527071
v 0.412741 0.630328 -0.642238
v 0.470893 0.468376 -0.732724
v 0.510949 0.288424 -0.795052
v 0.531369 0.097389 -0.826827
v 0.531369 -0.097389 -0.826827
v 0.510949 -0.288424 -0.795052
v 0.470893 -0.468376 -0.732724
v 0.412741 -0.630328 -0.642238
v 0.338728 -0.768056 -0.527071
v 0.251698 -0.876269 -0.391649
v 0.155479 -0.950719 -0.241929
v 0.443852 -0.193841 -0.860953
v 0.452548 0.000000 -0.877820
v 0.173182 0.917962 -0.335927
v 0.092400 0.973614 -0.179231
v 0.418099 -0.380232 -0.811000
v 0.251422 0.826144 -0.487691
v 0.376280 -0.552012 -0.729880
v 0.319999 0.702578 -0.620712
v 0.319999 -0.702578 -0.620712
v 0.376280 0.552012 -0.729880
v 0.251422 -0.826144 -0.487691
v 0.418099 0.380232 -0.811000
v 0.173182 -0.917962 -0.335927
v 0.443852 0.193841 -0.860953
v 0.092400 -0.973614 -0.179231
v 0.198454 0.950719 -0.208133
v 0.321269 0.876269 -0.336938
v 0.432356 0.768056 -0.453442
v 0.526827 0.630328 -0.552520
v 0.601053 0.468376 -0.630366
v 0.652180 0.288424 -0.683987
v 0.678245 0.097389 -0.711322
v 0.678245 -0.097389 -0.711322
v 0.652180 -0.288424 -0.683987
v 0.601053 -0.468376 -0.630366
v 0.526827 -0.630328 -0.552520
v 0.432356 -0.768056 -0.453442
v 0.321269 -0.876269 -0.336938
v 0.198454 -0.950719 -0.208133
v 0.339174 -0.826144 -0.431295
v 0.431687 -0.702578 -0.548935
v 0.564027 0.380232 -0.717218
v 0.507610 0.552012 -0.645479
v 0.233627 -0.917962 -0.297081
v 0.598767 0.193841 -0.761395
v 0.124650 -0.973614 -0.158505
v 0.610498 0.000000 -0.776311
v 0.124650 0.973614 -0.158505
v 0.598767 -0.193841 -0.761395
v 0.233627 0.917962 -0.297081
v 0.564027 -0.380232 -0.717218
v 0.339175 0.826144 -0.431295
v 0.507610 -0.552012 -0.645479
v 0.431687 0.702578 -0.548935
v 0.234257 0.950719 -0.166814
v 0.379229 0.876269 -0.270048
v 0.510357 0.768056 -0.363424
v 0.621872 0.630328 -0.442833
v 0.709488 0.468376 -0.505224
v 0.769840 0.288424 -0.548200
v 0.800607 0.097389 -0.570109
v 0.800607 -0.097389 -0.570109
v 0.769840 -0.288424 -0.548200
v 0.709488 -0.468376 -0.505224
v 0.621872 -0.630328 -0.442833
v 0.510357 -0.768056 -0.363423
v 0.379229 -0.876269 -0.270048
v 0.234257 -0.950719 -0.166814
v 0.285629 0.917962 -0.247499
v 0.152395 0.973614 -0.132051
v 0.689568 -0.380232 -0.597514
v 0.732042 -0.193841 -0.634318
v 0.414668 0.826144 -0.359312
v 0.620595 -0.552012 -0.537749
v 0.527773 0.702578 -0.457318
v 0.527773 -0.702578 -0.457318
v 0.620595 0.552012 -0.537749
v 0.414668 -0.826144 -0.359312
v 0.689568 0.380232 -0.597514
v 0.285629 -0.917962 -0.247499
v 0.732042 0.193841 -0.634318
v 0.152395 -0.973614 -0.132051
v 0.746383 0.000000 -0.646745
v 0.261594 0.950719 -0.119466
v 0.423483 0.876269 -0.193398
v 0.569912 0.768056 -0.260270
v 0.694440 0.630328 -0.317140
v 0.792281 0.468376 -0.361823
v 0.859675 0.288424 -0.392601
v 0.894032 0.097389 -0.408291
v 0.894032 -0.097389 -0.408291
v 0.859675 -0.288424 -0.392601
v 0.792281 -0.468376 -0.361823
v 0.694440 -0.630328 -0.317140
v 0.569912 -0.768056 -0.260270
v 0.423483 -0.876269 -0.193398
v 0.261594 -0.950719 -0.119466
v 0.790187 0.380232 -0.456215
v 0.711150 0.552012 -0.410582
v 0.327306 -0.917962 -0.188970
v 0.475175 -0.826144 -0.274342
v 0.838858 0.193841 -0.484315
v 0.174632 -0.973614 -0.100824
v 0.855292 0.000000 -0.493803
v 0.174632 0.973614 -0.100824
v 0.838858 -0.193841 -0.484315
v 0.327306 0.917962 -0.188970
v 0.790187 -0.380232 -0.456215
v 0.475175 0.826144 -0.274342
v 0.711150 -0.552012 -0.410582
v 0.604783 0.702578 -0.349172
v 0.604783 -0.702578 -0.349172
v 0.279476 0.950719 -0.067800
v 0.452431 0.876269 -0.109759
v 0.608870 0.768056 -0.147710
v 0.741910 0.630328 -0.179985
v 0.846439 0.468376 -0.205344
v 0.918440 0.288424 -0.222811
v 0.955146 0.097389 -0.231716
v 0.955146 -0.097389 -0.231716
v 0.918440 -0.288424 -0.222811
v 0.846439 -0.468376 -0.205344
v 0.741910 -0.630328 -0.179985
v 0.608870 -0.768056 -0.147710
v 0.452431 -0.876269 -0.109759
v 0.279475 -0.950719 -0.067800
v 0.862247 -0.380232 -0.298427
v 0.915356 -0.193841 -0.316808
v 0.518508 0.826144 -0.179457
v 0.357154 0.917962 -0.123612
v 0.776002 -0.552012 -0.268577
v 0.659935 0.702578 -0.228406
v 0.659935 -0.702578 -0.228406
v 0.776002 0.552012 -0.268577
v 0.518508 -0.826144 -0.179457
v 0.862247 0.380232 -0.298427
v 0.357154 -0.917962 -0.123612
v 0.915356 0.193841 -0.316808
v 0.190557 -0.973614 -0.065952
v 0.933289 0.000000 -0.323014
v 0.190557 0.973614 -0.065952
v 0.287256 0.950719 -0.013684
v 0.465027 0.876269 -0.022152
v 0.625821 0.768056 -0.029812
v 0.762565 0.630328 -0.036325
v 0.870004 0.468376 -0.041443
v 0.944010 0.288424 -0.044969
v 0.981737 0.097389 -0.046766
v 0.981737 -0.097389 -0.046766
v 0.944010 -0.288424 -0.044969
v 0.870004 -0.468376 -0.041443
v 0.762565 -0.630328 -0.036325
v 0.625821 -0.768056 -0.029812
v 0.465027 -0.876269 -0.022152
v 0.287256 -0.950719 -0.013684
v 0.374094 -0.917962 -0.053787
v 0.543100 -0.826144 -0.078086
v 0.958771 0.193841 -0.137850
v 0.903142 0.380232 -0.129852
v 0.199595 -0.973614 -0.028697
v 0.977554 0.000000 -0.140551
v 0.199595 0.973614 -0.028697
v 0.958771 -0.193841 -0.137850
v 0.374094 0.917962 -0.053787
v 0.903142 -0.380232 -0.129852
v 0.543100 0.826144 -0.078086
v 0.812807 -0.552012 -0.116864
v 0.691235 0.702578 -0.099385
v 0.691235 -0.702578 -0.099385
v 0.812807 0.552012 -0.116864
v 0.284655 0.950719 0.040927
v 0.460816 0.876269 0.066255
v 0.620154 0.768056 0.089165
v 0.755659 0.630328 0.108647
v 0.862126 0.468376 0.123955
v 0.935461 0.288424 0.134499
v 0.972847 0.097389 0.139874
v 0.972847 -0.097389 0.139874
v 0.935461 -0.288424 0.134499
v 0.862126 -0.468376 0.123955
v 0.755659 -0.630328 0.108647
v 0.620154 -0.768056 0.089165
v 0.460816 -0.876269 0.066255
v 0.284655 -0.950719 0.040927
v 0.820235 -0.552012 0.039073
v 0.911396 -0.380232 0.043415
v 0.697552 0.702578 0.033229
v 0.548063 0.826144 0.026107
v 0.697552 -0.702578 0.033229
v 0.820235 0.552012 0.039073
v 0.548063 -0.826144 0.026107
v 0.911396 0.380232 0.043415
v 0.377513 -0.917962 0.017983
v 0.967533 0.193841 0.046089
v 0.201419 -0.973614 0.009595
v 0.986488 0.000000 0.046992
v 0.201419 0.973614 0.009595
v 0.967533 -0.193841 0.046089
v 0.377513 0.917962 0.017983
v 0.271765 0.950719 0.094059
v 0.439949 0.876269 0.152268
v 0.592072 0.768056 0.204918
v 0.721442 0.630328 0.249693
v 0.823087 0.468376 0.284873
v 0.893102 0.288424 0.309105
v 0.928795 0.097389 0.321459
v 0.928795 -0.097389 0.321459
v 0.893102 -0.288424 0.309105
v 0.823087 -0.468376 0.284873
v 0.721442 -0.630328 0.249693
v 0.592072 -0.768056 0.204918
v 0.439949 -0.876269 0.152268
v 0.271765 -0.950719 0.094059
v 0.195963 -0.973614 0.047540
v 0.367287 -0.917962 0.089103
v 0.959768 0.000000 0.232837
v 0.941326 0.193841 0.228363
v 0.195963 0.973614 0.047540
v 0.941326 -0.193841 0.228363
v 0.367287 0.917962 0.089103
v 0.886710 -0.380232 0.215113
v 0.533218 0.826144 0.129357
v 0.798018 -0.552012 0.193597
v 0.678658 0.702578 0.164641
v 0.678658 -0.702578 0.164641
v 0.798018 0.552012 0.193597
v 0.533218 -0.826144 0.129357
v 0.886710 0.380232 0.215113
v 0.249053 0.950719 0.143791
v 0.403182 0.876269 0.232777
v 0.542592 0.768056 0.313265
v 0.661150 0.630328 0.381715
v 0.754300 0.468376 0.435495
v 0.818463 0.288424 0.472540
v 0.851174 0.097389 0.491425
v 0.851174 -0.097389 0.491425
v 0.818464 -0.288424 0.472540
v 0.754300 -0.468376 0.435495
v 0.661150 -0.630328 0.381715
v 0.542592 -0.768056 0.313265
v 0.403182 -0.876269 0.232777
v 0.249053 -0.950719 0.143791
v 0.635235 0.702578 0.290102
v 0.499101 0.826144 0.227932
v 0.635235 -0.702578 0.290102
v 0.746958 -0.552012 0.341124
v 0.746958 0.552012 0.341124
v 0.499101 -0.826144 0.227932
v 0.829975 0.380232 0.379037
v 0.343787 -0.917962 0.157002
v 0.881097 0.193841 0.402383
v 0.183425 -0.973614 0.083767
v 0.898359 0.000000 0.410267
v 0.183425 0.973614 0.083767
v 0.881097 -0.193841 0.402383
v 0.343787 0.917962 0.157002
v 0.829975 -0.380232 0.379037
v 0.217340 0.950719 0.188326
v 0.351843 0.876269 0.304873
v 0.473500 0.768056 0.410290
v 0.576962 0.630328 0.499940
v 0.658251 0.468376 0.570378
v 0.714244 0.288424 0.618896
v 0.742789 0.097389 0.643630
v 0.742789 -0.097389 0.643630
v 0.714244 -0.288424 0.618896
v 0.658251 -0.468376 0.570378
v 0.576962 -0.630328 0.499940
v 0.473500 -0.768056 0.410290
v 0.351843 -0.876269 0.304873
v 0.217340 -0.950719 0.188326
v 0.804481 0.000000 0.572868
v 0.789023 0.193841 0.561861
v 0.164257 0.973614 0.116967
v 0.164257 -0.973614 0.116967
v 0.789023 -0.193841 0.561861
v 0.307861 0.917962 0.219227
v 0.743243 -0.380232 0.529261
v 0.446946 0.826144 0.318268
v 0.668901 -0.552012 0.476322
v 0.568854 0.702578 0.405079
v 0.568854 -0.702578 0.405079
v 0.668901 0.552012 0.476322
v 0.446946 -0.826144 0.318268
v 0.743243 0.380232 0.529261
v 0.307861 -0.917962 0.219227
v 0.177771 0.950719 0.226055
v 0.287787 0.876269 0.365950
v 0.387296 0.768056 0.492486
v 0.471921 0.630328 0.600096
v 0.538411 0.468376 0.684645
v 0.584210 0.288424 0.742883
v 0.607558 0.097389 0.772573
v 0.607558 -0.097389 0.772573
v 0.584210 -0.288424 0.742883
v 0.538411 -0.468376 0.684645
v 0.471921 -0.630328 0.600096
v 0.387296 -0.768056 0.492486
v 0.287787 -0.876269 0.365950
v 0.177771 -0.950719 0.226055
v 0.481912 -0.702578 0.505415
v 0.566669 -0.552012 0.594305
v 0.566669 0.552012 0.594305
v 0.481912 0.702578 0.505415
v 0.378636 -0.826144 0.397102
v 0.629649 0.380232 0.660356
v 0.260809 -0.917962 0.273529
v 0.668431 0.193841 0.701031
v 0.139153 -0.973614 0.145939
v 0.681527 0.000000 0.714765
v 0.139153 0.973614 0.145939
v 0.668431 -0.193841 0.701030
v 0.260809 0.917962 0.273529
v 0.629649 -0.380232 0.660356
v 0.378636 0.826144 0.397102
v 0.131778 0.950719 0.255613
v 0.213329 0.876269 0.413801
v 0.287093 0.768056 0.556883
v 0.349824 0.630328 0.678564
v 0.399111 0.468376 0.774168
v 0.433061 0.288424 0.840021
v 0.450368 0.097389 0.873592
v 0.450368 -0.097389 0.873593
v 0.433061 -0.288424 0.840021
v 0.399111 -0.468376 0.774168
v 0.349824 -0.630328 0.678564
v 0.287093 -0.768056 0.556883
v 0.213329 -0.876269 0.413801
v 0.131778 -0.950719 0.255613
v 0.109019 0.973614 0.169637
v 0.109019 -0.973614 0.169637
v 0.523681 -0.193841 0.814864
v 0.533941 0.000000 0.830828
v 0.204330 0.917962 0.317944
v 0.493297 -0.380232 0.767585
v 0.296641 0.826144 0.461583
v 0.443955 -0.552012 0.690808
v 0.377553 0.702578 0.587484
v 0.377553 -0.702578 0.587484
v 0.443955 0.552012 0.690808
v 0.296641 -0.826144 0.461583
v 0.493297 0.380232 0.767585
v 0.204330 -0.917962 0.317944
v 0.523681 0.193841 0.814864
v 0.081021 0.950719 0.275933
v 0.131162 0.876269 0.446696
v 0.176514 0.768056 0.601152
v 0.215083 0.630328 0.732506
v 0.245387 0.468376 0.835710
v 0.266260 0.288424 0.906798
v 0.276901 0.097389 0.943038
v 0.276901 -0.097389 0.943038
v 0.266260 -0.288424 0.906798
v 0.245387 -0.468376 0.835710
v 0.215083 -0.630328 0.732506
v 0.176514 -0.768056 0.601152
v 0.131162 -0.876269 0.446696
v 0.081021 -0.950719 0.275933
v 0.305196 0.552012 0.762343
v 0.259548 0.702578 0.648320
v 0.203926 -0.826144 0.509381
v 0.259548 -0.702578 0.648320
v 0.339116 0.380232 0.847070
v 0.140466 -0.917962 0.350868
v 0.360004 0.193841 0.899245
v 0.074945 -0.973614 0.187203
v 0.367056 0.000000 0.916862
v 0.074945 0.973614 0.187203
v 0.360004 -0.193841 0.899245
v 0.140466 0.917962 0.350868
v 0.339116 -0.380232 0.847070
v 0.203926 0.826144 0.509381
v 0.305196 -0.552012 0.762343
v 0.027336 0.950719 0.286280
v 0.044254 0.876269 0.463446
v 0.059555 0.768056 0.623694
v 0.072569 0.630328 0.759973
v 0.082793 0.468376 0.867047
v 0.089836 0.288424 0.940801
v 0.093426 0.097389 0.978400
v 0.093426 -0.097389 0.978400
v 0.089836 -0.288424 0.940801
v 0.082793 -0.468376 0.867047
v 0.072569 -0.630328 0.759973
v 0.059555 -0.768056 0.623694
v 0.044254 -0.876269 0.463446
v 0.027336 -0.950719 0.286280
v 0.183315 -0.193841 0.951126
v 0.186906 0.000000 0.969759
v 0.071526 0.917962 0.371111
v 0.038162 0.973614 0.198003
v 0.172679 -0.380232 0.895941
v 0.103839 0.826144 0.538769
v 0.155407 -0.552012 0.806325
v 0.132162 0.702578 0.685723
v 0.132162 -0.702578 0.685723
v 0.155407 0.552012 0.806325
v 0.103839 -0.826144 0.538769
v 0.172679 0.380232 0.895941
v 0.071526 -0.917962 0.371111
v 0.183315 0.193841 0.951126
v 0.038162 -0.973614 0.198003
v -0.027336 0.950719 0.286280
v -0.044254 0.876269 0.463446
v -0.059556 0.768056 0.623694
v -0.072569 0.630328 0.759973
v -0.082793 0.468376 0.867047
v -0.089836 0.288424 0.940801
v -0.093426 0.097389 0.978400
v -0.093426 -0.097389 0.978400
v -0.089836 -0.288424 0.940801
v -0.082793 -0.468376 0.867047
v -0.072569 -0.630328 0.759973
v -0.059556 -0.768056 0.623694
v -0.044254 -0.876269 0.463446
v -0.027336 -0.950719 0.286280
v -0.000000 -0.826144 0.548685
v -0.000000 -0.702578 0.698343
v 0.000000 0.380232 0.912430
v 0.000000 0.552012 0.821165
v -0.000000 -0.917962 0.377941
v 0.000000 0.193841 0.968630
v -0.000000 -0.973614 0.201647
v 0.000000 0.000000 0.987607
v -0.000000 0.973614 0.201647
v 0.000000 -0.193841 0.968630
v -0.000000 0.917962 0.377941
v 0.000000 -0.380232 0.912430
v -0.000000 0.826144 0.548685
v 0.000000 -0.552012 0.821165
v -0.000000 0.702578 0.698343
v -0.081021 0.950719 0.275933
v -0.131162 0.876269 0.446696
v -0.176514 0.768056 0.601152
v -0.215083 0.630328 0.732506
v -0.245386 0.468376 0.835710
v -0.266260 0.288424 0.906798
v -0.276901 0.097389 0.943038
v -0.276901 -0.097389 0.943038
v -0.266260 -0.288424 0.906798
v -0.245386 -0.468376 0.835710
v -0.215083 -0.630328 0.732506
v -0.176514 -0.768056 0.601152
v -0.131162 -0.876269 0.446696
v -0.081021 -0.950719 0.275933
v -0.172678 -0.380232 0.895941
v -0.183314 -0.193841 0.951126
v -0.103839 0.826144 0.538770
v -0.071526 0.917962 0.371111
v -0.155406 -0.552012 0.806325
v -0.132162 0.702578 0.685723
v -0.132162 -0.702578 0.685723
v -0.155406 0.552012 0.806325
v -0.103839 -0.826144 0.538770
v -0.172678 0.380232 0.895941
v -0.071526 -0.917962 0.371111
v -0.183314 0.193841 0.951126
v -0.038162 -0.973614 0.198003
v -0.186906 0.000000 0.969760
v -0.038162 0.973614 0.198003
v -0.131778 0.950719 0.255613
v -0.213329 0.876269 0.413801
v -0.287093 0.768056 0.556883
v -0.349824 0.630328 0.678563
v -0.399111 0.468376 0.774168
v -0.433061 0.288424 0.840021
v -0.450368 0.097389 0.873593
v -0.450368 -0.097389 0.873593
v -0.433061 -0.288424 0.840021
v -0.399111 -0.468376 0.774168
v -0.349824 -0.630328 0.678564
v -0.287093 -0.768056 0.556883
v -0.213329 -0.876269 0.413801
v -0.131778 -0.950719 0.255613
v -0.140466 -0.917962 0.350868
v -0.203926 -0.826144 0.509381
v -0.360003 0.193841 0.899245
v -0.339116 0.380232 0.847070
v -0.074945 -0.973614 0.187203
v -0.367056 0.000000 0.916863
v -0.074945 0.973614 0.187203
v -0.360003 -0.193841 0.899245
v -0.140466 0.917962 0.350868
v -0.339116 -0.380232 0.847071
v -0.203926 0.826144 0.509381
v -0.305196 -0.552012 0.762343
v -0.259548 0.702578 0.648320
v -0.259548 -0.702578 0.648319
v -0.305196 0.552012 0.762343
v -0.177771 0.950719 0.226055
v -0.287787 0.876269 0.365951
v -0.387296 0.768056 0.492486
v -0.471921 0.630328 0.600096
v -0.538411 0.468376 0.684645
v -0.584210 0.288424 0.742883
v -0.607558 0.097389 0.772573
v -0.607558 -0.097389 0.772573
v -0.584210 -0.288424 0.742883
v -0.538411 -0.468376 0.684645
v -0.471921 -0.630328 0.600096
v -0.387296 -0.768056 0.492486
v -0.287787 -0.876269 0.365950
v -0.177771 -0.950719 0.226055
v -0.296642 0.826144 0.461583
v -0.204330 0.917962 0.317944
v -0.443955 -0.552012 0.690808
v -0.493297 -0.380232 0.767585
v -0.377553 0.702578 0.587484
v -0.377553 -0.702578 0.587484
v -0.443955 0.552012 0.690808
v -0.296642 -0.826144 0.461583
v -0.493297 0.380232 0.767585
v -0.204330 -0.917962 0.317944
v -0.523681 0.193841 0.814864
v -0.109019 -0.973614 0.169637
v -0.533940 0.000000 0.830828
v -0.109019 0.973614 0.169637
v -0.523681 -0.193841 0.814864
v -0.217340 0.950719 0.188326
v -0.351843 0.876269 0.304873
v -0.473500 0.768056 0.410290
v -0.576962 0.630328 0.499940
v -0.658251 0.468376 0.570378
v -0.714244 0.288424 0.618896
v -0.742789 0.097389 0.643630
v -0.742789 -0.097389 0.643630
v -0.714244 -0.288424 0.618896
v -0.658251 -0.468376 0.570378
v -0.576962 -0.630328 0.499940
v -0.473500 -0.768056 0.410290
v -0.351843 -0.876269 0.304873
v -0.217340 -0.950719 0.188326
v -0.668431 0.193841 0.701031
v -0.629648 0.380232 0.660357
v -0.139153 -0.973614 0.145939
v -0.260809 -0.917962 0.273529
v -0.681527 0.000000 0.714765
v -0.139153 0.973614 0.145939
v -0.668431 -0.193841 0.701031
v -0.260809 0.917962 0.273529
v -0.629649 -0.380232 0.660356
v -0.378636 0.826144 0.397102
v -0.566669 -0.552012 0.594305
v -0.481912 0.702578 0.505415
v -0.481912 -0.702578 0.505415
v -0.566669 0.552012 0.594305
v -0.378636 -0.826144 0.397102
v -0.249053 0.950719 0.143791
v -0.403182 0.876269 0.232777
v -0.542592 0.768056 0.313265
v -0.661150 0.630328 0.381715
v -0.754300 0.468376 0.435496
v -0.818464 0.288424 0.472540
v -0.851174 0.097389 0.491425
v -0.851174 -0.097389 0.491426
v -0.818464 -0.288424 0.472540
v -0.754300 -0.468376 0.435496
v -0.661150 -0.630328 0.381715
v -0.542592 -0.768056 0.313265
v -0.403182 -0.876269 0.232777
v -0.249053 -0.950719 0.143791
v -0.668901 -0.552012 0.476322
v -0.743243 -0.380232 0.529261
v -0.568854 0.702578 0.405079
v -0.446946 0.826144 0.318269
v -0.568854 -0.702578 0.405079
v -0.668901 0.552012 0.476322
v -0.446946 -0.826144 0.318269
v -0.743243 0.380232 0.529261
v -0.307861 -0.917962 0.219227
v -0.789023 0.193841 0.561861
v -0.164257 -0.973614 0.116967
v -0.804481 0.000000 0.572868
v -0.164257 0.973614 0.116967
v -0.789023 -0.193841 0.561861
v -0.307861 0.917962 0.219227
v -0.271765 0.950719 0.094059
v -0.439949 0.876269 0.152268
v -0.592072 0.768056 0.204918
v -0.721442 0.630328 0.249693
v -0.823087 0.468376 0.284873
v -0.893102 0.288424 0.309106
v -0.928795 0.097389 0.321459
v -0.928795 -0.097389 0.321459
v -0.893102 -0.288424 0.309106
v -0.823087 -0.468376 0.284873
v -0.721442 -0.630328 0.249693
v -0.592072 -0.768056 0.204918
v -0.439949 -0.876269 0.152268
v -0.271765 -0.950719 0.094059
v -0.183425 -0.973614 0.083767
v -0.343787 -0.917962 0.157002
v -0.898359 0.000000 0.410267
v -0.881097 0.193841 0.402384
v -0.183425 0.973614 0.083767
v -0.881097 -0.193841 0.402384
v -0.343787 0.917962 0.157002
v -0.829975 -0.380232 0.379037
v -0.499101 0.826144 0.227932
v -0.746958 -0.552012 0.341124
v -0.635235 0.702578 0.290102
v -0.635235 -0.702578 0.290102
v -0.746958 0.552012 0.341124
v -0.499101 -0.826144 0.227932
v -0.829975 0.380232 0.379037
v -0.284655 0.950719 0.040927
v -0.460816 0.876269 0.066255
v -0.620154 0.768057 0.089165
v -0.755659 0.630328 0.108647
v -0.862126 0.468376 0.123955
v -0.935461 0.288424 0.134499
v -0.972847 0.097389 0.139874
v -0.972847 -0.097389 0.139874
v -0.935461 -0.288424 0.134499
v -0.862126 -0.468376 0.123955
v -0.755659 -0.630328 0.108647
v -0.620154 -0.768056 0.089165
v -0.460816 -0.876269 0.066255
v -0.284655 -0.950719 0.040927
v -0.678658 0.702578 0.164641
v -0.533218 0.826144 0.129357
v -0.678658 -0.702578 0.164641
v -0.798018 -0.552012 0.193597
v -0.798018 0.552012 0.193597
v -0.533218 -0.826144 0.129357
v -0.886710 0.380232 0.215114
v -0.367287 -0.917962 0.089103
v -0.941326 0.193841 0.228363
v -0.195963 -0.973614 0.047540
v -0.959768 0.000000 0.232837
v -0.195963 0.973614 0.047540
v -0.941326 -0.193841 0.228363
v -0.367287 0.917962 0.089103
v -0.886710 -0.380232 0.215114
v -0.287256 0.950719 -0.013684
v -0.465027 0.876269 -0.022152
v -0.625821 0.768056 -0.029812
v -0.762565 0.630328 -0.036325
v -0.870004 0.468376 -0.041443
v -0.944010 0.288424 -0.044969
v -0.981738 0.097389 -0.046766
v -0.981738 -0.097389 -0.046766
v -0.944010 -0.288424 -0.044969
v -0.870004 -0.468376 -0.041443
v -0.762565 -0.630328 -0.036325
v -0.625821 -0.768056 -0.029812
v -0.465027 -0.876269 -0.022152
v -0.287256 -0.950719 -0.013684
v -0.986488 0.000000 0.046992
v -0.967533 0.193841 0.046089
v -0.201419 0.973614 0.009595
v -0.201419 -0.973614 0.009595
v -0.967533 -0.193841 0.046089
v -0.377513 0.917962 0.017983
v -0.911396 -0.380232 0.043415
v -0.548064 0.826144 0.026107
v -0.820235 -0.552012 0.039073
v -0.697552 0.702578 0.033228
v -0.697552 -0.702578 0.033228
v -0.820235 0.552012 0.039073
v -0.548064 -0.826144 0.026107
v -0.911396 0.380232 0.043415
v -0.377513 -0.917962 0.017983
v -0.279476 0.950719 -0.067800
v -0.452431 0.876269 -0.109759
v -0.608870 0.768056 -0.147710
v -0.741910 0.630328 -0.179985
v -0.846439 0.468376 -0.205344
v -0.918440 0.288424 -0.222811
v -0.955146 0.097389 -0.231716
v -0.955146 -0.097389 -0.231716
v -0.918440 -0.288424 -0.222811
v -0.846439 -0.468376 -0.205344
v -0.741910 -0.630328 -0.179985
v -0.608870 -0.768056 -0.147710
v -0.452431 -0.876269 -0.109759
v -0.279476 -0.950719 -0.067800
v -0.691235 -0.702578 -0.099385
v -0.812807 -0.552012 -0.116864
v -0.812807 0.552012 -0.116864
v -0.691235 0.702578 -0.099385
v -0.543100 -0.826144 -0.078086
v -0.903143 0.380232 -0.129852
v -0.374094 -0.917962 -0.053787
v -0.958771 0.193841 -0.137850
v -0.199595 -0.973614 -0.028697
v -0.977555 0.000000 -0.140551
v -0.199595 0.973614 -0.028697
v -0.958771 -0.193841 -0.137850
v -0.374094 0.917962 -0.053787
v -0.903143 -0.380232 -0.129852
v -0.543100 0.826144 -0.078086
v -0.261594 0.950719 -0.119466
v -0.423483 0.876269 -0.193398
v -0.569912 0.768056 -0.260270
v -0.694440 0.630328 -0.317140
v -0.792281 0.468376 -0.361823
v -0.859675 0.288424 -0.392600
v -0.894033 0.097389 -0.408291
v -0.894033 -0.097389 -0.408291
v -0.859675 -0.288424 -0.392600
v -0.792281 -0.468376 -0.361823
v -0.694440 -0.630328 -0.317140
v -0.569912 -0.768056 -0.260270
v -0.423483 -0.876269 -0.193398
v -0.261594 -0.950719 -0.119466
v -0.190557 -0.973614 -0.065952
v -0.915356 -0.193841 -0.316808
v -0.933289 0.000000 -0.323014
v -0.357154 0.917962 -0.123612
v -0.190557 0.973614 -0.065952
v -0.862247 -0.380232 -0.298426
v -0.518508 0.826144 -0.179457
v -0.776002 -0.552012 -0.268577
v -0.659935 0.702578 -0.228406
v -0.659935 -0.702578 -0.228406
v -0.776002 0.552012 -0.268577
v -0.518508 -0.826144 -0.179457
v -0.862247 0.380232 -0.298426
v -0.357154 -0.917962 -0.123612
v -0.915356 0.193841 -0.316808
v -0.234257 0.950719 -0.166814
v -0.379230 0.876269 -0.270048
v -0.510357 0.768056 -0.363424
v -0.621872 0.630328 -0.442833
v -0.709489 0.468376 -0.505224
v -0.769840 0.288424 -0.548200
v -0.800607 0.097389 -0.570109
v -0.800607 -0.097389 -0.570109
v -0.769840 -0.288424 -0.548200
v -0.709489 -0.468376 -0.505224
v -0.621872 -0.630328 -0.442833
v -0.510357 -0.768056 -0.363424
v -0.379230 -0.876269 -0.270048
v -0.234257 -0.950719 -0.166814
v -0.475175 -0.826144 -0.274342
v -0.604783 -0.702578 -0.349172
v -0.790187 0.380232 -0.456215
v -0.711150 0.552012 -0.410582
v -0.327306 -0.917962 -0.188970
v -0.838858 0.193841 -0.484315
v -0.174632 -0.973614 -0.100824
v -0.855293 0.000000 -0.493803
v -0.174632 0.973614 -0.100824
v -0.838858 -0.193841 -0.484315
v -0.327306 0.917962 -0.188970
v -0.790187 -0.380232 -0.456215
v -0.475175 0.826144 -0.274343
v -0.711150 -0.552012 -0.410582
v -0.604783 0.702578 -0.349172
v -0.198454 0.950719 -0.208133
v -0.321269 0.876269 -0.336938
v -0.432356 0.768056 -0.453442
v -0.526827 0.630328 -0.552520
v -0.601053 0.468376 -0.630366
v -0.652180 0.288424 -0.683987
v -0.678245 0.097389 -0.711323
v -0.678245 -0.097389 -0.711323
v -0.652180 -0.288424 -0.683987
v -0.601053 -0.468376 -0.630366
v -0.526827 -0.630328 -0.552520
v -0.432356 -0.768056 -0.453442
v -0.321269 -0.876269 -0.336938
v -0.198454 -0.950719 -0.208133
v -0.285629 0.917962 -0.247499
v -0.152395 0.973614 -0.132051
v -0.689569 -0.380232 -0.597514
v -0.732042 -0.193841 -0.634318
v -0.414669 0.826144 -0.359312
v -0.620595 -0.552012 -0.537749
v -0.527773 0.702578 -0.457318
v -0.527773 -0.702578 -0.457318
v -0.620595 0.552012 -0.537749
v -0.414669 -0.826144 -0.359312
v -0.689569 0.380232 -0.597514
v -0.285629 -0.917962 -0.247499
v -0.732042 0.193841 -0.634318
v -0.152395 -0.973614 -0.132051
v -0.746384 0.000000 -0.646745
v -0.155479 0.950719 -0.241929
v -0.251698 0.876269 -0.391649
v -0.338728 0.768056 -0.527071
v -0.412741 0.630328 -0.642238
v -0.470893 0.468376 -0.732724
v -0.510949 0.288424 -0.795052
v -0.531369 0.097389 -0.826827
v -0.531369 -0.097389 -0.826827
v -0.510949 -0.288424 -0.795052
v -0.470894 -0.468376 -0.732724
v -0.412741 -0.630328 -0.642238
v -0.338728 -0.768056 -0.527071
v -0.251698 -0.876269 -0.391649
v -0.155479 -0.950719 -0.241929
v -0.564027 0.380232 -0.717218
v -0.507611 0.552012 -0.645479
v -0.233627 -0.917962 -0.297082
v -0.339175 -0.826144 -0.431296
v -0.598768 0.193841 -0.761395
v -0.124650 -0.973614 -0.158506
v -0.610498 0.000000 -0.776311
v -0.124650 0.973614 -0.158506
v -0.598768 -0.193841 -0.761395
v -0.233627 0.917962 -0.297082
v -0.564027 -0.380232 -0.717218
v -0.339175 0.826144 -0.431296
v -0.507611 -0.552012 -0.645479
v -0.431687 0.702578 -0.548935
v -0.431687 -0.702578 -0.548935
v -0.106883 0.950719 -0.266982
v -0.173029 0.876269 -0.432206
v -0.232858 0.768056 -0.581651
v -0.283738 0.630328 -0.708744
v -0.323715 0.468376 -0.808600
v -0.351251 0.288424 -0.877382
v -0.365289 0.097389 -0.912447
v -0.365289 -0.097389 -0.912447
v -0.351251 -0.288424 -0.877382
v -0.323715 -0.468376 -0.808600
v -0.283738 -0.630328 -0.708744
v -0.232858 -0.768056 -0.581651
v -0.173029 -0.876269 -0.432206
v -0.106883 -0.950719 -0.266982
v -0.418100 -0.380232 -0.811000
v -0.443852 -0.193841 -0.860953
v -0.251422 0.826144 -0.487691
v -0.173182 0.917962 -0.335927
v -0.376280 -0.552012 -0.729881
v -0.319999 0.702578 -0.620712
v -0.319999 -0.702578 -0.620712
v -0.376280 0.552012 -0.729881
v -0.251422 -0.826144 -0.487691
v -0.418100 0.380232 -0.811000
v -0.173182 -0.917962 -0.335927
v -0.443852 0.193841 -0.860953
v -0.092400 -0.973614 -0.179231
v -0.452548 0.000000 -0.877820
v -0.092400 0.973614 -0.179231
v -0.054425 0.950719 -0.282385
v -0.088107 0.876269 -0.457141
v -0.118572 0.768056 -0.615209
v -0.144480 0.630328 -0.749634
v -0.164836 0.468376 -0.855251
v -0.178858 0.288424 -0.928002
v -0.186006 0.097389 -0.965089
v -0.186006 -0.097389 -0.965090
v -0.178858 -0.288424 -0.928002
v -0.164836 -0.468376 -0.855251
v -0.144480 -0.630328 -0.749634
v -0.118572 -0.768056 -0.615209
v -0.088107 -0.876269 -0.457141
v -0.054425 -0.950719 -0.282385
v -0.106478 -0.917962 -0.362632
v -0.154582 -0.826144 -0.526459
v -0.272895 0.193841 -0.929394
v -0.257061 0.380232 -0.875470
v -0.056811 -0.973614 -0.193479
v -0.278241 0.000000 -0.947602
v -0.056811 0.973614 -0.193479
v -0.272895 -0.193841 -0.929394
v -0.106478 0.917962 -0.362631
v -0.257061 -0.380232 -0.875470
v -0.154582 0.826144 -0.526459
v -0.231349 -0.552012 -0.787902
v -0.196746 0.702578 -0.670056
v -0.196746 -0.702578 -0.670056
v -0.231349 0.552012 -0.787902
v -0.000000 0.768056 -0.626531
v -0.000000 0.630328 -0.763430
v -0.000000 0.468376 -0.870991
v -0.000000 0.288424 -0.945080
v -0.000000 0.097389 -0.982851
v -0.000000 -0.097389 -0.982851
v -0.000000 -0.288424 -0.945080
v -0.000000 -0.468376 -0.870991
v -0.052156 0.826144 -0.546201
v -0.078057 -0.552012 -0.817447
v -0.086732 -0.380232 -0.908298
v -0.066382 0.702578 -0.695181
v -0.078057 0.552012 -0.817447
v -0.052156 -0.826144 -0.546201
v -0.086732 0.380232 -0.908298
v -0.092074 0.193841 -0.964244
v -0.019168 -0.973614 -0.200734
v -0.093878 0.000000 -0.983135
v -0.019168 0.973614 -0.200734
v -0.092074 -0.193841 -0.964244
v -0.000000 0.987365 -0.118194
v -0.000000 0.950719 -0.287582
v -0.000000 0.876269 -0.465555
v -0.000000 -0.630328 -0.763430
v -0.000000 -0.768056 -0.626531
v -0.000000 -0.876269 -0.465555
v -0.000000 -0.950719 -0.287582
v -0.000000 -0.987365 -0.118194
v 0.022368 0.987365 -0.116058
v 0.022368 -0.987365 -0.116058
v 0.086732 0.380232 -0.908298
v 0.078057 0.552012 -0.817447
v 0.052156 -0.826144 -0.546200
v 0.092074 0.193841 -0.964244
v 0.019168 -0.973614 -0.200734
v 0.093878 0.000000 -0.983135
v 0.019168 0.973614 -0.200734
v 0.092074 -0.193841 -0.964244
v 0.086732 -0.380232 -0.908298
v 0.052156 0.826144 -0.546201
v 0.078057 -0.552012 -0.817447
v 0.066382 0.702578 -0.695181
v 0.043928 0.987365 -0.109728
v 0.043928 -0.987365 -0.109728
v 0.063900 0.987365 -0.099431
v 0.063900 -0.987365 -0.099431
v 0.081563 0.987365 -0.085541
v 0.081563 -0.987365 -0.085541
v 0.096278 0.987365 -0.068559
v 0.096278 -0.987365 -0.068559
v 0.107513 0.987365 -0.049100
v 0.107513 -0.987365 -0.049100
v 0.114862 0.987365 -0.027865
v 0.114862 -0.987365 -0.027865
v 0.118060 0.987365 -0.005624
v 0.118060 -0.987365 -0.005624
v 0.116991 0.987365 0.016821
v 0.116991 -0.987365 0.016821
v 0.111693 0.987365 0.038657
v 0.111693 -0.987365 0.038657
v 0.102359 0.987365 0.059097
v 0.102359 -0.987365 0.059097
v 0.089325 0.987365 0.077401
v 0.089325 -0.987365 0.077401
v 0.073063 0.987365 0.092907
v 0.073063 -0.987365 0.092907
v 0.054160 0.987365 0.105055
v 0.054160 -0.987365 0.105055
v 0.033299 0.987365 0.113406
v 0.033299 -0.987365 0.113406
v 0.011235 0.987365 0.117659
v 0.011235 -0.987365 0.117659
v -0.011235 0.987365 0.117659
v -0.011235 -0.987365 0.117659
v -0.033299 0.987365 0.113406
v -0.033299 -0.987365 0.113406
v -0.054160 0.987365 0.105055
v -0.054160 -0.987365 0.105055
v -0.073063 0.987365 0.092907
v -0.073063 -0.987365 0.092907
v -0.089325 0.987365 0.077401
v -0.089325 -0.987365 0.077401
v -0.102359 0.987365 0.059097
v -0.102359 -0.987365 0.059097
v -0.111693 0.987365 0.038657
v -0.111693 -0.987365 0.038657
v -0.116991 0.987365 0.016821
v -0.116991 -0.987365 0.016821
v -0.118060 0.987365 -0.005624
v -0.118060 -0.987365 -0.005624
v -0.114862 0.987365 -0.027865
v -0.114862 -0.987365 -0.027865
v -0.107513 0.987365 -0.049100
v -0.107513 -0.987365 -0.049100
v -0.096278 0.987365 -0.068559
v -0.096278 -0.987365 -0.068559
v -0.081563 0.987365 -0.085541
v -0.081563 -0.987365 -0.085541
v -0.063901 0.987365 -0.099431
v -0.063901 -0.987365 -0.099431
v -0.043928 0.987365 -0.109728
v -0.043928 -0.987365 -0.109728
v -0.022368 0.987365 -0.116058
v -0.022368 -0.987365 -0.116058
v -0.035926 0.917962 -0.376229
v -0.066382 -0.702578 -0.695181
v -0.035926 -0.917962 -0.376229
v 0.082793 0.468376 -0.867044
v 0.044254 -0.876269 -0.463445
v 0.089835 0.288424 -0.940798
v 0.027358 -0.950696 -0.286505
v 0.093425 0.097389 -0.978397
v 0.012932 0.985271 -0.135432
v 0.012932 -0.985271 -0.135432
v 0.093426 -0.097389 -0.978397
v 0.027358 0.950696 -0.286505
v 0.089835 -0.288424 -0.940798
v 0.044254 0.876269 -0.463445
v 0.082793 -0.468376 -0.867044
v 0.059555 0.768056 -0.623692
v 0.072568 -0.630328 -0.759970
v 0.072568 0.630328 -0.759970
v 0.059555 -0.768056 -0.623692
v 0.215082 0.630328 -0.732503
v 0.176513 -0.768056 -0.601150
v 0.245386 0.468376 -0.835707
v 0.131161 -0.876269 -0.446695
v 0.266259 0.288424 -0.906795
v 0.081085 -0.950696 -0.276150
v 0.276900 0.097389 -0.943035
v 0.038329 0.985271 -0.130537
v 0.038329 -0.985271 -0.130537
v 0.276900 -0.097389 -0.943035
v 0.081085 0.950696 -0.276150
v 0.266259 -0.288424 -0.906795
v 0.131161 0.876269 -0.446695
v 0.245386 -0.468376 -0.835707
v 0.176513 0.768056 -0.601150
v 0.215082 -0.630328 -0.732503
v 0.450367 -0.097389 -0.873590
v 0.131881 0.950696 -0.255814
v 0.433059 -0.288424 -0.840018
v 0.213329 0.876269 -0.413800
v 0.399110 -0.468376 -0.774165
v 0.287092 0.768056 -0.556881
v 0.349823 -0.630328 -0.678561
v 0.349823 0.630328 -0.678561
v 0.287092 -0.768056 -0.556881
v 0.399110 0.468376 -0.774165
v 0.213329 -0.876269 -0.413800
v 0.433059 0.288424 -0.840018
v 0.131881 -0.950696 -0.255814
v 0.450367 0.097389 -0.873589
v 0.062341 0.985271 -0.120924
v 0.062341 -0.985271 -0.120924
v 0.387294 -0.768056 -0.492485
v 0.538409 0.468376 -0.684643
v 0.287786 -0.876269 -0.365949
v 0.584208 0.288424 -0.742881
v 0.177911 -0.950696 -0.226232
v 0.607556 0.097389 -0.772570
v 0.084099 0.985271 -0.106941
v 0.084099 -0.985271 -0.106941
v 0.607556 -0.097389 -0.772570
v 0.177911 0.950696 -0.226232
v 0.584208 -0.288424 -0.742881
v 0.287786 0.876269 -0.365949
v 0.538409 -0.468376 -0.684643
v 0.387294 0.768056 -0.492485
v 0.471919 -0.630328 -0.600094
v 0.471919 0.630328 -0.600094
v 0.217511 0.950696 -0.188474
v 0.714241 -0.288424 -0.618894
v 0.351841 0.876269 -0.304872
v 0.658249 -0.468376 -0.570376
v 0.473499 0.768056 -0.410289
v 0.576960 -0.630328 -0.499939
v 0.576960 0.630328 -0.499938
v 0.473499 -0.768056 -0.410289
v 0.658249 0.468376 -0.570376
v 0.351841 -0.876269 -0.304872
v 0.714241 0.288424 -0.618894
v 0.217511 -0.950696 -0.188474
v 0.742786 0.097389 -0.643628
v 0.102818 0.985271 -0.089092
v 0.102818 -0.985271 -0.089092
v 0.742786 -0.097389 -0.643628
v 0.754298 0.468376 -0.435494
v 0.403181 -0.876269 -0.232776
v 0.818461 0.288424 -0.472538
v 0.249249 -0.950696 -0.143904
v 0.851171 0.097389 -0.491424
v 0.117821 0.985271 -0.068024
v 0.117821 -0.985271 -0.068024
v 0.851171 -0.097389 -0.491424
v 0.249249 0.950696 -0.143904
v 0.818461 -0.288424 -0.472539
v 0.403181 0.876269 -0.232776
v 0.754298 -0.468376 -0.435494
v 0.542590 0.768056 -0.313264
v 0.661147 -0.630328 -0.381714
v 0.661147 0.630328 -0.381714
v 0.542590 -0.768056 -0.313264
v 0.893099 -0.288424 -0.309104
v 0.439948 0.876269 -0.152267
v 0.823084 -0.468376 -0.284872
v 0.592070 0.768056 -0.204917
v 0.721439 -0.630328 -0.249693
v 0.721439 0.630328 -0.249693
v 0.592070 -0.768056 -0.204917
v 0.823084 0.468376 -0.284872
v 0.439948 -0.876269 -0.152267
v 0.893099 0.288424 -0.309104
v 0.271979 -0.950696 -0.094133
v 0.928791 0.097389 -0.321458
v 0.128565 0.985271 -0.044497
v 0.128565 -0.985271 -0.044497
v 0.928791 -0.097389 -0.321458
v 0.271979 0.950696 -0.094133
v 0.460814 -0.876269 -0.066255
v 0.935457 0.288424 -0.134499
v 0.284878 -0.950696 -0.040959
v 0.972843 0.097389 -0.139874
v 0.134663 0.985271 -0.019362
v 0.134663 -0.985271 -0.019362
v 0.972843 -0.097389 -0.139874
v 0.284878 0.950696 -0.040959
v 0.935457 -0.288424 -0.134498
v 0.460814 0.876269 -0.066255
v 0.862122 -0.468376 -0.123955
v 0.620151 0.768056 -0.089164
v 0.755657 -0.630328 -0.108647
v 0.755657 0.630328 -0.108647
v 0.620151 -0.768056 -0.089164
v 0.862123 0.468376 -0.123955
v 0.870001 -0.468376 0.041443
v 0.625819 0.768056 0.029811
v 0.762562 -0.630328 0.036325
v 0.762562 0.630328 0.036325
v 0.625819 -0.768056 0.029811
v 0.870001 0.468376 0.041443
v 0.465025 -0.876269 0.022152
v 0.944006 0.288424 0.044969
v 0.287482 -0.950696 0.013694
v 0.981734 0.097389 0.046766
v 0.135894 0.985271 0.006473
v 0.135894 -0.985271 0.006473
v 0.981734 -0.097389 0.046766
v 0.287482 0.950696 0.013694
v 0.944007 -0.288424 0.044969
v 0.465026 0.876269 0.022152
v 0.279695 -0.950696 0.067853
v 0.955142 0.097389 0.231715
v 0.132213 0.985271 0.032074
v 0.132213 -0.985271 0.032074
v 0.955142 -0.097389 0.231715
v 0.279695 0.950696 0.067853
v 0.918437 -0.288424 0.222810
v 0.452430 0.876269 0.109758
v 0.846436 -0.468376 0.205343
v 0.608868 0.768056 0.147710
v 0.741907 -0.630328 0.179985
v 0.741907 0.630328 0.179985
v 0.608868 -0.768056 0.147710
v 0.846436 0.468376 0.205343
v 0.452430 -0.876269 0.109758
v 0.918437 0.288424 0.222810
v 0.569910 0.768056 0.260269
v 0.694438 -0.630328 0.317139
v 0.694438 0.630328 0.317139
v 0.569910 -0.768056 0.260269
v 0.792279 0.468376 0.361821
v 0.423482 -0.876269 0.193398
v 0.859672 0.288424 0.392599
v 0.261799 -0.950696 0.119560
v 0.894029 0.097389 0.408289
v 0.123753 0.985271 0.056516
v 0.123753 -0.985271 0.056516
v 0.894029 -0.097389 0.408289
v 0.261799 0.950696 0.119560
v 0.859672 -0.288424 0.392599
v 0.423482 0.876269 0.193398
v 0.792278 -0.468376 0.361821
v 0.800604 0.097389 0.570107
v 0.110821 0.985271 0.078915
v 0.110821 -0.985271 0.078915
v 0.800604 -0.097389 0.570107
v 0.234441 0.950696 0.166945
v 0.769837 -0.288424 0.548198
v 0.379228 0.876269 0.270047
v 0.709486 -0.468376 0.505223
v 0.510355 0.768056 0.363422
v 0.621870 -0.630328 0.442831
v 0.621870 0.630328 0.442831
v 0.510355 -0.768056 0.363422
v 0.709486 0.468376 0.505222
v 0.379228 -0.876269 0.270047
v 0.769837 0.288424 0.548198
v 0.234441 -0.950696 0.166945
v 0.526825 -0.630328 0.552518
v 0.526825 0.630328 0.552518
v 0.432354 -0.768056 0.453440
v 0.601050 0.468376 0.630364
v 0.321268 -0.876269 0.336936
v 0.652178 0.288424 0.683984
v 0.198610 -0.950696 0.208296
v 0.678242 0.097389 0.711320
v 0.093884 0.985271 0.098462
v 0.093884 -0.985271 0.098462
v 0.678242 -0.097389 0.711320
v 0.198610 0.950696 0.208296
v 0.652178 -0.288424 0.683984
v 0.321268 0.876269 0.336936
v 0.601051 -0.468376 0.630364
v 0.432354 0.768056 0.453440
v 0.073553 0.985271 0.114451
v 0.073553 -0.985271 0.114451
v 0.531367 -0.097389 0.826824
v 0.155601 0.950696 0.242119
v 0.510947 -0.288424 0.795049
v 0.251697 0.876269 0.391648
v 0.470892 -0.468376 0.732722
v 0.338727 0.768056 0.527069
v 0.412740 -0.630328 0.642236
v 0.412740 0.630328 0.642236
v 0.338727 -0.768056 0.527069
v 0.470892 0.468376 0.732722
v 0.251697 -0.876269 0.391648
v 0.510947 0.288424 0.795049
v 0.155601 -0.950696 0.242119
v 0.531367 0.097389 0.826824
v 0.283737 0.630328 0.708741
v 0.232857 -0.768056 0.581649
v 0.323714 0.468376 0.808597
v 0.173028 -0.876269 0.432204
v 0.351250 0.288424 0.877379
v 0.106967 -0.950696 0.267192
v 0.365287 0.097389 0.912444
v 0.050564 0.985271 0.126302
v 0.050564 -0.985271 0.126302
v 0.365287 -0.097389 0.912444
v 0.106967 0.950696 0.267192
v 0.351250 -0.288424 0.877379
v 0.173028 0.876269 0.432204
v 0.323714 -0.468376 0.808597
v 0.232857 0.768056 0.581649
v 0.283737 -0.630328 0.708741
v 0.186005 -0.097389 0.965086
v 0.054468 0.950696 0.282607
v 0.178857 -0.288424 0.927998
v 0.088106 0.876269 0.457140
v 0.164836 -0.468376 0.855248
v 0.118571 0.768056 0.615206
v 0.144480 -0.630328 0.749631
v 0.144480 0.630328 0.749631
v 0.118571 -0.768056 0.615206
v 0.164836 0.468376 0.855248
v 0.088106 -0.876269 0.457140
v 0.178857 0.288424 0.927998
v 0.054468 -0.950696 0.282607
v 0.186005 0.097389 0.965086
v 0.025747 0.985271 0.133589
v 0.025747 -0.985271 0.133589
v -0.000000 -0.768056 0.626529
v 0.000000 0.468376 0.870988
v -0.000000 -0.876269 0.465553
v 0.000000 0.288424 0.945077
v -0.000000 -0.950696 0.287808
v 0.000000 0.097389 0.982847
v 0.000000 0.985271 0.136048
v 0.000000 -0.985271 0.136048
v 0.000000 -0.097389 0.982847
v -0.000000 0.950696 0.287808
v 0.000000 -0.288424 0.945077
v -0.000000 0.876269 0.465553
v 0.000000 -0.468376 0.870988
v -0.000000 0.768056 0.626529
v -0.000000 -0.630328 0.763427
v -0.000000 0.630328 0.763427
v -0.178857 -0.288424 0.927998
v -0.088106 0.876269 0.457140
v -0.164835 -0.468376 0.855248
v -0.118571 0.768056 0.615206
v -0.144480 -0.630328 0.749631
v -0.144480 0.630328 0.749631
v -0.118571 -0.768056 0.615206
v -0.164835 0.468376 0.855248
v -0.088106 -0.876269 0.457140
v -0.178857 0.288424 0.927998
v -0.054468 -0.950696 0.282607
v -0.186005 0.097389 0.965086
v -0.025747 0.985271 0.133589
v -0.025747 -0.985271 0.133589
v -0.186005 -0.097389 0.965086
v -0.054468 0.950696 0.282607
v -0.173029 -0.876269 0.432204
v -0.351250 0.288424 0.877379
v -0.106967 -0.950696 0.267192
v -0.365287 0.097389 0.912444
v -0.050564 0.985271 0.126302
v -0.050564 -0.985271 0.126302
v -0.365287 -0.097389 0.912444
v -0.106967 0.950696 0.267192
v -0.351250 -0.288424 0.877379
v -0.173029 0.876269 0.432204
v -0.323713 -0.468376 0.808597
v -0.232857 0.768056 0.581649
v -0.283737 -0.630328 0.708741
v -0.283737 0.630328 0.708741
v -0.232857 -0.768056 0.581649
v -0.323713 0.468376 0.808597
v -0.251697 0.876269 0.391648
v -0.470892 -0.468376 0.732722
v -0.338727 0.768056 0.527069
v -0.412740 -0.630328 0.642236
v -0.412740 0.630328 0.642236
v -0.338727 -0.768056 0.527069
v -0.470892 0.468376 0.732722
v -0.251697 -0.876269 0.391648
v -0.510947 0.288424 0.795049
v -0.155601 -0.950696 0.242119
v -0.531367 0.097389 0.826824
v -0.073553 0.985271 0.114451
v -0.073553 -0.985271 0.114451
v -0.531367 -0.097389 0.826824
v -0.155601 0.950696 0.242119
v -0.510947 -0.288424 0.795049
v -0.652178 0.288424 0.683984
v -0.198610 -0.950696 0.208296
v -0.678242 0.097389 0.711320
v -0.093884 0.985271 0.098462
v -0.093884 -0.985271 0.098462
v -0.678242 -0.097389 0.711320
v -0.198610 0.950696 0.208296
v -0.652178 -0.288424 0.683985
v -0.321268 0.876269 0.336936
v -0.601050 -0.468376 0.630364
v -0.432354 0.768056 0.453440
v -0.526825 -0.630328 0.552518
v -0.526825 0.630328 0.552518
v -0.432354 -0.768056 0.453440
v -0.601050 0.468376 0.630364
v -0.321268 -0.876269 0.336936
v -0.709486 -0.468376 0.505223
v -0.510355 0.768056 0.363422
v -0.621869 -0.630328 0.442831
v -0.621869 0.630328 0.442831
v -0.510355 -0.768056 0.363422
v -0.709486 0.468376 0.505223
v -0.379228 -0.876269 0.270047
v -0.769837 0.288424 0.548199
v -0.234441 -0.950696 0.166945
v -0.800604 0.097389 0.570108
v -0.110821 0.985271 0.078915
v -0.110821 -0.985271 0.078915
v -0.800604 -0.097389 0.570107
v -0.234441 0.950696 0.166945
v -0.769837 -0.288424 0.548199
v -0.379228 0.876269 0.270047
v -0.261799 -0.950696 0.119560
v -0.894029 0.097389 0.408290
v -0.123753 0.985271 0.056516
v -0.123753 -0.985271 0.056516
v -0.894029 -0.097389 0.408290
v -0.261799 0.950696 0.119560
v -0.859672 -0.288424 0.392599
v -0.423482 0.876269 0.193398
v -0.792278 -0.468376 0.361822
v -0.569910 0.768056 0.260269
v -0.694438 -0.630328 0.317139
v -0.694438 0.630328 0.317139
v -0.569910 -0.768056 0.260269
v -0.792278 0.468376 0.361822
v -0.423482 -0.876269 0.193398
v -0.859672 0.288424 0.392599
v -0.608868 0.768057 0.147710
v -0.741907 -0.630328 0.179985
v -0.741907 0.630328 0.179985
v -0.608868 -0.768057 0.147710
v -0.846436 0.468376 0.205343
v -0.452430 -0.876269 0.109758
v -0.918437 0.288424 0.222811
v -0.279695 -0.950696 0.067853
v -0.955143 0.097389 0.231715
v -0.132213 0.985271 0.032074
v -0.132213 -0.985271 0.032074
v -0.955143 -0.097389 0.231715
v -0.279695 0.950696 0.067853
v -0.918437 -0.288424 0.222811
v -0.452430 0.876269 0.109758
v -0.846436 -0.468376 0.205343
v -0.981734 0.097389 0.046766
v -0.135894 0.985271 0.006473
v -0.135894 -0.985271 0.006473
v -0.981734 -0.097389 0.046766
v -0.287482 0.950696 0.013694
v -0.944007 -0.288424 0.044969
v -0.465026 0.876269 0.022152
v -0.870001 -0.468376 0.041443
v -0.625819 0.768056 0.029811
v -0.762562 -0.630328 0.036325
v -0.762562 0.630328 0.036325
v -0.625819 -0.768057 0.029811
v -0.870001 0.468376 0.041443
v -0.465025 -0.876269 0.022152
v -0.944007 0.288424 0.044969
v -0.287482 -0.950696 0.013694
v -0.755657 -0.630328 -0.108647
v -0.755657 0.630328 -0.108647
v -0.620151 -0.768056 -0.089164
v -0.862123 0.468376 -0.123954
v -0.460814 -0.876269 -0.066255
v -0.935458 0.288424 -0.134498
v -0.284878 -0.950696 -0.040959
v -0.972844 0.097389 -0.139874
v -0.134663 0.985271 -0.019362
v -0.134663 -0.985272 -0.019362
v -0.972844 -0.097389 -0.139874
v -0.284878 0.950696 -0.040959
v -0.935458 -0.288424 -0.134498
v -0.460814 0.876269 -0.066255
v -0.862123 -0.468376 -0.123954
v -0.620152 0.768056 -0.089164
v -0.128565 -0.985272 -0.044497
v -0.928792 -0.097389 -0.321458
v -0.271979 0.950696 -0.094133
v -0.893099 -0.288424 -0.309104
v -0.439948 0.876269 -0.152267
v -0.823084 -0.468376 -0.284872
v -0.592070 0.768056 -0.204917
v -0.721439 -0.630328 -0.249693
v -0.721439 0.630328 -0.249693
v -0.592070 -0.768056 -0.204917
v -0.823084 0.468376 -0.284872
v -0.439948 -0.876269 -0.152267
v -0.893099 0.288424 -0.309104
v -0.271979 -0.950696 -0.094133
v -0.928792 0.097389 -0.321458
v -0.128565 0.985271 -0.044497
v -0.542590 -0.768056 -0.313264
v -0.754298 0.468376 -0.435494
v -0.403181 -0.876269 -0.232776
v -0.818461 0.288424 -0.472538
v -0.249249 -0.950696 -0.143904
v -0.851171 0.097389 -0.491424
v -0.117821 0.985271 -0.068024
v -0.117821 -0.985272 -0.068024
v -0.851171 -0.097389 -0.491424
v -0.249249 0.950696 -0.143904
v -0.818461 -0.288424 -0.472538
v -0.403181 0.876269 -0.232776
v -0.754298 -0.468376 -0.435494
v -0.542590 0.768056 -0.313264
v -0.661147 -0.630328 -0.381714
v -0.661147 0.630328 -0.381714
v -0.217511 0.950696 -0.188474
v -0.714242 -0.288424 -0.618894
v -0.351841 0.876269 -0.304872
v -0.658249 -0.468376 -0.570376
v -0.473499 0.768056 -0.410289
v -0.576960 -0.630328 -0.499939
v -0.576960 0.630328 -0.499939
v -0.473499 -0.768056 -0.410289
v -0.658249 0.468376 -0.570376
v -0.351841 -0.876269 -0.304872
v -0.714242 0.288424 -0.618894
v -0.217511 -0.950696 -0.188474
v -0.742787 0.097389 -0.643628
v -0.102818 0.985271 -0.089092
v -0.102818 -0.985272 -0.089092
v -0.742787 -0.097389 -0.643628
v -0.538409 0.468376 -0.684643
v -0.287786 -0.876269 -0.365949
v -0.584208 0.288424 -0.742881
v -0.177911 -0.950696 -0.226232
v -0.607556 0.097389 -0.772570
v -0.084099 0.985271 -0.106941
v -0.084099 -0.985272 -0.106941
v -0.607556 -0.097389 -0.772570
v -0.177911 0.950696 -0.226232
v -0.584208 -0.288424 -0.742881
v -0.287786 0.876269 -0.365949
v -0.538409 -0.468376 -0.684643
v -0.387294 0.768056 -0.492485
v -0.471920 -0.630328 -0.600094
v -0.471920 0.630328 -0.600094
v -0.387294 -0.768056 -0.492485
v -0.433060 -0.288424 -0.840018
v -0.213329 0.876269 -0.413800
v -0.399110 -0.468376 -0.774165
v -0.287092 0.768056 -0.556881
v -0.349823 -0.630328 -0.678561
v -0.349823 0.630328 -0.678561
v -0.287092 -0.768056 -0.556881
v -0.399110 0.468376 -0.774165
v -0.213329 -0.876269 -0.413800
v -0.433060 0.288424 -0.840018
v -0.131881 -0.950696 -0.255814
v -0.450367 0.097389 -0.873590
v -0.062341 0.985271 -0.120924
v -0.062341 -0.985272 -0.120924
v -0.450367 -0.097389 -0.873590
v -0.131881 0.950696 -0.255814
v -0.131161 -0.876269 -0.446695
v -0.266259 0.288424 -0.906795
v -0.081085 -0.950696 -0.276150
v -0.276900 0.097389 -0.943035
v -0.038329 0.985271 -0.130537
v -0.038329 -0.985272 -0.130537
v -0.276900 -0.097389 -0.943035
v -0.081085 0.950696 -0.276150
v -0.266259 -0.288424 -0.906795
v -0.131161 0.876269 -0.446695
v -0.245386 -0.468376 -0.835707
v -0.176514 0.768056 -0.601150
v -0.215082 -0.630328 -0.732503
v -0.215082 0.630328 -0.732503
v -0.176514 -0.768056 -0.601150
v -0.245386 0.468376 -0.835707
v -0.044254 0.876269 -0.463445
v -0.082793 -0.468376 -0.867044
v -0.059555 0.768056 -0.623692
v -0.072568 -0.630328 -0.759971
v -0.072568 0.630328 -0.759970
v -0.059555 -0.768056 -0.623692
v -0.082793 0.468376 -0.867044
v -0.044254 -0.876269 -0.463445
v -0.089835 0.288424 -0.940798
v -0.027358 -0.950696 -0.286505
v -0.093426 0.097389 -0.978397
v -0.012932 0.985271 -0.135432
v -0.012932 -0.985271 -0.135432
v -0.093426 -0.097389 -0.978397
v -0.027358 0.950696 -0.286505
v -0.089835 -0.288424 -0.940798
vt 0.727273 0.625000
vt 0.727273 0.656250
vt 0.712121 0.656250
vt 0.712121 0.625000
vt 0.727273 0.687500
vt 0.712121 0.687500
vt 0.696970 0.687500
vt 0.696970 0.656250
vt 0.696970 0.625000
vt 0.727273 0.125000
vt 0.727273 0.156250
vt 0.712121 0.156250
vt 0.712121 0.125000
vt 0.727273 0.187500
vt 0.712121 0.187500
vt 0.696970 0.187500
vt 0.696970 0.156250
vt 0.696970 0.125000
vt 0.727273 0.562500
vt 0.727273 0.593750
vt 0.712121 0.593750
vt 0.712121 0.562500
vt 0.696970 0.593750
vt 0.696970 0.562500
vt 0.727273 0.062500
vt 0.727273 0.093895
vt 0.712121 0.094039
vt 0.712121 0.064815
vt 0.696970 0.093895
vt 0.696970 0.062500
vt 0.727273 0.500000
vt 0.727273 0.531250
vt 0.712121 0.531250
vt 0.712121 0.500000
vt 0.696970 0.531250
vt 0.696970 0.500000
vt 0.727273 0.937500
vt 0.719697 0.968750
vt 0.712121 0.957899
vt 0.712121 0.935185
vt 0.712121 1.000000
vt 0.704546 0.968750
vt 0.696970 0.937500
vt 0.712121 0.000000
vt 0.719697 0.031250
vt 0.712121 0.042101
vt 0.704546 0.031250
vt 0.727273 0.437500
vt 0.727273 0.468750
vt 0.712121 0.468750
vt 0.712121 0.437500
vt 0.696970 0.468750
vt 0.696970 0.437500
vt 0.727273 0.875000
vt 0.727273 0.906105
vt 0.712121 0.905961
vt 0.712121 0.875000
vt 0.696970 0.906105
vt 0.696970 0.875000
vt 0.727273 0.375000
vt 0.727273 0.406250
vt 0.712121 0.406250
vt 0.712121 0.375000
vt 0.696970 0.406250
vt 0.696970 0.375000
vt 0.727273 0.812500
vt 0.727273 0.843750
vt 0.712121 0.843750
vt 0.712121 0.812500
vt 0.696970 0.843750
vt 0.696970 0.812500
vt 0.727273 0.312500
vt 0.727273 0.343750
vt 0.712121 0.343750
vt 0.712121 0.312500
vt 0.696970 0.343750
vt 0.696970 0.312500
vt 0.727273 0.750000
vt 0.727273 0.781250
vt 0.712121 0.781250
vt 0.712121 0.750000
vt 0.696970 0.781250
vt 0.696970 0.750000
vt 0.727273 0.250000
vt 0.727273 0.281250
vt 0.712121 0.281250
vt 0.712121 0.250000
vt 0.696970 0.281250
vt 0.696970 0.250000
vt 0.727273 0.718750
vt 0.712121 0.718750
vt 0.696970 0.718750
vt 0.727273 0.218750
vt 0.712121 0.218750
vt 0.696970 0.218750
vt 0.681818 0.718750
vt 0.681818 0.687500
vt 0.681818 0.750000
vt 0.666667 0.750000
vt 0.666667 0.718750
vt 0.666667 0.687500
vt 0.681818 0.218750
vt 0.681818 0.187500
vt 0.681818 0.250000
vt 0.666667 0.250000
vt 0.666667 0.218750
vt 0.666667 0.187500
vt 0.681818 0.656250
vt 0.681818 0.625000
vt 0.666667 0.656250
vt 0.666667 0.625000
vt 0.681818 0.156250
vt 0.681818 0.125000
vt 0.666667 0.156250
vt 0.666667 0.125000
vt 0.681818 0.593750
vt 0.681818 0.562500
vt 0.666667 0.593750
vt 0.666667 0.562500
vt 0.681818 0.094039
vt 0.681818 0.064815
vt 0.666667 0.093895
vt 0.666667 0.062500
vt 0.681818 0.531250
vt 0.681818 0.500000
vt 0.666667 0.531250
vt 0.666667 0.500000
vt 0.689394 0.968750
vt 0.681818 0.957899
vt 0.681818 0.935185
vt 0.681818 1.000000
vt 0.674242 0.968750
vt 0.666667 0.937500
vt 0.681818 0.000000
vt 0.689394 0.031250
vt 0.681818 0.042101
vt 0.674242 0.031250
vt 0.681818 0.468750
vt 0.681818 0.437500
vt 0.666667 0.468750
vt 0.666667 0.437500
vt 0.681818 0.905961
vt 0.681818 0.875000
vt 0.666667 0.906105
vt 0.666667 0.875000
vt 0.681818 0.406250
vt 0.681818 0.375000
vt 0.666667 0.406250
vt 0.666667 0.375000
vt 0.681818 0.843750
vt 0.681818 0.812500
vt 0.666667 0.843750
vt 0.666667 0.812500
vt 0.681818 0.343750
vt 0.681818 0.312500
vt 0.666667 0.343750
vt 0.666667 0.312500
vt 0.681818 0.781250
vt 0.666667 0.781250
vt 0.681818 0.281250
vt 0.666667 0.281250
vt 0.651515 0.468750
vt 0.651515 0.437500
vt 0.651515 0.500000
vt 0.636364 0.500000
vt 0.636364 0.468750
vt 0.636364 0.437500
vt 0.651515 0.905961
vt 0.651515 0.875000
vt 0.651515 0.935185
vt 0.636364 0.937500
vt 0.636364 0.906105
vt 0.636364 0.875000
vt 0.651515 0.406250
vt 0.651515 0.375000
vt 0.636364 0.406250
vt 0.636364 0.375000
vt 0.651515 0.843750
vt 0.651515 0.812500
vt 0.636364 0.843750
vt 0.636364 0.812500
vt 0.651515 0.343750
vt 0.651515 0.312500
vt 0.636364 0.343750
vt 0.636364 0.312500
vt 0.651515 0.781250
vt 0.651515 0.750000
vt 0.636364 0.781250
vt 0.636364 0.750000
vt 0.651515 0.281250
vt 0.651515 0.250000
vt 0.636364 0.281250
vt 0.636364 0.250000
vt 0.651515 0.718750
vt 0.651515 0.687500
vt 0.636364 0.718750
vt 0.636364 0.687500
vt 0.651515 0.218750
vt 0.651515 0.187500
vt 0.636364 0.218750
vt 0.636364 0.187500
vt 0.651515 0.656250
vt 0.651515 0.625000
vt 0.636364 0.656250
vt 0.636364 0.625000
vt 0.651515 0.156250
vt 0.651515 0.125000
vt 0.636364 0.156250
vt 0.636364 0.125000
vt 0.651515 0.593750
vt 0.651515 0.562500
vt 0.636364 0.593750
vt 0.636364 0.562500
vt 0.651515 0.094039
vt 0.651515 0.064815
vt 0.636364 0.093895
vt 0.636364 0.062500
vt 0.651515 0.531250
vt 0.636364 0.531250
vt 0.659091 0.968750
vt 0.651515 0.957899
vt 0.651515 1.000000
vt 0.643939 0.968750
vt 0.651515 0.000000
vt 0.659091 0.031250
vt 0.651515 0.042101
vt 0.643939 0.031250
vt 0.621212 0.218750
vt 0.621212 0.187500
vt 0.621212 0.250000
vt 0.606061 0.250000
vt 0.606061 0.218750
vt 0.606061 0.187500
vt 0.621212 0.656250
vt 0.621212 0.625000
vt 0.621212 0.687500
vt 0.606061 0.687500
vt 0.606061 0.656250
vt 0.606061 0.625000
vt 0.621212 0.156250
vt 0.621212 0.125000
vt 0.606061 0.156250
vt 0.606061 0.125000
vt 0.621212 0.593750
vt 0.621212 0.562500
vt 0.606061 0.593750
vt 0.606061 0.562500
vt 0.621212 0.094039
vt 0.621212 0.064815
vt 0.606061 0.093895
vt 0.606061 0.062500
vt 0.621212 0.531250
vt 0.621212 0.500000
vt 0.606061 0.531250
vt 0.606061 0.500000
vt 0.628788 0.968750
vt 0.621212 0.957899
vt 0.621212 0.935185
vt 0.621212 1.000000
vt 0.613636 0.968750
vt 0.606061 0.937500
vt 0.621212 0.000000
vt 0.628788 0.031250
vt 0.621212 0.042101
vt 0.613636 0.031250
vt 0.621212 0.468750
vt 0.621212 0.437500
vt 0.606061 0.468750
vt 0.606061 0.437500
vt 0.621212 0.905961
vt 0.621212 0.875000
vt 0.606061 0.906105
vt 0.606061 0.875000
vt 0.621212 0.406250
vt 0.621212 0.375000
vt 0.606061 0.406250
vt 0.606061 0.375000
vt 0.621212 0.843750
vt 0.621212 0.812500
vt 0.606061 0.843750
vt 0.606061 0.812500
vt 0.621212 0.343750
vt 0.621212 0.312500
vt 0.606061 0.343750
vt 0.606061 0.312500
vt 0.621212 0.781250
vt 0.621212 0.750000
vt 0.606061 0.781250
vt 0.606061 0.750000
vt 0.621212 0.281250
vt 0.606061 0.281250
vt 0.621212 0.718750
vt 0.606061 0.718750
vt 0.590909 0.905961
vt 0.590909 0.875000
vt 0.590909 0.935185
vt 0.575758 0.937500
vt 0.575758 0.906105
vt 0.575758 0.875000
vt 0.590909 0.406250
vt 0.590909 0.375000
vt 0.590909 0.437500
vt 0.575758 0.437500
vt 0.575758 0.406250
vt 0.575758 0.375000
vt 0.590909 0.843750
vt 0.590909 0.812500
vt 0.575758 0.843750
vt 0.575758 0.812500
vt 0.590909 0.343750
vt 0.590909 0.312500
vt 0.575758 0.343750
vt 0.575758 0.312500
vt 0.590909 0.781250
vt 0.590909 0.750000
vt 0.575758 0.781250
vt 0.575758 0.750000
vt 0.590909 0.281250
vt 0.590909 0.250000
vt 0.575758 0.281250
vt 0.575758 0.250000
vt 0.590909 0.718750
vt 0.590909 0.687500
vt 0.575758 0.718750
vt 0.575758 0.687500
vt 0.590909 0.218750
vt 0.590909 0.187500
vt 0.575758 0.218750
vt 0.575758 0.187500
vt 0.590909 0.656250
vt 0.590909 0.625000
vt 0.575758 0.656250
vt 0.575758 0.625000
vt 0.590909 0.156250
vt 0.590909 0.125000
vt 0.575758 0.156250
vt 0.575758 0.125000
vt 0.590909 0.593750
vt 0.590909 0.562500
vt 0.575758 0.593750
vt 0.575758 0.562500
vt 0.590909 0.094039
vt 0.590909 0.064815
vt 0.575758 0.093895
vt 0.575758 0.062500
vt 0.590909 0.531250
vt 0.590909 0.500000
vt 0.575758 0.531250
vt 0.575758 0.500000
vt 0.598485 0.968750
vt 0.590909 0.957899
vt 0.590909 1.000000
vt 0.583333 0.968750
vt 0.590909 0.000000
vt 0.598485 0.031250
vt 0.590909 0.042101
vt 0.583333 0.031250
vt 0.590909 0.468750
vt 0.575758 0.468750
vt 0.560606 0.656250
vt 0.560606 0.625000
vt 0.560606 0.687500
vt 0.545455 0.687500
vt 0.545455 0.656250
vt 0.545455 0.625000
vt 0.560606 0.156250
vt 0.560606 0.125000
vt 0.560606 0.187500
vt 0.545455 0.187500
vt 0.545455 0.156250
vt 0.545455 0.125000
vt 0.560606 0.593750
vt 0.560606 0.562500
vt 0.545455 0.593750
vt 0.545455 0.562500
vt 0.560606 0.094039
vt 0.560606 0.064815
vt 0.545455 0.093895
vt 0.545455 0.062500
vt 0.560606 0.531250
vt 0.560606 0.500000
vt 0.545455 0.531250
vt 0.545455 0.500000
vt 0.568182 0.968750
vt 0.560606 0.957899
vt 0.560606 0.935185
vt 0.560606 1.000000
vt 0.553030 0.968750
vt 0.545455 0.937500
vt 0.560606 0.000000
vt 0.568182 0.031250
vt 0.560606 0.042101
vt 0.553030 0.031250
vt 0.560606 0.468750
vt 0.560606 0.437500
vt 0.545455 0.468750
vt 0.545455 0.437500
vt 0.560606 0.905961
vt 0.560606 0.875000
vt 0.545455 0.906105
vt 0.545455 0.875000
vt 0.560606 0.406250
vt 0.560606 0.375000
vt 0.545455 0.406250
vt 0.545455 0.375000
vt 0.560606 0.843750
vt 0.560606 0.812500
vt 0.545455 0.843750
vt 0.545455 0.812500
vt 0.560606 0.343750
vt 0.560606 0.312500
vt 0.545455 0.343750
vt 0.545455 0.312500
vt 0.560606 0.781250
vt 0.560606 0.750000
vt 0.545455 0.781250
vt 0.545455 0.750000
vt 0.560606 0.281250
vt 0.560606 0.250000
vt 0.545455 0.281250
vt 0.545455 0.250000
vt 0.560606 0.718750
vt 0.545455 0.718750
vt 0.560606 0.218750
vt 0.545455 0.218750
vt 0.530303 0.406250
vt 0.530303 0.375000
vt 0.530303 0.437500
vt 0.515152 0.437500
vt 0.515152 0.406250
vt 0.515152 0.375000
vt 0.530303 0.843750
vt 0.530303 0.812500
vt 0.530303 0.875000
vt 0.515152 0.875000
vt 0.515152 0.843750
vt 0.515152 0.812500
vt 0.530303 0.343750
vt 0.530303 0.312500
vt 0.515152 0.343750
vt 0.515152 0.312500
vt 0.530303 0.781250
vt 0.530303 0.750000
vt 0.515152 0.781250
vt 0.515152 0.750000
vt 0.530303 0.281250
vt 0.530303 0.250000
vt 0.515152 0.281250
vt 0.515152 0.250000
vt 0.530303 0.718750
vt 0.530303 0.687500
vt 0.515152 0.718750
vt 0.515152 0.687500
vt 0.530303 0.218750
vt 0.530303 0.187500
vt 0.515152 0.218750
vt 0.515152 0.187500
vt 0.530303 0.656250
vt 0.530303 0.625000
vt 0.515152 0.656250
vt 0.515152 0.625000
vt 0.530303 0.156250
vt 0.530303 0.125000
vt 0.515152 0.156250
vt 0.515152 0.125000
vt 0.530303 0.593750
vt 0.530303 0.562500
vt 0.515152 0.593750
vt 0.515152 0.562500
vt 0.530303 0.094039
vt 0.530303 0.064815
vt 0.515152 0.093895
vt 0.515152 0.062500
vt 0.530303 0.531250
vt 0.530303 0.500000
vt 0.515152 0.531250
vt 0.515152 0.500000
vt 0.537879 0.968750
vt 0.530303 0.957899
vt 0.530303 0.935185
vt 0.530303 1.000000
vt 0.522727 0.968750
vt 0.515152 0.937500
vt 0.530303 0.000000
vt 0.537879 0.031250
vt 0.530303 0.042101
vt 0.522727 0.031250
vt 0.530303 0.468750
vt 0.515152 0.468750
vt 0.530303 0.905961
vt 0.515152 0.906105
vt 0.500000 0.156250
vt 0.500000 0.125000
vt 0.500000 0.187500
vt 0.484849 0.187500
vt 0.484849 0.156250
vt 0.484849 0.125000
vt 0.500000 0.593750
vt 0.500000 0.562500
vt 0.500000 0.625000
vt 0.484849 0.625000
vt 0.484849 0.593750
vt 0.484849 0.562500
vt 0.500000 0.094039
vt 0.500000 0.064815
vt 0.484848 0.093895
vt 0.484848 0.062500
vt 0.500000 0.531250
vt 0.500000 0.500000
vt 0.484849 0.531250
vt 0.484849 0.500000
vt 0.507576 0.968750
vt 0.500000 0.957899
vt 0.500000 0.935185
vt 0.500000 1.000000
vt 0.492424 0.968750
vt 0.484848 0.937500
vt 0.500000 0.000000
vt 0.507576 0.031250
vt 0.500000 0.042101
vt 0.492424 0.031250
vt 0.500000 0.468750
vt 0.500000 0.437500
vt 0.484849 0.468750
vt 0.484849 0.437500
vt 0.500000 0.905961
vt 0.500000 0.875000
vt 0.484848 0.906105
vt 0.484849 0.875000
vt 0.500000 0.406250
vt 0.500000 0.375000
vt 0.484849 0.406250
vt 0.484849 0.375000
vt 0.500000 0.843750
vt 0.500000 0.812500
vt 0.484849 0.843750
vt 0.484849 0.812500
vt 0.500000 0.343750
vt 0.500000 0.312500
vt 0.484849 0.343750
vt 0.484849 0.312500
vt 0.500000 0.781250
vt 0.500000 0.750000
vt 0.484849 0.781250
vt 0.484849 0.750000
vt 0.500000 0.281250
vt 0.500000 0.250000
vt 0.484849 0.281250
vt 0.484849 0.250000
vt 0.500000 0.718750
vt 0.500000 0.687500
vt 0.484849 0.718750
vt 0.484849 0.687500
vt 0.500000 0.218750
vt 0.484849 0.218750
vt 0.500000 0.656250
vt 0.484849 0.656250
vt 0.469697 0.343750
vt 0.469697 0.312500
vt 0.469697 0.375000
vt 0.454546 0.375000
vt 0.454546 0.343750
vt 0.454546 0.312500
vt 0.469697 0.781250
vt 0.469697 0.750000
vt 0.469697 0.812500
vt 0.454546 0.812500
vt 0.454546 0.781250
vt 0.454546 0.750000
vt 0.469697 0.281250
vt 0.469697 0.250000
vt 0.454546 0.281250
vt 0.454546 0.250000
vt 0.469697 0.718750
vt 0.469697 0.687500
vt 0.454546 0.718750
vt 0.454546 0.687500
vt 0.469697 0.218750
vt 0.469697 0.187500
vt 0.454546 0.218750
vt 0.454546 0.187500
vt 0.469697 0.656250
vt 0.469697 0.625000
vt 0.454546 0.656250
vt 0.454546 0.625000
vt 0.469697 0.156250
vt 0.469697 0.125000
vt 0.454546 0.156250
vt 0.454546 0.125000
vt 0.469697 0.593750
vt 0.469697 0.562500
vt 0.454546 0.593750
vt 0.454546 0.562500
vt 0.469697 0.094039
vt 0.469697 0.064815
vt 0.454546 0.093895
vt 0.454545 0.062500
vt 0.469697 0.531250
vt 0.469697 0.500000
vt 0.454546 0.531250
vt 0.454546 0.500000
vt 0.477273 0.968750
vt 0.469697 0.957899
vt 0.469697 0.935185
vt 0.469697 1.000000
vt 0.462121 0.968750
vt 0.454545 0.937500
vt 0.469697 0.000000
vt 0.477273 0.031250
vt 0.469697 0.042101
vt 0.462121 0.031250
vt 0.469697 0.468750
vt 0.469697 0.437500
vt 0.454546 0.468750
vt 0.454546 0.437500
vt 0.469697 0.905961
vt 0.469697 0.875000
vt 0.454546 0.906105
vt 0.454545 0.875000
vt 0.469697 0.406250
vt 0.454546 0.406250
vt 0.469697 0.843750
vt 0.454546 0.843750
vt 0.439394 0.094039
vt 0.439394 0.064815
vt 0.439394 0.125000
vt 0.424242 0.125000
vt 0.424242 0.093895
vt 0.424242 0.062500
vt 0.439394 0.531250
vt 0.439394 0.500000
vt 0.439394 0.562500
vt 0.424242 0.562500
vt 0.424242 0.531250
vt 0.424242 0.500000
vt 0.446970 0.968750
vt 0.439394 0.957899
vt 0.439394 0.935185
vt 0.439394 1.000000
vt 0.431818 0.968750
vt 0.424242 0.937500
vt 0.439394 0.000000
vt 0.446970 0.031250
vt 0.439394 0.042101
vt 0.431818 0.031250
vt 0.439394 0.468750
vt 0.439394 0.437500
vt 0.424242 0.468750
vt 0.424242 0.437500
vt 0.439394 0.905961
vt 0.439394 0.875000
vt 0.424242 0.906105
vt 0.424242 0.875000
vt 0.439394 0.406250
vt 0.439394 0.375000
vt 0.424242 0.406250
vt 0.424242 0.375000
vt 0.439394 0.843750
vt 0.439394 0.812500
vt 0.424242 0.843750
vt 0.424242 0.812500
vt 0.439394 0.343750
vt 0.439394 0.312500
vt 0.424242 0.343750
vt 0.424242 0.312500
vt 0.439394 0.781250
vt 0.439394 0.750000
vt 0.424242 0.781250
vt 0.424242 0.750000
vt 0.439394 0.281250
vt 0.439394 0.250000
vt 0.424242 0.281250
vt 0.424242 0.250000
vt 0.439394 0.718750
vt 0.439394 0.687500
vt 0.424242 0.718750
vt 0.424242 0.687500
vt 0.439394 0.218750
vt 0.439394 0.187500
vt 0.424242 0.218750
vt 0.424242 0.187500
vt 0.439394 0.656250
vt 0.439394 0.625000
vt 0.424242 0.656250
vt 0.424242 0.625000
vt 0.439394 0.156250
vt 0.424242 0.156250
vt 0.439394 0.593750
vt 0.424242 0.593750
vt 0.409091 0.781250
vt 0.409091 0.750000
vt 0.409091 0.812500
vt 0.393939 0.812500
vt 0.393939 0.781250
vt 0.393939 0.750000
vt 0.409091 0.281250
vt 0.409091 0.250000
vt 0.409091 0.312500
vt 0.393939 0.312500
vt 0.393939 0.281250
vt 0.393939 0.250000
vt 0.409091 0.718750
vt 0.409091 0.687500
vt 0.393939 0.718750
vt 0.393939 0.687500
vt 0.409091 0.218750
vt 0.409091 0.187500
vt 0.393939 0.218750
vt 0.393939 0.187500
vt 0.409091 0.656250
vt 0.409091 0.625000
vt 0.393939 0.656250
vt 0.393939 0.625000
vt 0.409091 0.156250
vt 0.409091 0.125000
vt 0.393939 0.156250
vt 0.393939 0.125000
vt 0.409091 0.593750
vt 0.409091 0.562500
vt 0.393939 0.593750
vt 0.393939 0.562500
vt 0.409091 0.094039
vt 0.409091 0.064815
vt 0.393939 0.093895
vt 0.393939 0.062500
vt 0.409091 0.531250
vt 0.409091 0.500000
vt 0.393939 0.531250
vt 0.393939 0.500000
vt 0.416667 0.968750
vt 0.409091 0.957899
vt 0.409091 0.935185
vt 0.409091 1.000000
vt 0.401515 0.968750
vt 0.393939 0.937500
vt 0.409091 0.000000
vt 0.416667 0.031250
vt 0.409091 0.042101
vt 0.401515 0.031250
vt 0.409091 0.468750
vt 0.409091 0.437500
vt 0.393939 0.468750
vt 0.393939 0.437500
vt 0.409091 0.905961
vt 0.409091 0.875000
vt 0.393939 0.906105
vt 0.393939 0.875000
vt 0.409091 0.406250
vt 0.409091 0.375000
vt 0.393939 0.406250
vt 0.393939 0.375000
vt 0.409091 0.843750
vt 0.393939 0.843750
vt 0.409091 0.343750
vt 0.393939 0.343750
vt 0.378788 0.531250
vt 0.378788 0.500000
vt 0.378788 0.562500
vt 0.363636 0.562500
vt 0.363636 0.531250
vt 0.363636 0.500000
vt 0.386364 0.968750
vt 0.378788 0.957899
vt 0.378788 0.935185
vt 0.378788 1.000000
vt 0.371212 0.968750
vt 0.363636 0.937500
vt 0.378788 0.000000
vt 0.386364 0.031250
vt 0.378788 0.042101
vt 0.371212 0.031250
vt 0.378788 0.064815
vt 0.363636 0.062500
vt 0.378788 0.468750
vt 0.378788 0.437500
vt 0.363636 0.468750
vt 0.363636 0.437500
vt 0.378788 0.905961
vt 0.378788 0.875000
vt 0.363636 0.906105
vt 0.363636 0.875000
vt 0.378788 0.406250
vt 0.378788 0.375000
vt 0.363636 0.406250
vt 0.363636 0.375000
vt 0.378788 0.843750
vt 0.378788 0.812500
vt 0.363636 0.843750
vt 0.363636 0.812500
vt 0.378788 0.343750
vt 0.378788 0.312500
vt 0.363636 0.343750
vt 0.363636 0.312500
vt 0.378788 0.781250
vt 0.378788 0.750000
vt 0.363636 0.781250
vt 0.363636 0.750000
vt 0.378788 0.281250
vt 0.378788 0.250000
vt 0.363636 0.281250
vt 0.363636 0.250000
vt 0.378788 0.718750
vt 0.378788 0.687500
vt 0.363636 0.718750
vt 0.363636 0.687500
vt 0.378788 0.218750
vt 0.378788 0.187500
vt 0.363636 0.218750
vt 0.363636 0.187500
vt 0.378788 0.656250
vt 0.378788 0.625000
vt 0.363636 0.656250
vt 0.363636 0.625000
vt 0.378788 0.156250
vt 0.378788 0.125000
vt 0.363636 0.156250
vt 0.363636 0.125000
vt 0.378788 0.593750
vt 0.363636 0.593750
vt 0.378788 0.094039
vt 0.363636 0.093895
vt 0.348485 0.281250
vt 0.348485 0.250000
vt 0.348485 0.312500
vt 0.333333 0.312500
vt 0.333333 0.281250
vt 0.333333 0.250000
vt 0.348485 0.718750
vt 0.348485 0.687500
vt 0.348485 0.750000
vt 0.333333 0.750000
vt 0.333333 0.718750
vt 0.333333 0.687500
vt 0.348485 0.218750
vt 0.348485 0.187500
vt 0.333333 0.218750
vt 0.333333 0.187500
vt 0.348485 0.656250
vt 0.348485 0.625000
vt 0.333333 0.656250
vt 0.333333 0.625000
vt 0.348485 0.156250
vt 0.348485 0.125000
vt 0.333333 0.156250
vt 0.333333 0.125000
vt 0.348485 0.593750
vt 0.348485 0.562500
vt 0.333333 0.593750
vt 0.333333 0.562500
vt 0.348485 0.094039
vt 0.348485 0.064815
vt 0.333333 0.093895
vt 0.333333 0.062500
vt 0.348485 0.531250
vt 0.348485 0.500000
vt 0.333333 0.531250
vt 0.333333 0.500000
vt 0.356061 0.968750
vt 0.348485 0.957899
vt 0.348485 0.935185
vt 0.348485 1.000000
vt 0.340909 0.968750
vt 0.333333 0.937500
vt 0.348485 0.000000
vt 0.356061 0.031250
vt 0.348485 0.042101
vt 0.340909 0.031250
vt 0.348485 0.468750
vt 0.348485 0.437500
vt 0.333333 0.468750
vt 0.333333 0.437500
vt 0.348485 0.905961
vt 0.348485 0.875000
vt 0.333333 0.906105
vt 0.333333 0.875000
vt 0.348485 0.406250
vt 0.348485 0.375000
vt 0.333333 0.406250
vt 0.333333 0.375000
vt 0.348485 0.843750
vt 0.348485 0.812500
vt 0.333333 0.843750
vt 0.333333 0.812500
vt 0.348485 0.343750
vt 0.333333 0.343750
vt 0.348485 0.781250
vt 0.333333 0.781250
vt 0.325758 0.968750
vt 0.318182 0.957899
vt 0.318182 0.935185
vt 0.318182 1.000000
vt 0.310606 0.968750
vt 0.303030 0.937500
vt 0.318182 0.000000
vt 0.325758 0.031250
vt 0.318182 0.042101
vt 0.310606 0.031250
vt 0.318182 0.064815
vt 0.303030 0.062500
vt 0.318182 0.468750
vt 0.318182 0.437500
vt 0.318182 0.500000
vt 0.303030 0.500000
vt 0.303030 0.468750
vt 0.303030 0.437500
vt 0.318182 0.905961
vt 0.318182 0.875000
vt 0.303030 0.906105
vt 0.303030 0.875000
vt 0.318182 0.406250
vt 0.318182 0.375000
vt 0.303030 0.406250
vt 0.303030 0.375000
vt 0.318182 0.843750
vt 0.318182 0.812500
vt 0.303030 0.843750
vt 0.303030 0.812500
vt 0.318182 0.343750
vt 0.318182 0.312500
vt 0.303030 0.343750
vt 0.303030 0.312500
vt 0.318182 0.781250
vt 0.318182 0.750000
vt 0.303030 0.781250
vt 0.303030 0.750000
vt 0.318182 0.281250
vt 0.318182 0.250000
vt 0.303030 0.281250
vt 0.303030 0.250000
vt 0.318182 0.718750
vt 0.318182 0.687500
vt 0.303030 0.718750
vt 0.303030 0.687500
vt 0.318182 0.218750
vt 0.318182 0.187500
vt 0.303030 0.218750
vt 0.303030 0.187500
vt 0.318182 0.656250
vt 0.318182 0.625000
vt 0.303030 0.656250
vt 0.303030 0.625000
vt 0.318182 0.156250
vt 0.318182 0.125000
vt 0.303030 0.156250
vt 0.303030 0.125000
vt 0.318182 0.593750
vt 0.318182 0.562500
vt 0.303030 0.593750
vt 0.303030 0.562500
vt 0.318182 0.094039
vt 0.303030 0.093895
vt 0.318182 0.531250
vt 0.303030 0.531250
vt 0.287879 0.718750
vt 0.287879 0.687500
vt 0.287879 0.750000
vt 0.272727 0.750000
vt 0.272727 0.718750
vt 0.272727 0.687500
vt 0.287879 0.218750
vt 0.287879 0.187500
vt 0.287879 0.250000
vt 0.272727 0.250000
vt 0.272727 0.218750
vt 0.272727 0.187500
vt 0.287879 0.656250
vt 0.287879 0.625000
vt 0.272727 0.656250
vt 0.272727 0.625000
vt 0.287879 0.156250
vt 0.287879 0.125000
vt 0.272727 0.156250
vt 0.272727 0.125000
vt 0.287879 0.593750
vt 0.287879 0.562500
vt 0.272727 0.593750
vt 0.272727 0.562500
vt 0.287879 0.094039
vt 0.287879 0.064815
vt 0.272727 0.093895
vt 0.272727 0.062500
vt 0.287879 0.531250
vt 0.287879 0.500000
vt 0.272727 0.531250
vt 0.272727 0.500000
vt 0.295455 0.968750
vt 0.287879 0.957899
vt 0.287879 0.935185
vt 0.287879 1.000000
vt 0.280303 0.968750
vt 0.272727 0.937500
vt 0.287879 0.000000
vt 0.295455 0.031250
vt 0.287879 0.042101
vt 0.280303 0.031250
vt 0.287879 0.468750
vt 0.287879 0.437500
vt 0.272727 0.468750
vt 0.272727 0.437500
vt 0.287879 0.905961
vt 0.287879 0.875000
vt 0.272727 0.906105
vt 0.272727 0.875000
vt 0.287879 0.406250
vt 0.287879 0.375000
vt 0.272727 0.406250
vt 0.272727 0.375000
vt 0.287879 0.843750
vt 0.287879 0.812500
vt 0.272727 0.843750
vt 0.272727 0.812500
vt 0.287879 0.343750
vt 0.287879 0.312500
vt 0.272727 0.343750
vt 0.272727 0.312500
vt 0.287879 0.781250
vt 0.272727 0.781250
vt 0.287879 0.281250
vt 0.272727 0.281250
vt 0.257576 0.468750
vt 0.257576 0.437500
vt 0.257576 0.500000
vt 0.242424 0.500000
vt 0.242424 0.468750
vt 0.242424 0.437500
vt 0.257576 0.905961
vt 0.257576 0.875000
vt 0.257576 0.935185
vt 0.242424 0.937500
vt 0.242424 0.906105
vt 0.242424 0.875000
vt 0.257576 0.406250
vt 0.257576 0.375000
vt 0.242424 0.406250
vt 0.242424 0.375000
vt 0.257576 0.843750
vt 0.257576 0.812500
vt 0.242424 0.843750
vt 0.242424 0.812500
vt 0.257576 0.343750
vt 0.257576 0.312500
vt 0.242424 0.343750
vt 0.242424 0.312500
vt 0.257576 0.781250
vt 0.257576 0.750000
vt 0.242424 0.781250
vt 0.242424 0.750000
vt 0.257576 0.281250
vt 0.257576 0.250000
vt 0.242424 0.281250
vt 0.242424 0.250000
vt 0.257576 0.718750
vt 0.257576 0.687500
vt 0.242424 0.718750
vt 0.242424 0.687500
vt 0.257576 0.218750
vt 0.257576 0.187500
vt 0.242424 0.218750
vt 0.242424 0.187500
vt 0.257576 0.656250
vt 0.257576 0.625000
vt 0.242424 0.656250
vt 0.242424 0.625000
vt 0.257576 0.156250
vt 0.257576 0.125000
vt 0.242424 0.156250
vt 0.242424 0.125000
vt 0.257576 0.593750
vt 0.257576 0.562500
vt 0.242424 0.593750
vt 0.242424 0.562500
vt 0.257576 0.094039
vt 0.257576 0.064815
vt 0.242424 0.093895
vt 0.242424 0.062500
vt 0.257576 0.531250
vt 0.242424 0.531250
vt 0.265152 0.968750
vt 0.257576 0.957899
vt 0.257576 1.000000
vt 0.250000 0.968750
vt 0.257576 0.000000
vt 0.265152 0.031250
vt 0.257576 0.042101
vt 0.250000 0.031250
vt 0.227273 0.218750
vt 0.227273 0.187500
vt 0.227273 0.250000
vt 0.212121 0.250000
vt 0.212121 0.218750
vt 0.212121 0.187500
vt 0.227273 0.656250
vt 0.227273 0.625000
vt 0.227273 0.687500
vt 0.212121 0.687500
vt 0.212121 0.656250
vt 0.212121 0.625000
vt 0.227273 0.156250
vt 0.227273 0.125000
vt 0.212121 0.156250
vt 0.212121 0.125000
vt 0.227273 0.593750
vt 0.227273 0.562500
vt 0.212121 0.593750
vt 0.212121 0.562500
vt 0.227273 0.094039
vt 0.227273 0.064815
vt 0.212121 0.093895
vt 0.212121 0.062500
vt 0.227273 0.531250
vt 0.227273 0.500000
vt 0.212121 0.531250
vt 0.212121 0.500000
vt 0.234849 0.968750
vt 0.227273 0.957899
vt 0.227273 0.935185
vt 0.227273 1.000000
vt 0.219697 0.968750
vt 0.212121 0.937500
vt 0.227273 0.000000
vt 0.234849 0.031250
vt 0.227273 0.042101
vt 0.219697 0.031250
vt 0.227273 0.468750
vt 0.227273 0.437500
vt 0.212121 0.468750
vt 0.212121 0.437500
vt 0.227273 0.905961
vt 0.227273 0.875000
vt 0.212121 0.906105
vt 0.212121 0.875000
vt 0.227273 0.406250
vt 0.227273 0.375000
vt 0.212121 0.406250
vt 0.212121 0.375000
vt 0.227273 0.843750
vt 0.227273 0.812500
vt 0.212121 0.843750
vt 0.212121 0.812500
vt 0.227273 0.343750
vt 0.227273 0.312500
vt 0.212121 0.343750
vt 0.212121 0.312500
vt 0.227273 0.781250
vt 0.227273 0.750000
vt 0.212121 0.781250
vt 0.212121 0.750000
vt 0.227273 0.281250
vt 0.212121 0.281250
vt 0.227273 0.718750
vt 0.212121 0.718750
vt 0.196970 0.406250
vt 0.196970 0.375000
vt 0.196970 0.437500
vt 0.181818 0.437500
vt 0.181818 0.406250
vt 0.181818 0.375000
vt 0.196970 0.843750
vt 0.196970 0.812500
vt 0.196970 0.875000
vt 0.181818 0.875000
vt 0.181818 0.843750
vt 0.181818 0.812500
vt 0.196970 0.343750
vt 0.196970 0.312500
vt 0.181818 0.343750
vt 0.181818 0.312500
vt 0.196970 0.781250
vt 0.196970 0.750000
vt 0.181818 0.781250
vt 0.181818 0.750000
vt 0.196970 0.281250
vt 0.196970 0.250000
vt 0.181818 0.281250
vt 0.181818 0.250000
vt 0.196970 0.718750
vt 0.196970 0.687500
vt 0.181818 0.718750
vt 0.181818 0.687500
vt 0.196970 0.218750
vt 0.196970 0.187500
vt 0.181818 0.218750
vt 0.181818 0.187500
vt 0.196970 0.656250
vt 0.196970 0.625000
vt 0.181818 0.656250
vt 0.181818 0.625000
vt 0.196970 0.156250
vt 0.196970 0.125000
vt 0.181818 0.156250
vt 0.181818 0.125000
vt 0.196970 0.593750
vt 0.196970 0.562500
vt 0.181818 0.593750
vt 0.181818 0.562500
vt 0.196970 0.094039
vt 0.196970 0.064815
vt 0.181818 0.093895
vt 0.181818 0.062500
vt 0.196970 0.531250
vt 0.196970 0.500000
vt 0.181818 0.531250
vt 0.181818 0.500000
vt 0.204546 0.968750
vt 0.196970 0.957899
vt 0.196970 0.935185
vt 0.196970 1.000000
vt 0.189394 0.968750
vt 0.181818 0.937500
vt 0.196970 0.000000
vt 0.204546 0.031250
vt 0.196970 0.042101
vt 0.189394 0.031250
vt 0.196970 0.468750
vt 0.181818 0.468750
vt 0.196970 0.905961
vt 0.181818 0.906105
vt 0.166667 0.156250
vt 0.166667 0.125000
vt 0.166667 0.187500
vt 0.151515 0.187500
vt 0.151515 0.156250
vt 0.151515 0.125000
vt 0.166667 0.593750
vt 0.166667 0.562500
vt 0.166667 0.625000
vt 0.151515 0.625000
vt 0.151515 0.593750
vt 0.151515 0.562500
vt 0.166667 0.094039
vt 0.166667 0.064815
vt 0.151515 0.093895
vt 0.151515 0.062500
vt 0.166667 0.531250
vt 0.166667 0.500000
vt 0.151515 0.531250
vt 0.151515 0.500000
vt 0.174242 0.968750
vt 0.166667 0.957899
vt 0.166667 0.935185
vt 0.166667 1.000000
vt 0.159091 0.968750
vt 0.151515 0.937500
vt 0.166667 0.000000
vt 0.174242 0.031250
vt 0.166667 0.042101
vt 0.159091 0.031250
vt 0.166667 0.468750
vt 0.166667 0.437500
vt 0.151515 0.468750
vt 0.151515 0.437500
vt 0.166667 0.905961
vt 0.166667 0.875000
vt 0.151515 0.906105
vt 0.151515 0.875000
vt 0.166667 0.406250
vt 0.166667 0.375000
vt 0.151515 0.406250
vt 0.151515 0.375000
vt 0.166667 0.843750
vt 0.166667 0.812500
vt 0.151515 0.843750
vt 0.151515 0.812500
vt 0.166667 0.343750
vt 0.166667 0.312500
vt 0.151515 0.343750
vt 0.151515 0.312500
vt 0.166667 0.781250
vt 0.166667 0.750000
vt 0.151515 0.781250
vt 0.151515 0.750000
vt 0.166667 0.281250
vt 0.166667 0.250000
vt 0.151515 0.281250
vt 0.151515 0.250000
vt 0.166667 0.718750
vt 0.166667 0.687500
vt 0.151515 0.718750
vt 0.151515 0.687500
vt 0.166667 0.218750
vt 0.151515 0.218750
vt 0.166667 0.656250
vt 0.151515 0.656250
vt 0.136364 0.843750
vt 0.136364 0.812500
vt 0.136364 0.875000
vt 0.121212 0.875000
vt 0.121212 0.843750
vt 0.121212 0.812500
vt 0.136364 0.343750
vt 0.136364 0.312500
vt 0.136364 0.375000
vt 0.121212 0.375000
vt 0.121212 0.343750
vt 0.121212 0.312500
vt 0.136364 0.781250
vt 0.136364 0.750000
vt 0.121212 0.781250
vt 0.121212 0.750000
vt 0.136364 0.281250
vt 0.136364 0.250000
vt 0.121212 0.281250
vt 0.121212 0.250000
vt 0.136364 0.718750
vt 0.136364 0.687500
vt 0.121212 0.718750
vt 0.121212 0.687500
vt 0.136364 0.218750
vt 0.136364 0.187500
vt 0.121212 0.218750
vt 0.121212 0.187500
vt 0.136364 0.656250
vt 0.136364 0.625000
vt 0.121212 0.656250
vt 0.121212 0.625000
vt 0.136364 0.156250
vt 0.136364 0.125000
vt 0.121212 0.156250
vt 0.121212 0.125000
vt 0.136364 0.593750
vt 0.136364 0.562500
vt 0.121212 0.593750
vt 0.121212 0.562500
vt 0.136364 0.094039
vt 0.136364 0.064815
vt 0.121212 0.093895
vt 0.121212 0.062500
vt 0.136364 0.531250
vt 0.136364 0.500000
vt 0.121212 0.531250
vt 0.121212 0.500000
vt 0.143939 0.968750
vt 0.136364 0.957899
vt 0.136364 0.935185
vt 0.136364 1.000000
vt 0.128788 0.968750
vt 0.121212 0.937500
vt 0.136364 0.000000
vt 0.143939 0.031250
vt 0.136364 0.042101
vt 0.128788 0.031250
vt 0.136364 0.468750
vt 0.136364 0.437500
vt 0.121212 0.468750
vt 0.121212 0.437500
vt 0.136364 0.905961
vt 0.121212 0.906105
vt 0.136364 0.406250
vt 0.121212 0.406250
vt 0.106061 0.593750
vt 0.106061 0.562500
vt 0.106061 0.625000
vt 0.090909 0.625000
vt 0.090909 0.593750
vt 0.090909 0.562500
vt 0.106061 0.094039
vt 0.106061 0.064815
vt 0.106061 0.125000
vt 0.090909 0.125000
vt 0.090909 0.093895
vt 0.090909 0.062500
vt 0.106061 0.531250
vt 0.106061 0.500000
vt 0.090909 0.531250
vt 0.090909 0.500000
vt 0.113636 0.968750
vt 0.106061 0.957899
vt 0.106061 0.935185
vt 0.106061 1.000000
vt 0.098485 0.968750
vt 0.090909 0.937500
vt 0.106061 0.000000
vt 0.113636 0.031250
vt 0.106061 0.042101
vt 0.098485 0.031250
vt 0.106061 0.468750
vt 0.106061 0.437500
vt 0.090909 0.468750
vt 0.090909 0.437500
vt 0.106061 0.905961
vt 0.106061 0.875000
vt 0.090909 0.906105
vt 0.090909 0.875000
vt 0.106061 0.406250
vt 0.106061 0.375000
vt 0.090909 0.406250
vt 0.090909 0.375000
vt 0.106061 0.843750
vt 0.106061 0.812500
vt 0.090909 0.843750
vt 0.090909 0.812500
vt 0.106061 0.343750
vt 0.106061 0.312500
vt 0.090909 0.343750
vt 0.090909 0.312500
vt 0.106061 0.781250
vt 0.106061 0.750000
vt 0.090909 0.781250
vt 0.090909 0.750000
vt 0.106061 0.281250
vt 0.106061 0.250000
vt 0.090909 0.281250
vt 0.090909 0.250000
vt 0.106061 0.718750
vt 0.106061 0.687500
vt 0.090909 0.718750
vt 0.090909 0.687500
vt 0.106061 0.218750
vt 0.106061 0.187500
vt 0.090909 0.218750
vt 0.090909 0.187500
vt 0.106061 0.656250
vt 0.090909 0.656250
vt 0.106061 0.156250
vt 0.090909 0.156250
vt 0.075758 0.343750
vt 0.075758 0.312500
vt 0.075758 0.375000
vt 0.060606 0.375000
vt 0.060606 0.343750
vt 0.060606 0.312500
vt 0.075758 0.781250
vt 0.075758 0.750000
vt 0.075758 0.812500
vt 0.060606 0.812500
vt 0.060606 0.781250
vt 0.060606 0.750000
vt 0.075758 0.281250
vt 0.075758 0.250000
vt 0.060606 0.281250
vt 0.060606 0.250000
vt 0.075758 0.718750
vt 0.075758 0.687500
vt 0.060606 0.718750
vt 0.060606 0.687500
vt 0.075758 0.218750
vt 0.075758 0.187500
vt 0.060606 0.218750
vt 0.060606 0.187500
vt 0.075758 0.656250
vt 0.075758 0.625000
vt 0.060606 0.656250
vt 0.060606 0.625000
vt 0.075758 0.156250
vt 0.075758 0.125000
vt 0.060606 0.156250
vt 0.060606 0.125000
vt 0.075758 0.593750
vt 0.075758 0.562500
vt 0.060606 0.593750
vt 0.060606 0.562500
vt 0.075758 0.094039
vt 0.075758 0.064815
vt 0.060606 0.093895
vt 0.060606 0.062500
vt 0.075758 0.531250
vt 0.075758 0.500000
vt 0.060606 0.531250
vt 0.060606 0.500000
vt 0.083333 0.968750
vt 0.075758 0.957899
vt 0.075758 0.935185
vt 0.075758 1.000000
vt 0.068182 0.968750
vt 0.060606 0.937500
vt 0.075758 0.000000
vt 0.083333 0.031250
vt 0.075758 0.042101
vt 0.068182 0.031250
vt 0.075758 0.468750
vt 0.075758 0.437500
vt 0.060606 0.468750
vt 0.060606 0.437500
vt 0.075758 0.905961
vt 0.075758 0.875000
vt 0.060606 0.906105
vt 0.060606 0.875000
vt 0.075758 0.406250
vt 0.060606 0.406250
vt 0.075758 0.843750
vt 0.060606 0.843750
vt 0.045455 0.094039
vt 0.045455 0.064815
vt 0.045455 0.125000
vt 0.030303 0.125000
vt 0.030303 0.093895
vt 0.030303 0.062500
vt 0.045455 0.531250
vt 0.045455 0.500000
vt 0.045455 0.562500
vt 0.030303 0.562500
vt 0.030303 0.531250
vt 0.030303 0.500000
vt 0.053030 0.968750
vt 0.045455 0.957899
vt 0.045455 0.935185
vt 0.045455 1.000000
vt 0.037879 0.968750
vt 0.030303 0.937500
vt 0.045455 0.000000
vt 0.053030 0.031250
vt 0.045455 0.042101
vt 0.037879 0.031250
vt 0.045455 0.468750
vt 0.045455 0.437500
vt 0.030303 0.468750
vt 0.030303 0.437500
vt 0.045455 0.905961
vt 0.045455 0.875000
vt 0.030303 0.906105
vt 0.030303 0.875000
vt 0.045455 0.406250
vt 0.045455 0.375000
vt 0.030303 0.406250
vt 0.030303 0.375000
vt 0.045455 0.843750
vt 0.045455 0.812500
vt 0.030303 0.843750
vt 0.030303 0.812500
vt 0.045455 0.343750
vt 0.045455 0.312500
vt 0.030303 0.343750
vt 0.030303 0.312500
vt 0.045455 0.781250
vt 0.045455 0.750000
vt 0.030303 0.781250
vt 0.030303 0.750000
vt 0.045455 0.281250
vt 0.045455 0.250000
vt 0.030303 0.281250
vt 0.030303 0.250000
vt 0.045455 0.718750
vt 0.045455 0.687500
vt 0.030303 0.718750
vt 0.030303 0.687500
vt 0.045455 0.218750
vt 0.045455 0.187500
vt 0.030303 0.218750
vt 0.030303 0.187500
vt 0.045455 0.656250
vt 0.045455 0.625000
vt 0.030303 0.656250
vt 0.030303 0.625000
vt 0.045455 0.156250
vt 0.030303 0.156250
vt 0.045455 0.593750
vt 0.030303 0.593750
vt 0.015152 0.781250
vt 0.015152 0.750000
vt 0.015152 0.812500
vt 0.000000 0.812500
vt 0.000000 0.781250
vt 0.000000 0.750000
vt 0.015152 0.281250
vt 0.015152 0.250000
vt 0.015152 0.312500
vt 0.000000 0.312500
vt 0.000000 0.281250
vt 0.000000 0.250000
vt 0.015152 0.718750
vt 0.015152 0.687500
vt 0.000000 0.718750
vt 0.000000 0.687500
vt 0.015152 0.218750
vt 0.015152 0.187500
vt 0.000000 0.218750
vt 0.000000 0.187500
vt 0.015152 0.656250
vt 0.015152 0.625000
vt 0.000000 0.656250
vt 0.000000 0.625000
vt 0.015152 0.156250
vt 0.015152 0.125000
vt 0.000000 0.156250
vt 0.000000 0.125000
vt 0.015152 0.593750
vt 0.015152 0.562500
vt 0.000000 0.593750
vt 0.000000 0.562500
vt 0.015152 0.094039
vt 0.015152 0.064815
vt 0.000000 0.093750
vt 0.000000 0.062500
vt 0.015152 0.531250
vt 0.015152 0.500000
vt 0.000000 0.531250
vt 0.000000 0.500000
vt 0.022727 0.968750
vt 0.015152 0.957899
vt 0.015152 0.935185
vt 0.015152 1.000000
vt 0.007576 0.968750
vt 0.000000 0.937500
vt 0.015152 0.000000
vt 0.022727 0.031250
vt 0.015152 0.042101
vt 0.007576 0.031250
vt 0.015152 0.468750
vt 0.015152 0.437500
vt 0.000000 0.468750
vt 0.000000 0.437500
vt 0.015152 0.905961
vt 0.015152 0.875000
vt 0.000000 0.906250
vt 0.000000 0.875000
vt 0.015152 0.406250
vt 0.015152 0.375000
vt 0.000000 0.406250
vt 0.000000 0.375000
vt 0.015152 0.843750
vt 0.000000 0.843750
vt 0.015152 0.343750
vt 0.000000 0.343750
vt 1.000000 0.500000
vt 1.000000 0.531250
vt 0.984849 0.531250
vt 0.984849 0.500000
vt 1.000000 0.562500
vt 0.984849 0.562500
vt 0.969697 0.562500
vt 0.969697 0.531250
vt 0.969697 0.500000
vt 1.000000 0.937500
vt 0.992424 0.968750
vt 0.984849 0.957899
vt 0.984849 0.935185
vt 0.984849 1.000000
vt 0.977273 0.968750
vt 0.969697 0.937500
vt 0.984849 0.000000
vt 0.992424 0.031250
vt 0.984849 0.042101
vt 0.977273 0.031250
vt 1.000000 0.062500
vt 0.984849 0.064815
vt 0.969697 0.062500
vt 1.000000 0.437500
vt 1.000000 0.468750
vt 0.984849 0.468750
vt 0.984849 0.437500
vt 0.969697 0.468750
vt 0.969697 0.437500
vt 1.000000 0.875000
vt 1.000000 0.906250
vt 0.984849 0.905961
vt 0.984849 0.875000
vt 0.969697 0.906105
vt 0.969697 0.875000
vt 1.000000 0.375000
vt 1.000000 0.406250
vt 0.984849 0.406250
vt 0.984849 0.375000
vt 0.969697 0.406250
vt 0.969697 0.375000
vt 1.000000 0.812500
vt 1.000000 0.843750
vt 0.984849 0.843750
vt 0.984849 0.812500
vt 0.969697 0.843750
vt 0.969697 0.812500
vt 1.000000 0.312500
vt 1.000000 0.343750
vt 0.984849 0.343750
vt 0.984849 0.312500
vt 0.969697 0.343750
vt 0.969697 0.312500
vt 1.000000 0.750000
vt 1.000000 0.781250
vt 0.984849 0.781250
vt 0.984849 0.750000
vt 0.969697 0.781250
vt 0.969697 0.750000
vt 1.000000 0.250000
vt 1.000000 0.281250
vt 0.984849 0.281250
vt 0.984849 0.250000
vt 0.969697 0.281250
vt 0.969697 0.250000
vt 1.000000 0.687500
vt 1.000000 0.718750
vt 0.984849 0.718750
vt 0.984849 0.687500
vt 0.969697 0.718750
vt 0.969697 0.687500
vt 1.000000 0.187500
vt 1.000000 0.218750
vt 0.984849 0.218750
vt 0.984849 0.187500
vt 0.969697 0.218750
vt 0.969697 0.187500
vt 1.000000 0.625000
vt 1.000000 0.656250
vt 0.984849 0.656250
vt 0.984849 0.625000
vt 0.969697 0.656250
vt 0.969697 0.625000
vt 1.000000 0.125000
vt 1.000000 0.156250
vt 0.984849 0.156250
vt 0.984849 0.125000
vt 0.969697 0.156250
vt 0.969697 0.125000
vt 1.000000 0.593750
vt 0.984849 0.593750
vt 0.969697 0.593750
vt 1.000000 0.093750
vt 0.984849 0.094039
vt 0.969697 0.093895
vt 0.954546 0.281250
vt 0.954546 0.250000
vt 0.954546 0.312500
vt 0.939394 0.312500
vt 0.939394 0.281250
vt 0.939394 0.250000
vt 0.954546 0.718750
vt 0.954546 0.687500
vt 0.954546 0.750000
vt 0.939394 0.750000
vt 0.939394 0.718750
vt 0.939394 0.687500
vt 0.954546 0.218750
vt 0.954546 0.187500
vt 0.939394 0.218750
vt 0.939394 0.187500
vt 0.954546 0.656250
vt 0.954546 0.625000
vt 0.939394 0.656250
vt 0.939394 0.625000
vt 0.954546 0.156250
vt 0.954546 0.125000
vt 0.939394 0.156250
vt 0.939394 0.125000
vt 0.954546 0.593750
vt 0.954546 0.562500
vt 0.939394 0.593750
vt 0.939394 0.562500
vt 0.954546 0.094039
vt 0.954546 0.064815
vt 0.939394 0.093895
vt 0.939394 0.062500
vt 0.954546 0.531250
vt 0.954546 0.500000
vt 0.939394 0.531250
vt 0.939394 0.500000
vt 0.962121 0.968750
vt 0.954545 0.957899
vt 0.954546 0.935185
vt 0.954546 1.000000
vt 0.946970 0.968750
vt 0.939394 0.937500
vt 0.954546 0.000000
vt 0.962121 0.031250
vt 0.954545 0.042101
vt 0.946970 0.031250
vt 0.954546 0.468750
vt 0.954546 0.437500
vt 0.939394 0.468750
vt 0.939394 0.437500
vt 0.954546 0.905961
vt 0.954545 0.875000
vt 0.939394 0.906105
vt 0.939394 0.875000
vt 0.954546 0.406250
vt 0.954546 0.375000
vt 0.939394 0.406250
vt 0.939394 0.375000
vt 0.954546 0.843750
vt 0.954546 0.812500
vt 0.939394 0.843750
vt 0.939394 0.812500
vt 0.954546 0.343750
vt 0.939394 0.343750
vt 0.954546 0.781250
vt 0.939394 0.781250
vt 0.924243 0.000000
vt 0.931818 0.031250
vt 0.924242 0.042101
vt 0.916667 0.031250
vt 0.924242 0.064815
vt 0.909091 0.062500
vt 0.924242 0.468750
vt 0.924243 0.437500
vt 0.924243 0.500000
vt 0.909091 0.500000
vt 0.909091 0.468750
vt 0.909091 0.437500
vt 0.924243 0.905961
vt 0.924242 0.875000
vt 0.924242 0.935185
vt 0.909091 0.937500
vt 0.909091 0.906105
vt 0.909091 0.875000
vt 0.924242 0.406250
vt 0.924243 0.375000
vt 0.909091 0.406250
vt 0.909091 0.375000
vt 0.924242 0.843750
vt 0.924242 0.812500
vt 0.909091 0.843750
vt 0.909091 0.812500
vt 0.924242 0.343750
vt 0.924242 0.312500
vt 0.909091 0.343750
vt 0.909091 0.312500
vt 0.924242 0.781250
vt 0.924242 0.750000
vt 0.909091 0.781250
vt 0.909091 0.750000
vt 0.924242 0.281250
vt 0.924242 0.250000
vt 0.909091 0.281250
vt 0.909091 0.250000
vt 0.924242 0.718750
vt 0.924243 0.687500
vt 0.909091 0.718750
vt 0.909091 0.687500
vt 0.924242 0.218750
vt 0.924242 0.187500
vt 0.909091 0.218750
vt 0.909091 0.187500
vt 0.924242 0.656250
vt 0.924243 0.625000
vt 0.909091 0.656250
vt 0.909091 0.625000
vt 0.924242 0.156250
vt 0.924242 0.125000
vt 0.909091 0.156250
vt 0.909091 0.125000
vt 0.924242 0.593750
vt 0.924243 0.562500
vt 0.909091 0.593750
vt 0.909091 0.562500
vt 0.924242 0.094039
vt 0.909091 0.093895
vt 0.924242 0.531250
vt 0.909091 0.531250
vt 0.931818 0.968750
vt 0.924242 0.957899
vt 0.924243 1.000000
vt 0.916667 0.968750
vt 0.893939 0.218750
vt 0.893939 0.187500
vt 0.893939 0.250000
vt 0.878788 0.250000
vt 0.878788 0.218750
vt 0.878788 0.187500
vt 0.893939 0.656250
vt 0.893940 0.625000
vt 0.893939 0.687500
vt 0.878788 0.687500
vt 0.878788 0.656250
vt 0.878788 0.625000
vt 0.893939 0.156250
vt 0.893939 0.125000
vt 0.878788 0.156250
vt 0.878788 0.125000
vt 0.893939 0.593750
vt 0.893940 0.562500
vt 0.878788 0.593750
vt 0.878788 0.562500
vt 0.893939 0.094039
vt 0.893939 0.064815
vt 0.878788 0.093895
vt 0.878788 0.062500
vt 0.893939 0.531250
vt 0.893940 0.500000
vt 0.878788 0.531250
vt 0.878788 0.500000
vt 0.901515 0.968750
vt 0.893939 0.957899
vt 0.893939 0.935185
vt 0.893939 1.000000
vt 0.886364 0.968750
vt 0.878788 0.937500
vt 0.893939 0.000000
vt 0.901515 0.031250
vt 0.893939 0.042101
vt 0.886364 0.031250
vt 0.893939 0.468750
vt 0.893940 0.437500
vt 0.878788 0.468750
vt 0.878788 0.437500
vt 0.893939 0.905961
vt 0.893939 0.875000
vt 0.878788 0.906105
vt 0.878788 0.875000
vt 0.893939 0.406250
vt 0.893940 0.375000
vt 0.878788 0.406250
vt 0.878788 0.375000
vt 0.893939 0.843750
vt 0.893939 0.812500
vt 0.878788 0.843750
vt 0.878788 0.812500
vt 0.893939 0.343750
vt 0.893939 0.312500
vt 0.878788 0.343750
vt 0.878788 0.312500
vt 0.893939 0.781250
vt 0.893939 0.750000
vt 0.878788 0.781250
vt 0.878788 0.750000
vt 0.893939 0.281250
vt 0.878788 0.281250
vt 0.893939 0.718750
vt 0.878788 0.718750
vt 0.863636 0.905961
vt 0.863636 0.875000
vt 0.863636 0.935185
vt 0.848485 0.937500
vt 0.848485 0.906105
vt 0.848485 0.875000
vt 0.863636 0.406250
vt 0.863636 0.375000
vt 0.863636 0.437500
vt 0.848485 0.437500
vt 0.848485 0.406250
vt 0.848485 0.375000
vt 0.863636 0.843750
vt 0.863636 0.812500
vt 0.848485 0.843750
vt 0.848485 0.812500
vt 0.863636 0.343750
vt 0.863636 0.312500
vt 0.848485 0.343750
vt 0.848485 0.312500
vt 0.863636 0.781250
vt 0.863636 0.750000
vt 0.848485 0.781250
vt 0.848485 0.750000
vt 0.863636 0.281250
vt 0.863636 0.250000
vt 0.848485 0.281250
vt 0.848485 0.250000
vt 0.863636 0.718750
vt 0.863636 0.687500
vt 0.848485 0.718750
vt 0.848485 0.687500
vt 0.863636 0.218750
vt 0.863636 0.187500
vt 0.848485 0.218750
vt 0.848485 0.187500
vt 0.863636 0.656250
vt 0.863636 0.625000
vt 0.848485 0.656250
vt 0.848485 0.625000
vt 0.863636 0.156250
vt 0.863636 0.125000
vt 0.848485 0.156250
vt 0.848485 0.125000
vt 0.863636 0.593750
vt 0.863636 0.562500
vt 0.848485 0.593750
vt 0.848485 0.562500
vt 0.863636 0.094039
vt 0.863636 0.064815
vt 0.848485 0.093895
vt 0.848485 0.062500
vt 0.863636 0.531250
vt 0.863636 0.500000
vt 0.848485 0.531250
vt 0.848485 0.500000
vt 0.871212 0.968750
vt 0.863636 0.957899
vt 0.863636 1.000000
vt 0.856061 0.968750
vt 0.863636 0.000000
vt 0.871212 0.031250
vt 0.863636 0.042101
vt 0.856061 0.031250
vt 0.863636 0.468750
vt 0.848485 0.468750
vt 0.833333 0.656250
vt 0.833333 0.625000
vt 0.833333 0.687500
vt 0.818182 0.687500
vt 0.818182 0.656250
vt 0.818182 0.625000
vt 0.833333 0.156250
vt 0.833333 0.125000
vt 0.833333 0.187500
vt 0.818182 0.187500
vt 0.818182 0.156250
vt 0.818182 0.125000
vt 0.833333 0.593750
vt 0.833333 0.562500
vt 0.818182 0.593750
vt 0.818182 0.562500
vt 0.833333 0.094039
vt 0.833333 0.064815
vt 0.818182 0.093895
vt 0.818182 0.062500
vt 0.833333 0.531250
vt 0.833333 0.500000
vt 0.818182 0.531250
vt 0.818182 0.500000
vt 0.840909 0.968750
vt 0.833333 0.957899
vt 0.833333 0.935185
vt 0.833333 1.000000
vt 0.825758 0.968750
vt 0.818182 0.937500
vt 0.833333 0.000000
vt 0.840909 0.031250
vt 0.833333 0.042101
vt 0.825758 0.031250
vt 0.833333 0.468750
vt 0.833333 0.437500
vt 0.818182 0.468750
vt 0.818182 0.437500
vt 0.833333 0.905961
vt 0.833333 0.875000
vt 0.818182 0.906105
vt 0.818182 0.875000
vt 0.833333 0.406250
vt 0.833333 0.375000
vt 0.818182 0.406250
vt 0.818182 0.375000
vt 0.833333 0.843750
vt 0.833333 0.812500
vt 0.818182 0.843750
vt 0.818182 0.812500
vt 0.833333 0.343750
vt 0.833333 0.312500
vt 0.818182 0.343750
vt 0.818182 0.312500
vt 0.833333 0.781250
vt 0.833333 0.750000
vt 0.818182 0.781250
vt 0.818182 0.750000
vt 0.833333 0.281250
vt 0.833333 0.250000
vt 0.818182 0.281250
vt 0.818182 0.250000
vt 0.833333 0.718750
vt 0.818182 0.718750
vt 0.833333 0.218750
vt 0.818182 0.218750
vt 0.803030 0.406250
vt 0.803030 0.375000
vt 0.803030 0.437500
vt 0.787879 0.437500
vt 0.787879 0.406250
vt 0.787879 0.375000
vt 0.803030 0.843750
vt 0.803030 0.812500
vt 0.803030 0.875000
vt 0.787879 0.875000
vt 0.787879 0.843750
vt 0.787879 0.812500
vt 0.803030 0.343750
vt 0.803030 0.312500
vt 0.787879 0.343750
vt 0.787879 0.312500
vt 0.803030 0.781250
vt 0.803030 0.750000
vt 0.787879 0.781250
vt 0.787879 0.750000
vt 0.803030 0.281250
vt 0.803030 0.250000
vt 0.787879 0.281250
vt 0.787879 0.250000
vt 0.803030 0.718750
vt 0.803030 0.687500
vt 0.787879 0.718750
vt 0.787879 0.687500
vt 0.803030 0.218750
vt 0.803030 0.187500
vt 0.787879 0.218750
vt 0.787879 0.187500
vt 0.803030 0.656250
vt 0.803030 0.625000
vt 0.787879 0.656250
vt 0.787879 0.625000
vt 0.803030 0.156250
vt 0.803030 0.125000
vt 0.787879 0.156250
vt 0.787879 0.125000
vt 0.803030 0.593750
vt 0.803030 0.562500
vt 0.787879 0.593750
vt 0.787879 0.562500
vt 0.803030 0.094039
vt 0.803030 0.064815
vt 0.787879 0.093895
vt 0.787879 0.062500
vt 0.803030 0.531250
vt 0.803030 0.500000
vt 0.787879 0.531250
vt 0.787879 0.500000
vt 0.810606 0.968750
vt 0.803030 0.957899
vt 0.803030 0.935185
vt 0.803030 1.000000
vt 0.795455 0.968750
vt 0.787879 0.937500
vt 0.803030 0.000000
vt 0.810606 0.031250
vt 0.803030 0.042101
vt 0.795455 0.031250
vt 0.803030 0.468750
vt 0.787879 0.468750
vt 0.803030 0.905961
vt 0.787879 0.906105
vt 0.772727 0.156250
vt 0.772727 0.125000
vt 0.772727 0.187500
vt 0.757576 0.187500
vt 0.757576 0.156250
vt 0.757576 0.125000
vt 0.772727 0.593750
vt 0.772727 0.562500
vt 0.772727 0.625000
vt 0.757576 0.625000
vt 0.757576 0.593750
vt 0.757576 0.562500
vt 0.772727 0.094039
vt 0.772727 0.064815
vt 0.757576 0.093895
vt 0.757576 0.062500
vt 0.772727 0.531250
vt 0.772727 0.500000
vt 0.757576 0.531250
vt 0.757576 0.500000
vt 0.780303 0.968750
vt 0.772727 0.957899
vt 0.772727 0.935185
vt 0.772727 1.000000
vt 0.765152 0.968750
vt 0.757576 0.937500
vt 0.772727 0.000000
vt 0.780303 0.031250
vt 0.772727 0.042101
vt 0.765152 0.031250
vt 0.772727 0.468750
vt 0.772727 0.437500
vt 0.757576 0.468750
vt 0.757576 0.437500
vt 0.772727 0.905961
vt 0.772727 0.875000
vt 0.757576 0.906105
vt 0.757576 0.875000
vt 0.772727 0.406250
vt 0.772727 0.375000
vt 0.757576 0.406250
vt 0.757576 0.375000
vt 0.772727 0.843750
vt 0.772727 0.812500
vt 0.757576 0.843750
vt 0.757576 0.812500
vt 0.772727 0.343750
vt 0.772727 0.312500
vt 0.757576 0.343750
vt 0.757576 0.312500
vt 0.772727 0.781250
vt 0.772727 0.750000
vt 0.757576 0.781250
vt 0.757576 0.750000
vt 0.772727 0.281250
vt 0.772727 0.250000
vt 0.757576 0.281250
vt 0.757576 0.250000
vt 0.772727 0.718750
vt 0.772727 0.687500
vt 0.757576 0.718750
vt 0.757576 0.687500
vt 0.772727 0.218750
vt 0.757576 0.218750
vt 0.772727 0.656250
vt 0.757576 0.656250
vt 0.742424 0.843750
vt 0.742424 0.812500
vt 0.742424 0.875000
vt 0.742424 0.343750
vt 0.742424 0.312500
vt 0.742424 0.375000
vt 0.742424 0.781250
vt 0.742424 0.750000
vt 0.742424 0.281250
vt 0.742424 0.250000
vt 0.742424 0.718750
vt 0.742424 0.687500
vt 0.742424 0.218750
vt 0.742424 0.187500
vt 0.742424 0.656250
vt 0.742424 0.625000
vt 0.742424 0.156250
vt 0.742424 0.125000
vt 0.742424 0.593750
vt 0.742424 0.562500
vt 0.742424 0.094039
vt 0.742424 0.064815
vt 0.742424 0.531250
vt 0.742424 0.500000
vt 0.750000 0.968750
vt 0.742424 0.957899
vt 0.742424 0.935185
vt 0.742424 1.000000
vt 0.734849 0.968750
vt 0.742424 0.000000
vt 0.750000 0.031250
vt 0.742424 0.042101
vt 0.734849 0.031250
vt 0.742424 0.468750
vt 0.742424 0.437500
vt 0.742424 0.905961
vt 0.742424 0.406250
s 1
usemtl Material
f 490/1 1416/2 1521/3 1444/4
f 1416/2 489/5 1445/6 1521/3
f 1521/3 1445/6 10/7 502/8
f 1444/4 1521/3 502/8 11/9
f 4/10 1439/11 1522/12 512/13
f 1439/11 496/14 1446/15 1522/12
f 1522/12 1446/15 18/16 510/17
f 512/13 1522/12 510/17 19/18
f 491/19 1417/20 1523/21 1447/22
f 1417/20 490/1 1444/4 1523/21
f 1523/21 1444/4 11/9 503/23
f 1447/22 1523/21 503/23 12/24
f 497/25 1440/26 1524/27 1448/28
f 1440/26 4/10 512/13 1524/27
f 1524/27 512/13 19/18 511/29
f 1448/28 1524/27 511/29 20/30
f 492/31 1418/32 1525/33 1449/34
f 1418/32 491/19 1447/22 1525/33
f 1525/33 1447/22 12/24 504/35
f 1449/34 1525/33 504/35 13/36
f 486/37 1434/38 1526/39 1450/40
f 1/41 1442/42 1526/39 1434/38
f 6/43 1450/40 1526/39 1442/42
f 5/44 1441/45 1527/46 1443/47
f 497/25 1448/28 1527/46 1441/45
f 20/30 1443/47 1527/46 1448/28
f 493/48 1419/49 1528/50 1451/51
f 1419/49 492/31 1449/34 1528/50
f 1528/50 1449/34 13/36 505/52
f 1451/51 1528/50 505/52 14/53
f 2/54 1435/55 1529/56 513/57
f 1435/55 486/37 1450/40 1529/56
f 1529/56 1450/40 6/43 498/58
f 513/57 1529/56 498/58 7/59
f 494/60 1420/61 1530/62 1452/63
f 1420/61 493/48 1451/51 1530/62
f 1530/62 1451/51 14/53 506/64
f 1452/63 1530/62 506/64 15/65
f 487/66 1436/67 1531/68 1453/69
f 1436/67 2/54 513/57 1531/68
f 1531/68 513/57 7/59 499/70
f 1453/69 1531/68 499/70 8/71
f 495/72 1421/73 1532/74 1454/75
f 1421/73 494/60 1452/63 1532/74
f 1532/74 1452/63 15/65 507/76
f 1454/75 1532/74 507/76 16/77
f 488/78 1414/79 1533/80 1455/81
f 1414/79 487/66 1453/69 1533/80
f 1533/80 1453/69 8/71 500/82
f 1455/81 1533/80 500/82 9/83
f 3/84 1437/85 1534/86 514/87
f 1437/85 495/72 1454/75 1534/86
f 1534/86 1454/75 16/77 508/88
f 514/87 1534/86 508/88 17/89
f 489/5 1415/90 1535/91 1445/6
f 1415/90 488/78 1455/81 1535/91
f 1535/91 1455/81 9/83 501/92
f 1445/6 1535/91 501/92 10/7
f 496/14 1438/93 1536/94 1446/15
f 1438/93 3/84 514/87 1536/94
f 1536/94 514/87 17/89 509/95
f 1446/15 1536/94 509/95 18/16
f 10/7 501/92 1537/96 529/97
f 501/92 9/83 530/98 1537/96
f 1537/96 530/98 24/99 518/100
f 529/97 1537/96 518/100 25/101
f 18/16 509/95 1538/102 531/103
f 509/95 17/89 532/104 1538/102
f 1538/102 532/104 32/105 526/106
f 531/103 1538/102 526/106 33/107
f 11/9 502/8 1539/108 533/109
f 502/8 10/7 529/97 1539/108
f 1539/108 529/97 25/101 519/110
f 533/109 1539/108 519/110 26/111
f 19/18 510/17 1540/112 534/113
f 510/17 18/16 531/103 1540/112
f 1540/112 531/103 33/107 527/114
f 534/113 1540/112 527/114 34/115
f 12/24 503/23 1541/116 535/117
f 503/23 11/9 533/109 1541/116
f 1541/116 533/109 26/111 520/118
f 535/117 1541/116 520/118 27/119
f 20/30 511/29 1542/120 536/121
f 511/29 19/18 534/113 1542/120
f 1542/120 534/113 34/115 528/122
f 536/121 1542/120 528/122 35/123
f 13/36 504/35 1543/124 537/125
f 504/35 12/24 535/117 1543/124
f 1543/124 535/117 27/119 521/126
f 537/125 1543/124 521/126 28/127
f 6/43 1442/128 1544/129 538/130
f 1/131 1456/132 1544/129 1442/128
f 21/133 538/130 1544/129 1456/132
f 5/134 1443/135 1545/136 1457/137
f 20/30 536/121 1545/136 1443/135
f 35/123 1457/137 1545/136 536/121
f 14/53 505/52 1546/138 539/139
f 505/52 13/36 537/125 1546/138
f 1546/138 537/125 28/127 522/140
f 539/139 1546/138 522/140 29/141
f 7/59 498/58 1547/142 540/143
f 498/58 6/43 538/130 1547/142
f 1547/142 538/130 21/133 515/144
f 540/143 1547/142 515/144 22/145
f 15/65 506/64 1548/146 541/147
f 506/64 14/53 539/139 1548/146
f 1548/146 539/139 29/141 523/148
f 541/147 1548/146 523/148 30/149
f 8/71 499/70 1549/150 542/151
f 499/70 7/59 540/143 1549/150
f 1549/150 540/143 22/145 516/152
f 542/151 1549/150 516/152 23/153
f 16/77 507/76 1550/154 543/155
f 507/76 15/65 541/147 1550/154
f 1550/154 541/147 30/149 524/156
f 543/155 1550/154 524/156 31/157
f 9/83 500/82 1551/158 530/98
f 500/82 8/71 542/151 1551/158
f 1551/158 542/151 23/153 517/159
f 530/98 1551/158 517/159 24/99
f 17/89 508/88 1552/160 532/104
f 508/88 16/77 543/155 1552/160
f 1552/160 543/155 31/157 525/161
f 532/104 1552/160 525/161 32/105
f 29/141 522/140 1553/162 558/163
f 522/140 28/127 559/164 1553/162
f 1553/162 559/164 43/165 551/166
f 558/163 1553/162 551/166 44/167
f 22/145 515/144 1554/168 560/169
f 515/144 21/133 561/170 1554/168
f 1554/168 561/170 36/171 544/172
f 560/169 1554/168 544/172 37/173
f 30/149 523/148 1555/174 562/175
f 523/148 29/141 558/163 1555/174
f 1555/174 558/163 44/167 552/176
f 562/175 1555/174 552/176 45/177
f 23/153 516/152 1556/178 563/179
f 516/152 22/145 560/169 1556/178
f 1556/178 560/169 37/173 545/180
f 563/179 1556/178 545/180 38/181
f 31/157 524/156 1557/182 564/183
f 524/156 30/149 562/175 1557/182
f 1557/182 562/175 45/177 553/184
f 564/183 1557/182 553/184 46/185
f 24/99 517/159 1558/186 565/187
f 517/159 23/153 563/179 1558/186
f 1558/186 563/179 38/181 546/188
f 565/187 1558/186 546/188 39/189
f 32/105 525/161 1559/190 566/191
f 525/161 31/157 564/183 1559/190
f 1559/190 564/183 46/185 554/192
f 566/191 1559/190 554/192 47/193
f 25/101 518/100 1560/194 567/195
f 518/100 24/99 565/187 1560/194
f 1560/194 565/187 39/189 547/196
f 567/195 1560/194 547/196 40/197
f 33/107 526/106 1561/198 568/199
f 526/106 32/105 566/191 1561/198
f 1561/198 566/191 47/193 555/200
f 568/199 1561/198 555/200 48/201
f 26/111 519/110 1562/202 569/203
f 519/110 25/101 567/195 1562/202
f 1562/202 567/195 40/197 548/204
f 569/203 1562/202 548/204 41/205
f 34/115 527/114 1563/206 570/207
f 527/114 33/107 568/199 1563/206
f 1563/206 568/199 48/201 556/208
f 570/207 1563/206 556/208 49/209
f 27/119 520/118 1564/210 571/211
f 520/118 26/111 569/203 1564/210
f 1564/210 569/203 41/205 549/212
f 571/211 1564/210 549/212 42/213
f 35/123 528/122 1565/214 572/215
f 528/122 34/115 570/207 1565/214
f 1565/214 570/207 49/209 557/216
f 572/215 1565/214 557/216 50/217
f 28/127 521/126 1566/218 559/164
f 521/126 27/119 571/211 1566/218
f 1566/218 571/211 42/213 550/219
f 559/164 1566/218 550/219 43/165
f 21/133 1456/220 1567/221 561/170
f 1/222 1458/223 1567/221 1456/220
f 36/171 561/170 1567/221 1458/223
f 5/224 1457/225 1568/226 1459/227
f 35/123 572/215 1568/226 1457/225
f 50/217 1459/227 1568/226 572/215
f 48/201 555/200 1569/228 587/229
f 555/200 47/193 588/230 1569/228
f 1569/228 588/230 62/231 584/232
f 587/229 1569/228 584/232 63/233
f 41/205 548/204 1570/234 589/235
f 548/204 40/197 590/236 1570/234
f 1570/234 590/236 55/237 577/238
f 589/235 1570/234 577/238 56/239
f 49/209 556/208 1571/240 591/241
f 556/208 48/201 587/229 1571/240
f 1571/240 587/229 63/233 585/242
f 591/241 1571/240 585/242 64/243
f 42/213 549/212 1572/244 592/245
f 549/212 41/205 589/235 1572/244
f 1572/244 589/235 56/239 578/246
f 592/245 1572/244 578/246 57/247
f 50/217 557/216 1573/248 593/249
f 557/216 49/209 591/241 1573/248
f 1573/248 591/241 64/243 586/250
f 593/249 1573/248 586/250 65/251
f 43/165 550/219 1574/252 594/253
f 550/219 42/213 592/245 1574/252
f 1574/252 592/245 57/247 579/254
f 594/253 1574/252 579/254 58/255
f 36/171 1458/256 1575/257 595/258
f 1/259 1460/260 1575/257 1458/256
f 51/261 595/258 1575/257 1460/260
f 5/262 1459/263 1576/264 1461/265
f 50/217 593/249 1576/264 1459/263
f 65/251 1461/265 1576/264 593/249
f 44/167 551/166 1577/266 596/267
f 551/166 43/165 594/253 1577/266
f 1577/266 594/253 58/255 580/268
f 596/267 1577/266 580/268 59/269
f 37/173 544/172 1578/270 597/271
f 544/172 36/171 595/258 1578/270
f 1578/270 595/258 51/261 573/272
f 597/271 1578/270 573/272 52/273
f 45/177 552/176 1579/274 598/275
f 552/176 44/167 596/267 1579/274
f 1579/274 596/267 59/269 581/276
f 598/275 1579/274 581/276 60/277
f 38/181 545/180 1580/278 599/279
f 545/180 37/173 597/271 1580/278
f 1580/278 597/271 52/273 574/280
f 599/279 1580/278 574/280 53/281
f 46/185 553/184 1581/282 600/283
f 553/184 45/177 598/275 1581/282
f 1581/282 598/275 60/277 582/284
f 600/283 1581/282 582/284 61/285
f 39/189 546/188 1582/286 601/287
f 546/188 38/181 599/279 1582/286
f 1582/286 599/279 53/281 575/288
f 601/287 1582/286 575/288 54/289
f 47/193 554/192 1583/290 588/230
f 554/192 46/185 600/283 1583/290
f 1583/290 600/283 61/285 583/291
f 588/230 1583/290 583/291 62/231
f 40/197 547/196 1584/292 590/236
f 547/196 39/189 601/287 1584/292
f 1584/292 601/287 54/289 576/293
f 590/236 1584/292 576/293 55/237
f 52/273 573/272 1585/294 616/295
f 573/272 51/261 617/296 1585/294
f 1585/294 617/296 66/297 602/298
f 616/295 1585/294 602/298 67/299
f 60/277 581/276 1586/300 618/301
f 581/276 59/269 619/302 1586/300
f 1586/300 619/302 74/303 610/304
f 618/301 1586/300 610/304 75/305
f 53/281 574/280 1587/306 620/307
f 574/280 52/273 616/295 1587/306
f 1587/306 616/295 67/299 603/308
f 620/307 1587/306 603/308 68/309
f 61/285 582/284 1588/310 621/311
f 582/284 60/277 618/301 1588/310
f 1588/310 618/301 75/305 611/312
f 621/311 1588/310 611/312 76/313
f 54/289 575/288 1589/314 622/315
f 575/288 53/281 620/307 1589/314
f 1589/314 620/307 68/309 604/316
f 622/315 1589/314 604/316 69/317
f 62/231 583/291 1590/318 623/319
f 583/291 61/285 621/311 1590/318
f 1590/318 621/311 76/313 612/320
f 623/319 1590/318 612/320 77/321
f 55/237 576/293 1591/322 624/323
f 576/293 54/289 622/315 1591/322
f 1591/322 622/315 69/317 605/324
f 624/323 1591/322 605/324 70/325
f 63/233 584/232 1592/326 625/327
f 584/232 62/231 623/319 1592/326
f 1592/326 623/319 77/321 613/328
f 625/327 1592/326 613/328 78/329
f 56/239 577/238 1593/330 626/331
f 577/238 55/237 624/323 1593/330
f 1593/330 624/323 70/325 606/332
f 626/331 1593/330 606/332 71/333
f 64/243 585/242 1594/334 627/335
f 585/242 63/233 625/327 1594/334
f 1594/334 625/327 78/329 614/336
f 627/335 1594/334 614/336 79/337
f 57/247 578/246 1595/338 628/339
f 578/246 56/239 626/331 1595/338
f 1595/338 626/331 71/333 607/340
f 628/339 1595/338 607/340 72/341
f 65/251 586/250 1596/342 629/343
f 586/250 64/243 627/335 1596/342
f 1596/342 627/335 79/337 615/344
f 629/343 1596/342 615/344 80/345
f 58/255 579/254 1597/346 630/347
f 579/254 57/247 628/339 1597/346
f 1597/346 628/339 72/341 608/348
f 630/347 1597/346 608/348 73/349
f 51/261 1460/350 1598/351 617/296
f 1/352 1462/353 1598/351 1460/350
f 66/297 617/296 1598/351 1462/353
f 5/354 1461/355 1599/356 1463/357
f 65/251 629/343 1599/356 1461/355
f 80/345 1463/357 1599/356 629/343
f 59/269 580/268 1600/358 619/302
f 580/268 58/255 630/347 1600/358
f 1600/358 630/347 73/349 609/359
f 619/302 1600/358 609/359 74/303
f 71/333 606/332 1601/360 645/361
f 606/332 70/325 646/362 1601/360
f 1601/360 646/362 85/363 635/364
f 645/361 1601/360 635/364 86/365
f 79/337 614/336 1602/366 647/367
f 614/336 78/329 648/368 1602/366
f 1602/366 648/368 93/369 643/370
f 647/367 1602/366 643/370 94/371
f 72/341 607/340 1603/372 649/373
f 607/340 71/333 645/361 1603/372
f 1603/372 645/361 86/365 636/374
f 649/373 1603/372 636/374 87/375
f 80/345 615/344 1604/376 650/377
f 615/344 79/337 647/367 1604/376
f 1604/376 647/367 94/371 644/378
f 650/377 1604/376 644/378 95/379
f 73/349 608/348 1605/380 651/381
f 608/348 72/341 649/373 1605/380
f 1605/380 649/373 87/375 637/382
f 651/381 1605/380 637/382 88/383
f 66/297 1462/384 1606/385 652/386
f 1/387 1464/388 1606/385 1462/384
f 81/389 652/386 1606/385 1464/388
f 5/390 1463/391 1607/392 1465/393
f 80/345 650/377 1607/392 1463/391
f 95/379 1465/393 1607/392 650/377
f 74/303 609/359 1608/394 653/395
f 609/359 73/349 651/381 1608/394
f 1608/394 651/381 88/383 638/396
f 653/395 1608/394 638/396 89/397
f 67/299 602/298 1609/398 654/399
f 602/298 66/297 652/386 1609/398
f 1609/398 652/386 81/389 631/400
f 654/399 1609/398 631/400 82/401
f 75/305 610/304 1610/402 655/403
f 610/304 74/303 653/395 1610/402
f 1610/402 653/395 89/397 639/404
f 655/403 1610/402 639/404 90/405
f 68/309 603/308 1611/406 656/407
f 603/308 67/299 654/399 1611/406
f 1611/406 654/399 82/401 632/408
f 656/407 1611/406 632/408 83/409
f 76/313 611/312 1612/410 657/411
f 611/312 75/305 655/403 1612/410
f 1612/410 655/403 90/405 640/412
f 657/411 1612/410 640/412 91/413
f 69/317 604/316 1613/414 658/415
f 604/316 68/309 656/407 1613/414
f 1613/414 656/407 83/409 633/416
f 658/415 1613/414 633/416 84/417
f 77/321 612/320 1614/418 659/419
f 612/320 76/313 657/411 1614/418
f 1614/418 657/411 91/413 641/420
f 659/419 1614/418 641/420 92/421
f 70/325 605/324 1615/422 646/362
f 605/324 69/317 658/415 1615/422
f 1615/422 658/415 84/417 634/423
f 646/362 1615/422 634/423 85/363
f 78/329 613/328 1616/424 648/368
f 613/328 77/321 659/419 1616/424
f 1616/424 659/419 92/421 642/425
f 648/368 1616/424 642/425 93/369
f 90/405 639/404 1617/426 674/427
f 639/404 89/397 675/428 1617/426
f 1617/426 675/428 104/429 668/430
f 674/427 1617/426 668/430 105/431
f 83/409 632/408 1618/432 676/433
f 632/408 82/401 677/434 1618/432
f 1618/432 677/434 97/435 661/436
f 676/433 1618/432 661/436 98/437
f 91/413 640/412 1619/438 678/439
f 640/412 90/405 674/427 1619/438
f 1619/438 674/427 105/431 669/440
f 678/439 1619/438 669/440 106/441
f 84/417 633/416 1620/442 679/443
f 633/416 83/409 676/433 1620/442
f 1620/442 676/433 98/437 662/444
f 679/443 1620/442 662/444 99/445
f 92/421 641/420 1621/446 680/447
f 641/420 91/413 678/439 1621/446
f 1621/446 678/439 106/441 670/448
f 680/447 1621/446 670/448 107/449
f 85/363 634/423 1622/450 681/451
f 634/423 84/417 679/443 1622/450
f 1622/450 679/443 99/445 663/452
f 681/451 1622/450 663/452 100/453
f 93/369 642/425 1623/454 682/455
f 642/425 92/421 680/447 1623/454
f 1623/454 680/447 107/449 671/456
f 682/455 1623/454 671/456 108/457
f 86/365 635/364 1624/458 683/459
f 635/364 85/363 681/451 1624/458
f 1624/458 681/451 100/453 664/460
f 683/459 1624/458 664/460 101/461
f 94/371 643/370 1625/462 684/463
f 643/370 93/369 682/455 1625/462
f 1625/462 682/455 108/457 672/464
f 684/463 1625/462 672/464 109/465
f 87/375 636/374 1626/466 685/467
f 636/374 86/365 683/459 1626/466
f 1626/466 683/459 101/461 665/468
f 685/467 1626/466 665/468 102/469
f 95/379 644/378 1627/470 686/471
f 644/378 94/371 684/463 1627/470
f 1627/470 684/463 109/465 673/472
f 686/471 1627/470 673/472 110/473
f 88/383 637/382 1628/474 687/475
f 637/382 87/375 685/467 1628/474
f 1628/474 685/467 102/469 666/476
f 687/475 1628/474 666/476 103/477
f 81/389 1464/478 1629/479 688/480
f 1/481 1466/482 1629/479 1464/478
f 96/483 688/480 1629/479 1466/482
f 5/484 1465/485 1630/486 1467/487
f 95/379 686/471 1630/486 1465/485
f 110/473 1467/487 1630/486 686/471
f 89/397 638/396 1631/488 675/428
f 638/396 88/383 687/475 1631/488
f 1631/488 687/475 103/477 667/489
f 675/428 1631/488 667/489 104/429
f 82/401 631/400 1632/490 677/434
f 631/400 81/389 688/480 1632/490
f 1632/490 688/480 96/483 660/491
f 677/434 1632/490 660/491 97/435
f 109/465 672/464 1633/492 703/493
f 672/464 108/457 704/494 1633/492
f 1633/492 704/494 123/495 701/496
f 703/493 1633/492 701/496 124/497
f 102/469 665/468 1634/498 705/499
f 665/468 101/461 706/500 1634/498
f 1634/498 706/500 116/501 694/502
f 705/499 1634/498 694/502 117/503
f 110/473 673/472 1635/504 707/505
f 673/472 109/465 703/493 1635/504
f 1635/504 703/493 124/497 702/506
f 707/505 1635/504 702/506 125/507
f 103/477 666/476 1636/508 708/509
f 666/476 102/469 705/499 1636/508
f 1636/508 705/499 117/503 695/510
f 708/509 1636/508 695/510 118/511
f 96/483 1466/512 1637/513 709/514
f 1/515 1468/516 1637/513 1466/512
f 111/517 709/514 1637/513 1468/516
f 5/518 1467/519 1638/520 1469/521
f 110/473 707/505 1638/520 1467/519
f 125/507 1469/521 1638/520 707/505
f 104/429 667/489 1639/522 710/523
f 667/489 103/477 708/509 1639/522
f 1639/522 708/509 118/511 696/524
f 710/523 1639/522 696/524 119/525
f 97/435 660/491 1640/526 711/527
f 660/491 96/483 709/514 1640/526
f 1640/526 709/514 111/517 689/528
f 711/527 1640/526 689/528 112/529
f 105/431 668/430 1641/530 712/531
f 668/430 104/429 710/523 1641/530
f 1641/530 710/523 119/525 697/532
f 712/531 1641/530 697/532 120/533
f 98/437 661/436 1642/534 713/535
f 661/436 97/435 711/527 1642/534
f 1642/534 711/527 112/529 690/536
f 713/535 1642/534 690/536 113/537
f 106/441 669/440 1643/538 714/539
f 669/440 105/431 712/531 1643/538
f 1643/538 712/531 120/533 698/540
f 714/539 1643/538 698/540 121/541
f 99/445 662/444 1644/542 715/543
f 662/444 98/437 713/535 1644/542
f 1644/542 713/535 113/537 691/544
f 715/543 1644/542 691/544 114/545
f 107/449 670/448 1645/546 716/547
f 670/448 106/441 714/539 1645/546
f 1645/546 714/539 121/541 699/548
f 716/547 1645/546 699/548 122/549
f 100/453 663/452 1646/550 717/551
f 663/452 99/445 715/543 1646/550
f 1646/550 715/543 114/545 692/552
f 717/551 1646/550 692/552 115/553
f 108/457 671/456 1647/554 704/494
f 671/456 107/449 716/547 1647/554
f 1647/554 716/547 122/549 700/555
f 704/494 1647/554 700/555 123/495
f 101/461 664/460 1648/556 706/500
f 664/460 100/453 717/551 1648/556
f 1648/556 717/551 115/553 693/557
f 706/500 1648/556 693/557 116/501
f 121/541 698/540 1649/558 732/559
f 698/540 120/533 733/560 1649/558
f 1649/558 733/560 135/561 727/562
f 732/559 1649/558 727/562 136/563
f 114/545 691/544 1650/564 734/565
f 691/544 113/537 735/566 1650/564
f 1650/564 735/566 128/567 720/568
f 734/565 1650/564 720/568 129/569
f 122/549 699/548 1651/570 736/571
f 699/548 121/541 732/559 1651/570
f 1651/570 732/559 136/563 728/572
f 736/571 1651/570 728/572 137/573
f 115/553 692/552 1652/574 737/575
f 692/552 114/545 734/565 1652/574
f 1652/574 734/565 129/569 721/576
f 737/575 1652/574 721/576 130/577
f 123/495 700/555 1653/578 738/579
f 700/555 122/549 736/571 1653/578
f 1653/578 736/571 137/573 729/580
f 738/579 1653/578 729/580 138/581
f 116/501 693/557 1654/582 739/583
f 693/557 115/553 737/575 1654/582
f 1654/582 737/575 130/577 722/584
f 739/583 1654/582 722/584 131/585
f 124/497 701/496 1655/586 740/587
f 701/496 123/495 738/579 1655/586
f 1655/586 738/579 138/581 730/588
f 740/587 1655/586 730/588 139/589
f 117/503 694/502 1656/590 741/591
f 694/502 116/501 739/583 1656/590
f 1656/590 739/583 131/585 723/592
f 741/591 1656/590 723/592 132/593
f 125/507 702/506 1657/594 742/595
f 702/506 124/497 740/587 1657/594
f 1657/594 740/587 139/589 731/596
f 742/595 1657/594 731/596 140/597
f 118/511 695/510 1658/598 743/599
f 695/510 117/503 741/591 1658/598
f 1658/598 741/591 132/593 724/600
f 743/599 1658/598 724/600 133/601
f 111/517 1468/602 1659/603 744/604
f 1/605 1470/606 1659/603 1468/602
f 126/607 744/604 1659/603 1470/606
f 5/608 1469/609 1660/610 1471/611
f 125/507 742/595 1660/610 1469/609
f 140/597 1471/611 1660/610 742/595
f 119/525 696/524 1661/612 745/613
f 696/524 118/511 743/599 1661/612
f 1661/612 743/599 133/601 725/614
f 745/613 1661/612 725/614 134/615
f 112/529 689/528 1662/616 746/617
f 689/528 111/517 744/604 1662/616
f 1662/616 744/604 126/607 718/618
f 746/617 1662/616 718/618 127/619
f 120/533 697/532 1663/620 733/560
f 697/532 119/525 745/613 1663/620
f 1663/620 745/613 134/615 726/621
f 733/560 1663/620 726/621 135/561
f 113/537 690/536 1664/622 735/566
f 690/536 112/529 746/617 1664/622
f 1664/622 746/617 127/619 719/623
f 735/566 1664/622 719/623 128/567
f 140/597 731/596 1665/624 761/625
f 731/596 139/589 762/626 1665/624
f 1665/624 762/626 154/627 760/628
f 761/625 1665/624 760/628 155/629
f 133/601 724/600 1666/630 763/631
f 724/600 132/593 764/632 1666/630
f 1666/630 764/632 147/633 753/634
f 763/631 1666/630 753/634 148/635
f 126/607 1470/636 1667/637 765/638
f 1/639 1472/640 1667/637 1470/636
f 141/641 765/638 1667/637 1472/640
f 5/642 1471/643 1668/644 1473/645
f 140/597 761/625 1668/644 1471/643
f 155/629 1473/645 1668/644 761/625
f 134/615 725/614 1669/646 766/647
f 725/614 133/601 763/631 1669/646
f 1669/646 763/631 148/635 754/648
f 766/647 1669/646 754/648 149/649
f 127/619 718/618 1670/650 767/651
f 718/618 126/607 765/638 1670/650
f 1670/650 765/638 141/641 747/652
f 767/651 1670/650 747/652 142/653
f 135/561 726/621 1671/654 768/655
f 726/621 134/615 766/647 1671/654
f 1671/654 766/647 149/649 755/656
f 768/655 1671/654 755/656 150/657
f 128/567 719/623 1672/658 769/659
f 719/623 127/619 767/651 1672/658
f 1672/658 767/651 142/653 748/660
f 769/659 1672/658 748/660 143/661
f 136/563 727/562 1673/662 770/663
f 727/562 135/561 768/655 1673/662
f 1673/662 768/655 150/657 756/664
f 770/663 1673/662 756/664 151/665
f 129/569 720/568 1674/666 771/667
f 720/568 128/567 769/659 1674/666
f 1674/666 769/659 143/661 749/668
f 771/667 1674/666 749/668 144/669
f 137/573 728/572 1675/670 772/671
f 728/572 136/563 770/663 1675/670
f 1675/670 770/663 151/665 757/672
f 772/671 1675/670 757/672 152/673
f 130/577 721/576 1676/674 773/675
f 721/576 129/569 771/667 1676/674
f 1676/674 771/667 144/669 750/676
f 773/675 1676/674 750/676 145/677
f 138/581 729/580 1677/678 774/679
f 729/580 137/573 772/671 1677/678
f 1677/678 772/671 152/673 758/680
f 774/679 1677/678 758/680 153/681
f 131/585 722/584 1678/682 775/683
f 722/584 130/577 773/675 1678/682
f 1678/682 773/675 145/677 751/684
f 775/683 1678/682 751/684 146/685
f 139/589 730/588 1679/686 762/626
f 730/588 138/581 774/679 1679/686
f 1679/686 774/679 153/681 759/687
f 762/626 1679/686 759/687 154/627
f 132/593 723/592 1680/688 764/632
f 723/592 131/585 775/683 1680/688
f 1680/688 775/683 146/685 752/689
f 764/632 1680/688 752/689 147/633
f 144/669 749/668 1681/690 790/691
f 749/668 143/661 791/692 1681/690
f 1681/690 791/692 158/693 778/694
f 790/691 1681/690 778/694 159/695
f 152/673 757/672 1682/696 792/697
f 757/672 151/665 793/698 1682/696
f 1682/696 793/698 166/699 786/700
f 792/697 1682/696 786/700 167/701
f 145/677 750/676 1683/702 794/703
f 750/676 144/669 790/691 1683/702
f 1683/702 790/691 159/695 779/704
f 794/703 1683/702 779/704 160/705
f 153/681 758/680 1684/706 795/707
f 758/680 152/673 792/697 1684/706
f 1684/706 792/697 167/701 787/708
f 795/707 1684/706 787/708 168/709
f 146/685 751/684 1685/710 796/711
f 751/684 145/677 794/703 1685/710
f 1685/710 794/703 160/705 780/712
f 796/711 1685/710 780/712 161/713
f 154/627 759/687 1686/714 797/715
f 759/687 153/681 795/707 1686/714
f 1686/714 795/707 168/709 788/716
f 797/715 1686/714 788/716 169/717
f 147/633 752/689 1687/718 798/719
f 752/689 146/685 796/711 1687/718
f 1687/718 796/711 161/713 781/720
f 798/719 1687/718 781/720 162/721
f 155/629 760/628 1688/722 799/723
f 760/628 154/627 797/715 1688/722
f 1688/722 797/715 169/717 789/724
f 799/723 1688/722 789/724 170/725
f 148/635 753/634 1689/726 800/727
f 753/634 147/633 798/719 1689/726
f 1689/726 798/719 162/721 782/728
f 800/727 1689/726 782/728 163/729
f 141/641 1472/730 1690/731 801/732
f 1/733 1474/734 1690/731 1472/730
f 156/735 801/732 1690/731 1474/734
f 5/736 1473/737 1691/738 1475/739
f 155/629 799/723 1691/738 1473/737
f 170/725 1475/739 1691/738 799/723
f 149/649 754/648 1692/740 802/741
f 754/648 148/635 800/727 1692/740
f 1692/740 800/727 163/729 783/742
f 802/741 1692/740 783/742 164/743
f 142/653 747/652 1693/744 803/745
f 747/652 141/641 801/732 1693/744
f 1693/744 801/732 156/735 776/746
f 803/745 1693/744 776/746 157/747
f 150/657 755/656 1694/748 804/749
f 755/656 149/649 802/741 1694/748
f 1694/748 802/741 164/743 784/750
f 804/749 1694/748 784/750 165/751
f 143/661 748/660 1695/752 791/692
f 748/660 142/653 803/745 1695/752
f 1695/752 803/745 157/747 777/753
f 791/692 1695/752 777/753 158/693
f 151/665 756/664 1696/754 793/698
f 756/664 150/657 804/749 1696/754
f 1696/754 804/749 165/751 785/755
f 793/698 1696/754 785/755 166/699
f 163/729 782/728 1697/756 819/757
f 782/728 162/721 820/758 1697/756
f 1697/756 820/758 177/759 811/760
f 819/757 1697/756 811/760 178/761
f 156/735 1474/762 1698/763 821/764
f 1/765 1476/766 1698/763 1474/762
f 171/767 821/764 1698/763 1476/766
f 5/768 1475/769 1699/770 1477/771
f 170/725 822/772 1699/770 1475/769
f 185/773 1477/771 1699/770 822/772
f 164/743 783/742 1700/774 823/775
f 783/742 163/729 819/757 1700/774
f 1700/774 819/757 178/761 812/776
f 823/775 1700/774 812/776 179/777
f 157/747 776/746 1701/778 824/779
f 776/746 156/735 821/764 1701/778
f 1701/778 821/764 171/767 805/780
f 824/779 1701/778 805/780 172/781
f 165/751 784/750 1702/782 825/783
f 784/750 164/743 823/775 1702/782
f 1702/782 823/775 179/777 813/784
f 825/783 1702/782 813/784 180/785
f 158/693 777/753 1703/786 826/787
f 777/753 157/747 824/779 1703/786
f 1703/786 824/779 172/781 806/788
f 826/787 1703/786 806/788 173/789
f 166/699 785/755 1704/790 827/791
f 785/755 165/751 825/783 1704/790
f 1704/790 825/783 180/785 814/792
f 827/791 1704/790 814/792 181/793
f 159/695 778/694 1705/794 828/795
f 778/694 158/693 826/787 1705/794
f 1705/794 826/787 173/789 807/796
f 828/795 1705/794 807/796 174/797
f 167/701 786/700 1706/798 829/799
f 786/700 166/699 827/791 1706/798
f 1706/798 827/791 181/793 815/800
f 829/799 1706/798 815/800 182/801
f 160/705 779/704 1707/802 830/803
f 779/704 159/695 828/795 1707/802
f 1707/802 828/795 174/797 808/804
f 830/803 1707/802 808/804 175/805
f 168/709 787/708 1708/806 831/807
f 787/708 167/701 829/799 1708/806
f 1708/806 829/799 182/801 816/808
f 831/807 1708/806 816/808 183/809
f 161/713 780/712 1709/810 832/811
f 780/712 160/705 830/803 1709/810
f 1709/810 830/803 175/805 809/812
f 832/811 1709/810 809/812 176/813
f 169/717 788/716 1710/814 833/815
f 788/716 168/709 831/807 1710/814
f 1710/814 831/807 183/809 817/816
f 833/815 1710/814 817/816 184/817
f 162/721 781/720 1711/818 820/758
f 781/720 161/713 832/811 1711/818
f 1711/818 832/811 176/813 810/819
f 820/758 1711/818 810/819 177/759
f 170/725 789/724 1712/820 822/772
f 789/724 169/717 833/815 1712/820
f 1712/820 833/815 184/817 818/821
f 822/772 1712/820 818/821 185/773
f 182/801 815/800 1713/822 848/823
f 815/800 181/793 849/824 1713/822
f 1713/822 849/824 196/825 844/826
f 848/823 1713/822 844/826 197/827
f 175/805 808/804 1714/828 850/829
f 808/804 174/797 851/830 1714/828
f 1714/828 851/830 189/831 837/832
f 850/829 1714/828 837/832 190/833
f 183/809 816/808 1715/834 852/835
f 816/808 182/801 848/823 1715/834
f 1715/834 848/823 197/827 845/836
f 852/835 1715/834 845/836 198/837
f 176/813 809/812 1716/838 853/839
f 809/812 175/805 850/829 1716/838
f 1716/838 850/829 190/833 838/840
f 853/839 1716/838 838/840 191/841
f 184/817 817/816 1717/842 854/843
f 817/816 183/809 852/835 1717/842
f 1717/842 852/835 198/837 846/844
f 854/843 1717/842 846/844 199/845
f 177/759 810/819 1718/846 855/847
f 810/819 176/813 853/839 1718/846
f 1718/846 853/839 191/841 839/848
f 855/847 1718/846 839/848 192/849
f 185/773 818/821 1719/850 856/851
f 818/821 184/817 854/843 1719/850
f 1719/850 854/843 199/845 847/852
f 856/851 1719/850 847/852 200/853
f 178/761 811/760 1720/854 857/855
f 811/760 177/759 855/847 1720/854
f 1720/854 855/847 192/849 840/856
f 857/855 1720/854 840/856 193/857
f 171/767 1476/858 1721/859 858/860
f 1/861 1478/862 1721/859 1476/858
f 186/863 858/860 1721/859 1478/862
f 5/864 1477/865 1722/866 1479/867
f 185/773 856/851 1722/866 1477/865
f 200/853 1479/867 1722/866 856/851
f 179/777 812/776 1723/868 859/869
f 812/776 178/761 857/855 1723/868
f 1723/868 857/855 193/857 841/870
f 859/869 1723/868 841/870 194/871
f 172/781 805/780 1724/872 860/873
f 805/780 171/767 858/860 1724/872
f 1724/872 858/860 186/863 834/874
f 860/873 1724/872 834/874 187/875
f 180/785 813/784 1725/876 861/877
f 813/784 179/777 859/869 1725/876
f 1725/876 859/869 194/871 842/878
f 861/877 1725/876 842/878 195/879
f 173/789 806/788 1726/880 862/881
f 806/788 172/781 860/873 1726/880
f 1726/880 860/873 187/875 835/882
f 862/881 1726/880 835/882 188/883
f 181/793 814/792 1727/884 849/824
f 814/792 180/785 861/877 1727/884
f 1727/884 861/877 195/879 843/885
f 849/824 1727/884 843/885 196/825
f 174/797 807/796 1728/886 851/830
f 807/796 173/789 862/881 1728/886
f 1728/886 862/881 188/883 836/887
f 851/830 1728/886 836/887 189/831
f 186/863 1478/888 1729/889 877/890
f 1/891 1480/892 1729/889 1478/888
f 201/893 877/890 1729/889 1480/892
f 5/894 1479/895 1730/896 1481/897
f 200/853 878/898 1730/896 1479/895
f 215/899 1481/897 1730/896 878/898
f 194/871 841/870 1731/900 879/901
f 841/870 193/857 880/902 1731/900
f 1731/900 880/902 208/903 870/904
f 879/901 1731/900 870/904 209/905
f 187/875 834/874 1732/906 881/907
f 834/874 186/863 877/890 1732/906
f 1732/906 877/890 201/893 863/908
f 881/907 1732/906 863/908 202/909
f 195/879 842/878 1733/910 882/911
f 842/878 194/871 879/901 1733/910
f 1733/910 879/901 209/905 871/912
f 882/911 1733/910 871/912 210/913
f 188/883 835/882 1734/914 883/915
f 835/882 187/875 881/907 1734/914
f 1734/914 881/907 202/909 864/916
f 883/915 1734/914 864/916 203/917
f 196/825 843/885 1735/918 884/919
f 843/885 195/879 882/911 1735/918
f 1735/918 882/911 210/913 872/920
f 884/919 1735/918 872/920 211/921
f 189/831 836/887 1736/922 885/923
f 836/887 188/883 883/915 1736/922
f 1736/922 883/915 203/917 865/924
f 885/923 1736/922 865/924 204/925
f 197/827 844/826 1737/926 886/927
f 844/826 196/825 884/919 1737/926
f 1737/926 884/919 211/921 873/928
f 886/927 1737/926 873/928 212/929
f 190/833 837/832 1738/930 887/931
f 837/832 189/831 885/923 1738/930
f 1738/930 885/923 204/925 866/932
f 887/931 1738/930 866/932 205/933
f 198/837 845/836 1739/934 888/935
f 845/836 197/827 886/927 1739/934
f 1739/934 886/927 212/929 874/936
f 888/935 1739/934 874/936 213/937
f 191/841 838/840 1740/938 889/939
f 838/840 190/833 887/931 1740/938
f 1740/938 887/931 205/933 867/940
f 889/939 1740/938 867/940 206/941
f 199/845 846/844 1741/942 890/943
f 846/844 198/837 888/935 1741/942
f 1741/942 888/935 213/937 875/944
f 890/943 1741/942 875/944 214/945
f 192/849 839/848 1742/946 891/947
f 839/848 191/841 889/939 1742/946
f 1742/946 889/939 206/941 868/948
f 891/947 1742/946 868/948 207/949
f 200/853 847/852 1743/950 878/898
f 847/852 199/845 890/943 1743/950
f 1743/950 890/943 214/945 876/951
f 878/898 1743/950 876/951 215/899
f 193/857 840/856 1744/952 880/902
f 840/856 192/849 891/947 1744/952
f 1744/952 891/947 207/949 869/953
f 880/902 1744/952 869/953 208/903
f 205/933 866/932 1745/954 906/955
f 866/932 204/925 907/956 1745/954
f 1745/954 907/956 219/957 895/958
f 906/955 1745/954 895/958 220/959
f 213/937 874/936 1746/960 908/961
f 874/936 212/929 909/962 1746/960
f 1746/960 909/962 227/963 903/964
f 908/961 1746/960 903/964 228/965
f 206/941 867/940 1747/966 910/967
f 867/940 205/933 906/955 1747/966
f 1747/966 906/955 220/959 896/968
f 910/967 1747/966 896/968 221/969
f 214/945 875/944 1748/970 911/971
f 875/944 213/937 908/961 1748/970
f 1748/970 908/961 228/965 904/972
f 911/971 1748/970 904/972 229/973
f 207/949 868/948 1749/974 912/975
f 868/948 206/941 910/967 1749/974
f 1749/974 910/967 221/969 897/976
f 912/975 1749/974 897/976 222/977
f 215/899 876/951 1750/978 913/979
f 876/951 214/945 911/971 1750/978
f 1750/978 911/971 229/973 905/980
f 913/979 1750/978 905/980 230/981
f 208/903 869/953 1751/982 914/983
f 869/953 207/949 912/975 1751/982
f 1751/982 912/975 222/977 898/984
f 914/983 1751/982 898/984 223/985
f 201/893 1480/986 1752/987 915/988
f 1/989 1482/990 1752/987 1480/986
f 216/991 915/988 1752/987 1482/990
f 5/992 1481/993 1753/994 1483/995
f 215/899 913/979 1753/994 1481/993
f 230/981 1483/995 1753/994 913/979
f 209/905 870/904 1754/996 916/997
f 870/904 208/903 914/983 1754/996
f 1754/996 914/983 223/985 899/998
f 916/997 1754/996 899/998 224/999
f 202/909 863/908 1755/1000 917/1001
f 863/908 201/893 915/988 1755/1000
f 1755/1000 915/988 216/991 892/1002
f 917/1001 1755/1000 892/1002 217/1003
f 210/913 871/912 1756/1004 918/1005
f 871/912 209/905 916/997 1756/1004
f 1756/1004 916/997 224/999 900/1006
f 918/1005 1756/1004 900/1006 225/1007
f 203/917 864/916 1757/1008 919/1009
f 864/916 202/909 917/1001 1757/1008
f 1757/1008 917/1001 217/1003 893/1010
f 919/1009 1757/1008 893/1010 218/1011
f 211/921 872/920 1758/1012 920/1013
f 872/920 210/913 918/1005 1758/1012
f 1758/1012 918/1005 225/1007 901/1014
f 920/1013 1758/1012 901/1014 226/1015
f 204/925 865/924 1759/1016 907/956
f 865/924 203/917 919/1009 1759/1016
f 1759/1016 919/1009 218/1011 894/1017
f 907/956 1759/1016 894/1017 219/957
f 212/929 873/928 1760/1018 909/962
f 873/928 211/921 920/1013 1760/1018
f 1760/1018 920/1013 226/1015 902/1019
f 909/962 1760/1018 902/1019 227/963
f 224/999 899/998 1761/1020 935/1021
f 899/998 223/985 936/1022 1761/1020
f 1761/1020 936/1022 238/1023 928/1024
f 935/1021 1761/1020 928/1024 239/1025
f 217/1003 892/1002 1762/1026 937/1027
f 892/1002 216/991 938/1028 1762/1026
f 1762/1026 938/1028 231/1029 921/1030
f 937/1027 1762/1026 921/1030 232/1031
f 225/1007 900/1006 1763/1032 939/1033
f 900/1006 224/999 935/1021 1763/1032
f 1763/1032 935/1021 239/1025 929/1034
f 939/1033 1763/1032 929/1034 240/1035
f 218/1011 893/1010 1764/1036 940/1037
f 893/1010 217/1003 937/1027 1764/1036
f 1764/1036 937/1027 232/1031 922/1038
f 940/1037 1764/1036 922/1038 233/1039
f 226/1015 901/1014 1765/1040 941/1041
f 901/1014 225/1007 939/1033 1765/1040
f 1765/1040 939/1033 240/1035 930/1042
f 941/1041 1765/1040 930/1042 241/1043
f 219/957 894/1017 1766/1044 942/1045
f 894/1017 218/1011 940/1037 1766/1044
f 1766/1044 940/1037 233/1039 923/1046
f 942/1045 1766/1044 923/1046 234/1047
f 227/963 902/1019 1767/1048 943/1049
f 902/1019 226/1015 941/1041 1767/1048
f 1767/1048 941/1041 241/1043 931/1050
f 943/1049 1767/1048 931/1050 242/1051
f 220/959 895/958 1768/1052 944/1053
f 895/958 219/957 942/1045 1768/1052
f 1768/1052 942/1045 234/1047 924/1054
f 944/1053 1768/1052 924/1054 235/1055
f 228/965 903/964 1769/1056 945/1057
f 903/964 227/963 943/1049 1769/1056
f 1769/1056 943/1049 242/1051 932/1058
f 945/1057 1769/1056 932/1058 243/1059
f 221/969 896/968 1770/1060 946/1061
f 896/968 220/959 944/1053 1770/1060
f 1770/1060 944/1053 235/1055 925/1062
f 946/1061 1770/1060 925/1062 236/1063
f 229/973 904/972 1771/1064 947/1065
f 904/972 228/965 945/1057 1771/1064
f 1771/1064 945/1057 243/1059 933/1066
f 947/1065 1771/1064 933/1066 244/1067
f 222/977 897/976 1772/1068 948/1069
f 897/976 221/969 946/1061 1772/1068
f 1772/1068 946/1061 236/1063 926/1070
f 948/1069 1772/1068 926/1070 237/1071
f 230/981 905/980 1773/1072 949/1073
f 905/980 229/973 947/1065 1773/1072
f 1773/1072 947/1065 244/1067 934/1074
f 949/1073 1773/1072 934/1074 245/1075
f 223/985 898/984 1774/1076 936/1022
f 898/984 222/977 948/1069 1774/1076
f 1774/1076 948/1069 237/1071 927/1077
f 936/1022 1774/1076 927/1077 238/1023
f 216/991 1482/1078 1775/1079 938/1028
f 1/1080 1484/1081 1775/1079 1482/1078
f 231/1029 938/1028 1775/1079 1484/1081
f 5/1082 1483/1083 1776/1084 1485/1085
f 230/981 949/1073 1776/1084 1483/1083
f 245/1075 1485/1085 1776/1084 949/1073
f 243/1059 932/1058 1777/1086 964/1087
f 932/1058 242/1051 965/1088 1777/1086
f 1777/1086 965/1088 257/1089 961/1090
f 964/1087 1777/1086 961/1090 258/1091
f 236/1063 925/1062 1778/1092 966/1093
f 925/1062 235/1055 967/1094 1778/1092
f 1778/1092 967/1094 250/1095 954/1096
f 966/1093 1778/1092 954/1096 251/1097
f 244/1067 933/1066 1779/1098 968/1099
f 933/1066 243/1059 964/1087 1779/1098
f 1779/1098 964/1087 258/1091 962/1100
f 968/1099 1779/1098 962/1100 259/1101
f 237/1071 926/1070 1780/1102 969/1103
f 926/1070 236/1063 966/1093 1780/1102
f 1780/1102 966/1093 251/1097 955/1104
f 969/1103 1780/1102 955/1104 252/1105
f 245/1075 934/1074 1781/1106 970/1107
f 934/1074 244/1067 968/1099 1781/1106
f 1781/1106 968/1099 259/1101 963/1108
f 970/1107 1781/1106 963/1108 260/1109
f 238/1023 927/1077 1782/1110 971/1111
f 927/1077 237/1071 969/1103 1782/1110
f 1782/1110 969/1103 252/1105 956/1112
f 971/1111 1782/1110 956/1112 253/1113
f 231/1029 1484/1114 1783/1115 972/1116
f 1/1117 1486/1118 1783/1115 1484/1114
f 246/1119 972/1116 1783/1115 1486/1118
f 5/1120 1485/1121 1784/1122 1487/1123
f 245/1075 970/1107 1784/1122 1485/1121
f 260/1109 1487/1123 1784/1122 970/1107
f 239/1025 928/1024 1785/1124 973/1125
f 928/1024 238/1023 971/1111 1785/1124
f 1785/1124 971/1111 253/1113 957/1126
f 973/1125 1785/1124 957/1126 254/1127
f 232/1031 921/1030 1786/1128 974/1129
f 921/1030 231/1029 972/1116 1786/1128
f 1786/1128 972/1116 246/1119 950/1130
f 974/1129 1786/1128 950/1130 247/1131
f 240/1035 929/1034 1787/1132 975/1133
f 929/1034 239/1025 973/1125 1787/1132
f 1787/1132 973/1125 254/1127 958/1134
f 975/1133 1787/1132 958/1134 255/1135
f 233/1039 922/1038 1788/1136 976/1137
f 922/1038 232/1031 974/1129 1788/1136
f 1788/1136 974/1129 247/1131 951/1138
f 976/1137 1788/1136 951/1138 248/1139
f 241/1043 930/1042 1789/1140 977/1141
f 930/1042 240/1035 975/1133 1789/1140
f 1789/1140 975/1133 255/1135 959/1142
f 977/1141 1789/1140 959/1142 256/1143
f 234/1047 923/1046 1790/1144 978/1145
f 923/1046 233/1039 976/1137 1790/1144
f 1790/1144 976/1137 248/1139 952/1146
f 978/1145 1790/1144 952/1146 249/1147
f 242/1051 931/1050 1791/1148 965/1088
f 931/1050 241/1043 977/1141 1791/1148
f 1791/1148 977/1141 256/1143 960/1149
f 965/1088 1791/1148 960/1149 257/1089
f 235/1055 924/1054 1792/1150 967/1094
f 924/1054 234/1047 978/1145 1792/1150
f 1792/1150 978/1145 249/1147 953/1151
f 967/1094 1792/1150 953/1151 250/1095
f 255/1135 958/1134 1793/1152 993/1153
f 958/1134 254/1127 994/1154 1793/1152
f 1793/1152 994/1154 269/1155 987/1156
f 993/1153 1793/1152 987/1156 270/1157
f 248/1139 951/1138 1794/1158 995/1159
f 951/1138 247/1131 996/1160 1794/1158
f 1794/1158 996/1160 262/1161 980/1162
f 995/1159 1794/1158 980/1162 263/1163
f 256/1143 959/1142 1795/1164 997/1165
f 959/1142 255/1135 993/1153 1795/1164
f 1795/1164 993/1153 270/1157 988/1166
f 997/1165 1795/1164 988/1166 271/1167
f 249/1147 952/1146 1796/1168 998/1169
f 952/1146 248/1139 995/1159 1796/1168
f 1796/1168 995/1159 263/1163 981/1170
f 998/1169 1796/1168 981/1170 264/1171
f 257/1089 960/1149 1797/1172 999/1173
f 960/1149 256/1143 997/1165 1797/1172
f 1797/1172 997/1165 271/1167 989/1174
f 999/1173 1797/1172 989/1174 272/1175
f 250/1095 953/1151 1798/1176 1000/1177
f 953/1151 249/1147 998/1169 1798/1176
f 1798/1176 998/1169 264/1171 982/1178
f 1000/1177 1798/1176 982/1178 265/1179
f 258/1091 961/1090 1799/1180 1001/1181
f 961/1090 257/1089 999/1173 1799/1180
f 1799/1180 999/1173 272/1175 990/1182
f 1001/1181 1799/1180 990/1182 273/1183
f 251/1097 954/1096 1800/1184 1002/1185
f 954/1096 250/1095 1000/1177 1800/1184
f 1800/1184 1000/1177 265/1179 983/1186
f 1002/1185 1800/1184 983/1186 266/1187
f 259/1101 962/1100 1801/1188 1003/1189
f 962/1100 258/1091 1001/1181 1801/1188
f 1801/1188 1001/1181 273/1183 991/1190
f 1003/1189 1801/1188 991/1190 274/1191
f 252/1105 955/1104 1802/1192 1004/1193
f 955/1104 251/1097 1002/1185 1802/1192
f 1802/1192 1002/1185 266/1187 984/1194
f 1004/1193 1802/1192 984/1194 267/1195
f 260/1109 963/1108 1803/1196 1005/1197
f 963/1108 259/1101 1003/1189 1803/1196
f 1803/1196 1003/1189 274/1191 992/1198
f 1005/1197 1803/1196 992/1198 275/1199
f 253/1113 956/1112 1804/1200 1006/1201
f 956/1112 252/1105 1004/1193 1804/1200
f 1804/1200 1004/1193 267/1195 985/1202
f 1006/1201 1804/1200 985/1202 268/1203
f 246/1119 1486/1204 1805/1205 1007/1206
f 1/1207 1488/1208 1805/1205 1486/1204
f 261/1209 1007/1206 1805/1205 1488/1208
f 5/1210 1487/1211 1806/1212 1489/1213
f 260/1109 1005/1197 1806/1212 1487/1211
f 275/1199 1489/1213 1806/1212 1005/1197
f 254/1127 957/1126 1807/1214 994/1154
f 957/1126 253/1113 1006/1201 1807/1214
f 1807/1214 1006/1201 268/1203 986/1215
f 994/1154 1807/1214 986/1215 269/1155
f 247/1131 950/1130 1808/1216 996/1160
f 950/1130 246/1119 1007/1206 1808/1216
f 1808/1216 1007/1206 261/1209 979/1217
f 996/1160 1808/1216 979/1217 262/1161
f 274/1191 991/1190 1809/1218 1022/1219
f 991/1190 273/1183 1023/1220 1809/1218
f 1809/1218 1023/1220 288/1221 1020/1222
f 1022/1219 1809/1218 1020/1222 289/1223
f 267/1195 984/1194 1810/1224 1024/1225
f 984/1194 266/1187 1025/1226 1810/1224
f 1810/1224 1025/1226 281/1227 1013/1228
f 1024/1225 1810/1224 1013/1228 282/1229
f 275/1199 992/1198 1811/1230 1026/1231
f 992/1198 274/1191 1022/1219 1811/1230
f 1811/1230 1022/1219 289/1223 1021/1232
f 1026/1231 1811/1230 1021/1232 290/1233
f 268/1203 985/1202 1812/1234 1027/1235
f 985/1202 267/1195 1024/1225 1812/1234
f 1812/1234 1024/1225 282/1229 1014/1236
f 1027/1235 1812/1234 1014/1236 283/1237
f 261/1209 1488/1238 1813/1239 1028/1240
f 1/1241 1490/1242 1813/1239 1488/1238
f 276/1243 1028/1240 1813/1239 1490/1242
f 5/1244 1489/1245 1814/1246 1491/1247
f 275/1199 1026/1231 1814/1246 1489/1245
f 290/1233 1491/1247 1814/1246 1026/1231
f 269/1155 986/1215 1815/1248 1029/1249
f 986/1215 268/1203 1027/1235 1815/1248
f 1815/1248 1027/1235 283/1237 1015/1250
f 1029/1249 1815/1248 1015/1250 284/1251
f 262/1161 979/1217 1816/1252 1030/1253
f 979/1217 261/1209 1028/1240 1816/1252
f 1816/1252 1028/1240 276/1243 1008/1254
f 1030/1253 1816/1252 1008/1254 277/1255
f 270/1157 987/1156 1817/1256 1031/1257
f 987/1156 269/1155 1029/1249 1817/1256
f 1817/1256 1029/1249 284/1251 1016/1258
f 1031/1257 1817/1256 1016/1258 285/1259
f 263/1163 980/1162 1818/1260 1032/1261
f 980/1162 262/1161 1030/1253 1818/1260
f 1818/1260 1030/1253 277/1255 1009/1262
f 1032/1261 1818/1260 1009/1262 278/1263
f 271/1167 988/1166 1819/1264 1033/1265
f 988/1166 270/1157 1031/1257 1819/1264
f 1819/1264 1031/1257 285/1259 1017/1266
f 1033/1265 1819/1264 1017/1266 286/1267
f 264/1171 981/1170 1820/1268 1034/1269
f 981/1170 263/1163 1032/1261 1820/1268
f 1820/1268 1032/1261 278/1263 1010/1270
f 1034/1269 1820/1268 1010/1270 279/1271
f 272/1175 989/1174 1821/1272 1035/1273
f 989/1174 271/1167 1033/1265 1821/1272
f 1821/1272 1033/1265 286/1267 1018/1274
f 1035/1273 1821/1272 1018/1274 287/1275
f 265/1179 982/1178 1822/1276 1036/1277
f 982/1178 264/1171 1034/1269 1822/1276
f 1822/1276 1034/1269 279/1271 1011/1278
f 1036/1277 1822/1276 1011/1278 280/1279
f 273/1183 990/1182 1823/1280 1023/1220
f 990/1182 272/1175 1035/1273 1823/1280
f 1823/1280 1035/1273 287/1275 1019/1281
f 1023/1220 1823/1280 1019/1281 288/1221
f 266/1187 983/1186 1824/1282 1025/1226
f 983/1186 265/1179 1036/1277 1824/1282
f 1824/1282 1036/1277 280/1279 1012/1283
f 1025/1226 1824/1282 1012/1283 281/1227
f 278/1263 1009/1262 1825/1284 1051/1285
f 1009/1262 277/1255 1052/1286 1825/1284
f 1825/1284 1052/1286 292/1287 1038/1288
f 1051/1285 1825/1284 1038/1288 293/1289
f 286/1267 1017/1266 1826/1290 1053/1291
f 1017/1266 285/1259 1054/1292 1826/1290
f 1826/1290 1054/1292 300/1293 1046/1294
f 1053/1291 1826/1290 1046/1294 301/1295
f 279/1271 1010/1270 1827/1296 1055/1297
f 1010/1270 278/1263 1051/1285 1827/1296
f 1827/1296 1051/1285 293/1289 1039/1298
f 1055/1297 1827/1296 1039/1298 294/1299
f 287/1275 1018/1274 1828/1300 1056/1301
f 1018/1274 286/1267 1053/1291 1828/1300
f 1828/1300 1053/1291 301/1295 1047/1302
f 1056/1301 1828/1300 1047/1302 302/1303
f 280/1279 1011/1278 1829/1304 1057/1305
f 1011/1278 279/1271 1055/1297 1829/1304
f 1829/1304 1055/1297 294/1299 1040/1306
f 1057/1305 1829/1304 1040/1306 295/1307
f 288/1221 1019/1281 1830/1308 1058/1309
f 1019/1281 287/1275 1056/1301 1830/1308
f 1830/1308 1056/1301 302/1303 1048/1310
f 1058/1309 1830/1308 1048/1310 303/1311
f 281/1227 1012/1283 1831/1312 1059/1313
f 1012/1283 280/1279 1057/1305 1831/1312
f 1831/1312 1057/1305 295/1307 1041/1314
f 1059/1313 1831/1312 1041/1314 296/1315
f 289/1223 1020/1222 1832/1316 1060/1317
f 1020/1222 288/1221 1058/1309 1832/1316
f 1832/1316 1058/1309 303/1311 1049/1318
f 1060/1317 1832/1316 1049/1318 304/1319
f 282/1229 1013/1228 1833/1320 1061/1321
f 1013/1228 281/1227 1059/1313 1833/1320
f 1833/1320 1059/1313 296/1315 1042/1322
f 1061/1321 1833/1320 1042/1322 297/1323
f 290/1233 1021/1232 1834/1324 1062/1325
f 1021/1232 289/1223 1060/1317 1834/1324
f 1834/1324 1060/1317 304/1319 1050/1326
f 1062/1325 1834/1324 1050/1326 305/1327
f 283/1237 1014/1236 1835/1328 1063/1329
f 1014/1236 282/1229 1061/1321 1835/1328
f 1835/1328 1061/1321 297/1323 1043/1330
f 1063/1329 1835/1328 1043/1330 298/1331
f 276/1243 1490/1332 1836/1333 1064/1334
f 1/1335 1492/1336 1836/1333 1490/1332
f 291/1337 1064/1334 1836/1333 1492/1336
f 5/1338 1491/1339 1837/1340 1493/1341
f 290/1233 1062/1325 1837/1340 1491/1339
f 305/1327 1493/1341 1837/1340 1062/1325
f 284/1251 1015/1250 1838/1342 1065/1343
f 1015/1250 283/1237 1063/1329 1838/1342
f 1838/1342 1063/1329 298/1331 1044/1344
f 1065/1343 1838/1342 1044/1344 299/1345
f 277/1255 1008/1254 1839/1346 1052/1286
f 1008/1254 276/1243 1064/1334 1839/1346
f 1839/1346 1064/1334 291/1337 1037/1347
f 1052/1286 1839/1346 1037/1347 292/1287
f 285/1259 1016/1258 1840/1348 1054/1292
f 1016/1258 284/1251 1065/1343 1840/1348
f 1840/1348 1065/1343 299/1345 1045/1349
f 1054/1292 1840/1348 1045/1349 300/1293
f 297/1323 1042/1322 1841/1350 1080/1351
f 1042/1322 296/1315 1081/1352 1841/1350
f 1841/1350 1081/1352 311/1353 1071/1354
f 1080/1351 1841/1350 1071/1354 312/1355
f 305/1327 1050/1326 1842/1356 1082/1357
f 1050/1326 304/1319 1083/1358 1842/1356
f 1842/1356 1083/1358 319/1359 1079/1360
f 1082/1357 1842/1356 1079/1360 320/1361
f 298/1331 1043/1330 1843/1362 1084/1363
f 1043/1330 297/1323 1080/1351 1843/1362
f 1843/1362 1080/1351 312/1355 1072/1364
f 1084/1363 1843/1362 1072/1364 313/1365
f 291/1337 1492/1366 1844/1367 1085/1368
f 1/1369 1494/1370 1844/1367 1492/1366
f 306/1371 1085/1368 1844/1367 1494/1370
f 5/1372 1493/1373 1845/1374 1495/1375
f 305/1327 1082/1357 1845/1374 1493/1373
f 320/1361 1495/1375 1845/1374 1082/1357
f 299/1345 1044/1344 1846/1376 1086/1377
f 1044/1344 298/1331 1084/1363 1846/1376
f 1846/1376 1084/1363 313/1365 1073/1378
f 1086/1377 1846/1376 1073/1378 314/1379
f 292/1287 1037/1347 1847/1380 1087/1381
f 1037/1347 291/1337 1085/1368 1847/1380
f 1847/1380 1085/1368 306/1371 1066/1382
f 1087/1381 1847/1380 1066/1382 307/1383
f 300/1293 1045/1349 1848/1384 1088/1385
f 1045/1349 299/1345 1086/1377 1848/1384
f 1848/1384 1086/1377 314/1379 1074/1386
f 1088/1385 1848/1384 1074/1386 315/1387
f 293/1289 1038/1288 1849/1388 1089/1389
f 1038/1288 292/1287 1087/1381 1849/1388
f 1849/1388 1087/1381 307/1383 1067/1390
f 1089/1389 1849/1388 1067/1390 308/1391
f 301/1295 1046/1294 1850/1392 1090/1393
f 1046/1294 300/1293 1088/1385 1850/1392
f 1850/1392 1088/1385 315/1387 1075/1394
f 1090/1393 1850/1392 1075/1394 316/1395
f 294/1299 1039/1298 1851/1396 1091/1397
f 1039/1298 293/1289 1089/1389 1851/1396
f 1851/1396 1089/1389 308/1391 1068/1398
f 1091/1397 1851/1396 1068/1398 309/1399
f 302/1303 1047/1302 1852/1400 1092/1401
f 1047/1302 301/1295 1090/1393 1852/1400
f 1852/1400 1090/1393 316/1395 1076/1402
f 1092/1401 1852/1400 1076/1402 317/1403
f 295/1307 1040/1306 1853/1404 1093/1405
f 1040/1306 294/1299 1091/1397 1853/1404
f 1853/1404 1091/1397 309/1399 1069/1406
f 1093/1405 1853/1404 1069/1406 310/1407
f 303/1311 1048/1310 1854/1408 1094/1409
f 1048/1310 302/1303 1092/1401 1854/1408
f 1854/1408 1092/1401 317/1403 1077/1410
f 1094/1409 1854/1408 1077/1410 318/1411
f 296/1315 1041/1314 1855/1412 1081/1352
f 1041/1314 295/1307 1093/1405 1855/1412
f 1855/1412 1093/1405 310/1407 1070/1413
f 1081/1352 1855/1412 1070/1413 311/1353
f 304/1319 1049/1318 1856/1414 1083/1358
f 1049/1318 303/1311 1094/1409 1856/1414
f 1856/1414 1094/1409 318/1411 1078/1415
f 1083/1358 1856/1414 1078/1415 319/1359
f 316/1395 1075/1394 1857/1416 1109/1417
f 1075/1394 315/1387 1110/1418 1857/1416
f 1857/1416 1110/1418 330/1419 1104/1420
f 1109/1417 1857/1416 1104/1420 331/1421
f 309/1399 1068/1398 1858/1422 1111/1423
f 1068/1398 308/1391 1112/1424 1858/1422
f 1858/1422 1112/1424 323/1425 1097/1426
f 1111/1423 1858/1422 1097/1426 324/1427
f 317/1403 1076/1402 1859/1428 1113/1429
f 1076/1402 316/1395 1109/1417 1859/1428
f 1859/1428 1109/1417 331/1421 1105/1430
f 1113/1429 1859/1428 1105/1430 332/1431
f 310/1407 1069/1406 1860/1432 1114/1433
f 1069/1406 309/1399 1111/1423 1860/1432
f 1860/1432 1111/1423 324/1427 1098/1434
f 1114/1433 1860/1432 1098/1434 325/1435
f 318/1411 1077/1410 1861/1436 1115/1437
f 1077/1410 317/1403 1113/1429 1861/1436
f 1861/1436 1113/1429 332/1431 1106/1438
f 1115/1437 1861/1436 1106/1438 333/1439
f 311/1353 1070/1413 1862/1440 1116/1441
f 1070/1413 310/1407 1114/1433 1862/1440
f 1862/1440 1114/1433 325/1435 1099/1442
f 1116/1441 1862/1440 1099/1442 326/1443
f 319/1359 1078/1415 1863/1444 1117/1445
f 1078/1415 318/1411 1115/1437 1863/1444
f 1863/1444 1115/1437 333/1439 1107/1446
f 1117/1445 1863/1444 1107/1446 334/1447
f 312/1355 1071/1354 1864/1448 1118/1449
f 1071/1354 311/1353 1116/1441 1864/1448
f 1864/1448 1116/1441 326/1443 1100/1450
f 1118/1449 1864/1448 1100/1450 327/1451
f 320/1361 1079/1360 1865/1452 1119/1453
f 1079/1360 319/1359 1117/1445 1865/1452
f 1865/1452 1117/1445 334/1447 1108/1454
f 1119/1453 1865/1452 1108/1454 335/1455
f 313/1365 1072/1364 1866/1456 1120/1457
f 1072/1364 312/1355 1118/1449 1866/1456
f 1866/1456 1118/1449 327/1451 1101/1458
f 1120/1457 1866/1456 1101/1458 328/1459
f 306/1371 1494/1460 1867/1461 1121/1462
f 1/1463 1496/1464 1867/1461 1494/1460
f 321/1465 1121/1462 1867/1461 1496/1464
f 5/1466 1495/1467 1868/1468 1497/1469
f 320/1361 1119/1453 1868/1468 1495/1467
f 335/1455 1497/1469 1868/1468 1119/1453
f 314/1379 1073/1378 1869/1470 1122/1471
f 1073/1378 313/1365 1120/1457 1869/1470
f 1869/1470 1120/1457 328/1459 1102/1472
f 1122/1471 1869/1470 1102/1472 329/1473
f 307/1383 1066/1382 1870/1474 1123/1475
f 1066/1382 306/1371 1121/1462 1870/1474
f 1870/1474 1121/1462 321/1465 1095/1476
f 1123/1475 1870/1474 1095/1476 322/1477
f 315/1387 1074/1386 1871/1478 1110/1418
f 1074/1386 314/1379 1122/1471 1871/1478
f 1871/1478 1122/1471 329/1473 1103/1479
f 1110/1418 1871/1478 1103/1479 330/1419
f 308/1391 1067/1390 1872/1480 1112/1424
f 1067/1390 307/1383 1123/1475 1872/1480
f 1872/1480 1123/1475 322/1477 1096/1481
f 1112/1424 1872/1480 1096/1481 323/1425
f 335/1455 1108/1454 1873/1482 1138/1483
f 1108/1454 334/1447 1139/1484 1873/1482
f 1873/1482 1139/1484 349/1485 1137/1486
f 1138/1483 1873/1482 1137/1486 350/1487
f 328/1459 1101/1458 1874/1488 1140/1489
f 1101/1458 327/1451 1141/1490 1874/1488
f 1874/1488 1141/1490 342/1491 1130/1492
f 1140/1489 1874/1488 1130/1492 343/1493
f 321/1465 1496/1494 1875/1495 1142/1496
f 1/1497 1498/1498 1875/1495 1496/1494
f 336/1499 1142/1496 1875/1495 1498/1498
f 5/1500 1497/1501 1876/1502 1499/1503
f 335/1455 1138/1483 1876/1502 1497/1501
f 350/1487 1499/1503 1876/1502 1138/1483
f 329/1473 1102/1472 1877/1504 1143/1505
f 1102/1472 328/1459 1140/1489 1877/1504
f 1877/1504 1140/1489 343/1493 1131/1506
f 1143/1505 1877/1504 1131/1506 344/1507
f 322/1477 1095/1476 1878/1508 1144/1509
f 1095/1476 321/1465 1142/1496 1878/1508
f 1878/1508 1142/1496 336/1499 1124/1510
f 1144/1509 1878/1508 1124/1510 337/1511
f 330/1419 1103/1479 1879/1512 1145/1513
f 1103/1479 329/1473 1143/1505 1879/1512
f 1879/1512 1143/1505 344/1507 1132/1514
f 1145/1513 1879/1512 1132/1514 345/1515
f 323/1425 1096/1481 1880/1516 1146/1517
f 1096/1481 322/1477 1144/1509 1880/1516
f 1880/1516 1144/1509 337/1511 1125/1518
f 1146/1517 1880/1516 1125/1518 338/1519
f 331/1421 1104/1420 1881/1520 1147/1521
f 1104/1420 330/1419 1145/1513 1881/1520
f 1881/1520 1145/1513 345/1515 1133/1522
f 1147/1521 1881/1520 1133/1522 346/1523
f 324/1427 1097/1426 1882/1524 1148/1525
f 1097/1426 323/1425 1146/1517 1882/1524
f 1882/1524 1146/1517 338/1519 1126/1526
f 1148/1525 1882/1524 1126/1526 339/1527
f 332/1431 1105/1430 1883/1528 1149/1529
f 1105/1430 331/1421 1147/1521 1883/1528
f 1883/1528 1147/1521 346/1523 1134/1530
f 1149/1529 1883/1528 1134/1530 347/1531
f 325/1435 1098/1434 1884/1532 1150/1533
f 1098/1434 324/1427 1148/1525 1884/1532
f 1884/1532 1148/1525 339/1527 1127/1534
f 1150/1533 1884/1532 1127/1534 340/1535
f 333/1439 1106/1438 1885/1536 1151/1537
f 1106/1438 332/1431 1149/1529 1885/1536
f 1885/1536 1149/1529 347/1531 1135/1538
f 1151/1537 1885/1536 1135/1538 348/1539
f 326/1443 1099/1442 1886/1540 1152/1541
f 1099/1442 325/1435 1150/1533 1886/1540
f 1886/1540 1150/1533 340/1535 1128/1542
f 1152/1541 1886/1540 1128/1542 341/1543
f 334/1447 1107/1446 1887/1544 1139/1484
f 1107/1446 333/1439 1151/1537 1887/1544
f 1887/1544 1151/1537 348/1539 1136/1545
f 1139/1484 1887/1544 1136/1545 349/1485
f 327/1451 1100/1450 1888/1546 1141/1490
f 1100/1450 326/1443 1152/1541 1888/1546
f 1888/1546 1152/1541 341/1543 1129/1547
f 1141/1490 1888/1546 1129/1547 342/1491
f 339/1527 1126/1526 1889/1548 1167/1549
f 1126/1526 338/1519 1168/1550 1889/1548
f 1889/1548 1168/1550 353/1551 1155/1552
f 1167/1549 1889/1548 1155/1552 354/1553
f 347/1531 1134/1530 1890/1554 1169/1555
f 1134/1530 346/1523 1170/1556 1890/1554
f 1890/1554 1170/1556 361/1557 1163/1558
f 1169/1555 1890/1554 1163/1558 362/1559
f 340/1535 1127/1534 1891/1560 1171/1561
f 1127/1534 339/1527 1167/1549 1891/1560
f 1891/1560 1167/1549 354/1553 1156/1562
f 1171/1561 1891/1560 1156/1562 355/1563
f 348/1539 1135/1538 1892/1564 1172/1565
f 1135/1538 347/1531 1169/1555 1892/1564
f 1892/1564 1169/1555 362/1559 1164/1566
f 1172/1565 1892/1564 1164/1566 363/1567
f 341/1543 1128/1542 1893/1568 1173/1569
f 1128/1542 340/1535 1171/1561 1893/1568
f 1893/1568 1171/1561 355/1563 1157/1570
f 1173/1569 1893/1568 1157/1570 356/1571
f 349/1485 1136/1545 1894/1572 1174/1573
f 1136/1545 348/1539 1172/1565 1894/1572
f 1894/1572 1172/1565 363/1567 1165/1574
f 1174/1573 1894/1572 1165/1574 364/1575
f 342/1491 1129/1547 1895/1576 1175/1577
f 1129/1547 341/1543 1173/1569 1895/1576
f 1895/1576 1173/1569 356/1571 1158/1578
f 1175/1577 1895/1576 1158/1578 357/1579
f 350/1487 1137/1486 1896/1580 1176/1581
f 1137/1486 349/1485 1174/1573 1896/1580
f 1896/1580 1174/1573 364/1575 1166/1582
f 1176/1581 1896/1580 1166/1582 365/1583
f 343/1493 1130/1492 1897/1584 1177/1585
f 1130/1492 342/1491 1175/1577 1897/1584
f 1897/1584 1175/1577 357/1579 1159/1586
f 1177/1585 1897/1584 1159/1586 358/1587
f 336/1499 1498/1588 1898/1589 1178/1590
f 1/1591 1500/1592 1898/1589 1498/1588
f 351/1593 1178/1590 1898/1589 1500/1592
f 5/1594 1499/1595 1899/1596 1501/1597
f 350/1487 1176/1581 1899/1596 1499/1595
f 365/1583 1501/1597 1899/1596 1176/1581
f 344/1507 1131/1506 1900/1598 1179/1599
f 1131/1506 343/1493 1177/1585 1900/1598
f 1900/1598 1177/1585 358/1587 1160/1600
f 1179/1599 1900/1598 1160/1600 359/1601
f 337/1511 1124/1510 1901/1602 1180/1603
f 1124/1510 336/1499 1178/1590 1901/1602
f 1901/1602 1178/1590 351/1593 1153/1604
f 1180/1603 1901/1602 1153/1604 352/1605
f 345/1515 1132/1514 1902/1606 1181/1607
f 1132/1514 344/1507 1179/1599 1902/1606
f 1902/1606 1179/1599 359/1601 1161/1608
f 1181/1607 1902/1606 1161/1608 360/1609
f 338/1519 1125/1518 1903/1610 1168/1550
f 1125/1518 337/1511 1180/1603 1903/1610
f 1903/1610 1180/1603 352/1605 1154/1611
f 1168/1550 1903/1610 1154/1611 353/1551
f 346/1523 1133/1522 1904/1612 1170/1556
f 1133/1522 345/1515 1181/1607 1904/1612
f 1904/1612 1181/1607 360/1609 1162/1613
f 1170/1556 1904/1612 1162/1613 361/1557
f 358/1614 1159/1615 1905/1616 1196/1617
f 1159/1615 357/1618 1197/1619 1905/1616
f 1905/1616 1197/1619 372/1620 1188/1621
f 1196/1617 1905/1616 1188/1621 373/1622
f 351/1623 1500/1624 1906/1625 1198/1626
f 1/1627 1502/1628 1906/1625 1500/1624
f 366/1629 1198/1626 1906/1625 1502/1628
f 5/1630 1501/1631 1907/1632 1503/1633
f 365/1634 1199/1635 1907/1632 1501/1631
f 380/1636 1503/1633 1907/1632 1199/1635
f 359/1637 1160/1638 1908/1639 1200/1640
f 1160/1638 358/1614 1196/1617 1908/1639
f 1908/1639 1196/1617 373/1622 1189/1641
f 1200/1640 1908/1639 1189/1641 374/1642
f 352/1643 1153/1644 1909/1645 1201/1646
f 1153/1644 351/1623 1198/1626 1909/1645
f 1909/1645 1198/1626 366/1629 1182/1647
f 1201/1646 1909/1645 1182/1647 367/1648
f 360/1649 1161/1650 1910/1651 1202/1652
f 1161/1650 359/1637 1200/1640 1910/1651
f 1910/1651 1200/1640 374/1642 1190/1653
f 1202/1652 1910/1651 1190/1653 375/1654
f 353/1655 1154/1656 1911/1657 1203/1658
f 1154/1656 352/1643 1201/1646 1911/1657
f 1911/1657 1201/1646 367/1648 1183/1659
f 1203/1658 1911/1657 1183/1659 368/1660
f 361/1661 1162/1662 1912/1663 1204/1664
f 1162/1662 360/1649 1202/1652 1912/1663
f 1912/1663 1202/1652 375/1654 1191/1665
f 1204/1664 1912/1663 1191/1665 376/1666
f 354/1667 1155/1668 1913/1669 1205/1670
f 1155/1668 353/1655 1203/1658 1913/1669
f 1913/1669 1203/1658 368/1660 1184/1671
f 1205/1670 1913/1669 1184/1671 369/1672
f 362/1673 1163/1674 1914/1675 1206/1676
f 1163/1674 361/1661 1204/1664 1914/1675
f 1914/1675 1204/1664 376/1666 1192/1677
f 1206/1676 1914/1675 1192/1677 377/1678
f 355/1679 1156/1680 1915/1681 1207/1682
f 1156/1680 354/1667 1205/1670 1915/1681
f 1915/1681 1205/1670 369/1672 1185/1683
f 1207/1682 1915/1681 1185/1683 370/1684
f 363/1685 1164/1686 1916/1687 1208/1688
f 1164/1686 362/1673 1206/1676 1916/1687
f 1916/1687 1206/1676 377/1678 1193/1689
f 1208/1688 1916/1687 1193/1689 378/1690
f 356/1691 1157/1692 1917/1693 1209/1694
f 1157/1692 355/1679 1207/1682 1917/1693
f 1917/1693 1207/1682 370/1684 1186/1695
f 1209/1694 1917/1693 1186/1695 371/1696
f 364/1697 1165/1698 1918/1699 1210/1700
f 1165/1698 363/1685 1208/1688 1918/1699
f 1918/1699 1208/1688 378/1690 1194/1701
f 1210/1700 1918/1699 1194/1701 379/1702
f 357/1618 1158/1703 1919/1704 1197/1619
f 1158/1703 356/1691 1209/1694 1919/1704
f 1919/1704 1209/1694 371/1696 1187/1705
f 1197/1619 1919/1704 1187/1705 372/1620
f 365/1634 1166/1706 1920/1707 1199/1635
f 1166/1706 364/1697 1210/1700 1920/1707
f 1920/1707 1210/1700 379/1702 1195/1708
f 1199/1635 1920/1707 1195/1708 380/1636
f 377/1678 1192/1677 1921/1709 1225/1710
f 1192/1677 376/1666 1226/1711 1921/1709
f 1921/1709 1226/1711 391/1712 1221/1713
f 1225/1710 1921/1709 1221/1713 392/1714
f 370/1684 1185/1683 1922/1715 1227/1716
f 1185/1683 369/1672 1228/1717 1922/1715
f 1922/1715 1228/1717 384/1718 1214/1719
f 1227/1716 1922/1715 1214/1719 385/1720
f 378/1690 1193/1689 1923/1721 1229/1722
f 1193/1689 377/1678 1225/1710 1923/1721
f 1923/1721 1225/1710 392/1714 1222/1723
f 1229/1722 1923/1721 1222/1723 393/1724
f 371/1696 1186/1695 1924/1725 1230/1726
f 1186/1695 370/1684 1227/1716 1924/1725
f 1924/1725 1227/1716 385/1720 1215/1727
f 1230/1726 1924/1725 1215/1727 386/1728
f 379/1702 1194/1701 1925/1729 1231/1730
f 1194/1701 378/1690 1229/1722 1925/1729
f 1925/1729 1229/1722 393/1724 1223/1731
f 1231/1730 1925/1729 1223/1731 394/1732
f 372/1620 1187/1705 1926/1733 1232/1734
f 1187/1705 371/1696 1230/1726 1926/1733
f 1926/1733 1230/1726 386/1728 1216/1735
f 1232/1734 1926/1733 1216/1735 387/1736
f 380/1636 1195/1708 1927/1737 1233/1738
f 1195/1708 379/1702 1231/1730 1927/1737
f 1927/1737 1231/1730 394/1732 1224/1739
f 1233/1738 1927/1737 1224/1739 395/1740
f 373/1622 1188/1621 1928/1741 1234/1742
f 1188/1621 372/1620 1232/1734 1928/1741
f 1928/1741 1232/1734 387/1736 1217/1743
f 1234/1742 1928/1741 1217/1743 388/1744
f 366/1629 1502/1745 1929/1746 1235/1747
f 1/1748 1504/1749 1929/1746 1502/1745
f 381/1750 1235/1747 1929/1746 1504/1749
f 5/1751 1503/1752 1930/1753 1505/1754
f 380/1636 1233/1738 1930/1753 1503/1752
f 395/1740 1505/1754 1930/1753 1233/1738
f 374/1642 1189/1641 1931/1755 1236/1756
f 1189/1641 373/1622 1234/1742 1931/1755
f 1931/1755 1234/1742 388/1744 1218/1757
f 1236/1756 1931/1755 1218/1757 389/1758
f 367/1648 1182/1647 1932/1759 1237/1760
f 1182/1647 366/1629 1235/1747 1932/1759
f 1932/1759 1235/1747 381/1750 1211/1761
f 1237/1760 1932/1759 1211/1761 382/1762
f 375/1654 1190/1653 1933/1763 1238/1764
f 1190/1653 374/1642 1236/1756 1933/1763
f 1933/1763 1236/1756 389/1758 1219/1765
f 1238/1764 1933/1763 1219/1765 390/1766
f 368/1660 1183/1659 1934/1767 1239/1768
f 1183/1659 367/1648 1237/1760 1934/1767
f 1934/1767 1237/1760 382/1762 1212/1769
f 1239/1768 1934/1767 1212/1769 383/1770
f 376/1666 1191/1665 1935/1771 1226/1711
f 1191/1665 375/1654 1238/1764 1935/1771
f 1935/1771 1238/1764 390/1766 1220/1772
f 1226/1711 1935/1771 1220/1772 391/1712
f 369/1672 1184/1671 1936/1773 1228/1717
f 1184/1671 368/1660 1239/1768 1936/1773
f 1936/1773 1239/1768 383/1770 1213/1774
f 1228/1717 1936/1773 1213/1774 384/1718
f 5/1775 1505/1776 1937/1777 1507/1778
f 395/1740 1254/1779 1937/1777 1505/1776
f 410/1780 1507/1778 1937/1777 1254/1779
f 389/1758 1218/1757 1938/1781 1255/1782
f 1218/1757 388/1744 1256/1783 1938/1781
f 1938/1781 1256/1783 403/1784 1247/1785
f 1255/1782 1938/1781 1247/1785 404/1786
f 382/1762 1211/1761 1939/1787 1257/1788
f 1211/1761 381/1750 1258/1789 1939/1787
f 1939/1787 1258/1789 396/1790 1240/1791
f 1257/1788 1939/1787 1240/1791 397/1792
f 390/1766 1219/1765 1940/1793 1259/1794
f 1219/1765 389/1758 1255/1782 1940/1793
f 1940/1793 1255/1782 404/1786 1248/1795
f 1259/1794 1940/1793 1248/1795 405/1796
f 383/1770 1212/1769 1941/1797 1260/1798
f 1212/1769 382/1762 1257/1788 1941/1797
f 1941/1797 1257/1788 397/1792 1241/1799
f 1260/1798 1941/1797 1241/1799 398/1800
f 391/1712 1220/1772 1942/1801 1261/1802
f 1220/1772 390/1766 1259/1794 1942/1801
f 1942/1801 1259/1794 405/1796 1249/1803
f 1261/1802 1942/1801 1249/1803 406/1804
f 384/1718 1213/1774 1943/1805 1262/1806
f 1213/1774 383/1770 1260/1798 1943/1805
f 1943/1805 1260/1798 398/1800 1242/1807
f 1262/1806 1943/1805 1242/1807 399/1808
f 392/1714 1221/1713 1944/1809 1263/1810
f 1221/1713 391/1712 1261/1802 1944/1809
f 1944/1809 1261/1802 406/1804 1250/1811
f 1263/1810 1944/1809 1250/1811 407/1812
f 385/1720 1214/1719 1945/1813 1264/1814
f 1214/1719 384/1718 1262/1806 1945/1813
f 1945/1813 1262/1806 399/1808 1243/1815
f 1264/1814 1945/1813 1243/1815 400/1816
f 393/1724 1222/1723 1946/1817 1265/1818
f 1222/1723 392/1714 1263/1810 1946/1817
f 1946/1817 1263/1810 407/1812 1251/1819
f 1265/1818 1946/1817 1251/1819 408/1820
f 386/1728 1215/1727 1947/1821 1266/1822
f 1215/1727 385/1720 1264/1814 1947/1821
f 1947/1821 1264/1814 400/1816 1244/1823
f 1266/1822 1947/1821 1244/1823 401/1824
f 394/1732 1223/1731 1948/1825 1267/1826
f 1223/1731 393/1724 1265/1818 1948/1825
f 1948/1825 1265/1818 408/1820 1252/1827
f 1267/1826 1948/1825 1252/1827 409/1828
f 387/1736 1216/1735 1949/1829 1268/1830
f 1216/1735 386/1728 1266/1822 1949/1829
f 1949/1829 1266/1822 401/1824 1245/1831
f 1268/1830 1949/1829 1245/1831 402/1832
f 395/1740 1224/1739 1950/1833 1254/1779
f 1224/1739 394/1732 1267/1826 1950/1833
f 1950/1833 1267/1826 409/1828 1253/1834
f 1254/1779 1950/1833 1253/1834 410/1780
f 388/1744 1217/1743 1951/1835 1256/1783
f 1217/1743 387/1736 1268/1830 1951/1835
f 1951/1835 1268/1830 402/1832 1246/1836
f 1256/1783 1951/1835 1246/1836 403/1784
f 381/1750 1504/1837 1952/1838 1258/1789
f 1/1839 1506/1840 1952/1838 1504/1837
f 396/1790 1258/1789 1952/1838 1506/1840
f 408/1820 1251/1819 1953/1841 1283/1842
f 1251/1819 407/1812 1284/1843 1953/1841
f 1953/1841 1284/1843 422/1844 1280/1845
f 1283/1842 1953/1841 1280/1845 423/1846
f 401/1824 1244/1823 1954/1847 1285/1848
f 1244/1823 400/1816 1286/1849 1954/1847
f 1954/1847 1286/1849 415/1850 1273/1851
f 1285/1848 1954/1847 1273/1851 416/1852
f 409/1828 1252/1827 1955/1853 1287/1854
f 1252/1827 408/1820 1283/1842 1955/1853
f 1955/1853 1283/1842 423/1846 1281/1855
f 1287/1854 1955/1853 1281/1855 424/1856
f 402/1832 1245/1831 1956/1857 1288/1858
f 1245/1831 401/1824 1285/1848 1956/1857
f 1956/1857 1285/1848 416/1852 1274/1859
f 1288/1858 1956/1857 1274/1859 417/1860
f 410/1780 1253/1834 1957/1861 1289/1862
f 1253/1834 409/1828 1287/1854 1957/1861
f 1957/1861 1287/1854 424/1856 1282/1863
f 1289/1862 1957/1861 1282/1863 425/1864
f 403/1784 1246/1836 1958/1865 1290/1866
f 1246/1836 402/1832 1288/1858 1958/1865
f 1958/1865 1288/1858 417/1860 1275/1867
f 1290/1866 1958/1865 1275/1867 418/1868
f 396/1790 1506/1869 1959/1870 1291/1871
f 1/1872 1508/1873 1959/1870 1506/1869
f 411/1874 1291/1871 1959/1870 1508/1873
f 5/1875 1507/1876 1960/1877 1509/1878
f 410/1780 1289/1862 1960/1877 1507/1876
f 425/1864 1509/1878 1960/1877 1289/1862
f 404/1786 1247/1785 1961/1879 1292/1880
f 1247/1785 403/1784 1290/1866 1961/1879
f 1961/1879 1290/1866 418/1868 1276/1881
f 1292/1880 1961/1879 1276/1881 419/1882
f 397/1792 1240/1791 1962/1883 1293/1884
f 1240/1791 396/1790 1291/1871 1962/1883
f 1962/1883 1291/1871 411/1874 1269/1885
f 1293/1884 1962/1883 1269/1885 412/1886
f 405/1796 1248/1795 1963/1887 1294/1888
f 1248/1795 404/1786 1292/1880 1963/1887
f 1963/1887 1292/1880 419/1882 1277/1889
f 1294/1888 1963/1887 1277/1889 420/1890
f 398/1800 1241/1799 1964/1891 1295/1892
f 1241/1799 397/1792 1293/1884 1964/1891
f 1964/1891 1293/1884 412/1886 1270/1893
f 1295/1892 1964/1891 1270/1893 413/1894
f 406/1804 1249/1803 1965/1895 1296/1896
f 1249/1803 405/1796 1294/1888 1965/1895
f 1965/1895 1294/1888 420/1890 1278/1897
f 1296/1896 1965/1895 1278/1897 421/1898
f 399/1808 1242/1807 1966/1899 1297/1900
f 1242/1807 398/1800 1295/1892 1966/1899
f 1966/1899 1295/1892 413/1894 1271/1901
f 1297/1900 1966/1899 1271/1901 414/1902
f 407/1812 1250/1811 1967/1903 1284/1843
f 1250/1811 406/1804 1296/1896 1967/1903
f 1967/1903 1296/1896 421/1898 1279/1904
f 1284/1843 1967/1903 1279/1904 422/1844
f 400/1816 1243/1815 1968/1905 1286/1849
f 1243/1815 399/1808 1297/1900 1968/1905
f 1968/1905 1297/1900 414/1902 1272/1906
f 1286/1849 1968/1905 1272/1906 415/1850
f 412/1886 1269/1885 1969/1907 1312/1908
f 1269/1885 411/1874 1313/1909 1969/1907
f 1969/1907 1313/1909 426/1910 1298/1911
f 1312/1908 1969/1907 1298/1911 427/1912
f 420/1890 1277/1889 1970/1913 1314/1914
f 1277/1889 419/1882 1315/1915 1970/1913
f 1970/1913 1315/1915 434/1916 1306/1917
f 1314/1914 1970/1913 1306/1917 435/1918
f 413/1894 1270/1893 1971/1919 1316/1920
f 1270/1893 412/1886 1312/1908 1971/1919
f 1971/1919 1312/1908 427/1912 1299/1921
f 1316/1920 1971/1919 1299/1921 428/1922
f 421/1898 1278/1897 1972/1923 1317/1924
f 1278/1897 420/1890 1314/1914 1972/1923
f 1972/1923 1314/1914 435/1918 1307/1925
f 1317/1924 1972/1923 1307/1925 436/1926
f 414/1902 1271/1901 1973/1927 1318/1928
f 1271/1901 413/1894 1316/1920 1973/1927
f 1973/1927 1316/1920 428/1922 1300/1929
f 1318/1928 1973/1927 1300/1929 429/1930
f 422/1844 1279/1904 1974/1931 1319/1932
f 1279/1904 421/1898 1317/1924 1974/1931
f 1974/1931 1317/1924 436/1926 1308/1933
f 1319/1932 1974/1931 1308/1933 437/1934
f 415/1850 1272/1906 1975/1935 1320/1936
f 1272/1906 414/1902 1318/1928 1975/1935
f 1975/1935 1318/1928 429/1930 1301/1937
f 1320/1936 1975/1935 1301/1937 430/1938
f 423/1846 1280/1845 1976/1939 1321/1940
f 1280/1845 422/1844 1319/1932 1976/1939
f 1976/1939 1319/1932 437/1934 1309/1941
f 1321/1940 1976/1939 1309/1941 438/1942
f 416/1852 1273/1851 1977/1943 1322/1944
f 1273/1851 415/1850 1320/1936 1977/1943
f 1977/1943 1320/1936 430/1938 1302/1945
f 1322/1944 1977/1943 1302/1945 431/1946
f 424/1856 1281/1855 1978/1947 1323/1948
f 1281/1855 423/1846 1321/1940 1978/1947
f 1978/1947 1321/1940 438/1942 1310/1949
f 1323/1948 1978/1947 1310/1949 439/1950
f 417/1860 1274/1859 1979/1951 1324/1952
f 1274/1859 416/1852 1322/1944 1979/1951
f 1979/1951 1322/1944 431/1946 1303/1953
f 1324/1952 1979/1951 1303/1953 432/1954
f 425/1864 1282/1863 1980/1955 1325/1956
f 1282/1863 424/1856 1323/1948 1980/1955
f 1980/1955 1323/1948 439/1950 1311/1957
f 1325/1956 1980/1955 1311/1957 440/1958
f 418/1868 1275/1867 1981/1959 1326/1960
f 1275/1867 417/1860 1324/1952 1981/1959
f 1981/1959 1324/1952 432/1954 1304/1961
f 1326/1960 1981/1959 1304/1961 433/1962
f 411/1874 1508/1963 1982/1964 1313/1909
f 1/1965 1510/1966 1982/1964 1508/1963
f 426/1910 1313/1909 1982/1964 1510/1966
f 5/1967 1509/1968 1983/1969 1511/1970
f 425/1864 1325/1956 1983/1969 1509/1968
f 440/1958 1511/1970 1983/1969 1325/1956
f 419/1882 1276/1881 1984/1971 1315/1915
f 1276/1881 418/1868 1326/1960 1984/1971
f 1984/1971 1326/1960 433/1962 1305/1972
f 1315/1915 1984/1971 1305/1972 434/1916
f 431/1946 1302/1945 1985/1973 1341/1974
f 1302/1945 430/1938 1342/1975 1985/1973
f 1985/1973 1342/1975 445/1976 1331/1977
f 1341/1974 1985/1973 1331/1977 446/1978
f 439/1950 1310/1949 1986/1979 1343/1980
f 1310/1949 438/1942 1344/1981 1986/1979
f 1986/1979 1344/1981 453/1982 1339/1983
f 1343/1980 1986/1979 1339/1983 454/1984
f 432/1954 1303/1953 1987/1985 1345/1986
f 1303/1953 431/1946 1341/1974 1987/1985
f 1987/1985 1341/1974 446/1978 1332/1987
f 1345/1986 1987/1985 1332/1987 447/1988
f 440/1958 1311/1957 1988/1989 1346/1990
f 1311/1957 439/1950 1343/1980 1988/1989
f 1988/1989 1343/1980 454/1984 1340/1991
f 1346/1990 1988/1989 1340/1991 455/1992
f 433/1962 1304/1961 1989/1993 1347/1994
f 1304/1961 432/1954 1345/1986 1989/1993
f 1989/1993 1345/1986 447/1988 1333/1995
f 1347/1994 1989/1993 1333/1995 448/1996
f 426/1910 1510/1997 1990/1998 1348/1999
f 1/2000 1512/2001 1990/1998 1510/1997
f 441/2002 1348/1999 1990/1998 1512/2001
f 5/2003 1511/2004 1991/2005 1513/2006
f 440/1958 1346/1990 1991/2005 1511/2004
f 455/1992 1513/2006 1991/2005 1346/1990
f 434/1916 1305/1972 1992/2007 1349/2008
f 1305/1972 433/1962 1347/1994 1992/2007
f 1992/2007 1347/1994 448/1996 1334/2009
f 1349/2008 1992/2007 1334/2009 449/2010
f 427/1912 1298/1911 1993/2011 1350/2012
f 1298/1911 426/1910 1348/1999 1993/2011
f 1993/2011 1348/1999 441/2002 1327/2013
f 1350/2012 1993/2011 1327/2013 442/2014
f 435/1918 1306/1917 1994/2015 1351/2016
f 1306/1917 434/1916 1349/2008 1994/2015
f 1994/2015 1349/2008 449/2010 1335/2017
f 1351/2016 1994/2015 1335/2017 450/2018
f 428/1922 1299/1921 1995/2019 1352/2020
f 1299/1921 427/1912 1350/2012 1995/2019
f 1995/2019 1350/2012 442/2014 1328/2021
f 1352/2020 1995/2019 1328/2021 443/2022
f 436/1926 1307/1925 1996/2023 1353/2024
f 1307/1925 435/1918 1351/2016 1996/2023
f 1996/2023 1351/2016 450/2018 1336/2025
f 1353/2024 1996/2023 1336/2025 451/2026
f 429/1930 1300/1929 1997/2027 1354/2028
f 1300/1929 428/1922 1352/2020 1997/2027
f 1997/2027 1352/2020 443/2022 1329/2029
f 1354/2028 1997/2027 1329/2029 444/2030
f 437/1934 1308/1933 1998/2031 1355/2032
f 1308/1933 436/1926 1353/2024 1998/2031
f 1998/2031 1353/2024 451/2026 1337/2033
f 1355/2032 1998/2031 1337/2033 452/2034
f 430/1938 1301/1937 1999/2035 1342/1975
f 1301/1937 429/1930 1354/2028 1999/2035
f 1999/2035 1354/2028 444/2030 1330/2036
f 1342/1975 1999/2035 1330/2036 445/1976
f 438/1942 1309/1941 2000/2037 1344/1981
f 1309/1941 437/1934 1355/2032 2000/2037
f 2000/2037 1355/2032 452/2034 1338/2038
f 1344/1981 2000/2037 1338/2038 453/1982
f 450/2018 1335/2017 2001/2039 1370/2040
f 1335/2017 449/2010 1371/2041 2001/2039
f 2001/2039 1371/2041 464/2042 1364/2043
f 1370/2040 2001/2039 1364/2043 465/2044
f 443/2022 1328/2021 2002/2045 1372/2046
f 1328/2021 442/2014 1373/2047 2002/2045
f 2002/2045 1373/2047 457/2048 1357/2049
f 1372/2046 2002/2045 1357/2049 458/2050
f 451/2026 1336/2025 2003/2051 1374/2052
f 1336/2025 450/2018 1370/2040 2003/2051
f 2003/2051 1370/2040 465/2044 1365/2053
f 1374/2052 2003/2051 1365/2053 466/2054
f 444/2030 1329/2029 2004/2055 1375/2056
f 1329/2029 443/2022 1372/2046 2004/2055
f 2004/2055 1372/2046 458/2050 1358/2057
f 1375/2056 2004/2055 1358/2057 459/2058
f 452/2034 1337/2033 2005/2059 1376/2060
f 1337/2033 451/2026 1374/2052 2005/2059
f 2005/2059 1374/2052 466/2054 1366/2061
f 1376/2060 2005/2059 1366/2061 467/2062
f 445/1976 1330/2036 2006/2063 1377/2064
f 1330/2036 444/2030 1375/2056 2006/2063
f 2006/2063 1375/2056 459/2058 1359/2065
f 1377/2064 2006/2063 1359/2065 460/2066
f 453/1982 1338/2038 2007/2067 1378/2068
f 1338/2038 452/2034 1376/2060 2007/2067
f 2007/2067 1376/2060 467/2062 1367/2069
f 1378/2068 2007/2067 1367/2069 468/2070
f 446/1978 1331/1977 2008/2071 1379/2072
f 1331/1977 445/1976 1377/2064 2008/2071
f 2008/2071 1377/2064 460/2066 1360/2073
f 1379/2072 2008/2071 1360/2073 461/2074
f 454/1984 1339/1983 2009/2075 1380/2076
f 1339/1983 453/1982 1378/2068 2009/2075
f 2009/2075 1378/2068 468/2070 1368/2077
f 1380/2076 2009/2075 1368/2077 469/2078
f 447/1988 1332/1987 2010/2079 1381/2080
f 1332/1987 446/1978 1379/2072 2010/2079
f 2010/2079 1379/2072 461/2074 1361/2081
f 1381/2080 2010/2079 1361/2081 462/2082
f 455/1992 1340/1991 2011/2083 1382/2084
f 1340/1991 454/1984 1380/2076 2011/2083
f 2011/2083 1380/2076 469/2078 1369/2085
f 1382/2084 2011/2083 1369/2085 470/2086
f 448/1996 1333/1995 2012/2087 1383/2088
f 1333/1995 447/1988 1381/2080 2012/2087
f 2012/2087 1381/2080 462/2082 1362/2089
f 1383/2088 2012/2087 1362/2089 463/2090
f 441/2002 1512/2091 2013/2092 1384/2093
f 1/2094 1514/2095 2013/2092 1512/2091
f 456/2096 1384/2093 2013/2092 1514/2095
f 5/2097 1513/2098 2014/2099 1515/2100
f 455/1992 1382/2084 2014/2099 1513/2098
f 470/2086 1515/2100 2014/2099 1382/2084
f 449/2010 1334/2009 2015/2101 1371/2041
f 1334/2009 448/1996 1383/2088 2015/2101
f 2015/2101 1383/2088 463/2090 1363/2102
f 1371/2041 2015/2101 1363/2102 464/2042
f 442/2014 1327/2013 2016/2103 1373/2047
f 1327/2013 441/2002 1384/2093 2016/2103
f 2016/2103 1384/2093 456/2096 1356/2104
f 1373/2047 2016/2103 1356/2104 457/2048
f 469/2078 1368/2077 2017/2105 1399/2106
f 1368/2077 468/2070 1400/2107 2017/2105
f 2017/2105 1400/2107 483/2108 1397/2109
f 1399/2106 2017/2105 1397/2109 484/2110
f 462/2082 1361/2081 2018/2111 1401/2112
f 1361/2081 461/2074 1402/2113 2018/2111
f 2018/2111 1402/2113 476/2114 1390/2115
f 1401/2112 2018/2111 1390/2115 477/2116
f 470/2086 1369/2085 2019/2117 1403/2118
f 1369/2085 469/2078 1399/2106 2019/2117
f 2019/2117 1399/2106 484/2110 1398/2119
f 1403/2118 2019/2117 1398/2119 485/2120
f 463/2090 1362/2089 2020/2121 1404/2122
f 1362/2089 462/2082 1401/2112 2020/2121
f 2020/2121 1401/2112 477/2116 1391/2123
f 1404/2122 2020/2121 1391/2123 478/2124
f 456/2096 1514/2125 2021/2126 1405/2127
f 1/2128 1516/2129 2021/2126 1514/2125
f 471/2130 1405/2127 2021/2126 1516/2129
f 5/2131 1515/2132 2022/2133 1517/2134
f 470/2086 1403/2118 2022/2133 1515/2132
f 485/2120 1517/2134 2022/2133 1403/2118
f 464/2042 1363/2102 2023/2135 1406/2136
f 1363/2102 463/2090 1404/2122 2023/2135
f 2023/2135 1404/2122 478/2124 1392/2137
f 1406/2136 2023/2135 1392/2137 479/2138
f 457/2048 1356/2104 2024/2139 1407/2140
f 1356/2104 456/2096 1405/2127 2024/2139
f 2024/2139 1405/2127 471/2130 1385/2141
f 1407/2140 2024/2139 1385/2141 472/2142
f 465/2044 1364/2043 2025/2143 1408/2144
f 1364/2043 464/2042 1406/2136 2025/2143
f 2025/2143 1406/2136 479/2138 1393/2145
f 1408/2144 2025/2143 1393/2145 480/2146
f 458/2050 1357/2049 2026/2147 1409/2148
f 1357/2049 457/2048 1407/2140 2026/2147
f 2026/2147 1407/2140 472/2142 1386/2149
f 1409/2148 2026/2147 1386/2149 473/2150
f 466/2054 1365/2053 2027/2151 1410/2152
f 1365/2053 465/2044 1408/2144 2027/2151
f 2027/2151 1408/2144 480/2146 1394/2153
f 1410/2152 2027/2151 1394/2153 481/2154
f 459/2058 1358/2057 2028/2155 1411/2156
f 1358/2057 458/2050 1409/2148 2028/2155
f 2028/2155 1409/2148 473/2150 1387/2157
f 1411/2156 2028/2155 1387/2157 474/2158
f 467/2062 1366/2061 2029/2159 1412/2160
f 1366/2061 466/2054 1410/2152 2029/2159
f 2029/2159 1410/2152 481/2154 1395/2161
f 1412/2160 2029/2159 1395/2161 482/2162
f 460/2066 1359/2065 2030/2163 1413/2164
f 1359/2065 459/2058 1411/2156 2030/2163
f 2030/2163 1411/2156 474/2158 1388/2165
f 1413/2164 2030/2163 1388/2165 475/2166
f 468/2070 1367/2069 2031/2167 1400/2107
f 1367/2069 467/2062 1412/2160 2031/2167
f 2031/2167 1412/2160 482/2162 1396/2168
f 1400/2107 2031/2167 1396/2168 483/2108
f 461/2074 1360/2073 2032/2169 1402/2113
f 1360/2073 460/2066 1413/2164 2032/2169
f 2032/2169 1413/2164 475/2166 1389/2170
f 1402/2113 2032/2169 1389/2170 476/2114
f 473/2150 1386/2149 2033/2171 1422/2172
f 1386/2149 472/2142 1518/2173 2033/2171
f 2033/2171 1518/2173 2/54 1436/67
f 1422/2172 2033/2171 1436/67 487/66
f 481/2154 1394/2153 2034/2174 1423/2175
f 1394/2153 480/2146 1424/2176 2034/2174
f 2034/2174 1424/2176 494/60 1421/73
f 1423/2175 2034/2174 1421/73 495/72
f 474/2158 1387/2157 2035/2177 1425/2178
f 1387/2157 473/2150 1422/2172 2035/2177
f 2035/2177 1422/2172 487/66 1414/79
f 1425/2178 2035/2177 1414/79 488/78
f 482/2162 1395/2161 2036/2179 1519/2180
f 1395/2161 481/2154 1423/2175 2036/2179
f 2036/2179 1423/2175 495/72 1437/85
f 1519/2180 2036/2179 1437/85 3/84
f 475/2166 1388/2165 2037/2181 1426/2182
f 1388/2165 474/2158 1425/2178 2037/2181
f 2037/2181 1425/2178 488/78 1415/90
f 1426/2182 2037/2181 1415/90 489/5
f 483/2108 1396/2168 2038/2183 1427/2184
f 1396/2168 482/2162 1519/2180 2038/2183
f 2038/2183 1519/2180 3/84 1438/93
f 1427/2184 2038/2183 1438/93 496/14
f 476/2114 1389/2170 2039/2185 1428/2186
f 1389/2170 475/2166 1426/2182 2039/2185
f 2039/2185 1426/2182 489/5 1416/2
f 1428/2186 2039/2185 1416/2 490/1
f 484/2110 1397/2109 2040/2187 1520/2188
f 1397/2109 483/2108 1427/2184 2040/2187
f 2040/2187 1427/2184 496/14 1439/11
f 1520/2188 2040/2187 1439/11 4/10
f 477/2116 1390/2115 2041/2189 1429/2190
f 1390/2115 476/2114 1428/2186 2041/2189
f 2041/2189 1428/2186 490/1 1417/20
f 1429/2190 2041/2189 1417/20 491/19
f 485/2120 1398/2119 2042/2191 1430/2192
f 1398/2119 484/2110 1520/2188 2042/2191
f 2042/2191 1520/2188 4/10 1440/26
f 1430/2192 2042/2191 1440/26 497/25
f 478/2124 1391/2123 2043/2193 1431/2194
f 1391/2123 477/2116 1429/2190 2043/2193
f 2043/2193 1429/2190 491/19 1418/32
f 1431/2194 2043/2193 1418/32 492/31
f 471/2130 1516/2195 2044/2196 1432/2197
f 1/2198 1434/2199 2044/2196 1516/2195
f 486/37 1432/2197 2044/2196 1434/2199
f 5/2200 1517/2201 2045/2202 1441/2203
f 485/2120 1430/2192 2045/2202 1517/2201
f 497/25 1441/2203 2045/2202 1430/2192
f 479/2138 1392/2137 2046/2204 1433/2205
f 1392/2137 478/2124 1431/2194 2046/2204
f 2046/2204 1431/2194 492/31 1419/49
f 1433/2205 2046/2204 1419/49 493/48
f 472/2142 1385/2141 2047/2206 1518/2173
f 1385/2141 471/2130 1432/2197 2047/2206
f 2047/2206 1432/2197 486/37 1435/55
f 1518/2173 2047/2206 1435/55 2/54
f 480/2146 1393/2145 2048/2207 1424/2176
f 1393/2145 479/2138 1433/2205 2048/2207
f 2048/2207 1433/2205 493/48 1420/61
f 1424/2176 2048/2207 1420/61 494/60
